<?xml version="1.0" encoding="UTF-8"?>
<gpx xmlns:gpxdata="http://www.cluetrust.com/XML/GPXDATA/1/0" xmlns:xsi="http://www.w3.org/2001/XMLSchema-instance" xmlns="http://www.topografix.com/GPX/1/1" version="1.1" creator="http://ridewithgps.com/" xsi:schemaLocation="http://www.topografix.com/GPX/1/1 http://www.topografix.com/GPX/1/1/gpx.xsd http://www.cluetrust.com/XML/GPXDATA/1/0 http://www.cluetrust.com/Schemas/gpxdata10.xsd">
  <metadata>
    <name>【外国】ゴールデンゲートブリッジ</name>
  </metadata>
  <trk>
    <name>【外国】ゴールデンゲートブリッジ</name>
    <trkseg>
      <trkpt lat="37.76936" lon="-122.45238">
        <ele>79.5</ele>
      </trkpt>
      <trkpt lat="37.76935" lon="-122.4525">
        <ele>79.5</ele>
      </trkpt>
      <trkpt lat="37.76932" lon="-122.45273">
        <ele>79.4</ele>
      </trkpt>
      <trkpt lat="37.76928" lon="-122.45304">
        <ele>79.1</ele>
      </trkpt>
      <trkpt lat="37.76927" lon="-122.45313">
        <ele>79.0</ele>
      </trkpt>
      <trkpt lat="37.76924" lon="-122.45334">
        <ele>78.8</ele>
      </trkpt>
      <trkpt lat="37.76922" lon="-122.45352">
        <ele>78.5</ele>
      </trkpt>
      <trkpt lat="37.76926" lon="-122.45353">
        <ele>78.6</ele>
      </trkpt>
      <trkpt lat="37.76937" lon="-122.45356">
        <ele>78.4</ele>
      </trkpt>
      <trkpt lat="37.76957" lon="-122.4536">
        <ele>78.3</ele>
      </trkpt>
      <trkpt lat="37.77008" lon="-122.4537">
        <ele>78.3</ele>
      </trkpt>
      <trkpt lat="37.77015" lon="-122.45371">
        <ele>78.2</ele>
      </trkpt>
      <trkpt lat="37.77067" lon="-122.45382">
        <ele>78.0</ele>
      </trkpt>
      <trkpt lat="37.77081" lon="-122.45384">
        <ele>77.9</ele>
      </trkpt>
      <trkpt lat="37.77093" lon="-122.45386">
        <ele>77.7</ele>
      </trkpt>
      <trkpt lat="37.77099" lon="-122.45387">
        <ele>77.7</ele>
      </trkpt>
      <trkpt lat="37.77106" lon="-122.45388">
        <ele>77.7</ele>
      </trkpt>
      <trkpt lat="37.77114" lon="-122.45389">
        <ele>77.8</ele>
      </trkpt>
      <trkpt lat="37.77122" lon="-122.45391">
        <ele>77.8</ele>
      </trkpt>
      <trkpt lat="37.77127" lon="-122.45391">
        <ele>78.0</ele>
      </trkpt>
      <trkpt lat="37.77135" lon="-122.45392">
        <ele>78.2</ele>
      </trkpt>
      <trkpt lat="37.77132" lon="-122.45401">
        <ele>77.7</ele>
      </trkpt>
      <trkpt lat="37.77141" lon="-122.45403">
        <ele>77.8</ele>
      </trkpt>
      <trkpt lat="37.77147" lon="-122.45404">
        <ele>77.6</ele>
      </trkpt>
      <trkpt lat="37.77156" lon="-122.45407">
        <ele>77.9</ele>
      </trkpt>
      <trkpt lat="37.77163" lon="-122.45408">
        <ele>77.9</ele>
      </trkpt>
      <trkpt lat="37.77166" lon="-122.45409">
        <ele>78.0</ele>
      </trkpt>
      <trkpt lat="37.77175" lon="-122.45411">
        <ele>78.4</ele>
      </trkpt>
      <trkpt lat="37.77191" lon="-122.45414">
        <ele>79.5</ele>
      </trkpt>
      <trkpt lat="37.77197" lon="-122.45415">
        <ele>80.0</ele>
      </trkpt>
      <trkpt lat="37.77215" lon="-122.4542">
        <ele>81.7</ele>
      </trkpt>
      <trkpt lat="37.772419" lon="-122.45427">
        <ele>82.3</ele>
      </trkpt>
      <trkpt lat="37.772419" lon="-122.45427">
        <ele>82.3</ele>
      </trkpt>
      <trkpt lat="37.772419" lon="-122.45429">
        <ele>82.4</ele>
      </trkpt>
      <trkpt lat="37.772419" lon="-122.45432">
        <ele>82.4</ele>
      </trkpt>
      <trkpt lat="37.77243" lon="-122.45434">
        <ele>82.5</ele>
      </trkpt>
      <trkpt lat="37.77244" lon="-122.45437">
        <ele>82.7</ele>
      </trkpt>
      <trkpt lat="37.77245" lon="-122.45439">
        <ele>82.8</ele>
      </trkpt>
      <trkpt lat="37.77246" lon="-122.45442">
        <ele>82.9</ele>
      </trkpt>
      <trkpt lat="37.77246" lon="-122.45444">
        <ele>83.0</ele>
      </trkpt>
      <trkpt lat="37.77246" lon="-122.45446">
        <ele>83.1</ele>
      </trkpt>
      <trkpt lat="37.77246" lon="-122.45449">
        <ele>83.2</ele>
      </trkpt>
      <trkpt lat="37.77247" lon="-122.45453">
        <ele>83.4</ele>
      </trkpt>
      <trkpt lat="37.77246" lon="-122.45459">
        <ele>83.8</ele>
      </trkpt>
      <trkpt lat="37.77246" lon="-122.45461">
        <ele>83.9</ele>
      </trkpt>
      <trkpt lat="37.77246" lon="-122.45464">
        <ele>84.0</ele>
      </trkpt>
      <trkpt lat="37.77245" lon="-122.45466">
        <ele>84.2</ele>
      </trkpt>
      <trkpt lat="37.77244" lon="-122.45468">
        <ele>84.3</ele>
      </trkpt>
      <trkpt lat="37.77243" lon="-122.4547">
        <ele>84.4</ele>
      </trkpt>
      <trkpt lat="37.77243" lon="-122.45471">
        <ele>84.4</ele>
      </trkpt>
      <trkpt lat="37.772419" lon="-122.45472">
        <ele>84.5</ele>
      </trkpt>
      <trkpt lat="37.77241" lon="-122.45473">
        <ele>84.6</ele>
      </trkpt>
      <trkpt lat="37.77231" lon="-122.45478">
        <ele>84.7</ele>
      </trkpt>
      <trkpt lat="37.77231" lon="-122.45478">
        <ele>84.7</ele>
      </trkpt>
      <trkpt lat="37.77241" lon="-122.45485">
        <ele>85.2</ele>
      </trkpt>
      <trkpt lat="37.77247" lon="-122.45489">
        <ele>85.2</ele>
      </trkpt>
      <trkpt lat="37.77253" lon="-122.45491">
        <ele>85.0</ele>
      </trkpt>
      <trkpt lat="37.7726" lon="-122.45503">
        <ele>86.0</ele>
      </trkpt>
      <trkpt lat="37.77265" lon="-122.45511">
        <ele>87.3</ele>
      </trkpt>
      <trkpt lat="37.77268" lon="-122.45515">
        <ele>87.7</ele>
      </trkpt>
      <trkpt lat="37.772709" lon="-122.45518">
        <ele>88.1</ele>
      </trkpt>
      <trkpt lat="37.77278" lon="-122.45525">
        <ele>88.4</ele>
      </trkpt>
      <trkpt lat="37.77278" lon="-122.45525">
        <ele>88.4</ele>
      </trkpt>
      <trkpt lat="37.77276" lon="-122.45548">
        <ele>84.3</ele>
      </trkpt>
      <trkpt lat="37.77274" lon="-122.45566">
        <ele>83.8</ele>
      </trkpt>
      <trkpt lat="37.77274" lon="-122.45566">
        <ele>83.8</ele>
      </trkpt>
      <trkpt lat="37.77279" lon="-122.45568">
        <ele>84.1</ele>
      </trkpt>
      <trkpt lat="37.77283" lon="-122.4557">
        <ele>84.5</ele>
      </trkpt>
      <trkpt lat="37.77288" lon="-122.45573">
        <ele>85.1</ele>
      </trkpt>
      <trkpt lat="37.77296" lon="-122.45578">
        <ele>86.5</ele>
      </trkpt>
      <trkpt lat="37.773" lon="-122.4558">
        <ele>87.2</ele>
      </trkpt>
      <trkpt lat="37.77301" lon="-122.45581">
        <ele>87.3</ele>
      </trkpt>
      <trkpt lat="37.77306" lon="-122.45585">
        <ele>88.0</ele>
      </trkpt>
      <trkpt lat="37.77311" lon="-122.45589">
        <ele>88.7</ele>
      </trkpt>
      <trkpt lat="37.77316" lon="-122.45594">
        <ele>89.3</ele>
      </trkpt>
      <trkpt lat="37.77324" lon="-122.45601">
        <ele>90.1</ele>
      </trkpt>
      <trkpt lat="37.77328" lon="-122.45605">
        <ele>90.4</ele>
      </trkpt>
      <trkpt lat="37.7733" lon="-122.45607">
        <ele>90.6</ele>
      </trkpt>
      <trkpt lat="37.77331" lon="-122.45607">
        <ele>90.7</ele>
      </trkpt>
      <trkpt lat="37.77333" lon="-122.4561">
        <ele>90.8</ele>
      </trkpt>
      <trkpt lat="37.77337" lon="-122.45614">
        <ele>91.1</ele>
      </trkpt>
      <trkpt lat="37.77339" lon="-122.45617">
        <ele>91.1</ele>
      </trkpt>
      <trkpt lat="37.77344" lon="-122.45624">
        <ele>91.4</ele>
      </trkpt>
      <trkpt lat="37.77347" lon="-122.4563">
        <ele>91.4</ele>
      </trkpt>
      <trkpt lat="37.77351" lon="-122.45642">
        <ele>91.2</ele>
      </trkpt>
      <trkpt lat="37.77357" lon="-122.45663">
        <ele>91.0</ele>
      </trkpt>
      <trkpt lat="37.77359" lon="-122.45672">
        <ele>90.8</ele>
      </trkpt>
      <trkpt lat="37.7736" lon="-122.45678">
        <ele>90.7</ele>
      </trkpt>
      <trkpt lat="37.77362" lon="-122.45686">
        <ele>90.9</ele>
      </trkpt>
      <trkpt lat="37.77363" lon="-122.45692">
        <ele>91.0</ele>
      </trkpt>
      <trkpt lat="37.77363" lon="-122.45699">
        <ele>91.1</ele>
      </trkpt>
      <trkpt lat="37.77363" lon="-122.45707">
        <ele>91.2</ele>
      </trkpt>
      <trkpt lat="37.77363" lon="-122.45711">
        <ele>91.2</ele>
      </trkpt>
      <trkpt lat="37.77363" lon="-122.45717">
        <ele>91.4</ele>
      </trkpt>
      <trkpt lat="37.77363" lon="-122.45725">
        <ele>91.5</ele>
      </trkpt>
      <trkpt lat="37.77362" lon="-122.45734">
        <ele>91.5</ele>
      </trkpt>
      <trkpt lat="37.77361" lon="-122.4574">
        <ele>91.3</ele>
      </trkpt>
      <trkpt lat="37.7735" lon="-122.45804">
        <ele>87.5</ele>
      </trkpt>
      <trkpt lat="37.77332" lon="-122.45887">
        <ele>85.5</ele>
      </trkpt>
      <trkpt lat="37.77332" lon="-122.45887">
        <ele>85.5</ele>
      </trkpt>
      <trkpt lat="37.77334" lon="-122.45887">
        <ele>85.3</ele>
      </trkpt>
      <trkpt lat="37.77339" lon="-122.45885">
        <ele>84.7</ele>
      </trkpt>
      <trkpt lat="37.77351" lon="-122.45873">
        <ele>82.6</ele>
      </trkpt>
      <trkpt lat="37.77364" lon="-122.45858">
        <ele>81.7</ele>
      </trkpt>
      <trkpt lat="37.77372" lon="-122.45851">
        <ele>80.7</ele>
      </trkpt>
      <trkpt lat="37.77382" lon="-122.45843">
        <ele>78.7</ele>
      </trkpt>
      <trkpt lat="37.77386" lon="-122.4584">
        <ele>77.9</ele>
      </trkpt>
      <trkpt lat="37.77394" lon="-122.45835">
        <ele>76.9</ele>
      </trkpt>
      <trkpt lat="37.77395" lon="-122.45835">
        <ele>76.8</ele>
      </trkpt>
      <trkpt lat="37.77405" lon="-122.45831">
        <ele>76.5</ele>
      </trkpt>
      <trkpt lat="37.77412" lon="-122.45828">
        <ele>76.3</ele>
      </trkpt>
      <trkpt lat="37.77417" lon="-122.45826">
        <ele>76.1</ele>
      </trkpt>
      <trkpt lat="37.77418" lon="-122.45826">
        <ele>76.0</ele>
      </trkpt>
      <trkpt lat="37.7742" lon="-122.45826">
        <ele>75.9</ele>
      </trkpt>
      <trkpt lat="37.774209" lon="-122.45827">
        <ele>75.8</ele>
      </trkpt>
      <trkpt lat="37.774209" lon="-122.45828">
        <ele>75.8</ele>
      </trkpt>
      <trkpt lat="37.77422" lon="-122.45829">
        <ele>75.7</ele>
      </trkpt>
      <trkpt lat="37.77422" lon="-122.4583">
        <ele>75.7</ele>
      </trkpt>
      <trkpt lat="37.77422" lon="-122.45833">
        <ele>75.6</ele>
      </trkpt>
      <trkpt lat="37.77422" lon="-122.45842">
        <ele>75.5</ele>
      </trkpt>
      <trkpt lat="37.77422" lon="-122.45842">
        <ele>75.5</ele>
      </trkpt>
      <trkpt lat="37.774299" lon="-122.45843">
        <ele>75.2</ele>
      </trkpt>
      <trkpt lat="37.77437" lon="-122.45844">
        <ele>74.8</ele>
      </trkpt>
      <trkpt lat="37.77451" lon="-122.45845">
        <ele>74.3</ele>
      </trkpt>
      <trkpt lat="37.77467" lon="-122.45846">
        <ele>73.7</ele>
      </trkpt>
      <trkpt lat="37.77498" lon="-122.45847">
        <ele>72.3</ele>
      </trkpt>
      <trkpt lat="37.77525" lon="-122.4585">
        <ele>71.3</ele>
      </trkpt>
      <trkpt lat="37.77543" lon="-122.45851">
        <ele>70.7</ele>
      </trkpt>
      <trkpt lat="37.77558" lon="-122.45853">
        <ele>70.1</ele>
      </trkpt>
      <trkpt lat="37.77565" lon="-122.45853">
        <ele>69.9</ele>
      </trkpt>
      <trkpt lat="37.77594" lon="-122.45855">
        <ele>69.0</ele>
      </trkpt>
      <trkpt lat="37.77619" lon="-122.45857">
        <ele>68.2</ele>
      </trkpt>
      <trkpt lat="37.77682" lon="-122.45862">
        <ele>67.1</ele>
      </trkpt>
      <trkpt lat="37.777" lon="-122.45863">
        <ele>67.0</ele>
      </trkpt>
      <trkpt lat="37.77725" lon="-122.45865">
        <ele>66.8</ele>
      </trkpt>
      <trkpt lat="37.77733" lon="-122.45865">
        <ele>66.7</ele>
      </trkpt>
      <trkpt lat="37.77749" lon="-122.45866">
        <ele>66.5</ele>
      </trkpt>
      <trkpt lat="37.77758" lon="-122.45866">
        <ele>66.5</ele>
      </trkpt>
      <trkpt lat="37.77782" lon="-122.45868">
        <ele>66.4</ele>
      </trkpt>
      <trkpt lat="37.77802" lon="-122.4587">
        <ele>66.6</ele>
      </trkpt>
      <trkpt lat="37.77859" lon="-122.45875">
        <ele>66.9</ele>
      </trkpt>
      <trkpt lat="37.77887" lon="-122.45877">
        <ele>67.0</ele>
      </trkpt>
      <trkpt lat="37.77902" lon="-122.45878">
        <ele>67.0</ele>
      </trkpt>
      <trkpt lat="37.77932" lon="-122.4588">
        <ele>66.9</ele>
      </trkpt>
      <trkpt lat="37.77939" lon="-122.4588">
        <ele>67.0</ele>
      </trkpt>
      <trkpt lat="37.77971" lon="-122.45883">
        <ele>67.0</ele>
      </trkpt>
      <trkpt lat="37.78067" lon="-122.45889">
        <ele>66.1</ele>
      </trkpt>
      <trkpt lat="37.78078" lon="-122.45889">
        <ele>65.8</ele>
      </trkpt>
      <trkpt lat="37.781149" lon="-122.45891">
        <ele>64.8</ele>
      </trkpt>
      <trkpt lat="37.781239" lon="-122.45892">
        <ele>64.5</ele>
      </trkpt>
      <trkpt lat="37.78129" lon="-122.45893">
        <ele>64.4</ele>
      </trkpt>
      <trkpt lat="37.78138" lon="-122.45893">
        <ele>64.3</ele>
      </trkpt>
      <trkpt lat="37.78163" lon="-122.45895">
        <ele>63.9</ele>
      </trkpt>
      <trkpt lat="37.78185" lon="-122.45898">
        <ele>63.4</ele>
      </trkpt>
      <trkpt lat="37.78279" lon="-122.45903">
        <ele>62.2</ele>
      </trkpt>
      <trkpt lat="37.78315" lon="-122.45907">
        <ele>61.4</ele>
      </trkpt>
      <trkpt lat="37.78323" lon="-122.45908">
        <ele>61.2</ele>
      </trkpt>
      <trkpt lat="37.78353" lon="-122.45909">
        <ele>60.7</ele>
      </trkpt>
      <trkpt lat="37.78382" lon="-122.45911">
        <ele>60.5</ele>
      </trkpt>
      <trkpt lat="37.78421" lon="-122.45914">
        <ele>60.6</ele>
      </trkpt>
      <trkpt lat="37.78502" lon="-122.45919">
        <ele>61.5</ele>
      </trkpt>
      <trkpt lat="37.7851" lon="-122.4592">
        <ele>61.5</ele>
      </trkpt>
      <trkpt lat="37.78515" lon="-122.4592">
        <ele>61.6</ele>
      </trkpt>
      <trkpt lat="37.78551" lon="-122.45923">
        <ele>62.8</ele>
      </trkpt>
      <trkpt lat="37.785649" lon="-122.45924">
        <ele>63.3</ele>
      </trkpt>
      <trkpt lat="37.78572" lon="-122.45924">
        <ele>63.7</ele>
      </trkpt>
      <trkpt lat="37.78589" lon="-122.45926">
        <ele>64.2</ele>
      </trkpt>
      <trkpt lat="37.78596" lon="-122.45926">
        <ele>64.5</ele>
      </trkpt>
      <trkpt lat="37.78607" lon="-122.45927">
        <ele>64.8</ele>
      </trkpt>
      <trkpt lat="37.78662" lon="-122.45931">
        <ele>66.7</ele>
      </trkpt>
      <trkpt lat="37.78679" lon="-122.45933">
        <ele>67.1</ele>
      </trkpt>
      <trkpt lat="37.786879" lon="-122.45934">
        <ele>67.3</ele>
      </trkpt>
      <trkpt lat="37.78695" lon="-122.45934">
        <ele>67.6</ele>
      </trkpt>
      <trkpt lat="37.78732" lon="-122.45937">
        <ele>69.4</ele>
      </trkpt>
      <trkpt lat="37.78754" lon="-122.45938">
        <ele>70.8</ele>
      </trkpt>
      <trkpt lat="37.78771" lon="-122.45939">
        <ele>71.8</ele>
      </trkpt>
      <trkpt lat="37.78781" lon="-122.4594">
        <ele>72.5</ele>
      </trkpt>
      <trkpt lat="37.78807" lon="-122.45943">
        <ele>74.2</ele>
      </trkpt>
      <trkpt lat="37.78825" lon="-122.45944">
        <ele>75.3</ele>
      </trkpt>
      <trkpt lat="37.78831" lon="-122.45945">
        <ele>75.7</ele>
      </trkpt>
      <trkpt lat="37.788379" lon="-122.45945">
        <ele>76.2</ele>
      </trkpt>
      <trkpt lat="37.78841" lon="-122.45946">
        <ele>76.4</ele>
      </trkpt>
      <trkpt lat="37.7886" lon="-122.45947">
        <ele>78.6</ele>
      </trkpt>
      <trkpt lat="37.78878" lon="-122.45948">
        <ele>81.0</ele>
      </trkpt>
      <trkpt lat="37.78896" lon="-122.45949">
        <ele>83.3</ele>
      </trkpt>
      <trkpt lat="37.78914" lon="-122.45951">
        <ele>85.2</ele>
      </trkpt>
      <trkpt lat="37.789319" lon="-122.45952">
        <ele>87.2</ele>
      </trkpt>
      <trkpt lat="37.78963" lon="-122.45955">
        <ele>90.6</ele>
      </trkpt>
      <trkpt lat="37.78972" lon="-122.45954">
        <ele>91.5</ele>
      </trkpt>
      <trkpt lat="37.78975" lon="-122.45951">
        <ele>91.6</ele>
      </trkpt>
      <trkpt lat="37.78978" lon="-122.45947">
        <ele>91.7</ele>
      </trkpt>
      <trkpt lat="37.78979" lon="-122.45944">
        <ele>91.7</ele>
      </trkpt>
      <trkpt lat="37.78981" lon="-122.45938">
        <ele>91.7</ele>
      </trkpt>
      <trkpt lat="37.78984" lon="-122.45933">
        <ele>91.7</ele>
      </trkpt>
      <trkpt lat="37.789879" lon="-122.45923">
        <ele>91.6</ele>
      </trkpt>
      <trkpt lat="37.78992" lon="-122.45913">
        <ele>91.5</ele>
      </trkpt>
      <trkpt lat="37.78994" lon="-122.45907">
        <ele>91.6</ele>
      </trkpt>
      <trkpt lat="37.78996" lon="-122.45901">
        <ele>91.5</ele>
      </trkpt>
      <trkpt lat="37.789969" lon="-122.45897">
        <ele>91.4</ele>
      </trkpt>
      <trkpt lat="37.78998" lon="-122.45894">
        <ele>91.4</ele>
      </trkpt>
      <trkpt lat="37.78999" lon="-122.45892">
        <ele>91.5</ele>
      </trkpt>
      <trkpt lat="37.79" lon="-122.45889">
        <ele>91.4</ele>
      </trkpt>
      <trkpt lat="37.79001" lon="-122.45887">
        <ele>91.5</ele>
      </trkpt>
      <trkpt lat="37.79003" lon="-122.45884">
        <ele>91.5</ele>
      </trkpt>
      <trkpt lat="37.79003" lon="-122.45882">
        <ele>91.5</ele>
      </trkpt>
      <trkpt lat="37.79004" lon="-122.45881">
        <ele>91.5</ele>
      </trkpt>
      <trkpt lat="37.79005" lon="-122.4588">
        <ele>91.5</ele>
      </trkpt>
      <trkpt lat="37.79007" lon="-122.45878">
        <ele>91.5</ele>
      </trkpt>
      <trkpt lat="37.7901" lon="-122.45876">
        <ele>91.5</ele>
      </trkpt>
      <trkpt lat="37.79013" lon="-122.45873">
        <ele>91.4</ele>
      </trkpt>
      <trkpt lat="37.79016" lon="-122.45872">
        <ele>91.3</ele>
      </trkpt>
      <trkpt lat="37.7902" lon="-122.45871">
        <ele>91.1</ele>
      </trkpt>
      <trkpt lat="37.79029" lon="-122.45872">
        <ele>90.7</ele>
      </trkpt>
      <trkpt lat="37.79033" lon="-122.45872">
        <ele>90.6</ele>
      </trkpt>
      <trkpt lat="37.79037" lon="-122.45873">
        <ele>90.6</ele>
      </trkpt>
      <trkpt lat="37.79041" lon="-122.45875">
        <ele>90.6</ele>
      </trkpt>
      <trkpt lat="37.79049" lon="-122.45879">
        <ele>90.8</ele>
      </trkpt>
      <trkpt lat="37.79055" lon="-122.45882">
        <ele>91.0</ele>
      </trkpt>
      <trkpt lat="37.79063" lon="-122.45886">
        <ele>91.3</ele>
      </trkpt>
      <trkpt lat="37.79069" lon="-122.45888">
        <ele>91.5</ele>
      </trkpt>
      <trkpt lat="37.79076" lon="-122.4589">
        <ele>91.6</ele>
      </trkpt>
      <trkpt lat="37.79079" lon="-122.45891">
        <ele>91.7</ele>
      </trkpt>
      <trkpt lat="37.79084" lon="-122.45893">
        <ele>91.8</ele>
      </trkpt>
      <trkpt lat="37.79092" lon="-122.45895">
        <ele>91.8</ele>
      </trkpt>
      <trkpt lat="37.790999" lon="-122.45895">
        <ele>91.8</ele>
      </trkpt>
      <trkpt lat="37.79104" lon="-122.45895">
        <ele>91.7</ele>
      </trkpt>
      <trkpt lat="37.791089" lon="-122.45895">
        <ele>91.5</ele>
      </trkpt>
      <trkpt lat="37.79114" lon="-122.45895">
        <ele>91.4</ele>
      </trkpt>
      <trkpt lat="37.79123" lon="-122.45894">
        <ele>91.2</ele>
      </trkpt>
      <trkpt lat="37.79126" lon="-122.45894">
        <ele>91.2</ele>
      </trkpt>
      <trkpt lat="37.79131" lon="-122.45893">
        <ele>91.0</ele>
      </trkpt>
      <trkpt lat="37.79139" lon="-122.45892">
        <ele>90.7</ele>
      </trkpt>
      <trkpt lat="37.79143" lon="-122.45892">
        <ele>90.7</ele>
      </trkpt>
      <trkpt lat="37.791559" lon="-122.4589">
        <ele>90.3</ele>
      </trkpt>
      <trkpt lat="37.79165" lon="-122.45888">
        <ele>90.0</ele>
      </trkpt>
      <trkpt lat="37.7918" lon="-122.45887">
        <ele>89.3</ele>
      </trkpt>
      <trkpt lat="37.79183" lon="-122.45887">
        <ele>89.2</ele>
      </trkpt>
      <trkpt lat="37.79186" lon="-122.45887">
        <ele>88.9</ele>
      </trkpt>
      <trkpt lat="37.79191" lon="-122.45889">
        <ele>88.6</ele>
      </trkpt>
      <trkpt lat="37.791939" lon="-122.4589">
        <ele>88.3</ele>
      </trkpt>
      <trkpt lat="37.79197" lon="-122.45893">
        <ele>88.1</ele>
      </trkpt>
      <trkpt lat="37.79199" lon="-122.45896">
        <ele>88.0</ele>
      </trkpt>
      <trkpt lat="37.79201" lon="-122.45899">
        <ele>87.9</ele>
      </trkpt>
      <trkpt lat="37.792029" lon="-122.45902">
        <ele>87.8</ele>
      </trkpt>
      <trkpt lat="37.79205" lon="-122.45906">
        <ele>87.9</ele>
      </trkpt>
      <trkpt lat="37.79206" lon="-122.45908">
        <ele>87.9</ele>
      </trkpt>
      <trkpt lat="37.79211" lon="-122.4592">
        <ele>88.3</ele>
      </trkpt>
      <trkpt lat="37.79226" lon="-122.45954">
        <ele>88.8</ele>
      </trkpt>
      <trkpt lat="37.792319" lon="-122.45969">
        <ele>88.9</ele>
      </trkpt>
      <trkpt lat="37.79234" lon="-122.45974">
        <ele>89.0</ele>
      </trkpt>
      <trkpt lat="37.79236" lon="-122.4598">
        <ele>89.0</ele>
      </trkpt>
      <trkpt lat="37.79239" lon="-122.45988">
        <ele>88.8</ele>
      </trkpt>
      <trkpt lat="37.7924" lon="-122.45994">
        <ele>88.8</ele>
      </trkpt>
      <trkpt lat="37.792409" lon="-122.46">
        <ele>88.8</ele>
      </trkpt>
      <trkpt lat="37.79242" lon="-122.46009">
        <ele>88.8</ele>
      </trkpt>
      <trkpt lat="37.79242" lon="-122.46019">
        <ele>89.1</ele>
      </trkpt>
      <trkpt lat="37.79243" lon="-122.46024">
        <ele>89.0</ele>
      </trkpt>
      <trkpt lat="37.79243" lon="-122.46036">
        <ele>89.1</ele>
      </trkpt>
      <trkpt lat="37.79244" lon="-122.46044">
        <ele>89.1</ele>
      </trkpt>
      <trkpt lat="37.79244" lon="-122.46051">
        <ele>89.3</ele>
      </trkpt>
      <trkpt lat="37.79246" lon="-122.46058">
        <ele>89.1</ele>
      </trkpt>
      <trkpt lat="37.79247" lon="-122.46065">
        <ele>89.3</ele>
      </trkpt>
      <trkpt lat="37.79251" lon="-122.46076">
        <ele>89.2</ele>
      </trkpt>
      <trkpt lat="37.79253" lon="-122.46084">
        <ele>89.4</ele>
      </trkpt>
      <trkpt lat="37.79255" lon="-122.46089">
        <ele>89.5</ele>
      </trkpt>
      <trkpt lat="37.79258" lon="-122.46095">
        <ele>89.5</ele>
      </trkpt>
      <trkpt lat="37.79261" lon="-122.461">
        <ele>89.5</ele>
      </trkpt>
      <trkpt lat="37.79266" lon="-122.46108">
        <ele>89.7</ele>
      </trkpt>
      <trkpt lat="37.79273" lon="-122.46117">
        <ele>89.6</ele>
      </trkpt>
      <trkpt lat="37.7928" lon="-122.46125">
        <ele>89.5</ele>
      </trkpt>
      <trkpt lat="37.79283" lon="-122.46128">
        <ele>89.5</ele>
      </trkpt>
      <trkpt lat="37.79287" lon="-122.4613">
        <ele>89.4</ele>
      </trkpt>
      <trkpt lat="37.792879" lon="-122.46132">
        <ele>89.5</ele>
      </trkpt>
      <trkpt lat="37.79292" lon="-122.46134">
        <ele>89.3</ele>
      </trkpt>
      <trkpt lat="37.79296" lon="-122.46137">
        <ele>89.2</ele>
      </trkpt>
      <trkpt lat="37.79299" lon="-122.46138">
        <ele>89.0</ele>
      </trkpt>
      <trkpt lat="37.79302" lon="-122.46139">
        <ele>88.8</ele>
      </trkpt>
      <trkpt lat="37.7931" lon="-122.46141">
        <ele>88.3</ele>
      </trkpt>
      <trkpt lat="37.7931" lon="-122.46141">
        <ele>88.3</ele>
      </trkpt>
      <trkpt lat="37.7931" lon="-122.46147">
        <ele>89.0</ele>
      </trkpt>
      <trkpt lat="37.79311" lon="-122.4615">
        <ele>89.3</ele>
      </trkpt>
      <trkpt lat="37.79311" lon="-122.4615">
        <ele>89.3</ele>
      </trkpt>
      <trkpt lat="37.79339" lon="-122.46174">
        <ele>88.9</ele>
      </trkpt>
      <trkpt lat="37.793529" lon="-122.46185">
        <ele>88.3</ele>
      </trkpt>
      <trkpt lat="37.79356" lon="-122.46188">
        <ele>88.1</ele>
      </trkpt>
      <trkpt lat="37.79368" lon="-122.46199">
        <ele>88.0</ele>
      </trkpt>
      <trkpt lat="37.79378" lon="-122.46211">
        <ele>88.3</ele>
      </trkpt>
      <trkpt lat="37.793819" lon="-122.46215">
        <ele>88.4</ele>
      </trkpt>
      <trkpt lat="37.79388" lon="-122.46221">
        <ele>88.4</ele>
      </trkpt>
      <trkpt lat="37.79395" lon="-122.46226">
        <ele>88.6</ele>
      </trkpt>
      <trkpt lat="37.79401" lon="-122.46229">
        <ele>88.6</ele>
      </trkpt>
      <trkpt lat="37.7941" lon="-122.46233">
        <ele>88.7</ele>
      </trkpt>
      <trkpt lat="37.79424" lon="-122.4624">
        <ele>89.4</ele>
      </trkpt>
      <trkpt lat="37.79432" lon="-122.46244">
        <ele>90.1</ele>
      </trkpt>
      <trkpt lat="37.79445" lon="-122.4625">
        <ele>91.4</ele>
      </trkpt>
      <trkpt lat="37.79451" lon="-122.46254">
        <ele>91.5</ele>
      </trkpt>
      <trkpt lat="37.79454" lon="-122.46257">
        <ele>91.7</ele>
      </trkpt>
      <trkpt lat="37.79457" lon="-122.4626">
        <ele>91.6</ele>
      </trkpt>
      <trkpt lat="37.79461" lon="-122.46264">
        <ele>91.4</ele>
      </trkpt>
      <trkpt lat="37.79463" lon="-122.46267">
        <ele>91.5</ele>
      </trkpt>
      <trkpt lat="37.79464" lon="-122.4627">
        <ele>91.5</ele>
      </trkpt>
      <trkpt lat="37.79465" lon="-122.46273">
        <ele>91.5</ele>
      </trkpt>
      <trkpt lat="37.79469" lon="-122.46283">
        <ele>91.3</ele>
      </trkpt>
      <trkpt lat="37.79471" lon="-122.46295">
        <ele>91.5</ele>
      </trkpt>
      <trkpt lat="37.79479" lon="-122.46336">
        <ele>91.6</ele>
      </trkpt>
      <trkpt lat="37.79488" lon="-122.46374">
        <ele>92.5</ele>
      </trkpt>
      <trkpt lat="37.7949" lon="-122.46382">
        <ele>93.1</ele>
      </trkpt>
      <trkpt lat="37.79492" lon="-122.4639">
        <ele>93.8</ele>
      </trkpt>
      <trkpt lat="37.79495" lon="-122.46396">
        <ele>94.2</ele>
      </trkpt>
      <trkpt lat="37.79496" lon="-122.46399">
        <ele>94.4</ele>
      </trkpt>
      <trkpt lat="37.79497" lon="-122.46402">
        <ele>94.7</ele>
      </trkpt>
      <trkpt lat="37.79501" lon="-122.46407">
        <ele>94.8</ele>
      </trkpt>
      <trkpt lat="37.79506" lon="-122.46412">
        <ele>94.8</ele>
      </trkpt>
      <trkpt lat="37.79511" lon="-122.46416">
        <ele>94.7</ele>
      </trkpt>
      <trkpt lat="37.79519" lon="-122.46421">
        <ele>94.2</ele>
      </trkpt>
      <trkpt lat="37.79529" lon="-122.46428">
        <ele>93.7</ele>
      </trkpt>
      <trkpt lat="37.79537" lon="-122.46432">
        <ele>93.2</ele>
      </trkpt>
      <trkpt lat="37.79542" lon="-122.46434">
        <ele>92.7</ele>
      </trkpt>
      <trkpt lat="37.79546" lon="-122.46437">
        <ele>92.5</ele>
      </trkpt>
      <trkpt lat="37.795499" lon="-122.4644">
        <ele>92.3</ele>
      </trkpt>
      <trkpt lat="37.79555" lon="-122.46444">
        <ele>92.1</ele>
      </trkpt>
      <trkpt lat="37.79556" lon="-122.46446">
        <ele>92.3</ele>
      </trkpt>
      <trkpt lat="37.79562" lon="-122.46452">
        <ele>92.4</ele>
      </trkpt>
      <trkpt lat="37.79598" lon="-122.46489">
        <ele>96.6</ele>
      </trkpt>
      <trkpt lat="37.79607" lon="-122.46497">
        <ele>96.9</ele>
      </trkpt>
      <trkpt lat="37.79612" lon="-122.46504">
        <ele>96.8</ele>
      </trkpt>
      <trkpt lat="37.79616" lon="-122.46511">
        <ele>96.5</ele>
      </trkpt>
      <trkpt lat="37.79621" lon="-122.4652">
        <ele>96.1</ele>
      </trkpt>
      <trkpt lat="37.79623" lon="-122.46534">
        <ele>96.0</ele>
      </trkpt>
      <trkpt lat="37.79625" lon="-122.46551">
        <ele>95.7</ele>
      </trkpt>
      <trkpt lat="37.796259" lon="-122.46564">
        <ele>95.5</ele>
      </trkpt>
      <trkpt lat="37.79628" lon="-122.46582">
        <ele>94.9</ele>
      </trkpt>
      <trkpt lat="37.79628" lon="-122.46592">
        <ele>94.9</ele>
      </trkpt>
      <trkpt lat="37.79627" lon="-122.46606">
        <ele>94.8</ele>
      </trkpt>
      <trkpt lat="37.796259" lon="-122.46616">
        <ele>94.7</ele>
      </trkpt>
      <trkpt lat="37.79624" lon="-122.46626">
        <ele>94.8</ele>
      </trkpt>
      <trkpt lat="37.79621" lon="-122.46635">
        <ele>95.0</ele>
      </trkpt>
      <trkpt lat="37.79618" lon="-122.4664">
        <ele>95.3</ele>
      </trkpt>
      <trkpt lat="37.79616" lon="-122.46645">
        <ele>95.4</ele>
      </trkpt>
      <trkpt lat="37.79613" lon="-122.46653">
        <ele>95.4</ele>
      </trkpt>
      <trkpt lat="37.79611" lon="-122.46656">
        <ele>95.5</ele>
      </trkpt>
      <trkpt lat="37.79609" lon="-122.4666">
        <ele>95.4</ele>
      </trkpt>
      <trkpt lat="37.79607" lon="-122.46662">
        <ele>95.5</ele>
      </trkpt>
      <trkpt lat="37.79603" lon="-122.46666">
        <ele>95.7</ele>
      </trkpt>
      <trkpt lat="37.79599" lon="-122.46671">
        <ele>95.9</ele>
      </trkpt>
      <trkpt lat="37.79592" lon="-122.46678">
        <ele>96.2</ele>
      </trkpt>
      <trkpt lat="37.79576" lon="-122.46692">
        <ele>97.0</ele>
      </trkpt>
      <trkpt lat="37.795699" lon="-122.46697">
        <ele>97.3</ele>
      </trkpt>
      <trkpt lat="37.79564" lon="-122.46705">
        <ele>97.3</ele>
      </trkpt>
      <trkpt lat="37.7956" lon="-122.4671">
        <ele>97.2</ele>
      </trkpt>
      <trkpt lat="37.79556" lon="-122.46717">
        <ele>97.0</ele>
      </trkpt>
      <trkpt lat="37.79551" lon="-122.46726">
        <ele>96.7</ele>
      </trkpt>
      <trkpt lat="37.795499" lon="-122.46731">
        <ele>96.4</ele>
      </trkpt>
      <trkpt lat="37.79545" lon="-122.46748">
        <ele>95.8</ele>
      </trkpt>
      <trkpt lat="37.79543" lon="-122.46757">
        <ele>95.5</ele>
      </trkpt>
      <trkpt lat="37.79538" lon="-122.46778">
        <ele>94.8</ele>
      </trkpt>
      <trkpt lat="37.79536" lon="-122.46789">
        <ele>94.6</ele>
      </trkpt>
      <trkpt lat="37.79531" lon="-122.46805">
        <ele>94.0</ele>
      </trkpt>
      <trkpt lat="37.7953" lon="-122.4681">
        <ele>93.9</ele>
      </trkpt>
      <trkpt lat="37.79528" lon="-122.46815">
        <ele>93.8</ele>
      </trkpt>
      <trkpt lat="37.79525" lon="-122.46821">
        <ele>93.7</ele>
      </trkpt>
      <trkpt lat="37.79522" lon="-122.46826">
        <ele>93.7</ele>
      </trkpt>
      <trkpt lat="37.79518" lon="-122.46831">
        <ele>93.7</ele>
      </trkpt>
      <trkpt lat="37.79515" lon="-122.46835">
        <ele>93.6</ele>
      </trkpt>
      <trkpt lat="37.7951" lon="-122.4684">
        <ele>93.3</ele>
      </trkpt>
      <trkpt lat="37.79505" lon="-122.46845">
        <ele>93.2</ele>
      </trkpt>
      <trkpt lat="37.79501" lon="-122.46851">
        <ele>93.4</ele>
      </trkpt>
      <trkpt lat="37.79499" lon="-122.46854">
        <ele>93.4</ele>
      </trkpt>
      <trkpt lat="37.79496" lon="-122.46858">
        <ele>93.4</ele>
      </trkpt>
      <trkpt lat="37.79493" lon="-122.46863">
        <ele>93.4</ele>
      </trkpt>
      <trkpt lat="37.79491" lon="-122.46868">
        <ele>93.4</ele>
      </trkpt>
      <trkpt lat="37.7949" lon="-122.46871">
        <ele>93.4</ele>
      </trkpt>
      <trkpt lat="37.79489" lon="-122.46875">
        <ele>93.2</ele>
      </trkpt>
      <trkpt lat="37.79489" lon="-122.46879">
        <ele>93.1</ele>
      </trkpt>
      <trkpt lat="37.79488" lon="-122.46884">
        <ele>92.9</ele>
      </trkpt>
      <trkpt lat="37.79488" lon="-122.46891">
        <ele>92.6</ele>
      </trkpt>
      <trkpt lat="37.7949" lon="-122.46898">
        <ele>92.3</ele>
      </trkpt>
      <trkpt lat="37.79491" lon="-122.46903">
        <ele>92.0</ele>
      </trkpt>
      <trkpt lat="37.79493" lon="-122.46906">
        <ele>91.8</ele>
      </trkpt>
      <trkpt lat="37.79496" lon="-122.4691">
        <ele>91.6</ele>
      </trkpt>
      <trkpt lat="37.795" lon="-122.46915">
        <ele>91.3</ele>
      </trkpt>
      <trkpt lat="37.79505" lon="-122.46921">
        <ele>91.0</ele>
      </trkpt>
      <trkpt lat="37.79507" lon="-122.46923">
        <ele>90.9</ele>
      </trkpt>
      <trkpt lat="37.79513" lon="-122.46931">
        <ele>90.3</ele>
      </trkpt>
      <trkpt lat="37.79513" lon="-122.46931">
        <ele>90.3</ele>
      </trkpt>
      <trkpt lat="37.79518" lon="-122.46925">
        <ele>90.0</ele>
      </trkpt>
      <trkpt lat="37.7952" lon="-122.46923">
        <ele>89.9</ele>
      </trkpt>
      <trkpt lat="37.79524" lon="-122.46919">
        <ele>89.7</ele>
      </trkpt>
      <trkpt lat="37.79526" lon="-122.46917">
        <ele>89.6</ele>
      </trkpt>
      <trkpt lat="37.79531" lon="-122.46914">
        <ele>89.0</ele>
      </trkpt>
      <trkpt lat="37.79535" lon="-122.46912">
        <ele>88.4</ele>
      </trkpt>
      <trkpt lat="37.79536" lon="-122.46911">
        <ele>88.2</ele>
      </trkpt>
      <trkpt lat="37.79542" lon="-122.46908">
        <ele>87.2</ele>
      </trkpt>
      <trkpt lat="37.79548" lon="-122.46908">
        <ele>86.3</ele>
      </trkpt>
      <trkpt lat="37.79553" lon="-122.46908">
        <ele>85.5</ele>
      </trkpt>
      <trkpt lat="37.79555" lon="-122.46909">
        <ele>85.2</ele>
      </trkpt>
      <trkpt lat="37.79554" lon="-122.46918">
        <ele>85.3</ele>
      </trkpt>
      <trkpt lat="37.79554" lon="-122.46918">
        <ele>85.3</ele>
      </trkpt>
      <trkpt lat="37.79544" lon="-122.46955">
        <ele>87.4</ele>
      </trkpt>
      <trkpt lat="37.79544" lon="-122.46957">
        <ele>87.5</ele>
      </trkpt>
      <trkpt lat="37.79544" lon="-122.46959">
        <ele>87.6</ele>
      </trkpt>
      <trkpt lat="37.79545" lon="-122.46961">
        <ele>87.5</ele>
      </trkpt>
      <trkpt lat="37.79546" lon="-122.46967">
        <ele>87.7</ele>
      </trkpt>
      <trkpt lat="37.79548" lon="-122.46974">
        <ele>87.7</ele>
      </trkpt>
      <trkpt lat="37.79549" lon="-122.46982">
        <ele>87.9</ele>
      </trkpt>
      <trkpt lat="37.795499" lon="-122.46987">
        <ele>88.0</ele>
      </trkpt>
      <trkpt lat="37.79549" lon="-122.46998">
        <ele>88.6</ele>
      </trkpt>
      <trkpt lat="37.79547" lon="-122.47013">
        <ele>89.0</ele>
      </trkpt>
      <trkpt lat="37.79544" lon="-122.47029">
        <ele>89.6</ele>
      </trkpt>
      <trkpt lat="37.79542" lon="-122.47048">
        <ele>90.3</ele>
      </trkpt>
      <trkpt lat="37.79542" lon="-122.47049">
        <ele>90.3</ele>
      </trkpt>
      <trkpt lat="37.7954" lon="-122.47058">
        <ele>90.4</ele>
      </trkpt>
      <trkpt lat="37.79533" lon="-122.47069">
        <ele>90.9</ele>
      </trkpt>
      <trkpt lat="37.79533" lon="-122.47069">
        <ele>90.9</ele>
      </trkpt>
      <trkpt lat="37.79538" lon="-122.47081">
        <ele>90.6</ele>
      </trkpt>
      <trkpt lat="37.7954" lon="-122.47086">
        <ele>90.5</ele>
      </trkpt>
      <trkpt lat="37.795409" lon="-122.47089">
        <ele>90.5</ele>
      </trkpt>
      <trkpt lat="37.79543" lon="-122.47094">
        <ele>90.5</ele>
      </trkpt>
      <trkpt lat="37.79545" lon="-122.47099">
        <ele>90.6</ele>
      </trkpt>
      <trkpt lat="37.795499" lon="-122.47109">
        <ele>90.7</ele>
      </trkpt>
      <trkpt lat="37.79559" lon="-122.47128">
        <ele>91.2</ele>
      </trkpt>
      <trkpt lat="37.79569" lon="-122.47148">
        <ele>92.4</ele>
      </trkpt>
      <trkpt lat="37.79569" lon="-122.47149">
        <ele>92.5</ele>
      </trkpt>
      <trkpt lat="37.795699" lon="-122.47154">
        <ele>93.2</ele>
      </trkpt>
      <trkpt lat="37.795699" lon="-122.47155">
        <ele>93.4</ele>
      </trkpt>
      <trkpt lat="37.79569" lon="-122.47157">
        <ele>93.6</ele>
      </trkpt>
      <trkpt lat="37.79565" lon="-122.4716">
        <ele>94.0</ele>
      </trkpt>
      <trkpt lat="37.79559" lon="-122.47164">
        <ele>94.4</ele>
      </trkpt>
      <trkpt lat="37.79554" lon="-122.47166">
        <ele>94.5</ele>
      </trkpt>
      <trkpt lat="37.79552" lon="-122.47168">
        <ele>94.8</ele>
      </trkpt>
      <trkpt lat="37.79551" lon="-122.4717">
        <ele>95.1</ele>
      </trkpt>
      <trkpt lat="37.79551" lon="-122.47172">
        <ele>95.4</ele>
      </trkpt>
      <trkpt lat="37.79551" lon="-122.47173">
        <ele>95.6</ele>
      </trkpt>
      <trkpt lat="37.79553" lon="-122.47176">
        <ele>96.1</ele>
      </trkpt>
      <trkpt lat="37.79554" lon="-122.47178">
        <ele>96.5</ele>
      </trkpt>
      <trkpt lat="37.79556" lon="-122.4718">
        <ele>96.8</ele>
      </trkpt>
      <trkpt lat="37.7956" lon="-122.47181">
        <ele>97.1</ele>
      </trkpt>
      <trkpt lat="37.79564" lon="-122.47182">
        <ele>97.3</ele>
      </trkpt>
      <trkpt lat="37.79574" lon="-122.4718">
        <ele>97.7</ele>
      </trkpt>
      <trkpt lat="37.79585" lon="-122.47179">
        <ele>98.1</ele>
      </trkpt>
      <trkpt lat="37.79589" lon="-122.47177">
        <ele>98.1</ele>
      </trkpt>
      <trkpt lat="37.79602" lon="-122.47173">
        <ele>98.4</ele>
      </trkpt>
      <trkpt lat="37.79607" lon="-122.47171">
        <ele>98.4</ele>
      </trkpt>
      <trkpt lat="37.79624" lon="-122.47163">
        <ele>97.7</ele>
      </trkpt>
      <trkpt lat="37.796259" lon="-122.47162">
        <ele>97.5</ele>
      </trkpt>
      <trkpt lat="37.79632" lon="-122.47162">
        <ele>97.3</ele>
      </trkpt>
      <trkpt lat="37.79637" lon="-122.47163">
        <ele>97.2</ele>
      </trkpt>
      <trkpt lat="37.7964" lon="-122.47164">
        <ele>97.1</ele>
      </trkpt>
      <trkpt lat="37.79641" lon="-122.47164">
        <ele>97.0</ele>
      </trkpt>
      <trkpt lat="37.79643" lon="-122.47165">
        <ele>96.9</ele>
      </trkpt>
      <trkpt lat="37.796439" lon="-122.47168">
        <ele>97.2</ele>
      </trkpt>
      <trkpt lat="37.796439" lon="-122.47169">
        <ele>97.4</ele>
      </trkpt>
      <trkpt lat="37.796439" lon="-122.47173">
        <ele>98.0</ele>
      </trkpt>
      <trkpt lat="37.796439" lon="-122.47176">
        <ele>98.4</ele>
      </trkpt>
      <trkpt lat="37.796439" lon="-122.47183">
        <ele>99.2</ele>
      </trkpt>
      <trkpt lat="37.79642" lon="-122.47192">
        <ele>100.2</ele>
      </trkpt>
      <trkpt lat="37.79643" lon="-122.47207">
        <ele>100.9</ele>
      </trkpt>
      <trkpt lat="37.79643" lon="-122.47208">
        <ele>100.9</ele>
      </trkpt>
      <trkpt lat="37.79649" lon="-122.47224">
        <ele>100.5</ele>
      </trkpt>
      <trkpt lat="37.79657" lon="-122.4725">
        <ele>100.5</ele>
      </trkpt>
      <trkpt lat="37.79663" lon="-122.47271">
        <ele>102.4</ele>
      </trkpt>
      <trkpt lat="37.796639" lon="-122.47274">
        <ele>102.6</ele>
      </trkpt>
      <trkpt lat="37.79675" lon="-122.47292">
        <ele>102.2</ele>
      </trkpt>
      <trkpt lat="37.79678" lon="-122.47292">
        <ele>101.8</ele>
      </trkpt>
      <trkpt lat="37.79683" lon="-122.47295">
        <ele>101.4</ele>
      </trkpt>
      <trkpt lat="37.79689" lon="-122.47299">
        <ele>100.9</ele>
      </trkpt>
      <trkpt lat="37.79695" lon="-122.47303">
        <ele>100.2</ele>
      </trkpt>
      <trkpt lat="37.79699" lon="-122.47308">
        <ele>99.4</ele>
      </trkpt>
      <trkpt lat="37.79702" lon="-122.47315">
        <ele>98.4</ele>
      </trkpt>
      <trkpt lat="37.79704" lon="-122.47322">
        <ele>97.1</ele>
      </trkpt>
      <trkpt lat="37.79705" lon="-122.47329">
        <ele>95.9</ele>
      </trkpt>
      <trkpt lat="37.79704" lon="-122.47335">
        <ele>95.2</ele>
      </trkpt>
      <trkpt lat="37.79703" lon="-122.47339">
        <ele>94.9</ele>
      </trkpt>
      <trkpt lat="37.79702" lon="-122.47342">
        <ele>94.7</ele>
      </trkpt>
      <trkpt lat="37.79698" lon="-122.47354">
        <ele>94.3</ele>
      </trkpt>
      <trkpt lat="37.79697" lon="-122.47361">
        <ele>93.7</ele>
      </trkpt>
      <trkpt lat="37.79695" lon="-122.47367">
        <ele>93.6</ele>
      </trkpt>
      <trkpt lat="37.79693" lon="-122.47376">
        <ele>93.8</ele>
      </trkpt>
      <trkpt lat="37.79693" lon="-122.47383">
        <ele>93.8</ele>
      </trkpt>
      <trkpt lat="37.79693" lon="-122.47385">
        <ele>93.8</ele>
      </trkpt>
      <trkpt lat="37.79694" lon="-122.47402">
        <ele>94.6</ele>
      </trkpt>
      <trkpt lat="37.79694" lon="-122.47405">
        <ele>94.8</ele>
      </trkpt>
      <trkpt lat="37.79697" lon="-122.47443">
        <ele>99.3</ele>
      </trkpt>
      <trkpt lat="37.79701" lon="-122.47451">
        <ele>99.5</ele>
      </trkpt>
      <trkpt lat="37.79701" lon="-122.47451">
        <ele>99.5</ele>
      </trkpt>
      <trkpt lat="37.79714" lon="-122.47491">
        <ele>99.7</ele>
      </trkpt>
      <trkpt lat="37.79719" lon="-122.47509">
        <ele>99.7</ele>
      </trkpt>
      <trkpt lat="37.797199" lon="-122.47513">
        <ele>99.7</ele>
      </trkpt>
      <trkpt lat="37.79725" lon="-122.47533">
        <ele>98.9</ele>
      </trkpt>
      <trkpt lat="37.79731" lon="-122.47556">
        <ele>97.9</ele>
      </trkpt>
      <trkpt lat="37.7974" lon="-122.47595">
        <ele>96.9</ele>
      </trkpt>
      <trkpt lat="37.79741" lon="-122.476">
        <ele>96.8</ele>
      </trkpt>
      <trkpt lat="37.7975" lon="-122.47633">
        <ele>96.4</ele>
      </trkpt>
      <trkpt lat="37.79759" lon="-122.47665">
        <ele>95.9</ele>
      </trkpt>
      <trkpt lat="37.79755" lon="-122.47673">
        <ele>95.6</ele>
      </trkpt>
      <trkpt lat="37.79755" lon="-122.47673">
        <ele>95.6</ele>
      </trkpt>
      <trkpt lat="37.79758" lon="-122.47674">
        <ele>95.6</ele>
      </trkpt>
      <trkpt lat="37.79766" lon="-122.47677">
        <ele>95.6</ele>
      </trkpt>
      <trkpt lat="37.79774" lon="-122.47682">
        <ele>95.4</ele>
      </trkpt>
      <trkpt lat="37.79783" lon="-122.47688">
        <ele>95.2</ele>
      </trkpt>
      <trkpt lat="37.79791" lon="-122.47693">
        <ele>94.9</ele>
      </trkpt>
      <trkpt lat="37.79798" lon="-122.477">
        <ele>94.7</ele>
      </trkpt>
      <trkpt lat="37.79805" lon="-122.47705">
        <ele>94.5</ele>
      </trkpt>
      <trkpt lat="37.79808" lon="-122.47708">
        <ele>94.4</ele>
      </trkpt>
      <trkpt lat="37.79812" lon="-122.47712">
        <ele>94.2</ele>
      </trkpt>
      <trkpt lat="37.79821" lon="-122.4772">
        <ele>93.9</ele>
      </trkpt>
      <trkpt lat="37.79842" lon="-122.47739">
        <ele>92.7</ele>
      </trkpt>
      <trkpt lat="37.7985" lon="-122.47747">
        <ele>91.9</ele>
      </trkpt>
      <trkpt lat="37.79857" lon="-122.47753">
        <ele>91.0</ele>
      </trkpt>
      <trkpt lat="37.79865" lon="-122.47759">
        <ele>90.2</ele>
      </trkpt>
      <trkpt lat="37.798699" lon="-122.47763">
        <ele>89.7</ele>
      </trkpt>
      <trkpt lat="37.79874" lon="-122.47765">
        <ele>89.5</ele>
      </trkpt>
      <trkpt lat="37.79882" lon="-122.47769">
        <ele>88.9</ele>
      </trkpt>
      <trkpt lat="37.7989" lon="-122.47773">
        <ele>88.3</ele>
      </trkpt>
      <trkpt lat="37.79891" lon="-122.47774">
        <ele>88.3</ele>
      </trkpt>
      <trkpt lat="37.799" lon="-122.47777">
        <ele>88.6</ele>
      </trkpt>
      <trkpt lat="37.79909" lon="-122.47781">
        <ele>88.3</ele>
      </trkpt>
      <trkpt lat="37.79915" lon="-122.47784">
        <ele>88.6</ele>
      </trkpt>
      <trkpt lat="37.79922" lon="-122.47787">
        <ele>88.8</ele>
      </trkpt>
      <trkpt lat="37.7993" lon="-122.47791">
        <ele>88.8</ele>
      </trkpt>
      <trkpt lat="37.7994" lon="-122.47796">
        <ele>88.8</ele>
      </trkpt>
      <trkpt lat="37.7995" lon="-122.478">
        <ele>88.9</ele>
      </trkpt>
      <trkpt lat="37.79958" lon="-122.47804">
        <ele>88.9</ele>
      </trkpt>
      <trkpt lat="37.799639" lon="-122.47805">
        <ele>89.0</ele>
      </trkpt>
      <trkpt lat="37.7997" lon="-122.47807">
        <ele>88.9</ele>
      </trkpt>
      <trkpt lat="37.7998" lon="-122.4781">
        <ele>88.8</ele>
      </trkpt>
      <trkpt lat="37.799819" lon="-122.4781">
        <ele>88.8</ele>
      </trkpt>
      <trkpt lat="37.79988" lon="-122.47811">
        <ele>88.7</ele>
      </trkpt>
      <trkpt lat="37.8" lon="-122.47813">
        <ele>88.4</ele>
      </trkpt>
      <trkpt lat="37.80009" lon="-122.47813">
        <ele>88.1</ele>
      </trkpt>
      <trkpt lat="37.80018" lon="-122.47813">
        <ele>88.0</ele>
      </trkpt>
      <trkpt lat="37.80019" lon="-122.47813">
        <ele>88.0</ele>
      </trkpt>
      <trkpt lat="37.80022" lon="-122.47813">
        <ele>87.8</ele>
      </trkpt>
      <trkpt lat="37.80024" lon="-122.47814">
        <ele>87.5</ele>
      </trkpt>
      <trkpt lat="37.80027" lon="-122.47815">
        <ele>87.1</ele>
      </trkpt>
      <trkpt lat="37.80028" lon="-122.47815">
        <ele>87.0</ele>
      </trkpt>
      <trkpt lat="37.80031" lon="-122.47824">
        <ele>85.7</ele>
      </trkpt>
      <trkpt lat="37.80035" lon="-122.47821">
        <ele>85.7</ele>
      </trkpt>
      <trkpt lat="37.80035" lon="-122.47821">
        <ele>85.7</ele>
      </trkpt>
      <trkpt lat="37.80046" lon="-122.47812">
        <ele>86.0</ele>
      </trkpt>
      <trkpt lat="37.80063" lon="-122.47797">
        <ele>86.5</ele>
      </trkpt>
      <trkpt lat="37.80064" lon="-122.47796">
        <ele>86.5</ele>
      </trkpt>
      <trkpt lat="37.800759" lon="-122.47786">
        <ele>86.4</ele>
      </trkpt>
      <trkpt lat="37.800849" lon="-122.4778">
        <ele>86.2</ele>
      </trkpt>
      <trkpt lat="37.80094" lon="-122.47774">
        <ele>86.0</ele>
      </trkpt>
      <trkpt lat="37.80102" lon="-122.47769">
        <ele>85.9</ele>
      </trkpt>
      <trkpt lat="37.80111" lon="-122.47764">
        <ele>86.0</ele>
      </trkpt>
      <trkpt lat="37.80118" lon="-122.47761">
        <ele>85.7</ele>
      </trkpt>
      <trkpt lat="37.80127" lon="-122.47757">
        <ele>85.8</ele>
      </trkpt>
      <trkpt lat="37.80142" lon="-122.47751">
        <ele>85.7</ele>
      </trkpt>
      <trkpt lat="37.801519" lon="-122.47747">
        <ele>85.4</ele>
      </trkpt>
      <trkpt lat="37.801609" lon="-122.47742">
        <ele>85.2</ele>
      </trkpt>
      <trkpt lat="37.80162" lon="-122.47742">
        <ele>85.1</ele>
      </trkpt>
      <trkpt lat="37.801699" lon="-122.47736">
        <ele>84.8</ele>
      </trkpt>
      <trkpt lat="37.80178" lon="-122.47731">
        <ele>84.3</ele>
      </trkpt>
      <trkpt lat="37.80178" lon="-122.4773">
        <ele>84.3</ele>
      </trkpt>
      <trkpt lat="37.80182" lon="-122.47727">
        <ele>84.0</ele>
      </trkpt>
      <trkpt lat="37.80187" lon="-122.47722">
        <ele>83.6</ele>
      </trkpt>
      <trkpt lat="37.80192" lon="-122.47717">
        <ele>83.3</ele>
      </trkpt>
      <trkpt lat="37.80198" lon="-122.4771">
        <ele>83.3</ele>
      </trkpt>
      <trkpt lat="37.80205" lon="-122.47702">
        <ele>83.4</ele>
      </trkpt>
      <trkpt lat="37.80211" lon="-122.47693">
        <ele>83.1</ele>
      </trkpt>
      <trkpt lat="37.802169" lon="-122.47687">
        <ele>83.0</ele>
      </trkpt>
      <trkpt lat="37.80219" lon="-122.47685">
        <ele>83.0</ele>
      </trkpt>
      <trkpt lat="37.80224" lon="-122.47679">
        <ele>82.8</ele>
      </trkpt>
      <trkpt lat="37.80229" lon="-122.47675">
        <ele>82.8</ele>
      </trkpt>
      <trkpt lat="37.80233" lon="-122.47672">
        <ele>82.7</ele>
      </trkpt>
      <trkpt lat="37.80234" lon="-122.47671">
        <ele>82.6</ele>
      </trkpt>
      <trkpt lat="37.80241" lon="-122.47667">
        <ele>81.9</ele>
      </trkpt>
      <trkpt lat="37.80259" lon="-122.47655">
        <ele>80.6</ele>
      </trkpt>
      <trkpt lat="37.802729" lon="-122.47645">
        <ele>79.5</ele>
      </trkpt>
      <trkpt lat="37.80292" lon="-122.47633">
        <ele>78.1</ele>
      </trkpt>
      <trkpt lat="37.8031" lon="-122.47621">
        <ele>76.7</ele>
      </trkpt>
      <trkpt lat="37.80321" lon="-122.47614">
        <ele>76.3</ele>
      </trkpt>
      <trkpt lat="37.80333" lon="-122.47607">
        <ele>75.9</ele>
      </trkpt>
      <trkpt lat="37.803579" lon="-122.47591">
        <ele>74.9</ele>
      </trkpt>
      <trkpt lat="37.803669" lon="-122.47586">
        <ele>74.0</ele>
      </trkpt>
      <trkpt lat="37.80374" lon="-122.47582">
        <ele>73.1</ele>
      </trkpt>
      <trkpt lat="37.80381" lon="-122.47579">
        <ele>72.2</ele>
      </trkpt>
      <trkpt lat="37.80391" lon="-122.47576">
        <ele>70.8</ele>
      </trkpt>
      <trkpt lat="37.80395" lon="-122.47575">
        <ele>70.3</ele>
      </trkpt>
      <trkpt lat="37.804" lon="-122.47573">
        <ele>69.7</ele>
      </trkpt>
      <trkpt lat="37.804049" lon="-122.47573">
        <ele>69.3</ele>
      </trkpt>
      <trkpt lat="37.80413" lon="-122.47572">
        <ele>69.0</ele>
      </trkpt>
      <trkpt lat="37.80424" lon="-122.47571">
        <ele>68.7</ele>
      </trkpt>
      <trkpt lat="37.80426" lon="-122.47571">
        <ele>68.7</ele>
      </trkpt>
      <trkpt lat="37.80439" lon="-122.47571">
        <ele>68.2</ele>
      </trkpt>
      <trkpt lat="37.80447" lon="-122.47571">
        <ele>67.7</ele>
      </trkpt>
      <trkpt lat="37.80447" lon="-122.47571">
        <ele>67.7</ele>
      </trkpt>
      <trkpt lat="37.80447" lon="-122.47576">
        <ele>67.8</ele>
      </trkpt>
      <trkpt lat="37.80447" lon="-122.47579">
        <ele>67.9</ele>
      </trkpt>
      <trkpt lat="37.80447" lon="-122.47587">
        <ele>68.2</ele>
      </trkpt>
      <trkpt lat="37.80448" lon="-122.4759">
        <ele>68.3</ele>
      </trkpt>
      <trkpt lat="37.80449" lon="-122.47594">
        <ele>68.3</ele>
      </trkpt>
      <trkpt lat="37.8045" lon="-122.47596">
        <ele>68.3</ele>
      </trkpt>
      <trkpt lat="37.80451" lon="-122.47598">
        <ele>68.2</ele>
      </trkpt>
      <trkpt lat="37.80454" lon="-122.47604">
        <ele>68.1</ele>
      </trkpt>
      <trkpt lat="37.80458" lon="-122.47609">
        <ele>67.9</ele>
      </trkpt>
      <trkpt lat="37.804609" lon="-122.47612">
        <ele>67.7</ele>
      </trkpt>
      <trkpt lat="37.80463" lon="-122.47614">
        <ele>67.6</ele>
      </trkpt>
      <trkpt lat="37.80466" lon="-122.47617">
        <ele>67.5</ele>
      </trkpt>
      <trkpt lat="37.804699" lon="-122.4762">
        <ele>67.3</ele>
      </trkpt>
      <trkpt lat="37.80475" lon="-122.47623">
        <ele>67.0</ele>
      </trkpt>
      <trkpt lat="37.80481" lon="-122.47625">
        <ele>66.5</ele>
      </trkpt>
      <trkpt lat="37.8049" lon="-122.47626">
        <ele>65.7</ele>
      </trkpt>
      <trkpt lat="37.80497" lon="-122.47626">
        <ele>65.2</ele>
      </trkpt>
      <trkpt lat="37.80501" lon="-122.47626">
        <ele>65.0</ele>
      </trkpt>
      <trkpt lat="37.80506" lon="-122.47624">
        <ele>64.8</ele>
      </trkpt>
      <trkpt lat="37.8051" lon="-122.47623">
        <ele>64.7</ele>
      </trkpt>
      <trkpt lat="37.80515" lon="-122.4762">
        <ele>64.4</ele>
      </trkpt>
      <trkpt lat="37.80525" lon="-122.47613">
        <ele>63.9</ele>
      </trkpt>
      <trkpt lat="37.80539" lon="-122.47603">
        <ele>63.2</ele>
      </trkpt>
      <trkpt lat="37.80553" lon="-122.47593">
        <ele>62.8</ele>
      </trkpt>
      <trkpt lat="37.80563" lon="-122.47588">
        <ele>62.4</ele>
      </trkpt>
      <trkpt lat="37.80565" lon="-122.47586">
        <ele>62.4</ele>
      </trkpt>
      <trkpt lat="37.80571" lon="-122.47584">
        <ele>62.2</ele>
      </trkpt>
      <trkpt lat="37.80578" lon="-122.47582">
        <ele>62.0</ele>
      </trkpt>
      <trkpt lat="37.80585" lon="-122.4758">
        <ele>61.7</ele>
      </trkpt>
      <trkpt lat="37.80591" lon="-122.47579">
        <ele>61.2</ele>
      </trkpt>
      <trkpt lat="37.80595" lon="-122.47578">
        <ele>60.8</ele>
      </trkpt>
      <trkpt lat="37.80599" lon="-122.47577">
        <ele>60.4</ele>
      </trkpt>
      <trkpt lat="37.80604" lon="-122.47575">
        <ele>60.2</ele>
      </trkpt>
      <trkpt lat="37.80608" lon="-122.47572">
        <ele>60.2</ele>
      </trkpt>
      <trkpt lat="37.8061" lon="-122.4757">
        <ele>60.2</ele>
      </trkpt>
      <trkpt lat="37.806199" lon="-122.47556">
        <ele>59.9</ele>
      </trkpt>
      <trkpt lat="37.80631" lon="-122.47541">
        <ele>58.8</ele>
      </trkpt>
      <trkpt lat="37.80635" lon="-122.47549">
        <ele>58.5</ele>
      </trkpt>
      <trkpt lat="37.80635" lon="-122.47549">
        <ele>58.5</ele>
      </trkpt>
      <trkpt lat="37.80638" lon="-122.47553">
        <ele>58.3</ele>
      </trkpt>
      <trkpt lat="37.80645" lon="-122.4756">
        <ele>58.3</ele>
      </trkpt>
      <trkpt lat="37.80645" lon="-122.4756">
        <ele>58.3</ele>
      </trkpt>
      <trkpt lat="37.80657" lon="-122.47573">
        <ele>58.6</ele>
      </trkpt>
      <trkpt lat="37.80671" lon="-122.47588">
        <ele>58.5</ele>
      </trkpt>
      <trkpt lat="37.80678" lon="-122.47595">
        <ele>58.6</ele>
      </trkpt>
      <trkpt lat="37.80682" lon="-122.47598">
        <ele>58.7</ele>
      </trkpt>
      <trkpt lat="37.80686" lon="-122.47591">
        <ele>58.7</ele>
      </trkpt>
      <trkpt lat="37.80686" lon="-122.47591">
        <ele>58.7</ele>
      </trkpt>
      <trkpt lat="37.80688" lon="-122.47589">
        <ele>58.7</ele>
      </trkpt>
      <trkpt lat="37.80694" lon="-122.47583">
        <ele>58.4</ele>
      </trkpt>
      <trkpt lat="37.80704" lon="-122.47572">
        <ele>57.9</ele>
      </trkpt>
      <trkpt lat="37.80717" lon="-122.47554">
        <ele>56.7</ele>
      </trkpt>
      <trkpt lat="37.80729" lon="-122.47537">
        <ele>55.9</ele>
      </trkpt>
      <trkpt lat="37.80741" lon="-122.47519">
        <ele>54.4</ele>
      </trkpt>
      <trkpt lat="37.80741" lon="-122.47519">
        <ele>54.4</ele>
      </trkpt>
      <trkpt lat="37.80742" lon="-122.47521">
        <ele>54.5</ele>
      </trkpt>
      <trkpt lat="37.80742" lon="-122.47522">
        <ele>54.6</ele>
      </trkpt>
      <trkpt lat="37.8074" lon="-122.47525">
        <ele>54.8</ele>
      </trkpt>
      <trkpt lat="37.8074" lon="-122.47525">
        <ele>54.8</ele>
      </trkpt>
      <trkpt lat="37.80748" lon="-122.47533">
        <ele>54.9</ele>
      </trkpt>
      <trkpt lat="37.80753" lon="-122.4754">
        <ele>55.0</ele>
      </trkpt>
      <trkpt lat="37.80754" lon="-122.47541">
        <ele>55.0</ele>
      </trkpt>
      <trkpt lat="37.80758" lon="-122.47543">
        <ele>54.9</ele>
      </trkpt>
      <trkpt lat="37.80759" lon="-122.47544">
        <ele>54.9</ele>
      </trkpt>
      <trkpt lat="37.80765" lon="-122.47555">
        <ele>55.1</ele>
      </trkpt>
      <trkpt lat="37.80767" lon="-122.47563">
        <ele>55.3</ele>
      </trkpt>
      <trkpt lat="37.80772" lon="-122.47573">
        <ele>55.4</ele>
      </trkpt>
      <trkpt lat="37.80777" lon="-122.4758">
        <ele>55.6</ele>
      </trkpt>
      <trkpt lat="37.80778" lon="-122.47581">
        <ele>55.7</ele>
      </trkpt>
      <trkpt lat="37.80783" lon="-122.47588">
        <ele>56.4</ele>
      </trkpt>
      <trkpt lat="37.80787" lon="-122.47594">
        <ele>56.9</ele>
      </trkpt>
      <trkpt lat="37.80788" lon="-122.47598">
        <ele>57.0</ele>
      </trkpt>
      <trkpt lat="37.80791" lon="-122.47605">
        <ele>57.2</ele>
      </trkpt>
      <trkpt lat="37.80796" lon="-122.47613">
        <ele>56.9</ele>
      </trkpt>
      <trkpt lat="37.80807" lon="-122.4763">
        <ele>55.5</ele>
      </trkpt>
      <trkpt lat="37.80809" lon="-122.47632">
        <ele>55.1</ele>
      </trkpt>
      <trkpt lat="37.80812" lon="-122.47635">
        <ele>54.6</ele>
      </trkpt>
      <trkpt lat="37.80815" lon="-122.47639">
        <ele>53.7</ele>
      </trkpt>
      <trkpt lat="37.808169" lon="-122.47641">
        <ele>53.2</ele>
      </trkpt>
      <trkpt lat="37.8082" lon="-122.47644">
        <ele>52.3</ele>
      </trkpt>
      <trkpt lat="37.80824" lon="-122.47649">
        <ele>51.1</ele>
      </trkpt>
      <trkpt lat="37.80829" lon="-122.47654">
        <ele>49.6</ele>
      </trkpt>
      <trkpt lat="37.8083" lon="-122.47654">
        <ele>49.4</ele>
      </trkpt>
      <trkpt lat="37.80841" lon="-122.47664">
        <ele>46.3</ele>
      </trkpt>
      <trkpt lat="37.80843" lon="-122.47667">
        <ele>45.7</ele>
      </trkpt>
      <trkpt lat="37.80851" lon="-122.47673">
        <ele>44.1</ele>
      </trkpt>
      <trkpt lat="37.80858" lon="-122.47679">
        <ele>42.6</ele>
      </trkpt>
      <trkpt lat="37.80862" lon="-122.47682">
        <ele>41.9</ele>
      </trkpt>
      <trkpt lat="37.80873" lon="-122.4769">
        <ele>40.1</ele>
      </trkpt>
      <trkpt lat="37.80889" lon="-122.47699">
        <ele>36.1</ele>
      </trkpt>
      <trkpt lat="37.8089" lon="-122.47699">
        <ele>35.9</ele>
      </trkpt>
      <trkpt lat="37.80905" lon="-122.47707">
        <ele>32.6</ele>
      </trkpt>
      <trkpt lat="37.80913" lon="-122.47711">
        <ele>31.0</ele>
      </trkpt>
      <trkpt lat="37.80929" lon="-122.47717">
        <ele>28.2</ele>
      </trkpt>
      <trkpt lat="37.80941" lon="-122.47721">
        <ele>25.6</ele>
      </trkpt>
      <trkpt lat="37.80954" lon="-122.47724">
        <ele>23.2</ele>
      </trkpt>
      <trkpt lat="37.80965" lon="-122.47725">
        <ele>22.2</ele>
      </trkpt>
      <trkpt lat="37.80974" lon="-122.47727">
        <ele>21.2</ele>
      </trkpt>
      <trkpt lat="37.80983" lon="-122.47727">
        <ele>19.3</ele>
      </trkpt>
      <trkpt lat="37.81015" lon="-122.47731">
        <ele>8.1</ele>
      </trkpt>
      <trkpt lat="37.81041" lon="-122.47734">
        <ele>4.9</ele>
      </trkpt>
      <trkpt lat="37.8106" lon="-122.47736">
        <ele>2.9</ele>
      </trkpt>
      <trkpt lat="37.81104" lon="-122.47742">
        <ele>0.0</ele>
      </trkpt>
      <trkpt lat="37.811079" lon="-122.47742">
        <ele>0.0</ele>
      </trkpt>
      <trkpt lat="37.8114" lon="-122.47745">
        <ele>0.0</ele>
      </trkpt>
      <trkpt lat="37.81194" lon="-122.47757">
        <ele>0.0</ele>
      </trkpt>
      <trkpt lat="37.8123" lon="-122.47761">
        <ele>0.0</ele>
      </trkpt>
      <trkpt lat="37.81255" lon="-122.47764">
        <ele>0.0</ele>
      </trkpt>
      <trkpt lat="37.81265" lon="-122.47765">
        <ele>0.0</ele>
      </trkpt>
      <trkpt lat="37.81295" lon="-122.47768">
        <ele>0.0</ele>
      </trkpt>
      <trkpt lat="37.81301" lon="-122.47769">
        <ele>0.0</ele>
      </trkpt>
      <trkpt lat="37.81319" lon="-122.47772">
        <ele>0.0</ele>
      </trkpt>
      <trkpt lat="37.81323" lon="-122.47773">
        <ele>0.0</ele>
      </trkpt>
      <trkpt lat="37.81337" lon="-122.47774">
        <ele>0.0</ele>
      </trkpt>
      <trkpt lat="37.81362" lon="-122.47777">
        <ele>0.0</ele>
      </trkpt>
      <trkpt lat="37.81391" lon="-122.4778">
        <ele>0.0</ele>
      </trkpt>
      <trkpt lat="37.814" lon="-122.47781">
        <ele>0.0</ele>
      </trkpt>
      <trkpt lat="37.81409" lon="-122.47782">
        <ele>0.0</ele>
      </trkpt>
      <trkpt lat="37.81427" lon="-122.47784">
        <ele>0.0</ele>
      </trkpt>
      <trkpt lat="37.81462" lon="-122.47788">
        <ele>0.0</ele>
      </trkpt>
      <trkpt lat="37.8148" lon="-122.4779">
        <ele>0.0</ele>
      </trkpt>
      <trkpt lat="37.81516" lon="-122.47794">
        <ele>0.0</ele>
      </trkpt>
      <trkpt lat="37.81606" lon="-122.47805">
        <ele>0.0</ele>
      </trkpt>
      <trkpt lat="37.81671" lon="-122.47813">
        <ele>0.0</ele>
      </trkpt>
      <trkpt lat="37.81713" lon="-122.47818">
        <ele>0.0</ele>
      </trkpt>
      <trkpt lat="37.81767" lon="-122.47824">
        <ele>0.0</ele>
      </trkpt>
      <trkpt lat="37.81803" lon="-122.47828">
        <ele>0.0</ele>
      </trkpt>
      <trkpt lat="37.81857" lon="-122.47834">
        <ele>0.0</ele>
      </trkpt>
      <trkpt lat="37.81915" lon="-122.47841">
        <ele>0.0</ele>
      </trkpt>
      <trkpt lat="37.81928" lon="-122.47843">
        <ele>0.0</ele>
      </trkpt>
      <trkpt lat="37.81964" lon="-122.47847">
        <ele>0.0</ele>
      </trkpt>
      <trkpt lat="37.82054" lon="-122.47857">
        <ele>0.0</ele>
      </trkpt>
      <trkpt lat="37.82056" lon="-122.47857">
        <ele>0.0</ele>
      </trkpt>
      <trkpt lat="37.82089" lon="-122.47861">
        <ele>0.0</ele>
      </trkpt>
      <trkpt lat="37.82161" lon="-122.4787">
        <ele>0.0</ele>
      </trkpt>
      <trkpt lat="37.82215" lon="-122.47876">
        <ele>0.0</ele>
      </trkpt>
      <trkpt lat="37.822159" lon="-122.47876">
        <ele>0.0</ele>
      </trkpt>
      <trkpt lat="37.82251" lon="-122.4788">
        <ele>0.0</ele>
      </trkpt>
      <trkpt lat="37.82282" lon="-122.47884">
        <ele>0.0</ele>
      </trkpt>
      <trkpt lat="37.82286" lon="-122.47884">
        <ele>0.0</ele>
      </trkpt>
      <trkpt lat="37.82348" lon="-122.47892">
        <ele>0.0</ele>
      </trkpt>
      <trkpt lat="37.82358" lon="-122.47893">
        <ele>0.0</ele>
      </trkpt>
      <trkpt lat="37.82412" lon="-122.47899">
        <ele>0.0</ele>
      </trkpt>
      <trkpt lat="37.8243" lon="-122.47901">
        <ele>0.0</ele>
      </trkpt>
      <trkpt lat="37.82439" lon="-122.47902">
        <ele>0.0</ele>
      </trkpt>
      <trkpt lat="37.82448" lon="-122.47903">
        <ele>0.0</ele>
      </trkpt>
      <trkpt lat="37.82465" lon="-122.47905">
        <ele>0.0</ele>
      </trkpt>
      <trkpt lat="37.82483" lon="-122.47907">
        <ele>0.0</ele>
      </trkpt>
      <trkpt lat="37.82501" lon="-122.4791">
        <ele>0.0</ele>
      </trkpt>
      <trkpt lat="37.82508" lon="-122.47911">
        <ele>0.0</ele>
      </trkpt>
      <trkpt lat="37.82537" lon="-122.47914">
        <ele>0.0</ele>
      </trkpt>
      <trkpt lat="37.82555" lon="-122.47916">
        <ele>2.3</ele>
      </trkpt>
      <trkpt lat="37.82569" lon="-122.47918">
        <ele>17.2</ele>
      </trkpt>
      <trkpt lat="37.82573" lon="-122.47918">
        <ele>22.5</ele>
      </trkpt>
      <trkpt lat="37.82598" lon="-122.47921">
        <ele>45.4</ele>
      </trkpt>
      <trkpt lat="37.82623" lon="-122.47923">
        <ele>40.3</ele>
      </trkpt>
      <trkpt lat="37.82636" lon="-122.47925">
        <ele>41.2</ele>
      </trkpt>
      <trkpt lat="37.82641" lon="-122.47926">
        <ele>42.0</ele>
      </trkpt>
      <trkpt lat="37.82646" lon="-122.47926">
        <ele>41.9</ele>
      </trkpt>
      <trkpt lat="37.82652" lon="-122.47927">
        <ele>42.6</ele>
      </trkpt>
      <trkpt lat="37.82658" lon="-122.47927">
        <ele>42.1</ele>
      </trkpt>
      <trkpt lat="37.82659" lon="-122.47928">
        <ele>43.1</ele>
      </trkpt>
      <trkpt lat="37.82664" lon="-122.47928">
        <ele>42.5</ele>
      </trkpt>
      <trkpt lat="37.82672" lon="-122.47929">
        <ele>42.4</ele>
      </trkpt>
      <trkpt lat="37.82685" lon="-122.47931">
        <ele>42.2</ele>
      </trkpt>
      <trkpt lat="37.82693" lon="-122.47932">
        <ele>41.3</ele>
      </trkpt>
      <trkpt lat="37.82699" lon="-122.47933">
        <ele>41.1</ele>
      </trkpt>
      <trkpt lat="37.82709" lon="-122.47934">
        <ele>40.0</ele>
      </trkpt>
      <trkpt lat="37.82712" lon="-122.47934">
        <ele>39.3</ele>
      </trkpt>
      <trkpt lat="37.8273" lon="-122.47936">
        <ele>38.1</ele>
      </trkpt>
      <trkpt lat="37.82748" lon="-122.47938">
        <ele>37.8</ele>
      </trkpt>
      <trkpt lat="37.82766" lon="-122.4794">
        <ele>38.4</ele>
      </trkpt>
      <trkpt lat="37.82784" lon="-122.47942">
        <ele>38.9</ele>
      </trkpt>
      <trkpt lat="37.8282" lon="-122.47946">
        <ele>40.3</ele>
      </trkpt>
      <trkpt lat="37.82838" lon="-122.47948">
        <ele>41.7</ele>
      </trkpt>
      <trkpt lat="37.82873" lon="-122.47952">
        <ele>41.6</ele>
      </trkpt>
      <trkpt lat="37.82891" lon="-122.47955">
        <ele>40.6</ele>
      </trkpt>
      <trkpt lat="37.82899" lon="-122.47955">
        <ele>39.6</ele>
      </trkpt>
      <trkpt lat="37.82988" lon="-122.47966">
        <ele>17.9</ele>
      </trkpt>
      <trkpt lat="37.8302" lon="-122.4797">
        <ele>17.1</ele>
      </trkpt>
      <trkpt lat="37.83037" lon="-122.47972">
        <ele>17.3</ele>
      </trkpt>
      <trkpt lat="37.83054" lon="-122.47974">
        <ele>17.1</ele>
      </trkpt>
      <trkpt lat="37.830599" lon="-122.47975">
        <ele>16.9</ele>
      </trkpt>
      <trkpt lat="37.83072" lon="-122.47976">
        <ele>16.8</ele>
      </trkpt>
      <trkpt lat="37.83093" lon="-122.4798">
        <ele>17.4</ele>
      </trkpt>
      <trkpt lat="37.83099" lon="-122.47982">
        <ele>18.0</ele>
      </trkpt>
      <trkpt lat="37.83105" lon="-122.47983">
        <ele>18.7</ele>
      </trkpt>
      <trkpt lat="37.83119" lon="-122.47988">
        <ele>21.0</ele>
      </trkpt>
      <trkpt lat="37.8313" lon="-122.47992">
        <ele>23.0</ele>
      </trkpt>
      <trkpt lat="37.8315" lon="-122.48001">
        <ele>29.1</ele>
      </trkpt>
      <trkpt lat="37.83167" lon="-122.48011">
        <ele>34.2</ele>
      </trkpt>
      <trkpt lat="37.831829" lon="-122.48023">
        <ele>40.5</ele>
      </trkpt>
      <trkpt lat="37.83197" lon="-122.48033">
        <ele>49.0</ele>
      </trkpt>
      <trkpt lat="37.83223" lon="-122.48054">
        <ele>65.9</ele>
      </trkpt>
      <trkpt lat="37.83228" lon="-122.48057">
        <ele>68.0</ele>
      </trkpt>
      <trkpt lat="37.83231" lon="-122.4806">
        <ele>69.3</ele>
      </trkpt>
      <trkpt lat="37.83233" lon="-122.48062">
        <ele>70.0</ele>
      </trkpt>
      <trkpt lat="37.83235" lon="-122.48063">
        <ele>70.6</ele>
      </trkpt>
      <trkpt lat="37.83236" lon="-122.48065">
        <ele>71.0</ele>
      </trkpt>
      <trkpt lat="37.83237" lon="-122.48066">
        <ele>71.3</ele>
      </trkpt>
      <trkpt lat="37.83238" lon="-122.48066">
        <ele>71.5</ele>
      </trkpt>
      <trkpt lat="37.83241" lon="-122.48067">
        <ele>72.2</ele>
      </trkpt>
      <trkpt lat="37.83244" lon="-122.48067">
        <ele>72.8</ele>
      </trkpt>
      <trkpt lat="37.83249" lon="-122.48065">
        <ele>73.7</ele>
      </trkpt>
      <trkpt lat="37.83254" lon="-122.48063">
        <ele>74.3</ele>
      </trkpt>
      <trkpt lat="37.83264" lon="-122.48054">
        <ele>74.8</ele>
      </trkpt>
      <trkpt lat="37.83264" lon="-122.48054">
        <ele>74.8</ele>
      </trkpt>
      <trkpt lat="37.83256" lon="-122.48036">
        <ele>74.5</ele>
      </trkpt>
      <trkpt lat="37.83247" lon="-122.48017">
        <ele>74.4</ele>
      </trkpt>
      <trkpt lat="37.83245" lon="-122.48011">
        <ele>74.3</ele>
      </trkpt>
      <trkpt lat="37.8324" lon="-122.47999">
        <ele>74.2</ele>
      </trkpt>
      <trkpt lat="37.8324" lon="-122.47995">
        <ele>74.1</ele>
      </trkpt>
      <trkpt lat="37.8324" lon="-122.47991">
        <ele>74.0</ele>
      </trkpt>
      <trkpt lat="37.8324" lon="-122.47989">
        <ele>74.0</ele>
      </trkpt>
      <trkpt lat="37.8324" lon="-122.47991">
        <ele>74.0</ele>
      </trkpt>
      <trkpt lat="37.8324" lon="-122.47995">
        <ele>74.1</ele>
      </trkpt>
      <trkpt lat="37.8324" lon="-122.47999">
        <ele>74.2</ele>
      </trkpt>
      <trkpt lat="37.83245" lon="-122.48011">
        <ele>74.3</ele>
      </trkpt>
      <trkpt lat="37.83247" lon="-122.48017">
        <ele>74.4</ele>
      </trkpt>
      <trkpt lat="37.83256" lon="-122.48036">
        <ele>74.5</ele>
      </trkpt>
      <trkpt lat="37.83264" lon="-122.48054">
        <ele>74.8</ele>
      </trkpt>
      <trkpt lat="37.83264" lon="-122.48054">
        <ele>74.8</ele>
      </trkpt>
      <trkpt lat="37.83254" lon="-122.48063">
        <ele>74.3</ele>
      </trkpt>
      <trkpt lat="37.83249" lon="-122.48065">
        <ele>73.7</ele>
      </trkpt>
      <trkpt lat="37.83244" lon="-122.48067">
        <ele>72.8</ele>
      </trkpt>
      <trkpt lat="37.83241" lon="-122.48067">
        <ele>72.2</ele>
      </trkpt>
      <trkpt lat="37.83238" lon="-122.48066">
        <ele>71.5</ele>
      </trkpt>
      <trkpt lat="37.83237" lon="-122.48066">
        <ele>71.3</ele>
      </trkpt>
      <trkpt lat="37.83236" lon="-122.48065">
        <ele>71.0</ele>
      </trkpt>
      <trkpt lat="37.83235" lon="-122.48063">
        <ele>70.6</ele>
      </trkpt>
      <trkpt lat="37.83233" lon="-122.48062">
        <ele>70.0</ele>
      </trkpt>
      <trkpt lat="37.83231" lon="-122.4806">
        <ele>69.3</ele>
      </trkpt>
      <trkpt lat="37.83228" lon="-122.48057">
        <ele>68.0</ele>
      </trkpt>
      <trkpt lat="37.83223" lon="-122.48054">
        <ele>65.9</ele>
      </trkpt>
      <trkpt lat="37.83197" lon="-122.48033">
        <ele>49.0</ele>
      </trkpt>
      <trkpt lat="37.831829" lon="-122.48023">
        <ele>40.5</ele>
      </trkpt>
      <trkpt lat="37.83167" lon="-122.48011">
        <ele>34.2</ele>
      </trkpt>
      <trkpt lat="37.8315" lon="-122.48001">
        <ele>29.1</ele>
      </trkpt>
      <trkpt lat="37.8313" lon="-122.47992">
        <ele>23.0</ele>
      </trkpt>
      <trkpt lat="37.83119" lon="-122.47988">
        <ele>21.0</ele>
      </trkpt>
      <trkpt lat="37.83105" lon="-122.47983">
        <ele>18.7</ele>
      </trkpt>
      <trkpt lat="37.83099" lon="-122.47982">
        <ele>18.0</ele>
      </trkpt>
      <trkpt lat="37.83093" lon="-122.4798">
        <ele>17.4</ele>
      </trkpt>
      <trkpt lat="37.83072" lon="-122.47976">
        <ele>16.8</ele>
      </trkpt>
      <trkpt lat="37.830599" lon="-122.47975">
        <ele>16.9</ele>
      </trkpt>
      <trkpt lat="37.83054" lon="-122.47974">
        <ele>17.1</ele>
      </trkpt>
      <trkpt lat="37.83037" lon="-122.47972">
        <ele>17.3</ele>
      </trkpt>
      <trkpt lat="37.8302" lon="-122.4797">
        <ele>17.1</ele>
      </trkpt>
      <trkpt lat="37.82988" lon="-122.47966">
        <ele>17.9</ele>
      </trkpt>
      <trkpt lat="37.82899" lon="-122.47955">
        <ele>39.6</ele>
      </trkpt>
      <trkpt lat="37.82891" lon="-122.47955">
        <ele>40.6</ele>
      </trkpt>
      <trkpt lat="37.82873" lon="-122.47952">
        <ele>41.6</ele>
      </trkpt>
      <trkpt lat="37.82838" lon="-122.47948">
        <ele>41.7</ele>
      </trkpt>
      <trkpt lat="37.8282" lon="-122.47946">
        <ele>40.3</ele>
      </trkpt>
      <trkpt lat="37.82784" lon="-122.47942">
        <ele>38.9</ele>
      </trkpt>
      <trkpt lat="37.82766" lon="-122.4794">
        <ele>38.4</ele>
      </trkpt>
      <trkpt lat="37.82748" lon="-122.47938">
        <ele>37.8</ele>
      </trkpt>
      <trkpt lat="37.8273" lon="-122.47936">
        <ele>38.1</ele>
      </trkpt>
      <trkpt lat="37.82712" lon="-122.47934">
        <ele>39.3</ele>
      </trkpt>
      <trkpt lat="37.82709" lon="-122.47934">
        <ele>40.0</ele>
      </trkpt>
      <trkpt lat="37.82699" lon="-122.47933">
        <ele>41.1</ele>
      </trkpt>
      <trkpt lat="37.82693" lon="-122.47932">
        <ele>41.3</ele>
      </trkpt>
      <trkpt lat="37.82685" lon="-122.47931">
        <ele>42.2</ele>
      </trkpt>
      <trkpt lat="37.82672" lon="-122.47929">
        <ele>42.4</ele>
      </trkpt>
      <trkpt lat="37.82664" lon="-122.47928">
        <ele>42.5</ele>
      </trkpt>
      <trkpt lat="37.82659" lon="-122.47928">
        <ele>43.1</ele>
      </trkpt>
      <trkpt lat="37.82658" lon="-122.47927">
        <ele>42.1</ele>
      </trkpt>
      <trkpt lat="37.82652" lon="-122.47927">
        <ele>42.6</ele>
      </trkpt>
      <trkpt lat="37.82646" lon="-122.47926">
        <ele>41.9</ele>
      </trkpt>
      <trkpt lat="37.82641" lon="-122.47926">
        <ele>42.0</ele>
      </trkpt>
      <trkpt lat="37.82636" lon="-122.47925">
        <ele>41.2</ele>
      </trkpt>
      <trkpt lat="37.82623" lon="-122.47923">
        <ele>40.3</ele>
      </trkpt>
      <trkpt lat="37.82598" lon="-122.47921">
        <ele>45.4</ele>
      </trkpt>
      <trkpt lat="37.82573" lon="-122.47918">
        <ele>22.5</ele>
      </trkpt>
      <trkpt lat="37.82569" lon="-122.47918">
        <ele>17.2</ele>
      </trkpt>
      <trkpt lat="37.82555" lon="-122.47916">
        <ele>2.3</ele>
      </trkpt>
      <trkpt lat="37.82537" lon="-122.47914">
        <ele>0.0</ele>
      </trkpt>
      <trkpt lat="37.82508" lon="-122.47911">
        <ele>0.0</ele>
      </trkpt>
      <trkpt lat="37.82501" lon="-122.4791">
        <ele>0.0</ele>
      </trkpt>
      <trkpt lat="37.82483" lon="-122.47907">
        <ele>0.0</ele>
      </trkpt>
      <trkpt lat="37.82465" lon="-122.47905">
        <ele>0.0</ele>
      </trkpt>
      <trkpt lat="37.82448" lon="-122.47903">
        <ele>0.0</ele>
      </trkpt>
      <trkpt lat="37.82439" lon="-122.47902">
        <ele>0.0</ele>
      </trkpt>
      <trkpt lat="37.8243" lon="-122.47901">
        <ele>0.0</ele>
      </trkpt>
      <trkpt lat="37.82412" lon="-122.47899">
        <ele>0.0</ele>
      </trkpt>
      <trkpt lat="37.82358" lon="-122.47893">
        <ele>0.0</ele>
      </trkpt>
      <trkpt lat="37.82348" lon="-122.47892">
        <ele>0.0</ele>
      </trkpt>
      <trkpt lat="37.82286" lon="-122.47884">
        <ele>0.0</ele>
      </trkpt>
      <trkpt lat="37.82282" lon="-122.47884">
        <ele>0.0</ele>
      </trkpt>
      <trkpt lat="37.82251" lon="-122.4788">
        <ele>0.0</ele>
      </trkpt>
      <trkpt lat="37.822159" lon="-122.47876">
        <ele>0.0</ele>
      </trkpt>
      <trkpt lat="37.82215" lon="-122.47876">
        <ele>0.0</ele>
      </trkpt>
      <trkpt lat="37.82161" lon="-122.4787">
        <ele>0.0</ele>
      </trkpt>
      <trkpt lat="37.82089" lon="-122.47861">
        <ele>0.0</ele>
      </trkpt>
      <trkpt lat="37.82056" lon="-122.47857">
        <ele>0.0</ele>
      </trkpt>
      <trkpt lat="37.82054" lon="-122.47857">
        <ele>0.0</ele>
      </trkpt>
      <trkpt lat="37.81964" lon="-122.47847">
        <ele>0.0</ele>
      </trkpt>
      <trkpt lat="37.81928" lon="-122.47843">
        <ele>0.0</ele>
      </trkpt>
      <trkpt lat="37.81915" lon="-122.47841">
        <ele>0.0</ele>
      </trkpt>
      <trkpt lat="37.81857" lon="-122.47834">
        <ele>0.0</ele>
      </trkpt>
      <trkpt lat="37.81803" lon="-122.47828">
        <ele>0.0</ele>
      </trkpt>
      <trkpt lat="37.81767" lon="-122.47824">
        <ele>0.0</ele>
      </trkpt>
      <trkpt lat="37.81713" lon="-122.47818">
        <ele>0.0</ele>
      </trkpt>
      <trkpt lat="37.81671" lon="-122.47813">
        <ele>0.0</ele>
      </trkpt>
      <trkpt lat="37.81606" lon="-122.47805">
        <ele>0.0</ele>
      </trkpt>
      <trkpt lat="37.81516" lon="-122.47794">
        <ele>0.0</ele>
      </trkpt>
      <trkpt lat="37.8148" lon="-122.4779">
        <ele>0.0</ele>
      </trkpt>
      <trkpt lat="37.81462" lon="-122.47788">
        <ele>0.0</ele>
      </trkpt>
      <trkpt lat="37.81427" lon="-122.47784">
        <ele>0.0</ele>
      </trkpt>
      <trkpt lat="37.81409" lon="-122.47782">
        <ele>0.0</ele>
      </trkpt>
      <trkpt lat="37.814" lon="-122.47781">
        <ele>0.0</ele>
      </trkpt>
      <trkpt lat="37.81391" lon="-122.4778">
        <ele>0.0</ele>
      </trkpt>
      <trkpt lat="37.81362" lon="-122.47777">
        <ele>0.0</ele>
      </trkpt>
      <trkpt lat="37.81337" lon="-122.47774">
        <ele>0.0</ele>
      </trkpt>
      <trkpt lat="37.81323" lon="-122.47773">
        <ele>0.0</ele>
      </trkpt>
      <trkpt lat="37.81319" lon="-122.47772">
        <ele>0.0</ele>
      </trkpt>
      <trkpt lat="37.81301" lon="-122.47769">
        <ele>0.0</ele>
      </trkpt>
      <trkpt lat="37.81295" lon="-122.47768">
        <ele>0.0</ele>
      </trkpt>
      <trkpt lat="37.81265" lon="-122.47765">
        <ele>0.0</ele>
      </trkpt>
      <trkpt lat="37.81255" lon="-122.47764">
        <ele>0.0</ele>
      </trkpt>
      <trkpt lat="37.8123" lon="-122.47761">
        <ele>0.0</ele>
      </trkpt>
      <trkpt lat="37.81194" lon="-122.47757">
        <ele>0.0</ele>
      </trkpt>
      <trkpt lat="37.8114" lon="-122.47745">
        <ele>0.0</ele>
      </trkpt>
      <trkpt lat="37.811079" lon="-122.47742">
        <ele>0.0</ele>
      </trkpt>
      <trkpt lat="37.81104" lon="-122.47742">
        <ele>0.0</ele>
      </trkpt>
      <trkpt lat="37.81041" lon="-122.47734">
        <ele>4.9</ele>
      </trkpt>
      <trkpt lat="37.81015" lon="-122.47731">
        <ele>8.1</ele>
      </trkpt>
      <trkpt lat="37.80983" lon="-122.47727">
        <ele>19.3</ele>
      </trkpt>
      <trkpt lat="37.80974" lon="-122.47727">
        <ele>21.2</ele>
      </trkpt>
      <trkpt lat="37.80965" lon="-122.47725">
        <ele>22.2</ele>
      </trkpt>
      <trkpt lat="37.80954" lon="-122.47724">
        <ele>23.2</ele>
      </trkpt>
      <trkpt lat="37.80941" lon="-122.47721">
        <ele>25.6</ele>
      </trkpt>
      <trkpt lat="37.80929" lon="-122.47717">
        <ele>28.2</ele>
      </trkpt>
      <trkpt lat="37.80913" lon="-122.47711">
        <ele>31.0</ele>
      </trkpt>
      <trkpt lat="37.80905" lon="-122.47707">
        <ele>32.6</ele>
      </trkpt>
      <trkpt lat="37.8089" lon="-122.47699">
        <ele>35.9</ele>
      </trkpt>
      <trkpt lat="37.80889" lon="-122.47699">
        <ele>36.1</ele>
      </trkpt>
      <trkpt lat="37.80873" lon="-122.4769">
        <ele>40.1</ele>
      </trkpt>
      <trkpt lat="37.80862" lon="-122.47682">
        <ele>41.9</ele>
      </trkpt>
      <trkpt lat="37.80858" lon="-122.47679">
        <ele>42.6</ele>
      </trkpt>
      <trkpt lat="37.80851" lon="-122.47673">
        <ele>44.1</ele>
      </trkpt>
      <trkpt lat="37.80843" lon="-122.47667">
        <ele>45.7</ele>
      </trkpt>
      <trkpt lat="37.80841" lon="-122.47664">
        <ele>46.3</ele>
      </trkpt>
      <trkpt lat="37.8083" lon="-122.47654">
        <ele>49.4</ele>
      </trkpt>
      <trkpt lat="37.80829" lon="-122.47654">
        <ele>49.6</ele>
      </trkpt>
      <trkpt lat="37.80824" lon="-122.47649">
        <ele>51.1</ele>
      </trkpt>
      <trkpt lat="37.8082" lon="-122.47644">
        <ele>52.3</ele>
      </trkpt>
      <trkpt lat="37.808169" lon="-122.47641">
        <ele>53.2</ele>
      </trkpt>
      <trkpt lat="37.80815" lon="-122.47639">
        <ele>53.7</ele>
      </trkpt>
      <trkpt lat="37.80812" lon="-122.47635">
        <ele>54.6</ele>
      </trkpt>
      <trkpt lat="37.80809" lon="-122.47632">
        <ele>55.1</ele>
      </trkpt>
      <trkpt lat="37.80807" lon="-122.4763">
        <ele>55.5</ele>
      </trkpt>
      <trkpt lat="37.80796" lon="-122.47613">
        <ele>56.9</ele>
      </trkpt>
      <trkpt lat="37.80791" lon="-122.47605">
        <ele>57.2</ele>
      </trkpt>
      <trkpt lat="37.80788" lon="-122.47598">
        <ele>57.0</ele>
      </trkpt>
      <trkpt lat="37.80788" lon="-122.47595">
        <ele>56.9</ele>
      </trkpt>
      <trkpt lat="37.80783" lon="-122.47588">
        <ele>56.4</ele>
      </trkpt>
      <trkpt lat="37.80783" lon="-122.47588">
        <ele>56.4</ele>
      </trkpt>
      <trkpt lat="37.80778" lon="-122.47581">
        <ele>55.7</ele>
      </trkpt>
      <trkpt lat="37.80777" lon="-122.4758">
        <ele>55.6</ele>
      </trkpt>
      <trkpt lat="37.80772" lon="-122.47573">
        <ele>55.4</ele>
      </trkpt>
      <trkpt lat="37.80767" lon="-122.47563">
        <ele>55.3</ele>
      </trkpt>
      <trkpt lat="37.80765" lon="-122.47555">
        <ele>55.1</ele>
      </trkpt>
      <trkpt lat="37.80759" lon="-122.47544">
        <ele>54.9</ele>
      </trkpt>
      <trkpt lat="37.80758" lon="-122.47543">
        <ele>54.9</ele>
      </trkpt>
      <trkpt lat="37.80754" lon="-122.47541">
        <ele>55.0</ele>
      </trkpt>
      <trkpt lat="37.80753" lon="-122.4754">
        <ele>55.0</ele>
      </trkpt>
      <trkpt lat="37.80748" lon="-122.47533">
        <ele>54.9</ele>
      </trkpt>
      <trkpt lat="37.8074" lon="-122.47525">
        <ele>54.8</ele>
      </trkpt>
      <trkpt lat="37.8074" lon="-122.47525">
        <ele>54.8</ele>
      </trkpt>
      <trkpt lat="37.80742" lon="-122.47522">
        <ele>54.6</ele>
      </trkpt>
      <trkpt lat="37.80742" lon="-122.47521">
        <ele>54.5</ele>
      </trkpt>
      <trkpt lat="37.80741" lon="-122.47519">
        <ele>54.4</ele>
      </trkpt>
      <trkpt lat="37.80741" lon="-122.47519">
        <ele>54.4</ele>
      </trkpt>
      <trkpt lat="37.80746" lon="-122.47512">
        <ele>53.9</ele>
      </trkpt>
      <trkpt lat="37.80757" lon="-122.47495">
        <ele>51.8</ele>
      </trkpt>
      <trkpt lat="37.80762" lon="-122.47487">
        <ele>50.6</ele>
      </trkpt>
      <trkpt lat="37.80764" lon="-122.47484">
        <ele>50.1</ele>
      </trkpt>
      <trkpt lat="37.80766" lon="-122.47479">
        <ele>49.6</ele>
      </trkpt>
      <trkpt lat="37.80768" lon="-122.47475">
        <ele>49.2</ele>
      </trkpt>
      <trkpt lat="37.80768" lon="-122.4747">
        <ele>49.1</ele>
      </trkpt>
      <trkpt lat="37.80769" lon="-122.47466">
        <ele>48.9</ele>
      </trkpt>
      <trkpt lat="37.80769" lon="-122.47462">
        <ele>48.8</ele>
      </trkpt>
      <trkpt lat="37.80768" lon="-122.47455">
        <ele>48.7</ele>
      </trkpt>
      <trkpt lat="37.80768" lon="-122.47455">
        <ele>48.7</ele>
      </trkpt>
      <trkpt lat="37.80767" lon="-122.47451">
        <ele>48.7</ele>
      </trkpt>
      <trkpt lat="37.80766" lon="-122.47448">
        <ele>48.6</ele>
      </trkpt>
      <trkpt lat="37.80764" lon="-122.47444">
        <ele>48.6</ele>
      </trkpt>
      <trkpt lat="37.80759" lon="-122.47437">
        <ele>48.5</ele>
      </trkpt>
      <trkpt lat="37.80759" lon="-122.47437">
        <ele>48.5</ele>
      </trkpt>
      <trkpt lat="37.80758" lon="-122.4743">
        <ele>48.0</ele>
      </trkpt>
      <trkpt lat="37.80757" lon="-122.47429">
        <ele>48.0</ele>
      </trkpt>
      <trkpt lat="37.80757" lon="-122.47428">
        <ele>47.9</ele>
      </trkpt>
      <trkpt lat="37.80748" lon="-122.47416">
        <ele>47.7</ele>
      </trkpt>
      <trkpt lat="37.807429" lon="-122.4741">
        <ele>47.5</ele>
      </trkpt>
      <trkpt lat="37.80731" lon="-122.47396">
        <ele>47.4</ele>
      </trkpt>
      <trkpt lat="37.80726" lon="-122.4739">
        <ele>47.3</ele>
      </trkpt>
      <trkpt lat="37.80725" lon="-122.47389">
        <ele>47.3</ele>
      </trkpt>
      <trkpt lat="37.80719" lon="-122.47382">
        <ele>46.9</ele>
      </trkpt>
      <trkpt lat="37.80692" lon="-122.47352">
        <ele>45.1</ele>
      </trkpt>
      <trkpt lat="37.80679" lon="-122.47336">
        <ele>45.1</ele>
      </trkpt>
      <trkpt lat="37.80672" lon="-122.47334">
        <ele>45.3</ele>
      </trkpt>
      <trkpt lat="37.80672" lon="-122.47334">
        <ele>45.3</ele>
      </trkpt>
      <trkpt lat="37.80674" lon="-122.47321">
        <ele>44.6</ele>
      </trkpt>
      <trkpt lat="37.80681" lon="-122.47293">
        <ele>43.2</ele>
      </trkpt>
      <trkpt lat="37.80682" lon="-122.4729">
        <ele>43.0</ele>
      </trkpt>
      <trkpt lat="37.80685" lon="-122.47277">
        <ele>42.2</ele>
      </trkpt>
      <trkpt lat="37.80687" lon="-122.47268">
        <ele>41.6</ele>
      </trkpt>
      <trkpt lat="37.80687" lon="-122.47265">
        <ele>41.5</ele>
      </trkpt>
      <trkpt lat="37.80688" lon="-122.47257">
        <ele>41.2</ele>
      </trkpt>
      <trkpt lat="37.80688" lon="-122.47251">
        <ele>40.9</ele>
      </trkpt>
      <trkpt lat="37.80688" lon="-122.47241">
        <ele>40.4</ele>
      </trkpt>
      <trkpt lat="37.80687" lon="-122.47235">
        <ele>40.1</ele>
      </trkpt>
      <trkpt lat="37.80684" lon="-122.47228">
        <ele>40.1</ele>
      </trkpt>
      <trkpt lat="37.80682" lon="-122.47223">
        <ele>40.0</ele>
      </trkpt>
      <trkpt lat="37.80678" lon="-122.47216">
        <ele>40.1</ele>
      </trkpt>
      <trkpt lat="37.80663" lon="-122.47192">
        <ele>40.1</ele>
      </trkpt>
      <trkpt lat="37.80644" lon="-122.47161">
        <ele>37.7</ele>
      </trkpt>
      <trkpt lat="37.806399" lon="-122.47152">
        <ele>36.7</ele>
      </trkpt>
      <trkpt lat="37.80637" lon="-122.47148">
        <ele>36.4</ele>
      </trkpt>
      <trkpt lat="37.80633" lon="-122.4714">
        <ele>35.8</ele>
      </trkpt>
      <trkpt lat="37.8063" lon="-122.47132">
        <ele>35.3</ele>
      </trkpt>
      <trkpt lat="37.80629" lon="-122.47127">
        <ele>34.9</ele>
      </trkpt>
      <trkpt lat="37.80617" lon="-122.47088">
        <ele>32.0</ele>
      </trkpt>
      <trkpt lat="37.8061" lon="-122.47067">
        <ele>29.8</ele>
      </trkpt>
      <trkpt lat="37.80609" lon="-122.47061">
        <ele>29.1</ele>
      </trkpt>
      <trkpt lat="37.80606" lon="-122.47052">
        <ele>28.2</ele>
      </trkpt>
      <trkpt lat="37.806019" lon="-122.47043">
        <ele>27.6</ele>
      </trkpt>
      <trkpt lat="37.80598" lon="-122.47035">
        <ele>27.3</ele>
      </trkpt>
      <trkpt lat="37.805929" lon="-122.47026">
        <ele>27.3</ele>
      </trkpt>
      <trkpt lat="37.8059" lon="-122.4702">
        <ele>27.1</ele>
      </trkpt>
      <trkpt lat="37.80585" lon="-122.47015">
        <ele>27.1</ele>
      </trkpt>
      <trkpt lat="37.80581" lon="-122.47011">
        <ele>26.9</ele>
      </trkpt>
      <trkpt lat="37.805729" lon="-122.47006">
        <ele>26.9</ele>
      </trkpt>
      <trkpt lat="37.80567" lon="-122.47002">
        <ele>26.7</ele>
      </trkpt>
      <trkpt lat="37.80561" lon="-122.47">
        <ele>26.7</ele>
      </trkpt>
      <trkpt lat="37.8056" lon="-122.46999">
        <ele>26.7</ele>
      </trkpt>
      <trkpt lat="37.80553" lon="-122.46997">
        <ele>26.7</ele>
      </trkpt>
      <trkpt lat="37.80545" lon="-122.46996">
        <ele>26.9</ele>
      </trkpt>
      <trkpt lat="37.80537" lon="-122.46994">
        <ele>26.8</ele>
      </trkpt>
      <trkpt lat="37.8053" lon="-122.46994">
        <ele>27.0</ele>
      </trkpt>
      <trkpt lat="37.8052" lon="-122.46993">
        <ele>27.1</ele>
      </trkpt>
      <trkpt lat="37.80512" lon="-122.46994">
        <ele>27.4</ele>
      </trkpt>
      <trkpt lat="37.80505" lon="-122.46995">
        <ele>27.5</ele>
      </trkpt>
      <trkpt lat="37.80501" lon="-122.46997">
        <ele>27.9</ele>
      </trkpt>
      <trkpt lat="37.80492" lon="-122.47001">
        <ele>28.4</ele>
      </trkpt>
      <trkpt lat="37.80492" lon="-122.47001">
        <ele>28.4</ele>
      </trkpt>
      <trkpt lat="37.8049" lon="-122.46984">
        <ele>25.9</ele>
      </trkpt>
      <trkpt lat="37.8049" lon="-122.46984">
        <ele>25.9</ele>
      </trkpt>
      <trkpt lat="37.80487" lon="-122.46981">
        <ele>25.4</ele>
      </trkpt>
      <trkpt lat="37.80484" lon="-122.4698">
        <ele>25.2</ele>
      </trkpt>
      <trkpt lat="37.80481" lon="-122.46979">
        <ele>25.0</ele>
      </trkpt>
      <trkpt lat="37.80474" lon="-122.46977">
        <ele>24.9</ele>
      </trkpt>
      <trkpt lat="37.80472" lon="-122.46976">
        <ele>24.7</ele>
      </trkpt>
      <trkpt lat="37.80471" lon="-122.46976">
        <ele>24.7</ele>
      </trkpt>
      <trkpt lat="37.80469" lon="-122.46975">
        <ele>24.6</ele>
      </trkpt>
      <trkpt lat="37.80467" lon="-122.46974">
        <ele>24.5</ele>
      </trkpt>
      <trkpt lat="37.80462" lon="-122.4697">
        <ele>23.7</ele>
      </trkpt>
      <trkpt lat="37.80459" lon="-122.46967">
        <ele>22.9</ele>
      </trkpt>
      <trkpt lat="37.80455" lon="-122.46963">
        <ele>22.0</ele>
      </trkpt>
      <trkpt lat="37.8045" lon="-122.46955">
        <ele>20.1</ele>
      </trkpt>
      <trkpt lat="37.80441" lon="-122.46937">
        <ele>18.0</ele>
      </trkpt>
      <trkpt lat="37.80436" lon="-122.46927">
        <ele>16.9</ele>
      </trkpt>
      <trkpt lat="37.80433" lon="-122.46921">
        <ele>15.7</ele>
      </trkpt>
      <trkpt lat="37.80429" lon="-122.46916">
        <ele>15.2</ele>
      </trkpt>
      <trkpt lat="37.804229" lon="-122.46909">
        <ele>13.1</ele>
      </trkpt>
      <trkpt lat="37.80418" lon="-122.46905">
        <ele>12.3</ele>
      </trkpt>
      <trkpt lat="37.80416" lon="-122.46902">
        <ele>11.7</ele>
      </trkpt>
      <trkpt lat="37.80403" lon="-122.46891">
        <ele>10.7</ele>
      </trkpt>
      <trkpt lat="37.80393" lon="-122.46882">
        <ele>10.1</ele>
      </trkpt>
      <trkpt lat="37.80387" lon="-122.46877">
        <ele>9.7</ele>
      </trkpt>
      <trkpt lat="37.80384" lon="-122.46873">
        <ele>9.2</ele>
      </trkpt>
      <trkpt lat="37.80382" lon="-122.4687">
        <ele>8.8</ele>
      </trkpt>
      <trkpt lat="37.8038" lon="-122.46867">
        <ele>8.6</ele>
      </trkpt>
      <trkpt lat="37.80378" lon="-122.46863">
        <ele>8.3</ele>
      </trkpt>
      <trkpt lat="37.803759" lon="-122.46858">
        <ele>8.1</ele>
      </trkpt>
      <trkpt lat="37.80374" lon="-122.4685">
        <ele>7.9</ele>
      </trkpt>
      <trkpt lat="37.80368" lon="-122.46832">
        <ele>7.6</ele>
      </trkpt>
      <trkpt lat="37.80366" lon="-122.46827">
        <ele>7.6</ele>
      </trkpt>
      <trkpt lat="37.8036" lon="-122.46809">
        <ele>7.5</ele>
      </trkpt>
      <trkpt lat="37.803579" lon="-122.46803">
        <ele>7.4</ele>
      </trkpt>
      <trkpt lat="37.8035" lon="-122.46777">
        <ele>7.3</ele>
      </trkpt>
      <trkpt lat="37.8035" lon="-122.46777">
        <ele>7.3</ele>
      </trkpt>
      <trkpt lat="37.80355" lon="-122.46773">
        <ele>7.2</ele>
      </trkpt>
      <trkpt lat="37.80362" lon="-122.46766">
        <ele>6.9</ele>
      </trkpt>
      <trkpt lat="37.80372" lon="-122.46751">
        <ele>6.4</ele>
      </trkpt>
      <trkpt lat="37.803759" lon="-122.46744">
        <ele>6.2</ele>
      </trkpt>
      <trkpt lat="37.80374" lon="-122.46742">
        <ele>6.2</ele>
      </trkpt>
      <trkpt lat="37.80374" lon="-122.46742">
        <ele>6.2</ele>
      </trkpt>
      <trkpt lat="37.8037" lon="-122.46736">
        <ele>6.1</ele>
      </trkpt>
      <trkpt lat="37.80369" lon="-122.46735">
        <ele>6.2</ele>
      </trkpt>
      <trkpt lat="37.80368" lon="-122.46733">
        <ele>6.2</ele>
      </trkpt>
      <trkpt lat="37.80368" lon="-122.46731">
        <ele>6.1</ele>
      </trkpt>
      <trkpt lat="37.80368" lon="-122.46729">
        <ele>6.1</ele>
      </trkpt>
      <trkpt lat="37.80365" lon="-122.46709">
        <ele>6.0</ele>
      </trkpt>
      <trkpt lat="37.80354" lon="-122.46646">
        <ele>5.7</ele>
      </trkpt>
      <trkpt lat="37.80345" lon="-122.46588">
        <ele>5.7</ele>
      </trkpt>
      <trkpt lat="37.80341" lon="-122.46562">
        <ele>5.8</ele>
      </trkpt>
      <trkpt lat="37.80339" lon="-122.4655">
        <ele>5.9</ele>
      </trkpt>
      <trkpt lat="37.80336" lon="-122.46521">
        <ele>6.3</ele>
      </trkpt>
      <trkpt lat="37.80335" lon="-122.46513">
        <ele>6.3</ele>
      </trkpt>
      <trkpt lat="37.80327" lon="-122.46445">
        <ele>6.6</ele>
      </trkpt>
      <trkpt lat="37.80321" lon="-122.46381">
        <ele>6.8</ele>
      </trkpt>
      <trkpt lat="37.80314" lon="-122.46325">
        <ele>6.7</ele>
      </trkpt>
      <trkpt lat="37.803109" lon="-122.46296">
        <ele>6.8</ele>
      </trkpt>
      <trkpt lat="37.80304" lon="-122.46236">
        <ele>6.7</ele>
      </trkpt>
      <trkpt lat="37.80303" lon="-122.46224">
        <ele>6.8</ele>
      </trkpt>
      <trkpt lat="37.80294" lon="-122.46148">
        <ele>6.7</ele>
      </trkpt>
      <trkpt lat="37.80292" lon="-122.46124">
        <ele>6.5</ele>
      </trkpt>
      <trkpt lat="37.80291" lon="-122.46116">
        <ele>6.5</ele>
      </trkpt>
      <trkpt lat="37.80291" lon="-122.46114">
        <ele>6.5</ele>
      </trkpt>
      <trkpt lat="37.80291" lon="-122.4611">
        <ele>6.5</ele>
      </trkpt>
      <trkpt lat="37.80292" lon="-122.46105">
        <ele>6.5</ele>
      </trkpt>
      <trkpt lat="37.80292" lon="-122.46099">
        <ele>6.5</ele>
      </trkpt>
      <trkpt lat="37.80293" lon="-122.46094">
        <ele>6.4</ele>
      </trkpt>
      <trkpt lat="37.80295" lon="-122.46089">
        <ele>6.3</ele>
      </trkpt>
      <trkpt lat="37.80296" lon="-122.46084">
        <ele>6.2</ele>
      </trkpt>
      <trkpt lat="37.80298" lon="-122.46078">
        <ele>6.1</ele>
      </trkpt>
      <trkpt lat="37.803" lon="-122.46073">
        <ele>6.0</ele>
      </trkpt>
      <trkpt lat="37.803019" lon="-122.46069">
        <ele>6.0</ele>
      </trkpt>
      <trkpt lat="37.80304" lon="-122.46064">
        <ele>6.0</ele>
      </trkpt>
      <trkpt lat="37.80306" lon="-122.46061">
        <ele>5.9</ele>
      </trkpt>
      <trkpt lat="37.80308" lon="-122.46058">
        <ele>5.8</ele>
      </trkpt>
      <trkpt lat="37.8031" lon="-122.46055">
        <ele>5.7</ele>
      </trkpt>
      <trkpt lat="37.80322" lon="-122.46041">
        <ele>5.5</ele>
      </trkpt>
      <trkpt lat="37.80335" lon="-122.46025">
        <ele>5.0</ele>
      </trkpt>
      <trkpt lat="37.80344" lon="-122.46012">
        <ele>4.7</ele>
      </trkpt>
      <trkpt lat="37.803489" lon="-122.45999">
        <ele>4.6</ele>
      </trkpt>
      <trkpt lat="37.80354" lon="-122.45986">
        <ele>4.5</ele>
      </trkpt>
      <trkpt lat="37.80357" lon="-122.45971">
        <ele>4.5</ele>
      </trkpt>
      <trkpt lat="37.80361" lon="-122.45938">
        <ele>4.4</ele>
      </trkpt>
      <trkpt lat="37.80366" lon="-122.45893">
        <ele>4.4</ele>
      </trkpt>
      <trkpt lat="37.80368" lon="-122.45882">
        <ele>4.4</ele>
      </trkpt>
      <trkpt lat="37.80382" lon="-122.4577">
        <ele>4.3</ele>
      </trkpt>
      <trkpt lat="37.80395" lon="-122.45664">
        <ele>4.2</ele>
      </trkpt>
      <trkpt lat="37.80403" lon="-122.45595">
        <ele>4.2</ele>
      </trkpt>
      <trkpt lat="37.80417" lon="-122.45491">
        <ele>3.7</ele>
      </trkpt>
      <trkpt lat="37.8042" lon="-122.45471">
        <ele>3.8</ele>
      </trkpt>
      <trkpt lat="37.80421" lon="-122.45461">
        <ele>3.8</ele>
      </trkpt>
      <trkpt lat="37.80422" lon="-122.45452">
        <ele>3.8</ele>
      </trkpt>
      <trkpt lat="37.80426" lon="-122.45425">
        <ele>3.7</ele>
      </trkpt>
      <trkpt lat="37.80434" lon="-122.45363">
        <ele>3.1</ele>
      </trkpt>
      <trkpt lat="37.80441" lon="-122.45309">
        <ele>3.1</ele>
      </trkpt>
      <trkpt lat="37.80442" lon="-122.45303">
        <ele>3.1</ele>
      </trkpt>
      <trkpt lat="37.80443" lon="-122.45298">
        <ele>3.1</ele>
      </trkpt>
      <trkpt lat="37.80453" lon="-122.45207">
        <ele>2.7</ele>
      </trkpt>
      <trkpt lat="37.80457" lon="-122.45182">
        <ele>2.6</ele>
      </trkpt>
      <trkpt lat="37.80458" lon="-122.45171">
        <ele>2.5</ele>
      </trkpt>
      <trkpt lat="37.80468" lon="-122.45099">
        <ele>2.4</ele>
      </trkpt>
      <trkpt lat="37.80469" lon="-122.4509">
        <ele>2.4</ele>
      </trkpt>
      <trkpt lat="37.80478" lon="-122.45023">
        <ele>2.2</ele>
      </trkpt>
      <trkpt lat="37.804789" lon="-122.45014">
        <ele>2.1</ele>
      </trkpt>
      <trkpt lat="37.80487" lon="-122.44946">
        <ele>2.0</ele>
      </trkpt>
      <trkpt lat="37.805" lon="-122.44871">
        <ele>2.0</ele>
      </trkpt>
      <trkpt lat="37.805" lon="-122.44865">
        <ele>2.0</ele>
      </trkpt>
      <trkpt lat="37.80501" lon="-122.44862">
        <ele>2.0</ele>
      </trkpt>
      <trkpt lat="37.80504" lon="-122.44857">
        <ele>2.0</ele>
      </trkpt>
      <trkpt lat="37.80507" lon="-122.44841">
        <ele>2.0</ele>
      </trkpt>
      <trkpt lat="37.80509" lon="-122.44832">
        <ele>2.0</ele>
      </trkpt>
      <trkpt lat="37.80518" lon="-122.4479">
        <ele>2.0</ele>
      </trkpt>
      <trkpt lat="37.80518" lon="-122.44786">
        <ele>2.0</ele>
      </trkpt>
      <trkpt lat="37.80516" lon="-122.44771">
        <ele>1.8</ele>
      </trkpt>
      <trkpt lat="37.80511" lon="-122.44787">
        <ele>2.0</ele>
      </trkpt>
      <trkpt lat="37.80511" lon="-122.44787">
        <ele>2.0</ele>
      </trkpt>
      <trkpt lat="37.80511" lon="-122.44789">
        <ele>2.0</ele>
      </trkpt>
      <trkpt lat="37.80501" lon="-122.44833">
        <ele>2.0</ele>
      </trkpt>
      <trkpt lat="37.80509" lon="-122.44832">
        <ele>2.0</ele>
      </trkpt>
      <trkpt lat="37.80509" lon="-122.44832">
        <ele>2.0</ele>
      </trkpt>
      <trkpt lat="37.80515" lon="-122.44832">
        <ele>1.9</ele>
      </trkpt>
      <trkpt lat="37.80515" lon="-122.44832">
        <ele>1.9</ele>
      </trkpt>
      <trkpt lat="37.80516" lon="-122.44829">
        <ele>1.9</ele>
      </trkpt>
      <trkpt lat="37.80527" lon="-122.44738">
        <ele>1.4</ele>
      </trkpt>
      <trkpt lat="37.80527" lon="-122.44731">
        <ele>1.3</ele>
      </trkpt>
      <trkpt lat="37.80528" lon="-122.44725">
        <ele>1.2</ele>
      </trkpt>
      <trkpt lat="37.80534" lon="-122.44675">
        <ele>0.3</ele>
      </trkpt>
      <trkpt lat="37.80534" lon="-122.44675">
        <ele>0.3</ele>
      </trkpt>
      <trkpt lat="37.8054" lon="-122.44624">
        <ele>0.7</ele>
      </trkpt>
      <trkpt lat="37.80547" lon="-122.44568">
        <ele>0.9</ele>
      </trkpt>
      <trkpt lat="37.80568" lon="-122.44403">
        <ele>0.6</ele>
      </trkpt>
      <trkpt lat="37.80574" lon="-122.44358">
        <ele>0.9</ele>
      </trkpt>
      <trkpt lat="37.80577" lon="-122.44335">
        <ele>0.6</ele>
      </trkpt>
      <trkpt lat="37.80589" lon="-122.4424">
        <ele>1.1</ele>
      </trkpt>
      <trkpt lat="37.80591" lon="-122.44232">
        <ele>1.2</ele>
      </trkpt>
      <trkpt lat="37.80591" lon="-122.4423">
        <ele>1.2</ele>
      </trkpt>
      <trkpt lat="37.805929" lon="-122.4422">
        <ele>1.3</ele>
      </trkpt>
      <trkpt lat="37.80594" lon="-122.44212">
        <ele>1.4</ele>
      </trkpt>
      <trkpt lat="37.80595" lon="-122.44206">
        <ele>1.6</ele>
      </trkpt>
      <trkpt lat="37.80595" lon="-122.44197">
        <ele>1.7</ele>
      </trkpt>
      <trkpt lat="37.80605" lon="-122.44126">
        <ele>2.0</ele>
      </trkpt>
      <trkpt lat="37.80607" lon="-122.44113">
        <ele>1.9</ele>
      </trkpt>
      <trkpt lat="37.80618" lon="-122.4402">
        <ele>1.8</ele>
      </trkpt>
      <trkpt lat="37.80621" lon="-122.43991">
        <ele>1.7</ele>
      </trkpt>
      <trkpt lat="37.80635" lon="-122.4388">
        <ele>1.9</ele>
      </trkpt>
      <trkpt lat="37.8065" lon="-122.43768">
        <ele>2.0</ele>
      </trkpt>
      <trkpt lat="37.80651" lon="-122.43759">
        <ele>1.9</ele>
      </trkpt>
      <trkpt lat="37.80653" lon="-122.43744">
        <ele>1.9</ele>
      </trkpt>
      <trkpt lat="37.80654" lon="-122.43734">
        <ele>1.8</ele>
      </trkpt>
      <trkpt lat="37.80663" lon="-122.43665">
        <ele>1.7</ele>
      </trkpt>
      <trkpt lat="37.80663" lon="-122.4366">
        <ele>1.7</ele>
      </trkpt>
      <trkpt lat="37.80663" lon="-122.4366">
        <ele>1.7</ele>
      </trkpt>
      <trkpt lat="37.80663" lon="-122.43653">
        <ele>1.7</ele>
      </trkpt>
      <trkpt lat="37.80662" lon="-122.43646">
        <ele>1.7</ele>
      </trkpt>
      <trkpt lat="37.80662" lon="-122.43638">
        <ele>1.7</ele>
      </trkpt>
      <trkpt lat="37.8066" lon="-122.43629">
        <ele>1.7</ele>
      </trkpt>
      <trkpt lat="37.80659" lon="-122.43621">
        <ele>1.6</ele>
      </trkpt>
      <trkpt lat="37.80656" lon="-122.43613">
        <ele>1.7</ele>
      </trkpt>
      <trkpt lat="37.80654" lon="-122.43607">
        <ele>1.8</ele>
      </trkpt>
      <trkpt lat="37.80654" lon="-122.43607">
        <ele>1.8</ele>
      </trkpt>
      <trkpt lat="37.8066" lon="-122.43601">
        <ele>1.6</ele>
      </trkpt>
      <trkpt lat="37.80669" lon="-122.43591">
        <ele>1.3</ele>
      </trkpt>
      <trkpt lat="37.806669" lon="-122.43582">
        <ele>1.3</ele>
      </trkpt>
      <trkpt lat="37.806669" lon="-122.43582">
        <ele>1.3</ele>
      </trkpt>
      <trkpt lat="37.80665" lon="-122.43575">
        <ele>1.4</ele>
      </trkpt>
      <trkpt lat="37.80662" lon="-122.43574">
        <ele>1.4</ele>
      </trkpt>
      <trkpt lat="37.8066" lon="-122.43572">
        <ele>1.4</ele>
      </trkpt>
      <trkpt lat="37.80651" lon="-122.43561">
        <ele>1.5</ele>
      </trkpt>
      <trkpt lat="37.80651" lon="-122.4356">
        <ele>1.5</ele>
      </trkpt>
      <trkpt lat="37.80651" lon="-122.43559">
        <ele>1.5</ele>
      </trkpt>
      <trkpt lat="37.8065" lon="-122.43558">
        <ele>1.5</ele>
      </trkpt>
      <trkpt lat="37.80652" lon="-122.4355">
        <ele>1.5</ele>
      </trkpt>
      <trkpt lat="37.80666" lon="-122.43435">
        <ele>1.0</ele>
      </trkpt>
      <trkpt lat="37.80666" lon="-122.43435">
        <ele>1.0</ele>
      </trkpt>
      <trkpt lat="37.80659" lon="-122.43434">
        <ele>0.9</ele>
      </trkpt>
      <trkpt lat="37.80562" lon="-122.43416">
        <ele>3.4</ele>
      </trkpt>
      <trkpt lat="37.80561" lon="-122.43415">
        <ele>3.4</ele>
      </trkpt>
      <trkpt lat="37.8056" lon="-122.43415">
        <ele>3.4</ele>
      </trkpt>
      <trkpt lat="37.80559" lon="-122.43414">
        <ele>3.4</ele>
      </trkpt>
      <trkpt lat="37.80558" lon="-122.43413">
        <ele>3.4</ele>
      </trkpt>
      <trkpt lat="37.80557" lon="-122.43412">
        <ele>3.4</ele>
      </trkpt>
      <trkpt lat="37.80532" lon="-122.43372">
        <ele>2.7</ele>
      </trkpt>
      <trkpt lat="37.80532" lon="-122.43372">
        <ele>2.7</ele>
      </trkpt>
      <trkpt lat="37.80534" lon="-122.43358">
        <ele>2.7</ele>
      </trkpt>
      <trkpt lat="37.80534" lon="-122.43358">
        <ele>2.7</ele>
      </trkpt>
      <trkpt lat="37.8053" lon="-122.43342">
        <ele>3.9</ele>
      </trkpt>
      <trkpt lat="37.80541" lon="-122.43268">
        <ele>5.5</ele>
      </trkpt>
      <trkpt lat="37.80542" lon="-122.43265">
        <ele>5.4</ele>
      </trkpt>
      <trkpt lat="37.80545" lon="-122.43262">
        <ele>5.3</ele>
      </trkpt>
      <trkpt lat="37.8055" lon="-122.43257">
        <ele>4.9</ele>
      </trkpt>
      <trkpt lat="37.80552" lon="-122.43247">
        <ele>4.9</ele>
      </trkpt>
      <trkpt lat="37.80553" lon="-122.43214">
        <ele>3.6</ele>
      </trkpt>
      <trkpt lat="37.80554" lon="-122.43194">
        <ele>4.4</ele>
      </trkpt>
      <trkpt lat="37.80554" lon="-122.43194">
        <ele>4.4</ele>
      </trkpt>
      <trkpt lat="37.80557" lon="-122.43191">
        <ele>4.4</ele>
      </trkpt>
      <trkpt lat="37.80558" lon="-122.4319">
        <ele>4.4</ele>
      </trkpt>
      <trkpt lat="37.80559" lon="-122.4319">
        <ele>4.4</ele>
      </trkpt>
      <trkpt lat="37.8056" lon="-122.43189">
        <ele>4.4</ele>
      </trkpt>
      <trkpt lat="37.80563" lon="-122.43186">
        <ele>4.4</ele>
      </trkpt>
      <trkpt lat="37.805639" lon="-122.43186">
        <ele>4.3</ele>
      </trkpt>
      <trkpt lat="37.805639" lon="-122.43185">
        <ele>4.4</ele>
      </trkpt>
      <trkpt lat="37.80565" lon="-122.43185">
        <ele>4.3</ele>
      </trkpt>
      <trkpt lat="37.80567" lon="-122.43184">
        <ele>4.3</ele>
      </trkpt>
      <trkpt lat="37.80571" lon="-122.43183">
        <ele>4.1</ele>
      </trkpt>
      <trkpt lat="37.80571" lon="-122.43183">
        <ele>4.1</ele>
      </trkpt>
      <trkpt lat="37.80566" lon="-122.43171">
        <ele>5.3</ele>
      </trkpt>
      <trkpt lat="37.80566" lon="-122.43171">
        <ele>5.3</ele>
      </trkpt>
      <trkpt lat="37.80575" lon="-122.43161">
        <ele>5.8</ele>
      </trkpt>
      <trkpt lat="37.80583" lon="-122.43151">
        <ele>6.3</ele>
      </trkpt>
      <trkpt lat="37.80586" lon="-122.43146">
        <ele>6.6</ele>
      </trkpt>
      <trkpt lat="37.80588" lon="-122.43142">
        <ele>6.8</ele>
      </trkpt>
      <trkpt lat="37.80598" lon="-122.43123">
        <ele>7.3</ele>
      </trkpt>
      <trkpt lat="37.80608" lon="-122.43104">
        <ele>7.3</ele>
      </trkpt>
      <trkpt lat="37.80616" lon="-122.43087">
        <ele>7.3</ele>
      </trkpt>
      <trkpt lat="37.80626" lon="-122.43069">
        <ele>7.4</ele>
      </trkpt>
      <trkpt lat="37.80641" lon="-122.43039">
        <ele>7.6</ele>
      </trkpt>
      <trkpt lat="37.80641" lon="-122.43039">
        <ele>7.6</ele>
      </trkpt>
      <trkpt lat="37.80636" lon="-122.43034">
        <ele>8.0</ele>
      </trkpt>
      <trkpt lat="37.80636" lon="-122.43033">
        <ele>8.1</ele>
      </trkpt>
      <trkpt lat="37.80643" lon="-122.43021">
        <ele>8.5</ele>
      </trkpt>
      <trkpt lat="37.80644" lon="-122.4302">
        <ele>8.4</ele>
      </trkpt>
      <trkpt lat="37.80644" lon="-122.43019">
        <ele>8.5</ele>
      </trkpt>
      <trkpt lat="37.80643" lon="-122.43019">
        <ele>8.7</ele>
      </trkpt>
      <trkpt lat="37.80641" lon="-122.43016">
        <ele>10.1</ele>
      </trkpt>
      <trkpt lat="37.806399" lon="-122.43014">
        <ele>11.2</ele>
      </trkpt>
      <trkpt lat="37.8063" lon="-122.43">
        <ele>17.6</ele>
      </trkpt>
      <trkpt lat="37.80627" lon="-122.42994">
        <ele>18.0</ele>
      </trkpt>
      <trkpt lat="37.80627" lon="-122.42994">
        <ele>18.0</ele>
      </trkpt>
      <trkpt lat="37.80637" lon="-122.42983">
        <ele>19.3</ele>
      </trkpt>
      <trkpt lat="37.80652" lon="-122.42968">
        <ele>22.7</ele>
      </trkpt>
      <trkpt lat="37.80669" lon="-122.4297">
        <ele>25.2</ele>
      </trkpt>
      <trkpt lat="37.80674" lon="-122.4297">
        <ele>25.5</ele>
      </trkpt>
      <trkpt lat="37.80677" lon="-122.4297">
        <ele>25.6</ele>
      </trkpt>
      <trkpt lat="37.80678" lon="-122.4297">
        <ele>25.5</ele>
      </trkpt>
      <trkpt lat="37.8068" lon="-122.4297">
        <ele>25.4</ele>
      </trkpt>
      <trkpt lat="37.80681" lon="-122.4297">
        <ele>25.4</ele>
      </trkpt>
      <trkpt lat="37.80682" lon="-122.42969">
        <ele>25.5</ele>
      </trkpt>
      <trkpt lat="37.80683" lon="-122.42969">
        <ele>25.5</ele>
      </trkpt>
      <trkpt lat="37.80685" lon="-122.42968">
        <ele>25.6</ele>
      </trkpt>
      <trkpt lat="37.80688" lon="-122.42967">
        <ele>25.4</ele>
      </trkpt>
      <trkpt lat="37.8069" lon="-122.42965">
        <ele>25.7</ele>
      </trkpt>
      <trkpt lat="37.80697" lon="-122.42961">
        <ele>26.0</ele>
      </trkpt>
      <trkpt lat="37.80703" lon="-122.42957">
        <ele>26.4</ele>
      </trkpt>
      <trkpt lat="37.807139" lon="-122.4295">
        <ele>26.8</ele>
      </trkpt>
      <trkpt lat="37.80718" lon="-122.42946">
        <ele>26.9</ele>
      </trkpt>
      <trkpt lat="37.80721" lon="-122.42944">
        <ele>26.8</ele>
      </trkpt>
      <trkpt lat="37.80724" lon="-122.42942">
        <ele>26.7</ele>
      </trkpt>
      <trkpt lat="37.80728" lon="-122.42937">
        <ele>26.7</ele>
      </trkpt>
      <trkpt lat="37.80731" lon="-122.42933">
        <ele>26.5</ele>
      </trkpt>
      <trkpt lat="37.80736" lon="-122.42926">
        <ele>25.8</ele>
      </trkpt>
      <trkpt lat="37.80751" lon="-122.42908">
        <ele>21.6</ele>
      </trkpt>
      <trkpt lat="37.8076" lon="-122.42898">
        <ele>20.5</ele>
      </trkpt>
      <trkpt lat="37.80764" lon="-122.42892">
        <ele>19.7</ele>
      </trkpt>
      <trkpt lat="37.80794" lon="-122.42856">
        <ele>12.8</ele>
      </trkpt>
      <trkpt lat="37.80801" lon="-122.42846">
        <ele>12.0</ele>
      </trkpt>
      <trkpt lat="37.80803" lon="-122.42844">
        <ele>11.5</ele>
      </trkpt>
      <trkpt lat="37.80806" lon="-122.42839">
        <ele>10.2</ele>
      </trkpt>
      <trkpt lat="37.808079" lon="-122.42836">
        <ele>9.4</ele>
      </trkpt>
      <trkpt lat="37.80809" lon="-122.42834">
        <ele>9.0</ele>
      </trkpt>
      <trkpt lat="37.8081" lon="-122.42831">
        <ele>8.3</ele>
      </trkpt>
      <trkpt lat="37.80811" lon="-122.42828">
        <ele>7.6</ele>
      </trkpt>
      <trkpt lat="37.80812" lon="-122.42825">
        <ele>6.8</ele>
      </trkpt>
      <trkpt lat="37.80813" lon="-122.42821">
        <ele>6.2</ele>
      </trkpt>
      <trkpt lat="37.80813" lon="-122.42817">
        <ele>5.8</ele>
      </trkpt>
      <trkpt lat="37.80813" lon="-122.42814">
        <ele>5.5</ele>
      </trkpt>
      <trkpt lat="37.80812" lon="-122.42802">
        <ele>5.4</ele>
      </trkpt>
      <trkpt lat="37.80811" lon="-122.42779">
        <ele>4.6</ele>
      </trkpt>
      <trkpt lat="37.8081" lon="-122.42757">
        <ele>3.8</ele>
      </trkpt>
      <trkpt lat="37.80809" lon="-122.42734">
        <ele>2.9</ele>
      </trkpt>
      <trkpt lat="37.808079" lon="-122.42711">
        <ele>2.3</ele>
      </trkpt>
      <trkpt lat="37.80807" lon="-122.427">
        <ele>2.2</ele>
      </trkpt>
      <trkpt lat="37.808079" lon="-122.42688">
        <ele>1.8</ele>
      </trkpt>
      <trkpt lat="37.8081" lon="-122.42667">
        <ele>1.3</ele>
      </trkpt>
      <trkpt lat="37.8081" lon="-122.42662">
        <ele>1.3</ele>
      </trkpt>
      <trkpt lat="37.8081" lon="-122.42662">
        <ele>1.3</ele>
      </trkpt>
      <trkpt lat="37.80845" lon="-122.4267">
        <ele>0.0</ele>
      </trkpt>
      <trkpt lat="37.8087" lon="-122.42676">
        <ele>0.0</ele>
      </trkpt>
      <trkpt lat="37.80892" lon="-122.42677">
        <ele>0.0</ele>
      </trkpt>
      <trkpt lat="37.80899" lon="-122.42677">
        <ele>0.0</ele>
      </trkpt>
      <trkpt lat="37.80913" lon="-122.42677">
        <ele>0.0</ele>
      </trkpt>
      <trkpt lat="37.80931" lon="-122.42673">
        <ele>0.0</ele>
      </trkpt>
      <trkpt lat="37.8095" lon="-122.42668">
        <ele>0.0</ele>
      </trkpt>
      <trkpt lat="37.8097" lon="-122.42659">
        <ele>0.0</ele>
      </trkpt>
      <trkpt lat="37.80994" lon="-122.42645">
        <ele>0.0</ele>
      </trkpt>
      <trkpt lat="37.81012" lon="-122.42631">
        <ele>0.0</ele>
      </trkpt>
      <trkpt lat="37.81029" lon="-122.42614">
        <ele>0.0</ele>
      </trkpt>
      <trkpt lat="37.81044" lon="-122.42593">
        <ele>0.0</ele>
      </trkpt>
      <trkpt lat="37.81054" lon="-122.42576">
        <ele>0.0</ele>
      </trkpt>
      <trkpt lat="37.81065" lon="-122.42549">
        <ele>0.0</ele>
      </trkpt>
      <trkpt lat="37.81071" lon="-122.42527">
        <ele>0.0</ele>
      </trkpt>
      <trkpt lat="37.81074" lon="-122.42509">
        <ele>0.0</ele>
      </trkpt>
      <trkpt lat="37.81075" lon="-122.42487">
        <ele>0.0</ele>
      </trkpt>
      <trkpt lat="37.81072" lon="-122.42469">
        <ele>0.0</ele>
      </trkpt>
      <trkpt lat="37.81068" lon="-122.4246">
        <ele>0.0</ele>
      </trkpt>
      <trkpt lat="37.81064" lon="-122.42455">
        <ele>0.0</ele>
      </trkpt>
      <trkpt lat="37.81063" lon="-122.42455">
        <ele>0.0</ele>
      </trkpt>
      <trkpt lat="37.81064" lon="-122.42455">
        <ele>0.0</ele>
      </trkpt>
      <trkpt lat="37.81068" lon="-122.4246">
        <ele>0.0</ele>
      </trkpt>
      <trkpt lat="37.81072" lon="-122.42469">
        <ele>0.0</ele>
      </trkpt>
      <trkpt lat="37.81075" lon="-122.42487">
        <ele>0.0</ele>
      </trkpt>
      <trkpt lat="37.81074" lon="-122.42509">
        <ele>0.0</ele>
      </trkpt>
      <trkpt lat="37.81071" lon="-122.42527">
        <ele>0.0</ele>
      </trkpt>
      <trkpt lat="37.81065" lon="-122.42549">
        <ele>0.0</ele>
      </trkpt>
      <trkpt lat="37.81054" lon="-122.42576">
        <ele>0.0</ele>
      </trkpt>
      <trkpt lat="37.81044" lon="-122.42593">
        <ele>0.0</ele>
      </trkpt>
      <trkpt lat="37.81029" lon="-122.42614">
        <ele>0.0</ele>
      </trkpt>
      <trkpt lat="37.81012" lon="-122.42631">
        <ele>0.0</ele>
      </trkpt>
      <trkpt lat="37.80994" lon="-122.42645">
        <ele>0.0</ele>
      </trkpt>
      <trkpt lat="37.8097" lon="-122.42659">
        <ele>0.0</ele>
      </trkpt>
      <trkpt lat="37.8095" lon="-122.42668">
        <ele>0.0</ele>
      </trkpt>
      <trkpt lat="37.80931" lon="-122.42673">
        <ele>0.0</ele>
      </trkpt>
      <trkpt lat="37.80913" lon="-122.42677">
        <ele>0.0</ele>
      </trkpt>
      <trkpt lat="37.80899" lon="-122.42677">
        <ele>0.0</ele>
      </trkpt>
      <trkpt lat="37.80892" lon="-122.42677">
        <ele>0.0</ele>
      </trkpt>
      <trkpt lat="37.8087" lon="-122.42676">
        <ele>0.0</ele>
      </trkpt>
      <trkpt lat="37.80845" lon="-122.4267">
        <ele>0.0</ele>
      </trkpt>
      <trkpt lat="37.8081" lon="-122.42662">
        <ele>1.3</ele>
      </trkpt>
      <trkpt lat="37.8081" lon="-122.42667">
        <ele>1.3</ele>
      </trkpt>
      <trkpt lat="37.8081" lon="-122.42667">
        <ele>1.3</ele>
      </trkpt>
      <trkpt lat="37.808079" lon="-122.42688">
        <ele>1.8</ele>
      </trkpt>
      <trkpt lat="37.80807" lon="-122.427">
        <ele>2.2</ele>
      </trkpt>
      <trkpt lat="37.808079" lon="-122.42711">
        <ele>2.3</ele>
      </trkpt>
      <trkpt lat="37.80809" lon="-122.42734">
        <ele>2.9</ele>
      </trkpt>
      <trkpt lat="37.8081" lon="-122.42757">
        <ele>3.8</ele>
      </trkpt>
      <trkpt lat="37.80811" lon="-122.42779">
        <ele>4.6</ele>
      </trkpt>
      <trkpt lat="37.80812" lon="-122.42802">
        <ele>5.4</ele>
      </trkpt>
      <trkpt lat="37.80813" lon="-122.42814">
        <ele>5.5</ele>
      </trkpt>
      <trkpt lat="37.80813" lon="-122.42817">
        <ele>5.8</ele>
      </trkpt>
      <trkpt lat="37.80813" lon="-122.42821">
        <ele>6.2</ele>
      </trkpt>
      <trkpt lat="37.80812" lon="-122.42825">
        <ele>6.8</ele>
      </trkpt>
      <trkpt lat="37.80811" lon="-122.42828">
        <ele>7.6</ele>
      </trkpt>
      <trkpt lat="37.8081" lon="-122.42831">
        <ele>8.3</ele>
      </trkpt>
      <trkpt lat="37.80809" lon="-122.42834">
        <ele>9.0</ele>
      </trkpt>
      <trkpt lat="37.808079" lon="-122.42836">
        <ele>9.4</ele>
      </trkpt>
      <trkpt lat="37.80806" lon="-122.42839">
        <ele>10.2</ele>
      </trkpt>
      <trkpt lat="37.80803" lon="-122.42844">
        <ele>11.5</ele>
      </trkpt>
      <trkpt lat="37.80801" lon="-122.42846">
        <ele>12.0</ele>
      </trkpt>
      <trkpt lat="37.80794" lon="-122.42856">
        <ele>12.8</ele>
      </trkpt>
      <trkpt lat="37.80764" lon="-122.42892">
        <ele>19.7</ele>
      </trkpt>
      <trkpt lat="37.8076" lon="-122.42898">
        <ele>20.5</ele>
      </trkpt>
      <trkpt lat="37.80751" lon="-122.42908">
        <ele>21.6</ele>
      </trkpt>
      <trkpt lat="37.80736" lon="-122.42926">
        <ele>25.8</ele>
      </trkpt>
      <trkpt lat="37.80731" lon="-122.42933">
        <ele>26.5</ele>
      </trkpt>
      <trkpt lat="37.80728" lon="-122.42937">
        <ele>26.7</ele>
      </trkpt>
      <trkpt lat="37.80724" lon="-122.42942">
        <ele>26.7</ele>
      </trkpt>
      <trkpt lat="37.80721" lon="-122.42944">
        <ele>26.8</ele>
      </trkpt>
      <trkpt lat="37.80718" lon="-122.42946">
        <ele>26.9</ele>
      </trkpt>
      <trkpt lat="37.807139" lon="-122.4295">
        <ele>26.8</ele>
      </trkpt>
      <trkpt lat="37.80703" lon="-122.42957">
        <ele>26.4</ele>
      </trkpt>
      <trkpt lat="37.80697" lon="-122.42961">
        <ele>26.0</ele>
      </trkpt>
      <trkpt lat="37.8069" lon="-122.42965">
        <ele>25.7</ele>
      </trkpt>
      <trkpt lat="37.80688" lon="-122.42967">
        <ele>25.4</ele>
      </trkpt>
      <trkpt lat="37.80685" lon="-122.42968">
        <ele>25.6</ele>
      </trkpt>
      <trkpt lat="37.80683" lon="-122.42969">
        <ele>25.5</ele>
      </trkpt>
      <trkpt lat="37.80682" lon="-122.42969">
        <ele>25.5</ele>
      </trkpt>
      <trkpt lat="37.80681" lon="-122.4297">
        <ele>25.4</ele>
      </trkpt>
      <trkpt lat="37.8068" lon="-122.4297">
        <ele>25.4</ele>
      </trkpt>
      <trkpt lat="37.80678" lon="-122.4297">
        <ele>25.5</ele>
      </trkpt>
      <trkpt lat="37.80677" lon="-122.4297">
        <ele>25.6</ele>
      </trkpt>
      <trkpt lat="37.80674" lon="-122.4297">
        <ele>25.5</ele>
      </trkpt>
      <trkpt lat="37.80669" lon="-122.4297">
        <ele>25.2</ele>
      </trkpt>
      <trkpt lat="37.80652" lon="-122.42968">
        <ele>22.7</ele>
      </trkpt>
      <trkpt lat="37.80637" lon="-122.42983">
        <ele>19.3</ele>
      </trkpt>
      <trkpt lat="37.80627" lon="-122.42994">
        <ele>18.0</ele>
      </trkpt>
      <trkpt lat="37.80619" lon="-122.42999">
        <ele>17.7</ele>
      </trkpt>
      <trkpt lat="37.80616" lon="-122.43001">
        <ele>17.6</ele>
      </trkpt>
      <trkpt lat="37.80613" lon="-122.43001">
        <ele>17.6</ele>
      </trkpt>
      <trkpt lat="37.8061" lon="-122.43002">
        <ele>17.6</ele>
      </trkpt>
      <trkpt lat="37.8061" lon="-122.43003">
        <ele>17.6</ele>
      </trkpt>
      <trkpt lat="37.80608" lon="-122.43003">
        <ele>17.6</ele>
      </trkpt>
      <trkpt lat="37.80605" lon="-122.43004">
        <ele>17.6</ele>
      </trkpt>
      <trkpt lat="37.806019" lon="-122.43004">
        <ele>17.7</ele>
      </trkpt>
      <trkpt lat="37.80597" lon="-122.43005">
        <ele>17.8</ele>
      </trkpt>
      <trkpt lat="37.80591" lon="-122.43005">
        <ele>18.0</ele>
      </trkpt>
      <trkpt lat="37.80584" lon="-122.43005">
        <ele>18.0</ele>
      </trkpt>
      <trkpt lat="37.8057" lon="-122.43004">
        <ele>18.3</ele>
      </trkpt>
      <trkpt lat="37.80567" lon="-122.43005">
        <ele>18.3</ele>
      </trkpt>
      <trkpt lat="37.80565" lon="-122.43005">
        <ele>18.4</ele>
      </trkpt>
      <trkpt lat="37.80563" lon="-122.43007">
        <ele>18.3</ele>
      </trkpt>
      <trkpt lat="37.80556" lon="-122.43012">
        <ele>18.1</ele>
      </trkpt>
      <trkpt lat="37.80553" lon="-122.43015">
        <ele>18.1</ele>
      </trkpt>
      <trkpt lat="37.80551" lon="-122.43018">
        <ele>18.0</ele>
      </trkpt>
      <trkpt lat="37.8055" lon="-122.4302">
        <ele>18.0</ele>
      </trkpt>
      <trkpt lat="37.80548" lon="-122.43025">
        <ele>18.0</ele>
      </trkpt>
      <trkpt lat="37.805459" lon="-122.4303">
        <ele>17.9</ele>
      </trkpt>
      <trkpt lat="37.80545" lon="-122.43036">
        <ele>17.8</ele>
      </trkpt>
      <trkpt lat="37.80544" lon="-122.43039">
        <ele>17.7</ele>
      </trkpt>
      <trkpt lat="37.80541" lon="-122.43049">
        <ele>17.4</ele>
      </trkpt>
      <trkpt lat="37.80539" lon="-122.43059">
        <ele>17.1</ele>
      </trkpt>
      <trkpt lat="37.80538" lon="-122.43061">
        <ele>17.1</ele>
      </trkpt>
      <trkpt lat="37.80535" lon="-122.43071">
        <ele>16.8</ele>
      </trkpt>
      <trkpt lat="37.80532" lon="-122.43079">
        <ele>16.6</ele>
      </trkpt>
      <trkpt lat="37.80529" lon="-122.43085">
        <ele>16.5</ele>
      </trkpt>
      <trkpt lat="37.805259" lon="-122.43091">
        <ele>16.1</ele>
      </trkpt>
      <trkpt lat="37.80522" lon="-122.43098">
        <ele>15.2</ele>
      </trkpt>
      <trkpt lat="37.80519" lon="-122.43103">
        <ele>14.3</ele>
      </trkpt>
      <trkpt lat="37.805169" lon="-122.43105">
        <ele>13.8</ele>
      </trkpt>
      <trkpt lat="37.80514" lon="-122.43108">
        <ele>13.2</ele>
      </trkpt>
      <trkpt lat="37.80506" lon="-122.4311">
        <ele>12.8</ele>
      </trkpt>
      <trkpt lat="37.80506" lon="-122.4311">
        <ele>12.8</ele>
      </trkpt>
      <trkpt lat="37.80494" lon="-122.43112">
        <ele>12.6</ele>
      </trkpt>
      <trkpt lat="37.80491" lon="-122.43117">
        <ele>12.0</ele>
      </trkpt>
      <trkpt lat="37.80487" lon="-122.43122">
        <ele>11.6</ele>
      </trkpt>
      <trkpt lat="37.80484" lon="-122.43126">
        <ele>11.3</ele>
      </trkpt>
      <trkpt lat="37.8048" lon="-122.4313">
        <ele>11.0</ele>
      </trkpt>
      <trkpt lat="37.80474" lon="-122.43136">
        <ele>10.4</ele>
      </trkpt>
      <trkpt lat="37.80467" lon="-122.4314">
        <ele>10.1</ele>
      </trkpt>
      <trkpt lat="37.80467" lon="-122.43141">
        <ele>10.1</ele>
      </trkpt>
      <trkpt lat="37.80457" lon="-122.43146">
        <ele>9.8</ele>
      </trkpt>
      <trkpt lat="37.80453" lon="-122.43148">
        <ele>9.8</ele>
      </trkpt>
      <trkpt lat="37.8045" lon="-122.43149">
        <ele>9.7</ele>
      </trkpt>
      <trkpt lat="37.80448" lon="-122.4315">
        <ele>9.7</ele>
      </trkpt>
      <trkpt lat="37.80445" lon="-122.43151">
        <ele>9.7</ele>
      </trkpt>
      <trkpt lat="37.80443" lon="-122.43151">
        <ele>9.7</ele>
      </trkpt>
      <trkpt lat="37.8044" lon="-122.43151">
        <ele>9.8</ele>
      </trkpt>
      <trkpt lat="37.80438" lon="-122.43151">
        <ele>9.9</ele>
      </trkpt>
      <trkpt lat="37.80434" lon="-122.4315">
        <ele>10.1</ele>
      </trkpt>
      <trkpt lat="37.80427" lon="-122.43149">
        <ele>10.4</ele>
      </trkpt>
      <trkpt lat="37.80418" lon="-122.43147">
        <ele>11.1</ele>
      </trkpt>
      <trkpt lat="37.80415" lon="-122.43147">
        <ele>11.3</ele>
      </trkpt>
      <trkpt lat="37.8041" lon="-122.43147">
        <ele>11.4</ele>
      </trkpt>
      <trkpt lat="37.80406" lon="-122.43147">
        <ele>11.5</ele>
      </trkpt>
      <trkpt lat="37.80402" lon="-122.43149">
        <ele>11.6</ele>
      </trkpt>
      <trkpt lat="37.80399" lon="-122.43151">
        <ele>11.6</ele>
      </trkpt>
      <trkpt lat="37.80398" lon="-122.43152">
        <ele>11.6</ele>
      </trkpt>
      <trkpt lat="37.803959" lon="-122.43154">
        <ele>11.5</ele>
      </trkpt>
      <trkpt lat="37.80393" lon="-122.43157">
        <ele>11.4</ele>
      </trkpt>
      <trkpt lat="37.80391" lon="-122.4316">
        <ele>11.3</ele>
      </trkpt>
      <trkpt lat="37.8039" lon="-122.43164">
        <ele>11.1</ele>
      </trkpt>
      <trkpt lat="37.8039" lon="-122.43164">
        <ele>11.1</ele>
      </trkpt>
      <trkpt lat="37.80387" lon="-122.43176">
        <ele>10.5</ele>
      </trkpt>
      <trkpt lat="37.80387" lon="-122.43176">
        <ele>10.5</ele>
      </trkpt>
      <trkpt lat="37.80364" lon="-122.43172">
        <ele>10.8</ele>
      </trkpt>
      <trkpt lat="37.80364" lon="-122.43172">
        <ele>10.8</ele>
      </trkpt>
      <trkpt lat="37.80361" lon="-122.43169">
        <ele>10.9</ele>
      </trkpt>
      <trkpt lat="37.803579" lon="-122.43167">
        <ele>11.0</ele>
      </trkpt>
      <trkpt lat="37.80354" lon="-122.43165">
        <ele>11.1</ele>
      </trkpt>
      <trkpt lat="37.80348" lon="-122.43163">
        <ele>11.1</ele>
      </trkpt>
      <trkpt lat="37.80345" lon="-122.43161">
        <ele>11.2</ele>
      </trkpt>
      <trkpt lat="37.80344" lon="-122.43158">
        <ele>11.2</ele>
      </trkpt>
      <trkpt lat="37.80344" lon="-122.43156">
        <ele>11.4</ele>
      </trkpt>
      <trkpt lat="37.80343" lon="-122.43155">
        <ele>11.5</ele>
      </trkpt>
      <trkpt lat="37.80339" lon="-122.43138">
        <ele>12.4</ele>
      </trkpt>
      <trkpt lat="37.80336" lon="-122.43154">
        <ele>11.5</ele>
      </trkpt>
      <trkpt lat="37.80336" lon="-122.43154">
        <ele>11.5</ele>
      </trkpt>
      <trkpt lat="37.80333" lon="-122.43168">
        <ele>10.9</ele>
      </trkpt>
      <trkpt lat="37.80331" lon="-122.43177">
        <ele>10.8</ele>
      </trkpt>
      <trkpt lat="37.803289" lon="-122.43192">
        <ele>10.5</ele>
      </trkpt>
      <trkpt lat="37.80327" lon="-122.43216">
        <ele>10.0</ele>
      </trkpt>
      <trkpt lat="37.80312" lon="-122.43326">
        <ele>8.2</ele>
      </trkpt>
      <trkpt lat="37.803109" lon="-122.43331">
        <ele>8.2</ele>
      </trkpt>
      <trkpt lat="37.8031" lon="-122.4334">
        <ele>8.2</ele>
      </trkpt>
      <trkpt lat="37.80305" lon="-122.43376">
        <ele>8.1</ele>
      </trkpt>
      <trkpt lat="37.80295" lon="-122.43456">
        <ele>7.8</ele>
      </trkpt>
      <trkpt lat="37.80292" lon="-122.43483">
        <ele>7.7</ele>
      </trkpt>
      <trkpt lat="37.8029" lon="-122.43495">
        <ele>7.7</ele>
      </trkpt>
      <trkpt lat="37.80289" lon="-122.43504">
        <ele>7.7</ele>
      </trkpt>
      <trkpt lat="37.80284" lon="-122.43532">
        <ele>7.8</ele>
      </trkpt>
      <trkpt lat="37.8028" lon="-122.4354">
        <ele>7.8</ele>
      </trkpt>
      <trkpt lat="37.80274" lon="-122.43589">
        <ele>8.1</ele>
      </trkpt>
      <trkpt lat="37.80271" lon="-122.43612">
        <ele>8.0</ele>
      </trkpt>
      <trkpt lat="37.80274" lon="-122.43622">
        <ele>7.9</ele>
      </trkpt>
      <trkpt lat="37.80271" lon="-122.43641">
        <ele>8.0</ele>
      </trkpt>
      <trkpt lat="37.802639" lon="-122.4364">
        <ele>8.2</ele>
      </trkpt>
      <trkpt lat="37.802639" lon="-122.4364">
        <ele>8.2</ele>
      </trkpt>
      <trkpt lat="37.80245" lon="-122.43657">
        <ele>8.2</ele>
      </trkpt>
      <trkpt lat="37.80202" lon="-122.43648">
        <ele>8.4</ele>
      </trkpt>
      <trkpt lat="37.80181" lon="-122.43643">
        <ele>8.4</ele>
      </trkpt>
      <trkpt lat="37.80169" lon="-122.4364">
        <ele>8.4</ele>
      </trkpt>
      <trkpt lat="37.80115" lon="-122.4363">
        <ele>9.2</ele>
      </trkpt>
      <trkpt lat="37.80104" lon="-122.43625">
        <ele>9.4</ele>
      </trkpt>
      <trkpt lat="37.80095" lon="-122.43623">
        <ele>9.6</ele>
      </trkpt>
      <trkpt lat="37.80088" lon="-122.43621">
        <ele>9.7</ele>
      </trkpt>
      <trkpt lat="37.80081" lon="-122.4362">
        <ele>9.8</ele>
      </trkpt>
      <trkpt lat="37.800759" lon="-122.43622">
        <ele>9.9</ele>
      </trkpt>
      <trkpt lat="37.8007" lon="-122.4362">
        <ele>10.0</ele>
      </trkpt>
      <trkpt lat="37.80023" lon="-122.43611">
        <ele>10.7</ele>
      </trkpt>
      <trkpt lat="37.79994" lon="-122.43605">
        <ele>11.1</ele>
      </trkpt>
      <trkpt lat="37.79986" lon="-122.43603">
        <ele>11.2</ele>
      </trkpt>
      <trkpt lat="37.79977" lon="-122.43601">
        <ele>11.2</ele>
      </trkpt>
      <trkpt lat="37.79976" lon="-122.4361">
        <ele>11.2</ele>
      </trkpt>
      <trkpt lat="37.79976" lon="-122.4361">
        <ele>11.2</ele>
      </trkpt>
      <trkpt lat="37.79965" lon="-122.43692">
        <ele>10.9</ele>
      </trkpt>
    </trkseg>
  </trk>
</gpx>
