<?xml version="1.0" encoding="UTF-8"?>
<gpx xmlns:gpxdata="http://www.cluetrust.com/XML/GPXDATA/1/0" xmlns:xsi="http://www.w3.org/2001/XMLSchema-instance" xmlns="http://www.topografix.com/GPX/1/1" version="1.1" creator="http://ridewithgps.com/" xsi:schemaLocation="http://www.topografix.com/GPX/1/1 http://www.topografix.com/GPX/1/1/gpx.xsd http://www.cluetrust.com/XML/GPXDATA/1/0 http://www.cluetrust.com/Schemas/gpxdata10.xsd">
  <metadata>
    <name>寒風山 男鹿半島 秋田</name>
    <link href="https://ridewithgps.com/routes/50623365">
      <text>寒風山 男鹿半島 秋田</text>
    </link>
    <time>2025-05-05T14:47:03Z</time>
  </metadata>
  <wpt lat="39.6112409741956" lon="140.21599952652772">
    <name>四ツ小屋駅奥羽本線</name>
    <cmt>generic</cmt>
    <sym>Dot</sym>
    <type>generic</type>
  </wpt>
  <trk>
    <name>寒風山 男鹿半島 秋田</name>
    <trkseg>
      <trkpt lat="39.61122" lon="140.21599">
        <ele>98.9</ele>
      </trkpt>
      <trkpt lat="39.61128" lon="140.21557">
        <ele>99.9</ele>
      </trkpt>
      <trkpt lat="39.61129" lon="140.21551">
        <ele>100.1</ele>
      </trkpt>
      <trkpt lat="39.61138" lon="140.21496">
        <ele>102.3</ele>
      </trkpt>
      <trkpt lat="39.61139" lon="140.2149">
        <ele>102.3</ele>
      </trkpt>
      <trkpt lat="39.61139" lon="140.2149">
        <ele>102.3</ele>
      </trkpt>
      <trkpt lat="39.61148" lon="140.21444">
        <ele>103.1</ele>
      </trkpt>
      <trkpt lat="39.61151" lon="140.21429">
        <ele>103.6</ele>
      </trkpt>
      <trkpt lat="39.61154" lon="140.21413">
        <ele>103.8</ele>
      </trkpt>
      <trkpt lat="39.61157" lon="140.21399">
        <ele>103.1</ele>
      </trkpt>
      <trkpt lat="39.61166" lon="140.21356">
        <ele>101.6</ele>
      </trkpt>
      <trkpt lat="39.61167" lon="140.21352">
        <ele>101.4</ele>
      </trkpt>
      <trkpt lat="39.61171" lon="140.21334">
        <ele>100.8</ele>
      </trkpt>
      <trkpt lat="39.61173" lon="140.21322">
        <ele>100.1</ele>
      </trkpt>
      <trkpt lat="39.61174" lon="140.21318">
        <ele>99.8</ele>
      </trkpt>
      <trkpt lat="39.61177" lon="140.21302">
        <ele>98.8</ele>
      </trkpt>
      <trkpt lat="39.61181" lon="140.21282">
        <ele>97.7</ele>
      </trkpt>
      <trkpt lat="39.61184" lon="140.21263">
        <ele>96.7</ele>
      </trkpt>
      <trkpt lat="39.61187" lon="140.21243">
        <ele>95.8</ele>
      </trkpt>
      <trkpt lat="39.61189" lon="140.21221">
        <ele>95.2</ele>
      </trkpt>
      <trkpt lat="39.6119" lon="140.21205">
        <ele>94.8</ele>
      </trkpt>
      <trkpt lat="39.6119" lon="140.2119">
        <ele>94.4</ele>
      </trkpt>
      <trkpt lat="39.6119" lon="140.21181">
        <ele>94.1</ele>
      </trkpt>
      <trkpt lat="39.6119" lon="140.21175">
        <ele>93.9</ele>
      </trkpt>
      <trkpt lat="39.6119" lon="140.21168">
        <ele>93.8</ele>
      </trkpt>
      <trkpt lat="39.6119" lon="140.2116">
        <ele>93.8</ele>
      </trkpt>
      <trkpt lat="39.61189" lon="140.21152">
        <ele>93.9</ele>
      </trkpt>
      <trkpt lat="39.61189" lon="140.21143">
        <ele>94.1</ele>
      </trkpt>
      <trkpt lat="39.61188" lon="140.21136">
        <ele>94.2</ele>
      </trkpt>
      <trkpt lat="39.61187" lon="140.21129">
        <ele>94.3</ele>
      </trkpt>
      <trkpt lat="39.61186" lon="140.21116">
        <ele>94.6</ele>
      </trkpt>
      <trkpt lat="39.61185" lon="140.21109">
        <ele>94.7</ele>
      </trkpt>
      <trkpt lat="39.61184" lon="140.21104">
        <ele>94.8</ele>
      </trkpt>
      <trkpt lat="39.61183" lon="140.21098">
        <ele>95.0</ele>
      </trkpt>
      <trkpt lat="39.61178" lon="140.21068">
        <ele>94.3</ele>
      </trkpt>
      <trkpt lat="39.61169" lon="140.21019">
        <ele>90.6</ele>
      </trkpt>
      <trkpt lat="39.61165" lon="140.20999">
        <ele>89.1</ele>
      </trkpt>
      <trkpt lat="39.61161" lon="140.20976">
        <ele>88.6</ele>
      </trkpt>
      <trkpt lat="39.61161" lon="140.20972">
        <ele>88.5</ele>
      </trkpt>
      <trkpt lat="39.61158" lon="140.2096">
        <ele>88.4</ele>
      </trkpt>
      <trkpt lat="39.61157" lon="140.20953">
        <ele>88.3</ele>
      </trkpt>
      <trkpt lat="39.61156" lon="140.20948">
        <ele>88.3</ele>
      </trkpt>
      <trkpt lat="39.61153" lon="140.20931">
        <ele>88.3</ele>
      </trkpt>
      <trkpt lat="39.61148" lon="140.20905">
        <ele>89.2</ele>
      </trkpt>
      <trkpt lat="39.61146" lon="140.20889">
        <ele>90.1</ele>
      </trkpt>
      <trkpt lat="39.61145" lon="140.20885">
        <ele>90.4</ele>
      </trkpt>
      <trkpt lat="39.61143" lon="140.20875">
        <ele>90.9</ele>
      </trkpt>
      <trkpt lat="39.61138" lon="140.20851">
        <ele>91.8</ele>
      </trkpt>
      <trkpt lat="39.61135" lon="140.20834">
        <ele>92.2</ele>
      </trkpt>
      <trkpt lat="39.61133" lon="140.20824">
        <ele>92.1</ele>
      </trkpt>
      <trkpt lat="39.61131" lon="140.20816">
        <ele>92.0</ele>
      </trkpt>
      <trkpt lat="39.61129" lon="140.20807">
        <ele>91.8</ele>
      </trkpt>
      <trkpt lat="39.61126" lon="140.20796">
        <ele>91.4</ele>
      </trkpt>
      <trkpt lat="39.61123" lon="140.20789">
        <ele>91.0</ele>
      </trkpt>
      <trkpt lat="39.61122" lon="140.20783">
        <ele>90.8</ele>
      </trkpt>
      <trkpt lat="39.61118" lon="140.20774">
        <ele>90.2</ele>
      </trkpt>
      <trkpt lat="39.61114" lon="140.20763">
        <ele>89.5</ele>
      </trkpt>
      <trkpt lat="39.61112" lon="140.20758">
        <ele>89.1</ele>
      </trkpt>
      <trkpt lat="39.61109" lon="140.2075">
        <ele>88.4</ele>
      </trkpt>
      <trkpt lat="39.61106" lon="140.20743">
        <ele>87.4</ele>
      </trkpt>
      <trkpt lat="39.61103" lon="140.20738">
        <ele>86.5</ele>
      </trkpt>
      <trkpt lat="39.61101" lon="140.20733">
        <ele>85.8</ele>
      </trkpt>
      <trkpt lat="39.61093" lon="140.20718">
        <ele>83.1</ele>
      </trkpt>
      <trkpt lat="39.61083" lon="140.20699">
        <ele>79.5</ele>
      </trkpt>
      <trkpt lat="39.61068" lon="140.20669">
        <ele>81.6</ele>
      </trkpt>
      <trkpt lat="39.61062" lon="140.20659">
        <ele>82.4</ele>
      </trkpt>
      <trkpt lat="39.61035" lon="140.20605">
        <ele>86.3</ele>
      </trkpt>
      <trkpt lat="39.61031" lon="140.20598">
        <ele>86.9</ele>
      </trkpt>
      <trkpt lat="39.61021" lon="140.20576">
        <ele>88.4</ele>
      </trkpt>
      <trkpt lat="39.61009" lon="140.20554">
        <ele>90.1</ele>
      </trkpt>
      <trkpt lat="39.61008" lon="140.20551">
        <ele>90.3</ele>
      </trkpt>
      <trkpt lat="39.60989" lon="140.20515">
        <ele>93.0</ele>
      </trkpt>
      <trkpt lat="39.60967" lon="140.20472">
        <ele>96.5</ele>
      </trkpt>
      <trkpt lat="39.60959" lon="140.20455">
        <ele>96.6</ele>
      </trkpt>
      <trkpt lat="39.60951" lon="140.20436">
        <ele>96.3</ele>
      </trkpt>
      <trkpt lat="39.6095" lon="140.20434">
        <ele>96.3</ele>
      </trkpt>
      <trkpt lat="39.60946" lon="140.20422">
        <ele>95.9</ele>
      </trkpt>
      <trkpt lat="39.60942" lon="140.2041">
        <ele>95.6</ele>
      </trkpt>
      <trkpt lat="39.60939" lon="140.20399">
        <ele>95.3</ele>
      </trkpt>
      <trkpt lat="39.60936" lon="140.20387">
        <ele>94.8</ele>
      </trkpt>
      <trkpt lat="39.60932" lon="140.20371">
        <ele>94.0</ele>
      </trkpt>
      <trkpt lat="39.60931" lon="140.20366">
        <ele>93.7</ele>
      </trkpt>
      <trkpt lat="39.60917" lon="140.20299">
        <ele>91.6</ele>
      </trkpt>
      <trkpt lat="39.60916" lon="140.20289">
        <ele>91.4</ele>
      </trkpt>
      <trkpt lat="39.60911" lon="140.20264">
        <ele>90.5</ele>
      </trkpt>
      <trkpt lat="39.60906" lon="140.2023">
        <ele>90.9</ele>
      </trkpt>
      <trkpt lat="39.60906" lon="140.2022">
        <ele>91.5</ele>
      </trkpt>
      <trkpt lat="39.60906" lon="140.20214">
        <ele>91.8</ele>
      </trkpt>
      <trkpt lat="39.60906" lon="140.20214">
        <ele>91.8</ele>
      </trkpt>
      <trkpt lat="39.609" lon="140.20205">
        <ele>91.9</ele>
      </trkpt>
      <trkpt lat="39.60903" lon="140.20205">
        <ele>92.1</ele>
      </trkpt>
      <trkpt lat="39.60907" lon="140.20206">
        <ele>92.4</ele>
      </trkpt>
      <trkpt lat="39.60913" lon="140.20206">
        <ele>92.8</ele>
      </trkpt>
      <trkpt lat="39.60917" lon="140.20206">
        <ele>93.1</ele>
      </trkpt>
      <trkpt lat="39.60924" lon="140.20204">
        <ele>93.0</ele>
      </trkpt>
      <trkpt lat="39.60925" lon="140.20204">
        <ele>92.9</ele>
      </trkpt>
      <trkpt lat="39.60929" lon="140.20202">
        <ele>92.9</ele>
      </trkpt>
      <trkpt lat="39.60938" lon="140.20199">
        <ele>92.7</ele>
      </trkpt>
      <trkpt lat="39.60945" lon="140.20196">
        <ele>92.6</ele>
      </trkpt>
      <trkpt lat="39.6095" lon="140.20193">
        <ele>92.5</ele>
      </trkpt>
      <trkpt lat="39.6095" lon="140.20192">
        <ele>92.5</ele>
      </trkpt>
      <trkpt lat="39.60955" lon="140.20188">
        <ele>92.5</ele>
      </trkpt>
      <trkpt lat="39.6096" lon="140.20184">
        <ele>92.4</ele>
      </trkpt>
      <trkpt lat="39.60969" lon="140.20176">
        <ele>92.3</ele>
      </trkpt>
      <trkpt lat="39.60979" lon="140.20165">
        <ele>92.0</ele>
      </trkpt>
      <trkpt lat="39.60993" lon="140.2015">
        <ele>91.2</ele>
      </trkpt>
      <trkpt lat="39.61007" lon="140.20136">
        <ele>90.6</ele>
      </trkpt>
      <trkpt lat="39.61045" lon="140.20096">
        <ele>90.4</ele>
      </trkpt>
      <trkpt lat="39.61052" lon="140.20089">
        <ele>90.6</ele>
      </trkpt>
      <trkpt lat="39.61078" lon="140.20061">
        <ele>89.7</ele>
      </trkpt>
      <trkpt lat="39.61097" lon="140.2004">
        <ele>89.1</ele>
      </trkpt>
      <trkpt lat="39.61102" lon="140.20032">
        <ele>89.0</ele>
      </trkpt>
      <trkpt lat="39.6111" lon="140.2002">
        <ele>89.1</ele>
      </trkpt>
      <trkpt lat="39.61119" lon="140.19999">
        <ele>89.4</ele>
      </trkpt>
      <trkpt lat="39.61121" lon="140.19992">
        <ele>89.1</ele>
      </trkpt>
      <trkpt lat="39.61123" lon="140.19981">
        <ele>88.6</ele>
      </trkpt>
      <trkpt lat="39.61127" lon="140.19963">
        <ele>87.8</ele>
      </trkpt>
      <trkpt lat="39.61128" lon="140.19947">
        <ele>86.8</ele>
      </trkpt>
      <trkpt lat="39.6113" lon="140.19928">
        <ele>85.8</ele>
      </trkpt>
      <trkpt lat="39.61132" lon="140.19901">
        <ele>83.7</ele>
      </trkpt>
      <trkpt lat="39.61134" lon="140.19887">
        <ele>82.5</ele>
      </trkpt>
      <trkpt lat="39.61138" lon="140.19868">
        <ele>80.7</ele>
      </trkpt>
      <trkpt lat="39.6114" lon="140.1986">
        <ele>79.9</ele>
      </trkpt>
      <trkpt lat="39.61144" lon="140.19851">
        <ele>79.0</ele>
      </trkpt>
      <trkpt lat="39.61148" lon="140.19841">
        <ele>77.9</ele>
      </trkpt>
      <trkpt lat="39.61151" lon="140.19835">
        <ele>77.2</ele>
      </trkpt>
      <trkpt lat="39.61153" lon="140.19832">
        <ele>76.8</ele>
      </trkpt>
      <trkpt lat="39.61157" lon="140.19826">
        <ele>76.1</ele>
      </trkpt>
      <trkpt lat="39.61165" lon="140.19816">
        <ele>74.6</ele>
      </trkpt>
      <trkpt lat="39.61173" lon="140.19807">
        <ele>73.4</ele>
      </trkpt>
      <trkpt lat="39.61178" lon="140.19802">
        <ele>72.8</ele>
      </trkpt>
      <trkpt lat="39.61185" lon="140.19796">
        <ele>72.1</ele>
      </trkpt>
      <trkpt lat="39.61192" lon="140.19792">
        <ele>71.7</ele>
      </trkpt>
      <trkpt lat="39.61205" lon="140.19786">
        <ele>71.0</ele>
      </trkpt>
      <trkpt lat="39.61213" lon="140.19783">
        <ele>70.6</ele>
      </trkpt>
      <trkpt lat="39.61227" lon="140.1978">
        <ele>70.4</ele>
      </trkpt>
      <trkpt lat="39.6123" lon="140.19779">
        <ele>70.2</ele>
      </trkpt>
      <trkpt lat="39.61273" lon="140.19771">
        <ele>68.5</ele>
      </trkpt>
      <trkpt lat="39.61295" lon="140.19766">
        <ele>67.1</ele>
      </trkpt>
      <trkpt lat="39.61315" lon="140.19762">
        <ele>65.9</ele>
      </trkpt>
      <trkpt lat="39.61331" lon="140.19758">
        <ele>64.7</ele>
      </trkpt>
      <trkpt lat="39.61338" lon="140.19756">
        <ele>63.6</ele>
      </trkpt>
      <trkpt lat="39.61346" lon="140.19754">
        <ele>62.3</ele>
      </trkpt>
      <trkpt lat="39.61361" lon="140.19749">
        <ele>59.9</ele>
      </trkpt>
      <trkpt lat="39.61375" lon="140.19744">
        <ele>58.1</ele>
      </trkpt>
      <trkpt lat="39.61385" lon="140.19739">
        <ele>56.9</ele>
      </trkpt>
      <trkpt lat="39.61408" lon="140.19727">
        <ele>55.2</ele>
      </trkpt>
      <trkpt lat="39.61431" lon="140.19713">
        <ele>54.3</ele>
      </trkpt>
      <trkpt lat="39.61454" lon="140.19696">
        <ele>54.2</ele>
      </trkpt>
      <trkpt lat="39.61477" lon="140.19681">
        <ele>55.1</ele>
      </trkpt>
      <trkpt lat="39.61513" lon="140.19657">
        <ele>55.6</ele>
      </trkpt>
      <trkpt lat="39.61518" lon="140.19653">
        <ele>55.3</ele>
      </trkpt>
      <trkpt lat="39.61535" lon="140.19642">
        <ele>54.0</ele>
      </trkpt>
      <trkpt lat="39.6155" lon="140.19631">
        <ele>53.6</ele>
      </trkpt>
      <trkpt lat="39.61558" lon="140.19625">
        <ele>53.5</ele>
      </trkpt>
      <trkpt lat="39.61571" lon="140.19617">
        <ele>53.5</ele>
      </trkpt>
      <trkpt lat="39.61583" lon="140.1961">
        <ele>53.6</ele>
      </trkpt>
      <trkpt lat="39.61597" lon="140.19604">
        <ele>54.0</ele>
      </trkpt>
      <trkpt lat="39.61604" lon="140.19601">
        <ele>54.2</ele>
      </trkpt>
      <trkpt lat="39.6162" lon="140.19595">
        <ele>54.4</ele>
      </trkpt>
      <trkpt lat="39.6164" lon="140.19591">
        <ele>54.0</ele>
      </trkpt>
      <trkpt lat="39.61645" lon="140.1959">
        <ele>53.9</ele>
      </trkpt>
      <trkpt lat="39.61656" lon="140.19589">
        <ele>53.5</ele>
      </trkpt>
      <trkpt lat="39.61666" lon="140.19589">
        <ele>52.9</ele>
      </trkpt>
      <trkpt lat="39.61675" lon="140.19589">
        <ele>51.0</ele>
      </trkpt>
      <trkpt lat="39.61722" lon="140.19592">
        <ele>46.9</ele>
      </trkpt>
      <trkpt lat="39.61727" lon="140.19592">
        <ele>46.5</ele>
      </trkpt>
      <trkpt lat="39.61728" lon="140.19592">
        <ele>46.4</ele>
      </trkpt>
      <trkpt lat="39.61742" lon="140.19593">
        <ele>45.2</ele>
      </trkpt>
      <trkpt lat="39.61745" lon="140.19593">
        <ele>44.9</ele>
      </trkpt>
      <trkpt lat="39.61759" lon="140.19594">
        <ele>43.7</ele>
      </trkpt>
      <trkpt lat="39.61763" lon="140.19594">
        <ele>43.3</ele>
      </trkpt>
      <trkpt lat="39.61775" lon="140.19596">
        <ele>42.3</ele>
      </trkpt>
      <trkpt lat="39.6178" lon="140.19596">
        <ele>41.9</ele>
      </trkpt>
      <trkpt lat="39.61808" lon="140.19598">
        <ele>39.4</ele>
      </trkpt>
      <trkpt lat="39.61816" lon="140.19599">
        <ele>38.7</ele>
      </trkpt>
      <trkpt lat="39.61828" lon="140.19601">
        <ele>37.7</ele>
      </trkpt>
      <trkpt lat="39.61834" lon="140.19601">
        <ele>37.2</ele>
      </trkpt>
      <trkpt lat="39.61839" lon="140.19602">
        <ele>36.7</ele>
      </trkpt>
      <trkpt lat="39.61847" lon="140.19603">
        <ele>36.1</ele>
      </trkpt>
      <trkpt lat="39.6185" lon="140.19604">
        <ele>36.6</ele>
      </trkpt>
      <trkpt lat="39.61861" lon="140.19605">
        <ele>37.9</ele>
      </trkpt>
      <trkpt lat="39.61866" lon="140.19606">
        <ele>38.7</ele>
      </trkpt>
      <trkpt lat="39.6187" lon="140.19606">
        <ele>39.1</ele>
      </trkpt>
      <trkpt lat="39.61875" lon="140.19607">
        <ele>39.8</ele>
      </trkpt>
      <trkpt lat="39.61884" lon="140.19607">
        <ele>40.7</ele>
      </trkpt>
      <trkpt lat="39.61889" lon="140.19608">
        <ele>41.5</ele>
      </trkpt>
      <trkpt lat="39.61897" lon="140.19608">
        <ele>42.3</ele>
      </trkpt>
      <trkpt lat="39.61902" lon="140.19608">
        <ele>42.8</ele>
      </trkpt>
      <trkpt lat="39.6191" lon="140.19608">
        <ele>43.6</ele>
      </trkpt>
      <trkpt lat="39.61921" lon="140.19607">
        <ele>43.7</ele>
      </trkpt>
      <trkpt lat="39.61924" lon="140.19606">
        <ele>43.3</ele>
      </trkpt>
      <trkpt lat="39.61933" lon="140.19605">
        <ele>42.6</ele>
      </trkpt>
      <trkpt lat="39.61941" lon="140.19604">
        <ele>41.9</ele>
      </trkpt>
      <trkpt lat="39.61942" lon="140.19603">
        <ele>41.6</ele>
      </trkpt>
      <trkpt lat="39.61947" lon="140.19602">
        <ele>41.1</ele>
      </trkpt>
      <trkpt lat="39.61956" lon="140.196">
        <ele>40.1</ele>
      </trkpt>
      <trkpt lat="39.61974" lon="140.19594">
        <ele>37.8</ele>
      </trkpt>
      <trkpt lat="39.61977" lon="140.19592">
        <ele>37.1</ele>
      </trkpt>
      <trkpt lat="39.61994" lon="140.19586">
        <ele>37.2</ele>
      </trkpt>
      <trkpt lat="39.62001" lon="140.19583">
        <ele>37.2</ele>
      </trkpt>
      <trkpt lat="39.6201" lon="140.19579">
        <ele>37.3</ele>
      </trkpt>
      <trkpt lat="39.62021" lon="140.19576">
        <ele>37.3</ele>
      </trkpt>
      <trkpt lat="39.62034" lon="140.19571">
        <ele>37.4</ele>
      </trkpt>
      <trkpt lat="39.62047" lon="140.19566">
        <ele>37.5</ele>
      </trkpt>
      <trkpt lat="39.62053" lon="140.19564">
        <ele>37.6</ele>
      </trkpt>
      <trkpt lat="39.6206" lon="140.19562">
        <ele>37.6</ele>
      </trkpt>
      <trkpt lat="39.62069" lon="140.19559">
        <ele>38.7</ele>
      </trkpt>
      <trkpt lat="39.62081" lon="140.19556">
        <ele>40.1</ele>
      </trkpt>
      <trkpt lat="39.62087" lon="140.19554">
        <ele>40.8</ele>
      </trkpt>
      <trkpt lat="39.62088" lon="140.19554">
        <ele>40.9</ele>
      </trkpt>
      <trkpt lat="39.62097" lon="140.19551">
        <ele>42.0</ele>
      </trkpt>
      <trkpt lat="39.62098" lon="140.19551">
        <ele>42.1</ele>
      </trkpt>
      <trkpt lat="39.62116" lon="140.19545">
        <ele>44.2</ele>
      </trkpt>
      <trkpt lat="39.62169" lon="140.19528">
        <ele>50.5</ele>
      </trkpt>
      <trkpt lat="39.62176" lon="140.19526">
        <ele>51.2</ele>
      </trkpt>
      <trkpt lat="39.62186" lon="140.19522">
        <ele>52.1</ele>
      </trkpt>
      <trkpt lat="39.62205" lon="140.19516">
        <ele>53.7</ele>
      </trkpt>
      <trkpt lat="39.62235" lon="140.19506">
        <ele>56.0</ele>
      </trkpt>
      <trkpt lat="39.623" lon="140.19484">
        <ele>59.6</ele>
      </trkpt>
      <trkpt lat="39.62305" lon="140.19483">
        <ele>59.8</ele>
      </trkpt>
      <trkpt lat="39.62316" lon="140.19479">
        <ele>60.3</ele>
      </trkpt>
      <trkpt lat="39.62327" lon="140.19476">
        <ele>60.7</ele>
      </trkpt>
      <trkpt lat="39.62344" lon="140.19472">
        <ele>61.2</ele>
      </trkpt>
      <trkpt lat="39.62354" lon="140.1947">
        <ele>61.4</ele>
      </trkpt>
      <trkpt lat="39.62366" lon="140.19467">
        <ele>61.6</ele>
      </trkpt>
      <trkpt lat="39.62378" lon="140.19466">
        <ele>61.9</ele>
      </trkpt>
      <trkpt lat="39.62389" lon="140.19465">
        <ele>62.1</ele>
      </trkpt>
      <trkpt lat="39.62398" lon="140.19464">
        <ele>62.2</ele>
      </trkpt>
      <trkpt lat="39.62411" lon="140.19464">
        <ele>62.5</ele>
      </trkpt>
      <trkpt lat="39.62416" lon="140.19464">
        <ele>62.6</ele>
      </trkpt>
      <trkpt lat="39.62439" lon="140.19463">
        <ele>62.4</ele>
      </trkpt>
      <trkpt lat="39.62449" lon="140.19463">
        <ele>62.4</ele>
      </trkpt>
      <trkpt lat="39.62452" lon="140.19464">
        <ele>62.4</ele>
      </trkpt>
      <trkpt lat="39.62474" lon="140.19464">
        <ele>62.3</ele>
      </trkpt>
      <trkpt lat="39.62491" lon="140.19465">
        <ele>62.2</ele>
      </trkpt>
      <trkpt lat="39.62498" lon="140.19465">
        <ele>62.2</ele>
      </trkpt>
      <trkpt lat="39.62522" lon="140.19466">
        <ele>61.3</ele>
      </trkpt>
      <trkpt lat="39.62534" lon="140.19467">
        <ele>60.8</ele>
      </trkpt>
      <trkpt lat="39.62543" lon="140.19467">
        <ele>60.5</ele>
      </trkpt>
      <trkpt lat="39.62545" lon="140.19471">
        <ele>60.5</ele>
      </trkpt>
      <trkpt lat="39.62572" lon="140.19473">
        <ele>59.5</ele>
      </trkpt>
      <trkpt lat="39.62585" lon="140.19473">
        <ele>59.0</ele>
      </trkpt>
      <trkpt lat="39.62594" lon="140.19473">
        <ele>58.9</ele>
      </trkpt>
      <trkpt lat="39.62596" lon="140.19473">
        <ele>58.9</ele>
      </trkpt>
      <trkpt lat="39.62607" lon="140.19473">
        <ele>58.8</ele>
      </trkpt>
      <trkpt lat="39.62612" lon="140.19473">
        <ele>58.7</ele>
      </trkpt>
      <trkpt lat="39.62628" lon="140.19475">
        <ele>58.6</ele>
      </trkpt>
      <trkpt lat="39.62657" lon="140.19477">
        <ele>58.4</ele>
      </trkpt>
      <trkpt lat="39.62666" lon="140.19478">
        <ele>58.4</ele>
      </trkpt>
      <trkpt lat="39.62693" lon="140.1948">
        <ele>59.3</ele>
      </trkpt>
      <trkpt lat="39.62717" lon="140.19482">
        <ele>60.2</ele>
      </trkpt>
      <trkpt lat="39.62738" lon="140.19484">
        <ele>60.9</ele>
      </trkpt>
      <trkpt lat="39.62746" lon="140.19485">
        <ele>61.2</ele>
      </trkpt>
      <trkpt lat="39.62764" lon="140.19487">
        <ele>60.4</ele>
      </trkpt>
      <trkpt lat="39.62773" lon="140.19489">
        <ele>59.9</ele>
      </trkpt>
      <trkpt lat="39.62786" lon="140.19494">
        <ele>59.2</ele>
      </trkpt>
      <trkpt lat="39.62787" lon="140.19494">
        <ele>59.1</ele>
      </trkpt>
      <trkpt lat="39.62796" lon="140.19497">
        <ele>58.6</ele>
      </trkpt>
      <trkpt lat="39.62804" lon="140.19501">
        <ele>58.2</ele>
      </trkpt>
      <trkpt lat="39.62808" lon="140.19504">
        <ele>58.3</ele>
      </trkpt>
      <trkpt lat="39.62812" lon="140.19506">
        <ele>58.2</ele>
      </trkpt>
      <trkpt lat="39.62816" lon="140.19509">
        <ele>58.3</ele>
      </trkpt>
      <trkpt lat="39.6282" lon="140.19512">
        <ele>58.3</ele>
      </trkpt>
      <trkpt lat="39.62824" lon="140.19515">
        <ele>58.4</ele>
      </trkpt>
      <trkpt lat="39.62829" lon="140.19519">
        <ele>58.6</ele>
      </trkpt>
      <trkpt lat="39.62835" lon="140.19525">
        <ele>58.9</ele>
      </trkpt>
      <trkpt lat="39.62838" lon="140.19528">
        <ele>59.0</ele>
      </trkpt>
      <trkpt lat="39.62844" lon="140.19534">
        <ele>59.2</ele>
      </trkpt>
      <trkpt lat="39.6285" lon="140.19541">
        <ele>59.4</ele>
      </trkpt>
      <trkpt lat="39.62855" lon="140.19548">
        <ele>59.7</ele>
      </trkpt>
      <trkpt lat="39.62858" lon="140.19552">
        <ele>59.8</ele>
      </trkpt>
      <trkpt lat="39.62861" lon="140.19556">
        <ele>59.9</ele>
      </trkpt>
      <trkpt lat="39.62864" lon="140.19561">
        <ele>60.1</ele>
      </trkpt>
      <trkpt lat="39.62872" lon="140.19575">
        <ele>60.6</ele>
      </trkpt>
      <trkpt lat="39.62888" lon="140.19603">
        <ele>60.3</ele>
      </trkpt>
      <trkpt lat="39.62902" lon="140.19626">
        <ele>60.0</ele>
      </trkpt>
      <trkpt lat="39.62913" lon="140.19644">
        <ele>60.0</ele>
      </trkpt>
      <trkpt lat="39.62922" lon="140.1966">
        <ele>60.3</ele>
      </trkpt>
      <trkpt lat="39.62929" lon="140.19672">
        <ele>60.8</ele>
      </trkpt>
      <trkpt lat="39.6294" lon="140.1969">
        <ele>61.3</ele>
      </trkpt>
      <trkpt lat="39.62951" lon="140.1971">
        <ele>61.8</ele>
      </trkpt>
      <trkpt lat="39.6298" lon="140.19761">
        <ele>62.0</ele>
      </trkpt>
      <trkpt lat="39.62985" lon="140.19772">
        <ele>62.0</ele>
      </trkpt>
      <trkpt lat="39.63001" lon="140.198">
        <ele>61.7</ele>
      </trkpt>
      <trkpt lat="39.63026" lon="140.19845">
        <ele>60.5</ele>
      </trkpt>
      <trkpt lat="39.63032" lon="140.19856">
        <ele>60.1</ele>
      </trkpt>
      <trkpt lat="39.63041" lon="140.19872">
        <ele>59.3</ele>
      </trkpt>
      <trkpt lat="39.63045" lon="140.1988">
        <ele>58.9</ele>
      </trkpt>
      <trkpt lat="39.63047" lon="140.19883">
        <ele>58.6</ele>
      </trkpt>
      <trkpt lat="39.63051" lon="140.19892">
        <ele>58.2</ele>
      </trkpt>
      <trkpt lat="39.63055" lon="140.199">
        <ele>57.6</ele>
      </trkpt>
      <trkpt lat="39.63056" lon="140.19902">
        <ele>57.5</ele>
      </trkpt>
      <trkpt lat="39.63062" lon="140.19916">
        <ele>56.6</ele>
      </trkpt>
      <trkpt lat="39.63068" lon="140.19931">
        <ele>56.6</ele>
      </trkpt>
      <trkpt lat="39.63074" lon="140.19947">
        <ele>56.9</ele>
      </trkpt>
      <trkpt lat="39.63079" lon="140.19962">
        <ele>57.4</ele>
      </trkpt>
      <trkpt lat="39.63079" lon="140.19962">
        <ele>57.4</ele>
      </trkpt>
      <trkpt lat="39.63093" lon="140.19955">
        <ele>55.5</ele>
      </trkpt>
      <trkpt lat="39.63138" lon="140.19931">
        <ele>51.0</ele>
      </trkpt>
      <trkpt lat="39.63161" lon="140.19918">
        <ele>49.3</ele>
      </trkpt>
      <trkpt lat="39.63194" lon="140.199">
        <ele>48.1</ele>
      </trkpt>
      <trkpt lat="39.63217" lon="140.19888">
        <ele>47.6</ele>
      </trkpt>
      <trkpt lat="39.63227" lon="140.19883">
        <ele>47.4</ele>
      </trkpt>
      <trkpt lat="39.63239" lon="140.19876">
        <ele>47.2</ele>
      </trkpt>
      <trkpt lat="39.63244" lon="140.19874">
        <ele>47.2</ele>
      </trkpt>
      <trkpt lat="39.63272" lon="140.19859">
        <ele>47.2</ele>
      </trkpt>
      <trkpt lat="39.63303" lon="140.19842">
        <ele>47.2</ele>
      </trkpt>
      <trkpt lat="39.63332" lon="140.19826">
        <ele>47.0</ele>
      </trkpt>
      <trkpt lat="39.63352" lon="140.19816">
        <ele>46.8</ele>
      </trkpt>
      <trkpt lat="39.63358" lon="140.19812">
        <ele>46.7</ele>
      </trkpt>
      <trkpt lat="39.63373" lon="140.19804">
        <ele>46.5</ele>
      </trkpt>
      <trkpt lat="39.63381" lon="140.198">
        <ele>46.4</ele>
      </trkpt>
      <trkpt lat="39.63387" lon="140.19797">
        <ele>46.4</ele>
      </trkpt>
      <trkpt lat="39.63394" lon="140.19794">
        <ele>46.3</ele>
      </trkpt>
      <trkpt lat="39.63403" lon="140.1979">
        <ele>46.2</ele>
      </trkpt>
      <trkpt lat="39.63411" lon="140.19786">
        <ele>46.1</ele>
      </trkpt>
      <trkpt lat="39.63424" lon="140.19782">
        <ele>46.0</ele>
      </trkpt>
      <trkpt lat="39.6343" lon="140.19779">
        <ele>46.0</ele>
      </trkpt>
      <trkpt lat="39.63435" lon="140.19777">
        <ele>46.0</ele>
      </trkpt>
      <trkpt lat="39.63444" lon="140.19776">
        <ele>46.0</ele>
      </trkpt>
      <trkpt lat="39.63454" lon="140.1977">
        <ele>46.0</ele>
      </trkpt>
      <trkpt lat="39.63469" lon="140.19761">
        <ele>46.0</ele>
      </trkpt>
      <trkpt lat="39.63486" lon="140.19751">
        <ele>46.0</ele>
      </trkpt>
      <trkpt lat="39.63488" lon="140.1975">
        <ele>46.0</ele>
      </trkpt>
      <trkpt lat="39.63506" lon="140.19739">
        <ele>45.8</ele>
      </trkpt>
      <trkpt lat="39.63509" lon="140.19737">
        <ele>45.7</ele>
      </trkpt>
      <trkpt lat="39.6352" lon="140.1973">
        <ele>45.2</ele>
      </trkpt>
      <trkpt lat="39.63535" lon="140.19721">
        <ele>44.6</ele>
      </trkpt>
      <trkpt lat="39.63563" lon="140.19704">
        <ele>43.3</ele>
      </trkpt>
      <trkpt lat="39.63573" lon="140.19698">
        <ele>42.8</ele>
      </trkpt>
      <trkpt lat="39.63585" lon="140.19691">
        <ele>42.2</ele>
      </trkpt>
      <trkpt lat="39.63587" lon="140.1969">
        <ele>42.1</ele>
      </trkpt>
      <trkpt lat="39.63592" lon="140.19687">
        <ele>41.7</ele>
      </trkpt>
      <trkpt lat="39.63618" lon="140.19671">
        <ele>39.6</ele>
      </trkpt>
      <trkpt lat="39.63657" lon="140.19648">
        <ele>36.5</ele>
      </trkpt>
      <trkpt lat="39.63673" lon="140.19638">
        <ele>35.5</ele>
      </trkpt>
      <trkpt lat="39.63682" lon="140.19633">
        <ele>35.1</ele>
      </trkpt>
      <trkpt lat="39.63685" lon="140.19631">
        <ele>34.9</ele>
      </trkpt>
      <trkpt lat="39.63691" lon="140.19629">
        <ele>34.6</ele>
      </trkpt>
      <trkpt lat="39.63698" lon="140.19626">
        <ele>34.3</ele>
      </trkpt>
      <trkpt lat="39.63702" lon="140.19624">
        <ele>34.2</ele>
      </trkpt>
      <trkpt lat="39.63707" lon="140.19623">
        <ele>33.9</ele>
      </trkpt>
      <trkpt lat="39.63711" lon="140.19621">
        <ele>33.8</ele>
      </trkpt>
      <trkpt lat="39.63715" lon="140.1962">
        <ele>33.6</ele>
      </trkpt>
      <trkpt lat="39.6372" lon="140.19619">
        <ele>33.3</ele>
      </trkpt>
      <trkpt lat="39.63725" lon="140.19618">
        <ele>33.1</ele>
      </trkpt>
      <trkpt lat="39.6373" lon="140.19618">
        <ele>32.8</ele>
      </trkpt>
      <trkpt lat="39.63735" lon="140.19617">
        <ele>32.6</ele>
      </trkpt>
      <trkpt lat="39.63737" lon="140.19617">
        <ele>32.5</ele>
      </trkpt>
      <trkpt lat="39.63738" lon="140.19617">
        <ele>32.4</ele>
      </trkpt>
      <trkpt lat="39.63741" lon="140.19617">
        <ele>32.3</ele>
      </trkpt>
      <trkpt lat="39.63746" lon="140.19617">
        <ele>32.0</ele>
      </trkpt>
      <trkpt lat="39.63753" lon="140.19617">
        <ele>31.7</ele>
      </trkpt>
      <trkpt lat="39.6376" lon="140.19618">
        <ele>31.4</ele>
      </trkpt>
      <trkpt lat="39.63769" lon="140.19619">
        <ele>30.6</ele>
      </trkpt>
      <trkpt lat="39.63787" lon="140.19622">
        <ele>29.1</ele>
      </trkpt>
      <trkpt lat="39.6379" lon="140.19623">
        <ele>28.9</ele>
      </trkpt>
      <trkpt lat="39.63796" lon="140.19625">
        <ele>28.4</ele>
      </trkpt>
      <trkpt lat="39.63805" lon="140.19628">
        <ele>27.6</ele>
      </trkpt>
      <trkpt lat="39.63809" lon="140.19629">
        <ele>27.2</ele>
      </trkpt>
      <trkpt lat="39.63817" lon="140.19633">
        <ele>26.5</ele>
      </trkpt>
      <trkpt lat="39.6383" lon="140.1964">
        <ele>25.3</ele>
      </trkpt>
      <trkpt lat="39.63838" lon="140.19645">
        <ele>24.4</ele>
      </trkpt>
      <trkpt lat="39.63846" lon="140.1965">
        <ele>23.3</ele>
      </trkpt>
      <trkpt lat="39.63853" lon="140.19656">
        <ele>22.4</ele>
      </trkpt>
      <trkpt lat="39.63863" lon="140.19666">
        <ele>21.1</ele>
      </trkpt>
      <trkpt lat="39.63868" lon="140.19671">
        <ele>20.5</ele>
      </trkpt>
      <trkpt lat="39.63875" lon="140.19678">
        <ele>19.8</ele>
      </trkpt>
      <trkpt lat="39.63889" lon="140.19692">
        <ele>18.2</ele>
      </trkpt>
      <trkpt lat="39.63896" lon="140.197">
        <ele>17.3</ele>
      </trkpt>
      <trkpt lat="39.63906" lon="140.1971">
        <ele>16.1</ele>
      </trkpt>
      <trkpt lat="39.63913" lon="140.19718">
        <ele>15.2</ele>
      </trkpt>
      <trkpt lat="39.6392" lon="140.19725">
        <ele>14.7</ele>
      </trkpt>
      <trkpt lat="39.63928" lon="140.19732">
        <ele>14.7</ele>
      </trkpt>
      <trkpt lat="39.63934" lon="140.19739">
        <ele>14.7</ele>
      </trkpt>
      <trkpt lat="39.63938" lon="140.19743">
        <ele>14.7</ele>
      </trkpt>
      <trkpt lat="39.63949" lon="140.19754">
        <ele>14.6</ele>
      </trkpt>
      <trkpt lat="39.63963" lon="140.19769">
        <ele>14.5</ele>
      </trkpt>
      <trkpt lat="39.63991" lon="140.19798">
        <ele>14.6</ele>
      </trkpt>
      <trkpt lat="39.63999" lon="140.19806">
        <ele>14.7</ele>
      </trkpt>
      <trkpt lat="39.63999" lon="140.19806">
        <ele>14.7</ele>
      </trkpt>
      <trkpt lat="39.64009" lon="140.19783">
        <ele>14.5</ele>
      </trkpt>
      <trkpt lat="39.64014" lon="140.1977">
        <ele>14.4</ele>
      </trkpt>
      <trkpt lat="39.64017" lon="140.19756">
        <ele>14.3</ele>
      </trkpt>
      <trkpt lat="39.64019" lon="140.19748">
        <ele>14.2</ele>
      </trkpt>
      <trkpt lat="39.64019" lon="140.19746">
        <ele>14.3</ele>
      </trkpt>
      <trkpt lat="39.64019" lon="140.19726">
        <ele>14.4</ele>
      </trkpt>
      <trkpt lat="39.64015" lon="140.19678">
        <ele>14.5</ele>
      </trkpt>
      <trkpt lat="39.64002" lon="140.19508">
        <ele>13.1</ele>
      </trkpt>
      <trkpt lat="39.64001" lon="140.19491">
        <ele>13.0</ele>
      </trkpt>
      <trkpt lat="39.63999" lon="140.19468">
        <ele>13.0</ele>
      </trkpt>
      <trkpt lat="39.63997" lon="140.19439">
        <ele>13.0</ele>
      </trkpt>
      <trkpt lat="39.63996" lon="140.19409">
        <ele>13.0</ele>
      </trkpt>
      <trkpt lat="39.63995" lon="140.19385">
        <ele>12.7</ele>
      </trkpt>
      <trkpt lat="39.63994" lon="140.1935">
        <ele>12.3</ele>
      </trkpt>
      <trkpt lat="39.63993" lon="140.19338">
        <ele>12.2</ele>
      </trkpt>
      <trkpt lat="39.63993" lon="140.19326">
        <ele>12.2</ele>
      </trkpt>
      <trkpt lat="39.63992" lon="140.19303">
        <ele>12.1</ele>
      </trkpt>
      <trkpt lat="39.63991" lon="140.19292">
        <ele>12.1</ele>
      </trkpt>
      <trkpt lat="39.63991" lon="140.19275">
        <ele>12.1</ele>
      </trkpt>
      <trkpt lat="39.6399" lon="140.19255">
        <ele>12.0</ele>
      </trkpt>
      <trkpt lat="39.63988" lon="140.19216">
        <ele>11.9</ele>
      </trkpt>
      <trkpt lat="39.63987" lon="140.19181">
        <ele>11.9</ele>
      </trkpt>
      <trkpt lat="39.63986" lon="140.19158">
        <ele>11.8</ele>
      </trkpt>
      <trkpt lat="39.63985" lon="140.19132">
        <ele>11.9</ele>
      </trkpt>
      <trkpt lat="39.63984" lon="140.19113">
        <ele>11.9</ele>
      </trkpt>
      <trkpt lat="39.63984" lon="140.19093">
        <ele>12.0</ele>
      </trkpt>
      <trkpt lat="39.63984" lon="140.19086">
        <ele>12.0</ele>
      </trkpt>
      <trkpt lat="39.63983" lon="140.19082">
        <ele>12.0</ele>
      </trkpt>
      <trkpt lat="39.63983" lon="140.19077">
        <ele>12.0</ele>
      </trkpt>
      <trkpt lat="39.63983" lon="140.1907">
        <ele>12.0</ele>
      </trkpt>
      <trkpt lat="39.63983" lon="140.19065">
        <ele>12.0</ele>
      </trkpt>
      <trkpt lat="39.63983" lon="140.19059">
        <ele>12.1</ele>
      </trkpt>
      <trkpt lat="39.63984" lon="140.19053">
        <ele>12.1</ele>
      </trkpt>
      <trkpt lat="39.63984" lon="140.19047">
        <ele>12.1</ele>
      </trkpt>
      <trkpt lat="39.63985" lon="140.19041">
        <ele>12.1</ele>
      </trkpt>
      <trkpt lat="39.63986" lon="140.19035">
        <ele>12.1</ele>
      </trkpt>
      <trkpt lat="39.63987" lon="140.1903">
        <ele>12.1</ele>
      </trkpt>
      <trkpt lat="39.63988" lon="140.19022">
        <ele>12.1</ele>
      </trkpt>
      <trkpt lat="39.6399" lon="140.19012">
        <ele>12.1</ele>
      </trkpt>
      <trkpt lat="39.63991" lon="140.19007">
        <ele>12.1</ele>
      </trkpt>
      <trkpt lat="39.63993" lon="140.19">
        <ele>12.1</ele>
      </trkpt>
      <trkpt lat="39.63995" lon="140.18995">
        <ele>12.1</ele>
      </trkpt>
      <trkpt lat="39.63998" lon="140.18987">
        <ele>12.2</ele>
      </trkpt>
      <trkpt lat="39.64002" lon="140.18976">
        <ele>12.3</ele>
      </trkpt>
      <trkpt lat="39.64005" lon="140.18969">
        <ele>12.4</ele>
      </trkpt>
      <trkpt lat="39.64008" lon="140.18965">
        <ele>12.4</ele>
      </trkpt>
      <trkpt lat="39.6401" lon="140.18959">
        <ele>12.4</ele>
      </trkpt>
      <trkpt lat="39.64013" lon="140.18955">
        <ele>12.4</ele>
      </trkpt>
      <trkpt lat="39.64018" lon="140.18946">
        <ele>12.4</ele>
      </trkpt>
      <trkpt lat="39.64024" lon="140.18939">
        <ele>12.4</ele>
      </trkpt>
      <trkpt lat="39.6403" lon="140.18931">
        <ele>12.3</ele>
      </trkpt>
      <trkpt lat="39.64036" lon="140.18924">
        <ele>12.2</ele>
      </trkpt>
      <trkpt lat="39.64039" lon="140.18921">
        <ele>12.1</ele>
      </trkpt>
      <trkpt lat="39.64043" lon="140.18917">
        <ele>12.0</ele>
      </trkpt>
      <trkpt lat="39.64046" lon="140.18914">
        <ele>12.0</ele>
      </trkpt>
      <trkpt lat="39.6405" lon="140.18911">
        <ele>12.0</ele>
      </trkpt>
      <trkpt lat="39.64054" lon="140.18908">
        <ele>12.0</ele>
      </trkpt>
      <trkpt lat="39.64058" lon="140.18905">
        <ele>12.0</ele>
      </trkpt>
      <trkpt lat="39.64062" lon="140.18902">
        <ele>12.0</ele>
      </trkpt>
      <trkpt lat="39.64067" lon="140.18899">
        <ele>12.0</ele>
      </trkpt>
      <trkpt lat="39.64075" lon="140.18894">
        <ele>12.0</ele>
      </trkpt>
      <trkpt lat="39.64085" lon="140.1889">
        <ele>11.9</ele>
      </trkpt>
      <trkpt lat="39.641" lon="140.18883">
        <ele>12.1</ele>
      </trkpt>
      <trkpt lat="39.6411" lon="140.1888">
        <ele>12.0</ele>
      </trkpt>
      <trkpt lat="39.64117" lon="140.18877">
        <ele>12.0</ele>
      </trkpt>
      <trkpt lat="39.64123" lon="140.18874">
        <ele>12.0</ele>
      </trkpt>
      <trkpt lat="39.64128" lon="140.18871">
        <ele>12.1</ele>
      </trkpt>
      <trkpt lat="39.64136" lon="140.18868">
        <ele>12.0</ele>
      </trkpt>
      <trkpt lat="39.64144" lon="140.18863">
        <ele>12.0</ele>
      </trkpt>
      <trkpt lat="39.64152" lon="140.18858">
        <ele>12.0</ele>
      </trkpt>
      <trkpt lat="39.64158" lon="140.18853">
        <ele>11.9</ele>
      </trkpt>
      <trkpt lat="39.64159" lon="140.18853">
        <ele>11.9</ele>
      </trkpt>
      <trkpt lat="39.64161" lon="140.1885">
        <ele>11.9</ele>
      </trkpt>
      <trkpt lat="39.64166" lon="140.18845">
        <ele>11.9</ele>
      </trkpt>
      <trkpt lat="39.64174" lon="140.18837">
        <ele>12.0</ele>
      </trkpt>
      <trkpt lat="39.64177" lon="140.18833">
        <ele>12.0</ele>
      </trkpt>
      <trkpt lat="39.64181" lon="140.18829">
        <ele>12.1</ele>
      </trkpt>
      <trkpt lat="39.64196" lon="140.18807">
        <ele>12.3</ele>
      </trkpt>
      <trkpt lat="39.64196" lon="140.18807">
        <ele>12.3</ele>
      </trkpt>
      <trkpt lat="39.64208" lon="140.1878">
        <ele>12.6</ele>
      </trkpt>
      <trkpt lat="39.64217" lon="140.18756">
        <ele>12.9</ele>
      </trkpt>
      <trkpt lat="39.64222" lon="140.18742">
        <ele>13.0</ele>
      </trkpt>
      <trkpt lat="39.64237" lon="140.18696">
        <ele>13.1</ele>
      </trkpt>
      <trkpt lat="39.64243" lon="140.18679">
        <ele>13.1</ele>
      </trkpt>
      <trkpt lat="39.64246" lon="140.18668">
        <ele>13.0</ele>
      </trkpt>
      <trkpt lat="39.64252" lon="140.18652">
        <ele>13.0</ele>
      </trkpt>
      <trkpt lat="39.64257" lon="140.18636">
        <ele>12.9</ele>
      </trkpt>
      <trkpt lat="39.64261" lon="140.18625">
        <ele>12.8</ele>
      </trkpt>
      <trkpt lat="39.64268" lon="140.18604">
        <ele>12.7</ele>
      </trkpt>
      <trkpt lat="39.64271" lon="140.18593">
        <ele>12.7</ele>
      </trkpt>
      <trkpt lat="39.64273" lon="140.18584">
        <ele>12.7</ele>
      </trkpt>
      <trkpt lat="39.64277" lon="140.18571">
        <ele>12.6</ele>
      </trkpt>
      <trkpt lat="39.6428" lon="140.18561">
        <ele>12.5</ele>
      </trkpt>
      <trkpt lat="39.64282" lon="140.18549">
        <ele>12.5</ele>
      </trkpt>
      <trkpt lat="39.64284" lon="140.1854">
        <ele>12.4</ele>
      </trkpt>
      <trkpt lat="39.64287" lon="140.18526">
        <ele>12.3</ele>
      </trkpt>
      <trkpt lat="39.64291" lon="140.18504">
        <ele>12.0</ele>
      </trkpt>
      <trkpt lat="39.64294" lon="140.18481">
        <ele>11.8</ele>
      </trkpt>
      <trkpt lat="39.64297" lon="140.1846">
        <ele>11.6</ele>
      </trkpt>
      <trkpt lat="39.64299" lon="140.18448">
        <ele>11.5</ele>
      </trkpt>
      <trkpt lat="39.64301" lon="140.18435">
        <ele>11.3</ele>
      </trkpt>
      <trkpt lat="39.64302" lon="140.18423">
        <ele>11.2</ele>
      </trkpt>
      <trkpt lat="39.64303" lon="140.18411">
        <ele>11.1</ele>
      </trkpt>
      <trkpt lat="39.64304" lon="140.184">
        <ele>11.0</ele>
      </trkpt>
      <trkpt lat="39.64305" lon="140.18376">
        <ele>11.0</ele>
      </trkpt>
      <trkpt lat="39.64306" lon="140.18361">
        <ele>11.0</ele>
      </trkpt>
      <trkpt lat="39.64307" lon="140.18325">
        <ele>10.9</ele>
      </trkpt>
      <trkpt lat="39.64307" lon="140.1831">
        <ele>10.7</ele>
      </trkpt>
      <trkpt lat="39.64306" lon="140.18278">
        <ele>10.3</ele>
      </trkpt>
      <trkpt lat="39.64306" lon="140.18255">
        <ele>10.1</ele>
      </trkpt>
      <trkpt lat="39.64306" lon="140.18238">
        <ele>10.0</ele>
      </trkpt>
      <trkpt lat="39.64307" lon="140.1822">
        <ele>10.1</ele>
      </trkpt>
      <trkpt lat="39.64308" lon="140.18209">
        <ele>10.1</ele>
      </trkpt>
      <trkpt lat="39.64309" lon="140.18196">
        <ele>10.2</ele>
      </trkpt>
      <trkpt lat="39.6431" lon="140.18184">
        <ele>10.2</ele>
      </trkpt>
      <trkpt lat="39.64312" lon="140.18169">
        <ele>10.2</ele>
      </trkpt>
      <trkpt lat="39.64313" lon="140.18162">
        <ele>10.2</ele>
      </trkpt>
      <trkpt lat="39.64313" lon="140.18159">
        <ele>10.2</ele>
      </trkpt>
      <trkpt lat="39.64315" lon="140.18147">
        <ele>10.2</ele>
      </trkpt>
      <trkpt lat="39.64316" lon="140.18139">
        <ele>10.2</ele>
      </trkpt>
      <trkpt lat="39.64318" lon="140.18126">
        <ele>10.2</ele>
      </trkpt>
      <trkpt lat="39.64322" lon="140.18103">
        <ele>10.1</ele>
      </trkpt>
      <trkpt lat="39.64325" lon="140.18088">
        <ele>10.1</ele>
      </trkpt>
      <trkpt lat="39.64333" lon="140.18013">
        <ele>10.0</ele>
      </trkpt>
      <trkpt lat="39.64337" lon="140.17986">
        <ele>10.0</ele>
      </trkpt>
      <trkpt lat="39.6434" lon="140.17962">
        <ele>10.1</ele>
      </trkpt>
      <trkpt lat="39.64342" lon="140.1795">
        <ele>10.1</ele>
      </trkpt>
      <trkpt lat="39.64343" lon="140.17938">
        <ele>10.1</ele>
      </trkpt>
      <trkpt lat="39.64345" lon="140.17928">
        <ele>10.1</ele>
      </trkpt>
      <trkpt lat="39.64347" lon="140.1792">
        <ele>10.2</ele>
      </trkpt>
      <trkpt lat="39.64349" lon="140.1791">
        <ele>10.2</ele>
      </trkpt>
      <trkpt lat="39.64353" lon="140.17897">
        <ele>10.2</ele>
      </trkpt>
      <trkpt lat="39.64357" lon="140.17887">
        <ele>10.3</ele>
      </trkpt>
      <trkpt lat="39.64362" lon="140.17878">
        <ele>10.3</ele>
      </trkpt>
      <trkpt lat="39.64368" lon="140.17868">
        <ele>10.4</ele>
      </trkpt>
      <trkpt lat="39.64374" lon="140.1786">
        <ele>10.5</ele>
      </trkpt>
      <trkpt lat="39.64381" lon="140.17852">
        <ele>10.6</ele>
      </trkpt>
      <trkpt lat="39.64387" lon="140.17847">
        <ele>10.6</ele>
      </trkpt>
      <trkpt lat="39.64391" lon="140.17844">
        <ele>10.7</ele>
      </trkpt>
      <trkpt lat="39.64398" lon="140.17839">
        <ele>10.8</ele>
      </trkpt>
      <trkpt lat="39.64417" lon="140.17831">
        <ele>10.9</ele>
      </trkpt>
      <trkpt lat="39.6443" lon="140.17826">
        <ele>10.2</ele>
      </trkpt>
      <trkpt lat="39.64447" lon="140.17818">
        <ele>9.2</ele>
      </trkpt>
      <trkpt lat="39.64451" lon="140.17816">
        <ele>9.0</ele>
      </trkpt>
      <trkpt lat="39.64454" lon="140.17815">
        <ele>8.9</ele>
      </trkpt>
      <trkpt lat="39.64476" lon="140.17804">
        <ele>7.7</ele>
      </trkpt>
      <trkpt lat="39.64484" lon="140.178">
        <ele>7.8</ele>
      </trkpt>
      <trkpt lat="39.64492" lon="140.17796">
        <ele>8.0</ele>
      </trkpt>
      <trkpt lat="39.64497" lon="140.17794">
        <ele>8.0</ele>
      </trkpt>
      <trkpt lat="39.64499" lon="140.17793">
        <ele>8.1</ele>
      </trkpt>
      <trkpt lat="39.64507" lon="140.1779">
        <ele>8.2</ele>
      </trkpt>
      <trkpt lat="39.64514" lon="140.17787">
        <ele>8.4</ele>
      </trkpt>
      <trkpt lat="39.64516" lon="140.17787">
        <ele>8.4</ele>
      </trkpt>
      <trkpt lat="39.64526" lon="140.17782">
        <ele>8.6</ele>
      </trkpt>
      <trkpt lat="39.64531" lon="140.17779">
        <ele>8.7</ele>
      </trkpt>
      <trkpt lat="39.64533" lon="140.17778">
        <ele>8.7</ele>
      </trkpt>
      <trkpt lat="39.64541" lon="140.17776">
        <ele>8.9</ele>
      </trkpt>
      <trkpt lat="39.64545" lon="140.17774">
        <ele>8.9</ele>
      </trkpt>
      <trkpt lat="39.64551" lon="140.17772">
        <ele>9.1</ele>
      </trkpt>
      <trkpt lat="39.64558" lon="140.1777">
        <ele>9.2</ele>
      </trkpt>
      <trkpt lat="39.64566" lon="140.17767">
        <ele>9.3</ele>
      </trkpt>
      <trkpt lat="39.64569" lon="140.17766">
        <ele>9.4</ele>
      </trkpt>
      <trkpt lat="39.64589" lon="140.17758">
        <ele>9.8</ele>
      </trkpt>
      <trkpt lat="39.64608" lon="140.1775">
        <ele>11.4</ele>
      </trkpt>
      <trkpt lat="39.64614" lon="140.17748">
        <ele>11.9</ele>
      </trkpt>
      <trkpt lat="39.64625" lon="140.17743">
        <ele>12.8</ele>
      </trkpt>
      <trkpt lat="39.64629" lon="140.17741">
        <ele>13.1</ele>
      </trkpt>
      <trkpt lat="39.64633" lon="140.17739">
        <ele>13.4</ele>
      </trkpt>
      <trkpt lat="39.64642" lon="140.17735">
        <ele>14.0</ele>
      </trkpt>
      <trkpt lat="39.64658" lon="140.17727">
        <ele>14.9</ele>
      </trkpt>
      <trkpt lat="39.64669" lon="140.17722">
        <ele>15.4</ele>
      </trkpt>
      <trkpt lat="39.64685" lon="140.17714">
        <ele>15.6</ele>
      </trkpt>
      <trkpt lat="39.64694" lon="140.1771">
        <ele>15.9</ele>
      </trkpt>
      <trkpt lat="39.64698" lon="140.17708">
        <ele>16.0</ele>
      </trkpt>
      <trkpt lat="39.64706" lon="140.17705">
        <ele>16.3</ele>
      </trkpt>
      <trkpt lat="39.64718" lon="140.17701">
        <ele>16.9</ele>
      </trkpt>
      <trkpt lat="39.64731" lon="140.17697">
        <ele>17.5</ele>
      </trkpt>
      <trkpt lat="39.6474" lon="140.17695">
        <ele>18.1</ele>
      </trkpt>
      <trkpt lat="39.64749" lon="140.17692">
        <ele>18.6</ele>
      </trkpt>
      <trkpt lat="39.64756" lon="140.17691">
        <ele>19.4</ele>
      </trkpt>
      <trkpt lat="39.64761" lon="140.1769">
        <ele>20.0</ele>
      </trkpt>
      <trkpt lat="39.64767" lon="140.17689">
        <ele>20.8</ele>
      </trkpt>
      <trkpt lat="39.64778" lon="140.17689">
        <ele>22.1</ele>
      </trkpt>
      <trkpt lat="39.64786" lon="140.17689">
        <ele>23.1</ele>
      </trkpt>
      <trkpt lat="39.64795" lon="140.1769">
        <ele>24.1</ele>
      </trkpt>
      <trkpt lat="39.64801" lon="140.17692">
        <ele>24.7</ele>
      </trkpt>
      <trkpt lat="39.64805" lon="140.17694">
        <ele>25.1</ele>
      </trkpt>
      <trkpt lat="39.64809" lon="140.17696">
        <ele>25.4</ele>
      </trkpt>
      <trkpt lat="39.64814" lon="140.17699">
        <ele>25.7</ele>
      </trkpt>
      <trkpt lat="39.64823" lon="140.17705">
        <ele>26.2</ele>
      </trkpt>
      <trkpt lat="39.64825" lon="140.17707">
        <ele>26.3</ele>
      </trkpt>
      <trkpt lat="39.64829" lon="140.17709">
        <ele>26.5</ele>
      </trkpt>
      <trkpt lat="39.64848" lon="140.17723">
        <ele>27.5</ele>
      </trkpt>
      <trkpt lat="39.64873" lon="140.1774">
        <ele>29.1</ele>
      </trkpt>
      <trkpt lat="39.64874" lon="140.17741">
        <ele>29.2</ele>
      </trkpt>
      <trkpt lat="39.64891" lon="140.17753">
        <ele>30.4</ele>
      </trkpt>
      <trkpt lat="39.64905" lon="140.17764">
        <ele>30.9</ele>
      </trkpt>
      <trkpt lat="39.64926" lon="140.17779">
        <ele>30.8</ele>
      </trkpt>
      <trkpt lat="39.64934" lon="140.17787">
        <ele>30.4</ele>
      </trkpt>
      <trkpt lat="39.64943" lon="140.17793">
        <ele>30.3</ele>
      </trkpt>
      <trkpt lat="39.64953" lon="140.17799">
        <ele>30.3</ele>
      </trkpt>
      <trkpt lat="39.64961" lon="140.17802">
        <ele>30.5</ele>
      </trkpt>
      <trkpt lat="39.64965" lon="140.17804">
        <ele>30.5</ele>
      </trkpt>
      <trkpt lat="39.64969" lon="140.17805">
        <ele>30.7</ele>
      </trkpt>
      <trkpt lat="39.64973" lon="140.17806">
        <ele>30.9</ele>
      </trkpt>
      <trkpt lat="39.64978" lon="140.17807">
        <ele>31.1</ele>
      </trkpt>
      <trkpt lat="39.65013" lon="140.17809">
        <ele>33.2</ele>
      </trkpt>
      <trkpt lat="39.65026" lon="140.17809">
        <ele>33.6</ele>
      </trkpt>
      <trkpt lat="39.65055" lon="140.1781">
        <ele>34.6</ele>
      </trkpt>
      <trkpt lat="39.65061" lon="140.1781">
        <ele>34.8</ele>
      </trkpt>
      <trkpt lat="39.65066" lon="140.1781">
        <ele>35.0</ele>
      </trkpt>
      <trkpt lat="39.65071" lon="140.17809">
        <ele>35.3</ele>
      </trkpt>
      <trkpt lat="39.65076" lon="140.17806">
        <ele>36.0</ele>
      </trkpt>
      <trkpt lat="39.65079" lon="140.17805">
        <ele>36.3</ele>
      </trkpt>
      <trkpt lat="39.65082" lon="140.17803">
        <ele>36.7</ele>
      </trkpt>
      <trkpt lat="39.65088" lon="140.17799">
        <ele>37.4</ele>
      </trkpt>
      <trkpt lat="39.65096" lon="140.17794">
        <ele>38.1</ele>
      </trkpt>
      <trkpt lat="39.65107" lon="140.17787">
        <ele>38.9</ele>
      </trkpt>
      <trkpt lat="39.65112" lon="140.17784">
        <ele>39.2</ele>
      </trkpt>
      <trkpt lat="39.65116" lon="140.17781">
        <ele>39.5</ele>
      </trkpt>
      <trkpt lat="39.65127" lon="140.17778">
        <ele>39.6</ele>
      </trkpt>
      <trkpt lat="39.65135" lon="140.17776">
        <ele>39.6</ele>
      </trkpt>
      <trkpt lat="39.65142" lon="140.17774">
        <ele>39.6</ele>
      </trkpt>
      <trkpt lat="39.65145" lon="140.17773">
        <ele>39.5</ele>
      </trkpt>
      <trkpt lat="39.65146" lon="140.17773">
        <ele>39.5</ele>
      </trkpt>
      <trkpt lat="39.65149" lon="140.17771">
        <ele>39.6</ele>
      </trkpt>
      <trkpt lat="39.65156" lon="140.17768">
        <ele>39.5</ele>
      </trkpt>
      <trkpt lat="39.65158" lon="140.17766">
        <ele>39.6</ele>
      </trkpt>
      <trkpt lat="39.65161" lon="140.17764">
        <ele>39.6</ele>
      </trkpt>
      <trkpt lat="39.65175" lon="140.17752">
        <ele>39.9</ele>
      </trkpt>
      <trkpt lat="39.65196" lon="140.17733">
        <ele>40.5</ele>
      </trkpt>
      <trkpt lat="39.65203" lon="140.17727">
        <ele>40.7</ele>
      </trkpt>
      <trkpt lat="39.65209" lon="140.17723">
        <ele>40.8</ele>
      </trkpt>
      <trkpt lat="39.65223" lon="140.17715">
        <ele>41.1</ele>
      </trkpt>
      <trkpt lat="39.6524" lon="140.17704">
        <ele>41.6</ele>
      </trkpt>
      <trkpt lat="39.65255" lon="140.17695">
        <ele>42.1</ele>
      </trkpt>
      <trkpt lat="39.65268" lon="140.17688">
        <ele>42.8</ele>
      </trkpt>
      <trkpt lat="39.65272" lon="140.17686">
        <ele>43.0</ele>
      </trkpt>
      <trkpt lat="39.6528" lon="140.17683">
        <ele>43.3</ele>
      </trkpt>
      <trkpt lat="39.65289" lon="140.1768">
        <ele>43.6</ele>
      </trkpt>
      <trkpt lat="39.65294" lon="140.17678">
        <ele>43.8</ele>
      </trkpt>
      <trkpt lat="39.65298" lon="140.17677">
        <ele>43.9</ele>
      </trkpt>
      <trkpt lat="39.65307" lon="140.17675">
        <ele>44.2</ele>
      </trkpt>
      <trkpt lat="39.65316" lon="140.17674">
        <ele>44.5</ele>
      </trkpt>
      <trkpt lat="39.65331" lon="140.17673">
        <ele>44.9</ele>
      </trkpt>
      <trkpt lat="39.6535" lon="140.17672">
        <ele>44.9</ele>
      </trkpt>
      <trkpt lat="39.65355" lon="140.17672">
        <ele>45.0</ele>
      </trkpt>
      <trkpt lat="39.65368" lon="140.17673">
        <ele>45.0</ele>
      </trkpt>
      <trkpt lat="39.65373" lon="140.17673">
        <ele>45.0</ele>
      </trkpt>
      <trkpt lat="39.65391" lon="140.17674">
        <ele>45.0</ele>
      </trkpt>
      <trkpt lat="39.65414" lon="140.17674">
        <ele>45.0</ele>
      </trkpt>
      <trkpt lat="39.65439" lon="140.17674">
        <ele>45.3</ele>
      </trkpt>
      <trkpt lat="39.65457" lon="140.17674">
        <ele>45.6</ele>
      </trkpt>
      <trkpt lat="39.65465" lon="140.17674">
        <ele>45.7</ele>
      </trkpt>
      <trkpt lat="39.65485" lon="140.17673">
        <ele>45.9</ele>
      </trkpt>
      <trkpt lat="39.65502" lon="140.17671">
        <ele>46.1</ele>
      </trkpt>
      <trkpt lat="39.6554" lon="140.17667">
        <ele>46.5</ele>
      </trkpt>
      <trkpt lat="39.65549" lon="140.17666">
        <ele>46.6</ele>
      </trkpt>
      <trkpt lat="39.65553" lon="140.17665">
        <ele>46.6</ele>
      </trkpt>
      <trkpt lat="39.65558" lon="140.17664">
        <ele>46.7</ele>
      </trkpt>
      <trkpt lat="39.65564" lon="140.17663">
        <ele>46.7</ele>
      </trkpt>
      <trkpt lat="39.65568" lon="140.17661">
        <ele>46.8</ele>
      </trkpt>
      <trkpt lat="39.65573" lon="140.17659">
        <ele>46.8</ele>
      </trkpt>
      <trkpt lat="39.65577" lon="140.17657">
        <ele>46.8</ele>
      </trkpt>
      <trkpt lat="39.65581" lon="140.17654">
        <ele>46.8</ele>
      </trkpt>
      <trkpt lat="39.65584" lon="140.17651">
        <ele>46.9</ele>
      </trkpt>
      <trkpt lat="39.65587" lon="140.17648">
        <ele>47.0</ele>
      </trkpt>
      <trkpt lat="39.65592" lon="140.17643">
        <ele>47.3</ele>
      </trkpt>
      <trkpt lat="39.65595" lon="140.17638">
        <ele>47.4</ele>
      </trkpt>
      <trkpt lat="39.65597" lon="140.17633">
        <ele>47.5</ele>
      </trkpt>
      <trkpt lat="39.656" lon="140.17628">
        <ele>47.6</ele>
      </trkpt>
      <trkpt lat="39.65602" lon="140.17623">
        <ele>47.6</ele>
      </trkpt>
      <trkpt lat="39.65603" lon="140.17618">
        <ele>47.5</ele>
      </trkpt>
      <trkpt lat="39.65604" lon="140.17616">
        <ele>47.5</ele>
      </trkpt>
      <trkpt lat="39.65604" lon="140.17612">
        <ele>47.4</ele>
      </trkpt>
      <trkpt lat="39.65605" lon="140.17604">
        <ele>47.3</ele>
      </trkpt>
      <trkpt lat="39.65605" lon="140.17599">
        <ele>47.2</ele>
      </trkpt>
      <trkpt lat="39.65605" lon="140.17595">
        <ele>47.1</ele>
      </trkpt>
      <trkpt lat="39.65604" lon="140.17586">
        <ele>46.8</ele>
      </trkpt>
      <trkpt lat="39.65603" lon="140.17572">
        <ele>46.4</ele>
      </trkpt>
      <trkpt lat="39.65603" lon="140.17572">
        <ele>46.4</ele>
      </trkpt>
      <trkpt lat="39.65601" lon="140.17565">
        <ele>46.1</ele>
      </trkpt>
      <trkpt lat="39.65611" lon="140.1756">
        <ele>46.3</ele>
      </trkpt>
      <trkpt lat="39.6564" lon="140.17532">
        <ele>46.4</ele>
      </trkpt>
      <trkpt lat="39.657" lon="140.17475">
        <ele>47.0</ele>
      </trkpt>
      <trkpt lat="39.65737" lon="140.17438">
        <ele>47.3</ele>
      </trkpt>
      <trkpt lat="39.65744" lon="140.17432">
        <ele>47.3</ele>
      </trkpt>
      <trkpt lat="39.65756" lon="140.17421">
        <ele>47.1</ele>
      </trkpt>
      <trkpt lat="39.65758" lon="140.17419">
        <ele>47.0</ele>
      </trkpt>
      <trkpt lat="39.65778" lon="140.17399">
        <ele>46.3</ele>
      </trkpt>
      <trkpt lat="39.65786" lon="140.17391">
        <ele>46.1</ele>
      </trkpt>
      <trkpt lat="39.65793" lon="140.17383">
        <ele>45.9</ele>
      </trkpt>
      <trkpt lat="39.658" lon="140.17375">
        <ele>45.7</ele>
      </trkpt>
      <trkpt lat="39.65801" lon="140.17375">
        <ele>45.7</ele>
      </trkpt>
      <trkpt lat="39.65817" lon="140.17355">
        <ele>45.3</ele>
      </trkpt>
      <trkpt lat="39.65817" lon="140.17354">
        <ele>45.3</ele>
      </trkpt>
      <trkpt lat="39.65832" lon="140.17334">
        <ele>45.0</ele>
      </trkpt>
      <trkpt lat="39.65844" lon="140.17316">
        <ele>44.8</ele>
      </trkpt>
      <trkpt lat="39.65858" lon="140.17293">
        <ele>44.6</ele>
      </trkpt>
      <trkpt lat="39.65865" lon="140.1728">
        <ele>44.5</ele>
      </trkpt>
      <trkpt lat="39.65867" lon="140.17276">
        <ele>44.4</ele>
      </trkpt>
      <trkpt lat="39.65874" lon="140.17263">
        <ele>44.3</ele>
      </trkpt>
      <trkpt lat="39.65889" lon="140.17233">
        <ele>43.9</ele>
      </trkpt>
      <trkpt lat="39.65918" lon="140.17176">
        <ele>42.3</ele>
      </trkpt>
      <trkpt lat="39.65946" lon="140.17121">
        <ele>41.8</ele>
      </trkpt>
      <trkpt lat="39.65953" lon="140.17109">
        <ele>41.7</ele>
      </trkpt>
      <trkpt lat="39.65962" lon="140.17091">
        <ele>41.5</ele>
      </trkpt>
      <trkpt lat="39.65974" lon="140.17065">
        <ele>41.0</ele>
      </trkpt>
      <trkpt lat="39.65991" lon="140.17032">
        <ele>40.4</ele>
      </trkpt>
      <trkpt lat="39.65995" lon="140.17022">
        <ele>40.2</ele>
      </trkpt>
      <trkpt lat="39.66002" lon="140.17009">
        <ele>40.2</ele>
      </trkpt>
      <trkpt lat="39.66025" lon="140.16963">
        <ele>40.3</ele>
      </trkpt>
      <trkpt lat="39.66033" lon="140.16948">
        <ele>40.3</ele>
      </trkpt>
      <trkpt lat="39.66046" lon="140.16922">
        <ele>40.1</ele>
      </trkpt>
      <trkpt lat="39.66057" lon="140.16901">
        <ele>40.1</ele>
      </trkpt>
      <trkpt lat="39.66108" lon="140.16798">
        <ele>40.9</ele>
      </trkpt>
      <trkpt lat="39.66126" lon="140.16764">
        <ele>41.5</ele>
      </trkpt>
      <trkpt lat="39.66138" lon="140.16739">
        <ele>41.8</ele>
      </trkpt>
      <trkpt lat="39.66188" lon="140.1664">
        <ele>42.5</ele>
      </trkpt>
      <trkpt lat="39.66191" lon="140.16633">
        <ele>42.6</ele>
      </trkpt>
      <trkpt lat="39.6621" lon="140.16596">
        <ele>42.9</ele>
      </trkpt>
      <trkpt lat="39.66223" lon="140.16571">
        <ele>42.8</ele>
      </trkpt>
      <trkpt lat="39.66231" lon="140.16556">
        <ele>42.6</ele>
      </trkpt>
      <trkpt lat="39.66234" lon="140.16548">
        <ele>42.5</ele>
      </trkpt>
      <trkpt lat="39.66251" lon="140.16515">
        <ele>42.2</ele>
      </trkpt>
      <trkpt lat="39.66272" lon="140.16473">
        <ele>41.3</ele>
      </trkpt>
      <trkpt lat="39.66283" lon="140.16451">
        <ele>40.8</ele>
      </trkpt>
      <trkpt lat="39.66307" lon="140.16402">
        <ele>39.3</ele>
      </trkpt>
      <trkpt lat="39.66311" lon="140.16395">
        <ele>39.1</ele>
      </trkpt>
      <trkpt lat="39.66335" lon="140.16347">
        <ele>38.2</ele>
      </trkpt>
      <trkpt lat="39.66346" lon="140.16325">
        <ele>38.5</ele>
      </trkpt>
      <trkpt lat="39.66358" lon="140.163">
        <ele>39.1</ele>
      </trkpt>
      <trkpt lat="39.66375" lon="140.16269">
        <ele>39.5</ele>
      </trkpt>
      <trkpt lat="39.6639" lon="140.16239">
        <ele>39.7</ele>
      </trkpt>
      <trkpt lat="39.66395" lon="140.16229">
        <ele>39.6</ele>
      </trkpt>
      <trkpt lat="39.66403" lon="140.16212">
        <ele>39.4</ele>
      </trkpt>
      <trkpt lat="39.66408" lon="140.16202">
        <ele>39.1</ele>
      </trkpt>
      <trkpt lat="39.66416" lon="140.16186">
        <ele>38.5</ele>
      </trkpt>
      <trkpt lat="39.66427" lon="140.16164">
        <ele>38.5</ele>
      </trkpt>
      <trkpt lat="39.66434" lon="140.16151">
        <ele>39.4</ele>
      </trkpt>
      <trkpt lat="39.66442" lon="140.16134">
        <ele>40.3</ele>
      </trkpt>
      <trkpt lat="39.66448" lon="140.16121">
        <ele>40.8</ele>
      </trkpt>
      <trkpt lat="39.6645" lon="140.16118">
        <ele>41.0</ele>
      </trkpt>
      <trkpt lat="39.66457" lon="140.16101">
        <ele>41.5</ele>
      </trkpt>
      <trkpt lat="39.66462" lon="140.16087">
        <ele>41.8</ele>
      </trkpt>
      <trkpt lat="39.66467" lon="140.16073">
        <ele>42.0</ele>
      </trkpt>
      <trkpt lat="39.66468" lon="140.16069">
        <ele>42.1</ele>
      </trkpt>
      <trkpt lat="39.66472" lon="140.16056">
        <ele>42.2</ele>
      </trkpt>
      <trkpt lat="39.66476" lon="140.16038">
        <ele>42.4</ele>
      </trkpt>
      <trkpt lat="39.66479" lon="140.16027">
        <ele>42.4</ele>
      </trkpt>
      <trkpt lat="39.6648" lon="140.16017">
        <ele>42.4</ele>
      </trkpt>
      <trkpt lat="39.66483" lon="140.16003">
        <ele>42.4</ele>
      </trkpt>
      <trkpt lat="39.66484" lon="140.15988">
        <ele>42.5</ele>
      </trkpt>
      <trkpt lat="39.66485" lon="140.15981">
        <ele>42.5</ele>
      </trkpt>
      <trkpt lat="39.66485" lon="140.1598">
        <ele>42.5</ele>
      </trkpt>
      <trkpt lat="39.66485" lon="140.15972">
        <ele>42.6</ele>
      </trkpt>
      <trkpt lat="39.66486" lon="140.15957">
        <ele>42.7</ele>
      </trkpt>
      <trkpt lat="39.66486" lon="140.1595">
        <ele>42.8</ele>
      </trkpt>
      <trkpt lat="39.66486" lon="140.15946">
        <ele>42.8</ele>
      </trkpt>
      <trkpt lat="39.66486" lon="140.15931">
        <ele>43.0</ele>
      </trkpt>
      <trkpt lat="39.66486" lon="140.15911">
        <ele>43.1</ele>
      </trkpt>
      <trkpt lat="39.66485" lon="140.15868">
        <ele>42.7</ele>
      </trkpt>
      <trkpt lat="39.66485" lon="140.15868">
        <ele>42.7</ele>
      </trkpt>
      <trkpt lat="39.6655" lon="140.15866">
        <ele>42.0</ele>
      </trkpt>
      <trkpt lat="39.66561" lon="140.15866">
        <ele>42.0</ele>
      </trkpt>
      <trkpt lat="39.66579" lon="140.15865">
        <ele>42.0</ele>
      </trkpt>
      <trkpt lat="39.66585" lon="140.15865">
        <ele>41.9</ele>
      </trkpt>
      <trkpt lat="39.66597" lon="140.15864">
        <ele>41.5</ele>
      </trkpt>
      <trkpt lat="39.66607" lon="140.15863">
        <ele>41.1</ele>
      </trkpt>
      <trkpt lat="39.66616" lon="140.15862">
        <ele>40.7</ele>
      </trkpt>
      <trkpt lat="39.66623" lon="140.1586">
        <ele>40.4</ele>
      </trkpt>
      <trkpt lat="39.66632" lon="140.15859">
        <ele>40.0</ele>
      </trkpt>
      <trkpt lat="39.6664" lon="140.15857">
        <ele>39.7</ele>
      </trkpt>
      <trkpt lat="39.6665" lon="140.15854">
        <ele>39.2</ele>
      </trkpt>
      <trkpt lat="39.6666" lon="140.15851">
        <ele>38.7</ele>
      </trkpt>
      <trkpt lat="39.66668" lon="140.15847">
        <ele>38.3</ele>
      </trkpt>
      <trkpt lat="39.66674" lon="140.15845">
        <ele>37.9</ele>
      </trkpt>
      <trkpt lat="39.66684" lon="140.15841">
        <ele>37.2</ele>
      </trkpt>
      <trkpt lat="39.66694" lon="140.15836">
        <ele>36.5</ele>
      </trkpt>
      <trkpt lat="39.66706" lon="140.15829">
        <ele>35.7</ele>
      </trkpt>
      <trkpt lat="39.66716" lon="140.15823">
        <ele>35.2</ele>
      </trkpt>
      <trkpt lat="39.66727" lon="140.15816">
        <ele>34.7</ele>
      </trkpt>
      <trkpt lat="39.66739" lon="140.15807">
        <ele>34.2</ele>
      </trkpt>
      <trkpt lat="39.66743" lon="140.15804">
        <ele>34.1</ele>
      </trkpt>
      <trkpt lat="39.66749" lon="140.15798">
        <ele>33.9</ele>
      </trkpt>
      <trkpt lat="39.66756" lon="140.15792">
        <ele>33.5</ele>
      </trkpt>
      <trkpt lat="39.66758" lon="140.15791">
        <ele>33.3</ele>
      </trkpt>
      <trkpt lat="39.66772" lon="140.15777">
        <ele>32.2</ele>
      </trkpt>
      <trkpt lat="39.66778" lon="140.15771">
        <ele>31.7</ele>
      </trkpt>
      <trkpt lat="39.66787" lon="140.15762">
        <ele>30.9</ele>
      </trkpt>
      <trkpt lat="39.66794" lon="140.15753">
        <ele>30.2</ele>
      </trkpt>
      <trkpt lat="39.66802" lon="140.15744">
        <ele>29.7</ele>
      </trkpt>
      <trkpt lat="39.6681" lon="140.15732">
        <ele>29.4</ele>
      </trkpt>
      <trkpt lat="39.66818" lon="140.15721">
        <ele>29.1</ele>
      </trkpt>
      <trkpt lat="39.66825" lon="140.15709">
        <ele>28.9</ele>
      </trkpt>
      <trkpt lat="39.66836" lon="140.15691">
        <ele>28.6</ele>
      </trkpt>
      <trkpt lat="39.66839" lon="140.15685">
        <ele>28.6</ele>
      </trkpt>
      <trkpt lat="39.66845" lon="140.15675">
        <ele>28.4</ele>
      </trkpt>
      <trkpt lat="39.66868" lon="140.15629">
        <ele>26.9</ele>
      </trkpt>
      <trkpt lat="39.66893" lon="140.1558">
        <ele>23.3</ele>
      </trkpt>
      <trkpt lat="39.66912" lon="140.15541">
        <ele>19.9</ele>
      </trkpt>
      <trkpt lat="39.66923" lon="140.15519">
        <ele>18.5</ele>
      </trkpt>
      <trkpt lat="39.66925" lon="140.15516">
        <ele>18.3</ele>
      </trkpt>
      <trkpt lat="39.66933" lon="140.15496">
        <ele>17.8</ele>
      </trkpt>
      <trkpt lat="39.66943" lon="140.15471">
        <ele>16.7</ele>
      </trkpt>
      <trkpt lat="39.66949" lon="140.15454">
        <ele>15.8</ele>
      </trkpt>
      <trkpt lat="39.66949" lon="140.15453">
        <ele>15.8</ele>
      </trkpt>
      <trkpt lat="39.66955" lon="140.15435">
        <ele>14.8</ele>
      </trkpt>
      <trkpt lat="39.66959" lon="140.15419">
        <ele>14.0</ele>
      </trkpt>
      <trkpt lat="39.66963" lon="140.15402">
        <ele>12.5</ele>
      </trkpt>
      <trkpt lat="39.66966" lon="140.15385">
        <ele>11.2</ele>
      </trkpt>
      <trkpt lat="39.66969" lon="140.15372">
        <ele>10.1</ele>
      </trkpt>
      <trkpt lat="39.66969" lon="140.1537">
        <ele>10.0</ele>
      </trkpt>
      <trkpt lat="39.66972" lon="140.1535">
        <ele>8.6</ele>
      </trkpt>
      <trkpt lat="39.66975" lon="140.15326">
        <ele>7.4</ele>
      </trkpt>
      <trkpt lat="39.66975" lon="140.15325">
        <ele>7.4</ele>
      </trkpt>
      <trkpt lat="39.6698" lon="140.15279">
        <ele>6.9</ele>
      </trkpt>
      <trkpt lat="39.66992" lon="140.15185">
        <ele>6.3</ele>
      </trkpt>
      <trkpt lat="39.66994" lon="140.15162">
        <ele>6.1</ele>
      </trkpt>
      <trkpt lat="39.66999" lon="140.15127">
        <ele>6.0</ele>
      </trkpt>
      <trkpt lat="39.67" lon="140.15121">
        <ele>6.0</ele>
      </trkpt>
      <trkpt lat="39.67002" lon="140.1511">
        <ele>6.0</ele>
      </trkpt>
      <trkpt lat="39.67006" lon="140.15096">
        <ele>5.9</ele>
      </trkpt>
      <trkpt lat="39.67009" lon="140.15087">
        <ele>5.8</ele>
      </trkpt>
      <trkpt lat="39.67014" lon="140.15073">
        <ele>5.4</ele>
      </trkpt>
      <trkpt lat="39.67015" lon="140.15073">
        <ele>5.4</ele>
      </trkpt>
      <trkpt lat="39.67019" lon="140.15064">
        <ele>5.1</ele>
      </trkpt>
      <trkpt lat="39.67022" lon="140.15058">
        <ele>4.9</ele>
      </trkpt>
      <trkpt lat="39.67025" lon="140.15053">
        <ele>4.7</ele>
      </trkpt>
      <trkpt lat="39.67027" lon="140.15049">
        <ele>4.5</ele>
      </trkpt>
      <trkpt lat="39.67033" lon="140.15042">
        <ele>4.1</ele>
      </trkpt>
      <trkpt lat="39.67037" lon="140.15035">
        <ele>3.9</ele>
      </trkpt>
      <trkpt lat="39.67043" lon="140.15028">
        <ele>3.6</ele>
      </trkpt>
      <trkpt lat="39.67048" lon="140.15023">
        <ele>3.3</ele>
      </trkpt>
      <trkpt lat="39.67051" lon="140.1502">
        <ele>3.2</ele>
      </trkpt>
      <trkpt lat="39.67057" lon="140.15015">
        <ele>2.9</ele>
      </trkpt>
      <trkpt lat="39.67063" lon="140.1501">
        <ele>2.7</ele>
      </trkpt>
      <trkpt lat="39.6707" lon="140.15005">
        <ele>2.4</ele>
      </trkpt>
      <trkpt lat="39.67077" lon="140.15001">
        <ele>2.2</ele>
      </trkpt>
      <trkpt lat="39.67086" lon="140.14996">
        <ele>2.1</ele>
      </trkpt>
      <trkpt lat="39.67095" lon="140.14993">
        <ele>2.2</ele>
      </trkpt>
      <trkpt lat="39.67104" lon="140.1499">
        <ele>2.3</ele>
      </trkpt>
      <trkpt lat="39.67112" lon="140.14988">
        <ele>2.4</ele>
      </trkpt>
      <trkpt lat="39.67114" lon="140.14988">
        <ele>2.4</ele>
      </trkpt>
      <trkpt lat="39.67122" lon="140.14987">
        <ele>2.5</ele>
      </trkpt>
      <trkpt lat="39.67135" lon="140.14986">
        <ele>2.6</ele>
      </trkpt>
      <trkpt lat="39.67168" lon="140.14983">
        <ele>2.8</ele>
      </trkpt>
      <trkpt lat="39.67215" lon="140.1498">
        <ele>3.3</ele>
      </trkpt>
      <trkpt lat="39.67268" lon="140.14976">
        <ele>3.5</ele>
      </trkpt>
      <trkpt lat="39.67313" lon="140.14973">
        <ele>2.9</ele>
      </trkpt>
      <trkpt lat="39.67322" lon="140.14973">
        <ele>2.8</ele>
      </trkpt>
      <trkpt lat="39.67325" lon="140.14973">
        <ele>2.8</ele>
      </trkpt>
      <trkpt lat="39.67329" lon="140.14973">
        <ele>2.7</ele>
      </trkpt>
      <trkpt lat="39.67334" lon="140.14973">
        <ele>2.7</ele>
      </trkpt>
      <trkpt lat="39.67338" lon="140.14974">
        <ele>2.8</ele>
      </trkpt>
      <trkpt lat="39.67344" lon="140.14975">
        <ele>2.9</ele>
      </trkpt>
      <trkpt lat="39.67356" lon="140.14977">
        <ele>3.1</ele>
      </trkpt>
      <trkpt lat="39.67369" lon="140.14981">
        <ele>3.3</ele>
      </trkpt>
      <trkpt lat="39.67377" lon="140.14984">
        <ele>3.4</ele>
      </trkpt>
      <trkpt lat="39.67382" lon="140.14986">
        <ele>3.5</ele>
      </trkpt>
      <trkpt lat="39.67386" lon="140.14988">
        <ele>3.6</ele>
      </trkpt>
      <trkpt lat="39.67391" lon="140.1499">
        <ele>3.7</ele>
      </trkpt>
      <trkpt lat="39.67397" lon="140.14994">
        <ele>3.7</ele>
      </trkpt>
      <trkpt lat="39.67406" lon="140.14999">
        <ele>3.9</ele>
      </trkpt>
      <trkpt lat="39.67416" lon="140.15007">
        <ele>4.1</ele>
      </trkpt>
      <trkpt lat="39.6742" lon="140.15011">
        <ele>4.2</ele>
      </trkpt>
      <trkpt lat="39.67427" lon="140.15018">
        <ele>4.4</ele>
      </trkpt>
      <trkpt lat="39.67432" lon="140.15023">
        <ele>4.5</ele>
      </trkpt>
      <trkpt lat="39.67435" lon="140.15027">
        <ele>4.6</ele>
      </trkpt>
      <trkpt lat="39.67451" lon="140.15042">
        <ele>4.7</ele>
      </trkpt>
      <trkpt lat="39.67464" lon="140.15055">
        <ele>4.9</ele>
      </trkpt>
      <trkpt lat="39.6747" lon="140.15063">
        <ele>5.0</ele>
      </trkpt>
      <trkpt lat="39.67482" lon="140.15076">
        <ele>5.2</ele>
      </trkpt>
      <trkpt lat="39.67511" lon="140.15108">
        <ele>5.7</ele>
      </trkpt>
      <trkpt lat="39.67518" lon="140.15115">
        <ele>5.8</ele>
      </trkpt>
      <trkpt lat="39.67525" lon="140.15122">
        <ele>5.9</ele>
      </trkpt>
      <trkpt lat="39.67548" lon="140.15148">
        <ele>6.4</ele>
      </trkpt>
      <trkpt lat="39.67556" lon="140.15157">
        <ele>6.6</ele>
      </trkpt>
      <trkpt lat="39.67565" lon="140.15166">
        <ele>6.8</ele>
      </trkpt>
      <trkpt lat="39.6758" lon="140.15184">
        <ele>7.0</ele>
      </trkpt>
      <trkpt lat="39.67622" lon="140.15231">
        <ele>7.5</ele>
      </trkpt>
      <trkpt lat="39.67638" lon="140.15249">
        <ele>7.7</ele>
      </trkpt>
      <trkpt lat="39.6765" lon="140.15261">
        <ele>7.8</ele>
      </trkpt>
      <trkpt lat="39.67664" lon="140.15273">
        <ele>8.0</ele>
      </trkpt>
      <trkpt lat="39.6768" lon="140.15282">
        <ele>8.2</ele>
      </trkpt>
      <trkpt lat="39.67686" lon="140.15286">
        <ele>8.2</ele>
      </trkpt>
      <trkpt lat="39.67693" lon="140.15289">
        <ele>8.3</ele>
      </trkpt>
      <trkpt lat="39.67697" lon="140.1529">
        <ele>8.4</ele>
      </trkpt>
      <trkpt lat="39.67702" lon="140.15292">
        <ele>8.4</ele>
      </trkpt>
      <trkpt lat="39.67708" lon="140.15294">
        <ele>8.5</ele>
      </trkpt>
      <trkpt lat="39.67715" lon="140.15295">
        <ele>8.6</ele>
      </trkpt>
      <trkpt lat="39.67721" lon="140.15296">
        <ele>8.7</ele>
      </trkpt>
      <trkpt lat="39.67729" lon="140.15297">
        <ele>8.7</ele>
      </trkpt>
      <trkpt lat="39.67738" lon="140.15297">
        <ele>8.9</ele>
      </trkpt>
      <trkpt lat="39.67748" lon="140.15296">
        <ele>9.0</ele>
      </trkpt>
      <trkpt lat="39.67756" lon="140.15295">
        <ele>9.0</ele>
      </trkpt>
      <trkpt lat="39.67761" lon="140.15294">
        <ele>9.0</ele>
      </trkpt>
      <trkpt lat="39.67766" lon="140.15293">
        <ele>9.0</ele>
      </trkpt>
      <trkpt lat="39.67774" lon="140.15291">
        <ele>9.0</ele>
      </trkpt>
      <trkpt lat="39.67775" lon="140.15291">
        <ele>9.0</ele>
      </trkpt>
      <trkpt lat="39.67782" lon="140.15288">
        <ele>9.0</ele>
      </trkpt>
      <trkpt lat="39.6779" lon="140.15285">
        <ele>9.0</ele>
      </trkpt>
      <trkpt lat="39.67802" lon="140.1528">
        <ele>9.0</ele>
      </trkpt>
      <trkpt lat="39.67808" lon="140.15277">
        <ele>9.0</ele>
      </trkpt>
      <trkpt lat="39.67825" lon="140.15269">
        <ele>9.0</ele>
      </trkpt>
      <trkpt lat="39.67829" lon="140.15267">
        <ele>9.0</ele>
      </trkpt>
      <trkpt lat="39.67854" lon="140.15254">
        <ele>8.5</ele>
      </trkpt>
      <trkpt lat="39.67876" lon="140.15244">
        <ele>7.8</ele>
      </trkpt>
      <trkpt lat="39.67879" lon="140.15242">
        <ele>7.7</ele>
      </trkpt>
      <trkpt lat="39.67898" lon="140.15233">
        <ele>7.2</ele>
      </trkpt>
      <trkpt lat="39.67917" lon="140.15224">
        <ele>6.7</ele>
      </trkpt>
      <trkpt lat="39.67985" lon="140.15192">
        <ele>6.1</ele>
      </trkpt>
      <trkpt lat="39.6805" lon="140.1516">
        <ele>7.2</ele>
      </trkpt>
      <trkpt lat="39.68108" lon="140.15132">
        <ele>7.5</ele>
      </trkpt>
      <trkpt lat="39.68143" lon="140.15114">
        <ele>6.9</ele>
      </trkpt>
      <trkpt lat="39.68159" lon="140.15106">
        <ele>6.6</ele>
      </trkpt>
      <trkpt lat="39.68192" lon="140.15091">
        <ele>6.1</ele>
      </trkpt>
      <trkpt lat="39.68202" lon="140.15086">
        <ele>6.0</ele>
      </trkpt>
      <trkpt lat="39.68209" lon="140.15083">
        <ele>6.0</ele>
      </trkpt>
      <trkpt lat="39.68221" lon="140.15078">
        <ele>6.0</ele>
      </trkpt>
      <trkpt lat="39.68226" lon="140.15075">
        <ele>6.1</ele>
      </trkpt>
      <trkpt lat="39.68243" lon="140.15067">
        <ele>6.2</ele>
      </trkpt>
      <trkpt lat="39.68258" lon="140.1506">
        <ele>6.3</ele>
      </trkpt>
      <trkpt lat="39.68277" lon="140.15051">
        <ele>6.5</ele>
      </trkpt>
      <trkpt lat="39.68284" lon="140.15047">
        <ele>6.6</ele>
      </trkpt>
      <trkpt lat="39.68327" lon="140.15027">
        <ele>7.3</ele>
      </trkpt>
      <trkpt lat="39.68395" lon="140.14994">
        <ele>7.9</ele>
      </trkpt>
      <trkpt lat="39.68446" lon="140.1497">
        <ele>7.0</ele>
      </trkpt>
      <trkpt lat="39.68495" lon="140.14946">
        <ele>6.7</ele>
      </trkpt>
      <trkpt lat="39.68529" lon="140.1493">
        <ele>6.3</ele>
      </trkpt>
      <trkpt lat="39.6859" lon="140.14901">
        <ele>5.1</ele>
      </trkpt>
      <trkpt lat="39.68606" lon="140.14893">
        <ele>5.3</ele>
      </trkpt>
      <trkpt lat="39.68613" lon="140.1489">
        <ele>5.4</ele>
      </trkpt>
      <trkpt lat="39.68639" lon="140.1488">
        <ele>5.7</ele>
      </trkpt>
      <trkpt lat="39.68656" lon="140.14873">
        <ele>5.9</ele>
      </trkpt>
      <trkpt lat="39.68682" lon="140.14864">
        <ele>6.1</ele>
      </trkpt>
      <trkpt lat="39.68693" lon="140.14861">
        <ele>6.1</ele>
      </trkpt>
      <trkpt lat="39.6871" lon="140.14857">
        <ele>6.1</ele>
      </trkpt>
      <trkpt lat="39.68717" lon="140.14855">
        <ele>6.2</ele>
      </trkpt>
      <trkpt lat="39.68728" lon="140.14853">
        <ele>6.2</ele>
      </trkpt>
      <trkpt lat="39.68731" lon="140.14853">
        <ele>6.2</ele>
      </trkpt>
      <trkpt lat="39.68739" lon="140.14851">
        <ele>6.2</ele>
      </trkpt>
      <trkpt lat="39.68752" lon="140.14849">
        <ele>6.2</ele>
      </trkpt>
      <trkpt lat="39.68764" lon="140.14848">
        <ele>6.0</ele>
      </trkpt>
      <trkpt lat="39.68776" lon="140.14846">
        <ele>5.9</ele>
      </trkpt>
      <trkpt lat="39.68791" lon="140.14845">
        <ele>5.8</ele>
      </trkpt>
      <trkpt lat="39.68801" lon="140.14844">
        <ele>5.7</ele>
      </trkpt>
      <trkpt lat="39.6881" lon="140.14844">
        <ele>5.7</ele>
      </trkpt>
      <trkpt lat="39.68818" lon="140.14844">
        <ele>5.7</ele>
      </trkpt>
      <trkpt lat="39.68827" lon="140.14844">
        <ele>5.6</ele>
      </trkpt>
      <trkpt lat="39.68829" lon="140.14844">
        <ele>5.6</ele>
      </trkpt>
      <trkpt lat="39.6885" lon="140.14845">
        <ele>5.6</ele>
      </trkpt>
      <trkpt lat="39.68855" lon="140.14845">
        <ele>5.7</ele>
      </trkpt>
      <trkpt lat="39.68865" lon="140.14846">
        <ele>5.9</ele>
      </trkpt>
      <trkpt lat="39.68914" lon="140.14849">
        <ele>6.9</ele>
      </trkpt>
      <trkpt lat="39.68939" lon="140.14852">
        <ele>7.2</ele>
      </trkpt>
      <trkpt lat="39.68972" lon="140.14856">
        <ele>7.5</ele>
      </trkpt>
      <trkpt lat="39.68976" lon="140.14856">
        <ele>7.5</ele>
      </trkpt>
      <trkpt lat="39.68993" lon="140.14858">
        <ele>7.6</ele>
      </trkpt>
      <trkpt lat="39.69035" lon="140.14863">
        <ele>7.5</ele>
      </trkpt>
      <trkpt lat="39.6912" lon="140.14872">
        <ele>7.5</ele>
      </trkpt>
      <trkpt lat="39.69154" lon="140.14875">
        <ele>7.5</ele>
      </trkpt>
      <trkpt lat="39.69156" lon="140.14876">
        <ele>7.5</ele>
      </trkpt>
      <trkpt lat="39.69192" lon="140.14879">
        <ele>7.4</ele>
      </trkpt>
      <trkpt lat="39.6921" lon="140.14881">
        <ele>7.3</ele>
      </trkpt>
      <trkpt lat="39.69227" lon="140.14882">
        <ele>7.3</ele>
      </trkpt>
      <trkpt lat="39.69281" lon="140.14887">
        <ele>8.6</ele>
      </trkpt>
      <trkpt lat="39.69298" lon="140.14888">
        <ele>9.4</ele>
      </trkpt>
      <trkpt lat="39.69365" lon="140.14894">
        <ele>10.0</ele>
      </trkpt>
      <trkpt lat="39.6938" lon="140.14895">
        <ele>9.4</ele>
      </trkpt>
      <trkpt lat="39.69401" lon="140.14896">
        <ele>8.6</ele>
      </trkpt>
      <trkpt lat="39.69419" lon="140.14897">
        <ele>8.0</ele>
      </trkpt>
      <trkpt lat="39.69456" lon="140.14899">
        <ele>8.2</ele>
      </trkpt>
      <trkpt lat="39.69473" lon="140.14901">
        <ele>8.3</ele>
      </trkpt>
      <trkpt lat="39.69527" lon="140.14905">
        <ele>9.0</ele>
      </trkpt>
      <trkpt lat="39.69563" lon="140.14907">
        <ele>9.6</ele>
      </trkpt>
      <trkpt lat="39.69581" lon="140.14908">
        <ele>9.9</ele>
      </trkpt>
      <trkpt lat="39.69635" lon="140.14912">
        <ele>10.6</ele>
      </trkpt>
      <trkpt lat="39.69714" lon="140.14917">
        <ele>9.3</ele>
      </trkpt>
      <trkpt lat="39.69746" lon="140.14919">
        <ele>8.1</ele>
      </trkpt>
      <trkpt lat="39.69808" lon="140.14923">
        <ele>7.3</ele>
      </trkpt>
      <trkpt lat="39.69869" lon="140.14926">
        <ele>7.0</ele>
      </trkpt>
      <trkpt lat="39.69882" lon="140.14927">
        <ele>7.0</ele>
      </trkpt>
      <trkpt lat="39.69908" lon="140.14929">
        <ele>7.0</ele>
      </trkpt>
      <trkpt lat="39.69936" lon="140.1493">
        <ele>7.2</ele>
      </trkpt>
      <trkpt lat="39.69962" lon="140.14932">
        <ele>7.5</ele>
      </trkpt>
      <trkpt lat="39.69973" lon="140.14933">
        <ele>7.7</ele>
      </trkpt>
      <trkpt lat="39.70005" lon="140.14935">
        <ele>8.2</ele>
      </trkpt>
      <trkpt lat="39.70015" lon="140.14936">
        <ele>8.7</ele>
      </trkpt>
      <trkpt lat="39.70016" lon="140.14936">
        <ele>8.7</ele>
      </trkpt>
      <trkpt lat="39.70022" lon="140.14937">
        <ele>9.0</ele>
      </trkpt>
      <trkpt lat="39.70026" lon="140.14938">
        <ele>9.2</ele>
      </trkpt>
      <trkpt lat="39.7003" lon="140.14938">
        <ele>9.4</ele>
      </trkpt>
      <trkpt lat="39.70053" lon="140.14939">
        <ele>10.4</ele>
      </trkpt>
      <trkpt lat="39.7007" lon="140.1494">
        <ele>11.2</ele>
      </trkpt>
      <trkpt lat="39.70085" lon="140.1494">
        <ele>12.0</ele>
      </trkpt>
      <trkpt lat="39.70104" lon="140.14941">
        <ele>14.4</ele>
      </trkpt>
      <trkpt lat="39.70111" lon="140.14942">
        <ele>15.3</ele>
      </trkpt>
      <trkpt lat="39.70124" lon="140.14943">
        <ele>16.9</ele>
      </trkpt>
      <trkpt lat="39.70129" lon="140.14943">
        <ele>17.5</ele>
      </trkpt>
      <trkpt lat="39.7014" lon="140.14944">
        <ele>18.8</ele>
      </trkpt>
      <trkpt lat="39.70168" lon="140.14946">
        <ele>22.1</ele>
      </trkpt>
      <trkpt lat="39.70203" lon="140.14948">
        <ele>24.6</ele>
      </trkpt>
      <trkpt lat="39.70219" lon="140.14949">
        <ele>25.7</ele>
      </trkpt>
      <trkpt lat="39.70233" lon="140.1495">
        <ele>26.6</ele>
      </trkpt>
      <trkpt lat="39.70237" lon="140.1495">
        <ele>26.9</ele>
      </trkpt>
      <trkpt lat="39.70255" lon="140.14951">
        <ele>27.2</ele>
      </trkpt>
      <trkpt lat="39.7026" lon="140.14952">
        <ele>26.6</ele>
      </trkpt>
      <trkpt lat="39.70291" lon="140.14953">
        <ele>23.4</ele>
      </trkpt>
      <trkpt lat="39.70315" lon="140.14954">
        <ele>20.9</ele>
      </trkpt>
      <trkpt lat="39.7034" lon="140.14955">
        <ele>18.8</ele>
      </trkpt>
      <trkpt lat="39.70351" lon="140.14959">
        <ele>18.4</ele>
      </trkpt>
      <trkpt lat="39.70382" lon="140.14958">
        <ele>17.2</ele>
      </trkpt>
      <trkpt lat="39.70419" lon="140.14956">
        <ele>15.9</ele>
      </trkpt>
      <trkpt lat="39.70452" lon="140.14955">
        <ele>15.6</ele>
      </trkpt>
      <trkpt lat="39.70454" lon="140.14954">
        <ele>15.5</ele>
      </trkpt>
      <trkpt lat="39.70472" lon="140.14953">
        <ele>15.3</ele>
      </trkpt>
      <trkpt lat="39.70496" lon="140.14952">
        <ele>15.0</ele>
      </trkpt>
      <trkpt lat="39.70523" lon="140.1495">
        <ele>13.8</ele>
      </trkpt>
      <trkpt lat="39.70532" lon="140.1495">
        <ele>13.4</ele>
      </trkpt>
      <trkpt lat="39.7056" lon="140.14948">
        <ele>12.1</ele>
      </trkpt>
      <trkpt lat="39.70573" lon="140.14947">
        <ele>11.5</ele>
      </trkpt>
      <trkpt lat="39.70621" lon="140.14944">
        <ele>10.4</ele>
      </trkpt>
      <trkpt lat="39.70633" lon="140.14943">
        <ele>10.2</ele>
      </trkpt>
      <trkpt lat="39.70643" lon="140.14942">
        <ele>10.0</ele>
      </trkpt>
      <trkpt lat="39.70652" lon="140.14942">
        <ele>9.8</ele>
      </trkpt>
      <trkpt lat="39.70714" lon="140.14936">
        <ele>9.9</ele>
      </trkpt>
      <trkpt lat="39.70722" lon="140.14935">
        <ele>10.0</ele>
      </trkpt>
      <trkpt lat="39.70766" lon="140.14932">
        <ele>10.4</ele>
      </trkpt>
      <trkpt lat="39.70818" lon="140.14928">
        <ele>11.0</ele>
      </trkpt>
      <trkpt lat="39.70881" lon="140.14923">
        <ele>12.2</ele>
      </trkpt>
      <trkpt lat="39.70913" lon="140.14921">
        <ele>13.0</ele>
      </trkpt>
      <trkpt lat="39.70955" lon="140.14918">
        <ele>12.6</ele>
      </trkpt>
      <trkpt lat="39.7097" lon="140.14917">
        <ele>12.4</ele>
      </trkpt>
      <trkpt lat="39.70977" lon="140.14916">
        <ele>12.3</ele>
      </trkpt>
      <trkpt lat="39.71035" lon="140.14911">
        <ele>11.5</ele>
      </trkpt>
      <trkpt lat="39.71063" lon="140.14909">
        <ele>11.2</ele>
      </trkpt>
      <trkpt lat="39.7109" lon="140.14907">
        <ele>10.9</ele>
      </trkpt>
      <trkpt lat="39.71095" lon="140.14906">
        <ele>10.9</ele>
      </trkpt>
      <trkpt lat="39.71115" lon="140.14904">
        <ele>10.8</ele>
      </trkpt>
      <trkpt lat="39.71141" lon="140.14902">
        <ele>10.7</ele>
      </trkpt>
      <trkpt lat="39.71144" lon="140.14902">
        <ele>10.7</ele>
      </trkpt>
      <trkpt lat="39.71154" lon="140.14901">
        <ele>10.7</ele>
      </trkpt>
      <trkpt lat="39.71189" lon="140.14898">
        <ele>10.1</ele>
      </trkpt>
      <trkpt lat="39.71195" lon="140.14897">
        <ele>9.9</ele>
      </trkpt>
      <trkpt lat="39.71212" lon="140.14896">
        <ele>9.7</ele>
      </trkpt>
      <trkpt lat="39.71222" lon="140.14896">
        <ele>9.6</ele>
      </trkpt>
      <trkpt lat="39.71225" lon="140.14896">
        <ele>9.6</ele>
      </trkpt>
      <trkpt lat="39.71258" lon="140.14893">
        <ele>9.3</ele>
      </trkpt>
      <trkpt lat="39.71263" lon="140.14892">
        <ele>9.2</ele>
      </trkpt>
      <trkpt lat="39.71277" lon="140.14891">
        <ele>9.1</ele>
      </trkpt>
      <trkpt lat="39.71289" lon="140.1489">
        <ele>9.0</ele>
      </trkpt>
      <trkpt lat="39.71293" lon="140.1489">
        <ele>9.0</ele>
      </trkpt>
      <trkpt lat="39.71306" lon="140.14889">
        <ele>8.8</ele>
      </trkpt>
      <trkpt lat="39.71338" lon="140.14887">
        <ele>8.6</ele>
      </trkpt>
      <trkpt lat="39.71364" lon="140.14884">
        <ele>8.7</ele>
      </trkpt>
      <trkpt lat="39.7144" lon="140.14878">
        <ele>9.2</ele>
      </trkpt>
      <trkpt lat="39.715" lon="140.14873">
        <ele>10.0</ele>
      </trkpt>
      <trkpt lat="39.71547" lon="140.1487">
        <ele>10.6</ele>
      </trkpt>
      <trkpt lat="39.71557" lon="140.1487">
        <ele>10.7</ele>
      </trkpt>
      <trkpt lat="39.71567" lon="140.14864">
        <ele>10.9</ele>
      </trkpt>
      <trkpt lat="39.71585" lon="140.14863">
        <ele>11.0</ele>
      </trkpt>
      <trkpt lat="39.71614" lon="140.14861">
        <ele>11.1</ele>
      </trkpt>
      <trkpt lat="39.71657" lon="140.14857">
        <ele>11.3</ele>
      </trkpt>
      <trkpt lat="39.71684" lon="140.14855">
        <ele>11.1</ele>
      </trkpt>
      <trkpt lat="39.71715" lon="140.14853">
        <ele>10.7</ele>
      </trkpt>
      <trkpt lat="39.71717" lon="140.14852">
        <ele>10.6</ele>
      </trkpt>
      <trkpt lat="39.71763" lon="140.14849">
        <ele>10.3</ele>
      </trkpt>
      <trkpt lat="39.7177" lon="140.14849">
        <ele>10.3</ele>
      </trkpt>
      <trkpt lat="39.7178" lon="140.14847">
        <ele>10.3</ele>
      </trkpt>
      <trkpt lat="39.71846" lon="140.14842">
        <ele>10.0</ele>
      </trkpt>
      <trkpt lat="39.7188" lon="140.14839">
        <ele>10.0</ele>
      </trkpt>
      <trkpt lat="39.71911" lon="140.14836">
        <ele>10.0</ele>
      </trkpt>
      <trkpt lat="39.71964" lon="140.14833">
        <ele>10.0</ele>
      </trkpt>
      <trkpt lat="39.71996" lon="140.1483">
        <ele>10.0</ele>
      </trkpt>
      <trkpt lat="39.72031" lon="140.14827">
        <ele>10.0</ele>
      </trkpt>
      <trkpt lat="39.72038" lon="140.14827">
        <ele>10.0</ele>
      </trkpt>
      <trkpt lat="39.72048" lon="140.14826">
        <ele>10.0</ele>
      </trkpt>
      <trkpt lat="39.7205" lon="140.14826">
        <ele>10.0</ele>
      </trkpt>
      <trkpt lat="39.72054" lon="140.14825">
        <ele>10.0</ele>
      </trkpt>
      <trkpt lat="39.72084" lon="140.14823">
        <ele>10.0</ele>
      </trkpt>
      <trkpt lat="39.72092" lon="140.14822">
        <ele>9.9</ele>
      </trkpt>
      <trkpt lat="39.7212" lon="140.1482">
        <ele>9.6</ele>
      </trkpt>
      <trkpt lat="39.72129" lon="140.14819">
        <ele>9.5</ele>
      </trkpt>
      <trkpt lat="39.72192" lon="140.14814">
        <ele>9.3</ele>
      </trkpt>
      <trkpt lat="39.72221" lon="140.14812">
        <ele>9.7</ele>
      </trkpt>
      <trkpt lat="39.72267" lon="140.14809">
        <ele>10.1</ele>
      </trkpt>
      <trkpt lat="39.72394" lon="140.14798">
        <ele>10.5</ele>
      </trkpt>
      <trkpt lat="39.72411" lon="140.14797">
        <ele>10.5</ele>
      </trkpt>
      <trkpt lat="39.72446" lon="140.14794">
        <ele>10.8</ele>
      </trkpt>
      <trkpt lat="39.72468" lon="140.14793">
        <ele>11.1</ele>
      </trkpt>
      <trkpt lat="39.72479" lon="140.14792">
        <ele>11.3</ele>
      </trkpt>
      <trkpt lat="39.72497" lon="140.1479">
        <ele>11.4</ele>
      </trkpt>
      <trkpt lat="39.72539" lon="140.14787">
        <ele>11.4</ele>
      </trkpt>
      <trkpt lat="39.72579" lon="140.14784">
        <ele>11.4</ele>
      </trkpt>
      <trkpt lat="39.72595" lon="140.14783">
        <ele>11.5</ele>
      </trkpt>
      <trkpt lat="39.72615" lon="140.14781">
        <ele>11.7</ele>
      </trkpt>
      <trkpt lat="39.72639" lon="140.14779">
        <ele>12.0</ele>
      </trkpt>
      <trkpt lat="39.72648" lon="140.14779">
        <ele>12.1</ele>
      </trkpt>
      <trkpt lat="39.72672" lon="140.14777">
        <ele>12.2</ele>
      </trkpt>
      <trkpt lat="39.72699" lon="140.14775">
        <ele>11.5</ele>
      </trkpt>
      <trkpt lat="39.72748" lon="140.14771">
        <ele>10.1</ele>
      </trkpt>
      <trkpt lat="39.7278" lon="140.14769">
        <ele>10.1</ele>
      </trkpt>
      <trkpt lat="39.72791" lon="140.14768">
        <ele>10.1</ele>
      </trkpt>
      <trkpt lat="39.728" lon="140.14767">
        <ele>10.1</ele>
      </trkpt>
      <trkpt lat="39.72809" lon="140.14765">
        <ele>10.1</ele>
      </trkpt>
      <trkpt lat="39.72818" lon="140.14763">
        <ele>10.1</ele>
      </trkpt>
      <trkpt lat="39.72823" lon="140.14762">
        <ele>10.1</ele>
      </trkpt>
      <trkpt lat="39.72828" lon="140.14761">
        <ele>10.1</ele>
      </trkpt>
      <trkpt lat="39.72831" lon="140.1476">
        <ele>10.1</ele>
      </trkpt>
      <trkpt lat="39.72837" lon="140.14759">
        <ele>10.2</ele>
      </trkpt>
      <trkpt lat="39.72846" lon="140.14756">
        <ele>10.4</ele>
      </trkpt>
      <trkpt lat="39.72853" lon="140.14754">
        <ele>10.5</ele>
      </trkpt>
      <trkpt lat="39.7286" lon="140.14752">
        <ele>10.7</ele>
      </trkpt>
      <trkpt lat="39.72874" lon="140.14751">
        <ele>11.0</ele>
      </trkpt>
      <trkpt lat="39.72885" lon="140.14746">
        <ele>11.2</ele>
      </trkpt>
      <trkpt lat="39.72886" lon="140.14745">
        <ele>11.2</ele>
      </trkpt>
      <trkpt lat="39.72895" lon="140.1474">
        <ele>11.4</ele>
      </trkpt>
      <trkpt lat="39.72904" lon="140.14734">
        <ele>11.5</ele>
      </trkpt>
      <trkpt lat="39.72914" lon="140.14728">
        <ele>11.7</ele>
      </trkpt>
      <trkpt lat="39.7292" lon="140.14724">
        <ele>11.7</ele>
      </trkpt>
      <trkpt lat="39.72923" lon="140.14722">
        <ele>11.6</ele>
      </trkpt>
      <trkpt lat="39.72931" lon="140.14715">
        <ele>11.5</ele>
      </trkpt>
      <trkpt lat="39.7294" lon="140.14709">
        <ele>11.4</ele>
      </trkpt>
      <trkpt lat="39.72951" lon="140.14699">
        <ele>11.1</ele>
      </trkpt>
      <trkpt lat="39.7296" lon="140.14691">
        <ele>10.9</ele>
      </trkpt>
      <trkpt lat="39.72967" lon="140.14684">
        <ele>10.7</ele>
      </trkpt>
      <trkpt lat="39.72973" lon="140.14677">
        <ele>10.5</ele>
      </trkpt>
      <trkpt lat="39.72979" lon="140.14672">
        <ele>10.4</ele>
      </trkpt>
      <trkpt lat="39.72988" lon="140.14661">
        <ele>10.1</ele>
      </trkpt>
      <trkpt lat="39.72993" lon="140.14656">
        <ele>10.1</ele>
      </trkpt>
      <trkpt lat="39.72997" lon="140.1465">
        <ele>10.0</ele>
      </trkpt>
      <trkpt lat="39.73003" lon="140.14642">
        <ele>10.0</ele>
      </trkpt>
      <trkpt lat="39.73012" lon="140.14629">
        <ele>10.2</ele>
      </trkpt>
      <trkpt lat="39.73019" lon="140.14618">
        <ele>10.4</ele>
      </trkpt>
      <trkpt lat="39.73021" lon="140.14615">
        <ele>10.4</ele>
      </trkpt>
      <trkpt lat="39.73028" lon="140.14604">
        <ele>10.6</ele>
      </trkpt>
      <trkpt lat="39.73031" lon="140.14599">
        <ele>10.7</ele>
      </trkpt>
      <trkpt lat="39.73036" lon="140.14592">
        <ele>10.8</ele>
      </trkpt>
      <trkpt lat="39.73054" lon="140.14559">
        <ele>11.5</ele>
      </trkpt>
      <trkpt lat="39.73063" lon="140.14545">
        <ele>11.9</ele>
      </trkpt>
      <trkpt lat="39.73091" lon="140.145">
        <ele>13.0</ele>
      </trkpt>
      <trkpt lat="39.73095" lon="140.14491">
        <ele>13.4</ele>
      </trkpt>
      <trkpt lat="39.73112" lon="140.14463">
        <ele>14.9</ele>
      </trkpt>
      <trkpt lat="39.73126" lon="140.14439">
        <ele>16.3</ele>
      </trkpt>
      <trkpt lat="39.73137" lon="140.1442">
        <ele>17.5</ele>
      </trkpt>
      <trkpt lat="39.73157" lon="140.14385">
        <ele>19.9</ele>
      </trkpt>
      <trkpt lat="39.73179" lon="140.14348">
        <ele>22.4</ele>
      </trkpt>
      <trkpt lat="39.73181" lon="140.14344">
        <ele>22.7</ele>
      </trkpt>
      <trkpt lat="39.73184" lon="140.14339">
        <ele>23.1</ele>
      </trkpt>
      <trkpt lat="39.73214" lon="140.14287">
        <ele>25.7</ele>
      </trkpt>
      <trkpt lat="39.73234" lon="140.14253">
        <ele>26.9</ele>
      </trkpt>
      <trkpt lat="39.73241" lon="140.14242">
        <ele>27.4</ele>
      </trkpt>
      <trkpt lat="39.73248" lon="140.14229">
        <ele>28.0</ele>
      </trkpt>
      <trkpt lat="39.73274" lon="140.14185">
        <ele>31.2</ele>
      </trkpt>
      <trkpt lat="39.73308" lon="140.14127">
        <ele>35.4</ele>
      </trkpt>
      <trkpt lat="39.73315" lon="140.14113">
        <ele>36.3</ele>
      </trkpt>
      <trkpt lat="39.73324" lon="140.14095">
        <ele>37.4</ele>
      </trkpt>
      <trkpt lat="39.73331" lon="140.1408">
        <ele>38.2</ele>
      </trkpt>
      <trkpt lat="39.73336" lon="140.14068">
        <ele>38.9</ele>
      </trkpt>
      <trkpt lat="39.73338" lon="140.14063">
        <ele>39.2</ele>
      </trkpt>
      <trkpt lat="39.73348" lon="140.14034">
        <ele>41.4</ele>
      </trkpt>
      <trkpt lat="39.7335" lon="140.14024">
        <ele>42.1</ele>
      </trkpt>
      <trkpt lat="39.7336" lon="140.13989">
        <ele>44.9</ele>
      </trkpt>
      <trkpt lat="39.73361" lon="140.13982">
        <ele>45.5</ele>
      </trkpt>
      <trkpt lat="39.73364" lon="140.13968">
        <ele>46.6</ele>
      </trkpt>
      <trkpt lat="39.73366" lon="140.13958">
        <ele>47.4</ele>
      </trkpt>
      <trkpt lat="39.73378" lon="140.13896">
        <ele>50.3</ele>
      </trkpt>
      <trkpt lat="39.73385" lon="140.13852">
        <ele>49.5</ele>
      </trkpt>
      <trkpt lat="39.73387" lon="140.13844">
        <ele>49.3</ele>
      </trkpt>
      <trkpt lat="39.73389" lon="140.13828">
        <ele>48.6</ele>
      </trkpt>
      <trkpt lat="39.73393" lon="140.13814">
        <ele>47.3</ele>
      </trkpt>
      <trkpt lat="39.73396" lon="140.13805">
        <ele>46.5</ele>
      </trkpt>
      <trkpt lat="39.73398" lon="140.13799">
        <ele>46.0</ele>
      </trkpt>
      <trkpt lat="39.73401" lon="140.13791">
        <ele>45.2</ele>
      </trkpt>
      <trkpt lat="39.73404" lon="140.13783">
        <ele>45.1</ele>
      </trkpt>
      <trkpt lat="39.73407" lon="140.13775">
        <ele>45.0</ele>
      </trkpt>
      <trkpt lat="39.73408" lon="140.13773">
        <ele>45.0</ele>
      </trkpt>
      <trkpt lat="39.73411" lon="140.13767">
        <ele>45.0</ele>
      </trkpt>
      <trkpt lat="39.73417" lon="140.13754">
        <ele>44.9</ele>
      </trkpt>
      <trkpt lat="39.73418" lon="140.13751">
        <ele>44.8</ele>
      </trkpt>
      <trkpt lat="39.73421" lon="140.13745">
        <ele>44.8</ele>
      </trkpt>
      <trkpt lat="39.73427" lon="140.13736">
        <ele>44.7</ele>
      </trkpt>
      <trkpt lat="39.73434" lon="140.13724">
        <ele>44.6</ele>
      </trkpt>
      <trkpt lat="39.73441" lon="140.13715">
        <ele>44.5</ele>
      </trkpt>
      <trkpt lat="39.73448" lon="140.13705">
        <ele>44.4</ele>
      </trkpt>
      <trkpt lat="39.73456" lon="140.13696">
        <ele>44.3</ele>
      </trkpt>
      <trkpt lat="39.73462" lon="140.1369">
        <ele>44.2</ele>
      </trkpt>
      <trkpt lat="39.73469" lon="140.13682">
        <ele>44.2</ele>
      </trkpt>
      <trkpt lat="39.73475" lon="140.13677">
        <ele>44.1</ele>
      </trkpt>
      <trkpt lat="39.73483" lon="140.13671">
        <ele>44.0</ele>
      </trkpt>
      <trkpt lat="39.73485" lon="140.13669">
        <ele>44.0</ele>
      </trkpt>
      <trkpt lat="39.73493" lon="140.13663">
        <ele>43.9</ele>
      </trkpt>
      <trkpt lat="39.73499" lon="140.13659">
        <ele>43.8</ele>
      </trkpt>
      <trkpt lat="39.73505" lon="140.13655">
        <ele>43.8</ele>
      </trkpt>
      <trkpt lat="39.7351" lon="140.13651">
        <ele>43.7</ele>
      </trkpt>
      <trkpt lat="39.73518" lon="140.13647">
        <ele>43.6</ele>
      </trkpt>
      <trkpt lat="39.73522" lon="140.13645">
        <ele>43.6</ele>
      </trkpt>
      <trkpt lat="39.73528" lon="140.13643">
        <ele>43.5</ele>
      </trkpt>
      <trkpt lat="39.73533" lon="140.13641">
        <ele>43.5</ele>
      </trkpt>
      <trkpt lat="39.7354" lon="140.13638">
        <ele>43.4</ele>
      </trkpt>
      <trkpt lat="39.73545" lon="140.13636">
        <ele>43.4</ele>
      </trkpt>
      <trkpt lat="39.73549" lon="140.13636">
        <ele>43.3</ele>
      </trkpt>
      <trkpt lat="39.73556" lon="140.13634">
        <ele>43.3</ele>
      </trkpt>
      <trkpt lat="39.73562" lon="140.13633">
        <ele>43.2</ele>
      </trkpt>
      <trkpt lat="39.73566" lon="140.13632">
        <ele>43.4</ele>
      </trkpt>
      <trkpt lat="39.73569" lon="140.13631">
        <ele>43.6</ele>
      </trkpt>
      <trkpt lat="39.73573" lon="140.1363">
        <ele>43.8</ele>
      </trkpt>
      <trkpt lat="39.73581" lon="140.13629">
        <ele>44.3</ele>
      </trkpt>
      <trkpt lat="39.73588" lon="140.13629">
        <ele>44.7</ele>
      </trkpt>
      <trkpt lat="39.73592" lon="140.13629">
        <ele>44.9</ele>
      </trkpt>
      <trkpt lat="39.736" lon="140.13629">
        <ele>45.3</ele>
      </trkpt>
      <trkpt lat="39.73606" lon="140.13629">
        <ele>45.7</ele>
      </trkpt>
      <trkpt lat="39.73613" lon="140.1363">
        <ele>46.0</ele>
      </trkpt>
      <trkpt lat="39.73638" lon="140.13633">
        <ele>47.4</ele>
      </trkpt>
      <trkpt lat="39.73651" lon="140.13634">
        <ele>48.1</ele>
      </trkpt>
      <trkpt lat="39.73661" lon="140.13636">
        <ele>48.7</ele>
      </trkpt>
      <trkpt lat="39.7369" lon="140.13641">
        <ele>50.3</ele>
      </trkpt>
      <trkpt lat="39.73696" lon="140.13642">
        <ele>50.6</ele>
      </trkpt>
      <trkpt lat="39.7374" lon="140.13647">
        <ele>53.0</ele>
      </trkpt>
      <trkpt lat="39.7376" lon="140.1365">
        <ele>54.2</ele>
      </trkpt>
      <trkpt lat="39.73776" lon="140.13651">
        <ele>53.8</ele>
      </trkpt>
      <trkpt lat="39.73796" lon="140.13654">
        <ele>53.5</ele>
      </trkpt>
      <trkpt lat="39.73828" lon="140.13658">
        <ele>52.9</ele>
      </trkpt>
      <trkpt lat="39.73853" lon="140.13661">
        <ele>52.6</ele>
      </trkpt>
      <trkpt lat="39.73889" lon="140.13666">
        <ele>51.9</ele>
      </trkpt>
      <trkpt lat="39.73904" lon="140.13668">
        <ele>51.6</ele>
      </trkpt>
      <trkpt lat="39.73942" lon="140.13672">
        <ele>51.8</ele>
      </trkpt>
      <trkpt lat="39.74028" lon="140.13684">
        <ele>53.7</ele>
      </trkpt>
      <trkpt lat="39.74031" lon="140.13684">
        <ele>53.7</ele>
      </trkpt>
      <trkpt lat="39.74059" lon="140.13688">
        <ele>54.0</ele>
      </trkpt>
      <trkpt lat="39.74075" lon="140.1369">
        <ele>54.2</ele>
      </trkpt>
      <trkpt lat="39.74086" lon="140.13692">
        <ele>54.3</ele>
      </trkpt>
      <trkpt lat="39.74092" lon="140.13692">
        <ele>54.0</ele>
      </trkpt>
      <trkpt lat="39.74098" lon="140.13693">
        <ele>53.7</ele>
      </trkpt>
      <trkpt lat="39.74105" lon="140.13694">
        <ele>53.4</ele>
      </trkpt>
      <trkpt lat="39.74111" lon="140.13695">
        <ele>53.2</ele>
      </trkpt>
      <trkpt lat="39.74118" lon="140.13695">
        <ele>52.8</ele>
      </trkpt>
      <trkpt lat="39.74124" lon="140.13696">
        <ele>52.5</ele>
      </trkpt>
      <trkpt lat="39.7413" lon="140.13696">
        <ele>52.2</ele>
      </trkpt>
      <trkpt lat="39.74137" lon="140.13696">
        <ele>51.8</ele>
      </trkpt>
      <trkpt lat="39.74142" lon="140.13696">
        <ele>51.5</ele>
      </trkpt>
      <trkpt lat="39.74149" lon="140.13695">
        <ele>51.0</ele>
      </trkpt>
      <trkpt lat="39.74156" lon="140.13694">
        <ele>50.6</ele>
      </trkpt>
      <trkpt lat="39.74163" lon="140.13694">
        <ele>50.2</ele>
      </trkpt>
      <trkpt lat="39.74171" lon="140.13692">
        <ele>50.4</ele>
      </trkpt>
      <trkpt lat="39.74172" lon="140.13692">
        <ele>50.6</ele>
      </trkpt>
      <trkpt lat="39.74177" lon="140.13691">
        <ele>51.2</ele>
      </trkpt>
      <trkpt lat="39.74185" lon="140.13689">
        <ele>52.2</ele>
      </trkpt>
      <trkpt lat="39.74192" lon="140.13687">
        <ele>53.1</ele>
      </trkpt>
      <trkpt lat="39.74198" lon="140.13685">
        <ele>52.7</ele>
      </trkpt>
      <trkpt lat="39.74207" lon="140.13682">
        <ele>52.3</ele>
      </trkpt>
      <trkpt lat="39.74215" lon="140.13679">
        <ele>51.9</ele>
      </trkpt>
      <trkpt lat="39.74264" lon="140.13659">
        <ele>49.3</ele>
      </trkpt>
      <trkpt lat="39.74267" lon="140.13657">
        <ele>49.2</ele>
      </trkpt>
      <trkpt lat="39.7428" lon="140.13649">
        <ele>48.5</ele>
      </trkpt>
      <trkpt lat="39.74295" lon="140.13634">
        <ele>47.5</ele>
      </trkpt>
      <trkpt lat="39.74314" lon="140.13614">
        <ele>46.3</ele>
      </trkpt>
      <trkpt lat="39.74324" lon="140.13601">
        <ele>45.6</ele>
      </trkpt>
      <trkpt lat="39.74331" lon="140.13592">
        <ele>45.1</ele>
      </trkpt>
      <trkpt lat="39.74341" lon="140.13579">
        <ele>44.4</ele>
      </trkpt>
      <trkpt lat="39.74349" lon="140.13567">
        <ele>43.8</ele>
      </trkpt>
      <trkpt lat="39.74349" lon="140.13566">
        <ele>43.8</ele>
      </trkpt>
      <trkpt lat="39.74358" lon="140.1355">
        <ele>43.0</ele>
      </trkpt>
      <trkpt lat="39.74366" lon="140.13534">
        <ele>42.3</ele>
      </trkpt>
      <trkpt lat="39.74373" lon="140.13519">
        <ele>41.6</ele>
      </trkpt>
      <trkpt lat="39.74387" lon="140.13488">
        <ele>40.3</ele>
      </trkpt>
      <trkpt lat="39.74387" lon="140.13487">
        <ele>40.2</ele>
      </trkpt>
      <trkpt lat="39.74471" lon="140.13343">
        <ele>33.4</ele>
      </trkpt>
      <trkpt lat="39.74471" lon="140.13342">
        <ele>33.3</ele>
      </trkpt>
      <trkpt lat="39.74486" lon="140.13316">
        <ele>31.1</ele>
      </trkpt>
      <trkpt lat="39.74493" lon="140.13304">
        <ele>30.3</ele>
      </trkpt>
      <trkpt lat="39.74506" lon="140.13279">
        <ele>29.7</ele>
      </trkpt>
      <trkpt lat="39.7454" lon="140.13224">
        <ele>27.8</ele>
      </trkpt>
      <trkpt lat="39.74547" lon="140.13214">
        <ele>26.9</ele>
      </trkpt>
      <trkpt lat="39.74564" lon="140.13191">
        <ele>24.3</ele>
      </trkpt>
      <trkpt lat="39.74574" lon="140.13177">
        <ele>22.5</ele>
      </trkpt>
      <trkpt lat="39.7458" lon="140.13169">
        <ele>21.4</ele>
      </trkpt>
      <trkpt lat="39.74582" lon="140.13167">
        <ele>21.1</ele>
      </trkpt>
      <trkpt lat="39.74589" lon="140.13153">
        <ele>20.1</ele>
      </trkpt>
      <trkpt lat="39.74605" lon="140.13131">
        <ele>18.7</ele>
      </trkpt>
      <trkpt lat="39.7461" lon="140.13124">
        <ele>18.3</ele>
      </trkpt>
      <trkpt lat="39.74616" lon="140.13115">
        <ele>17.8</ele>
      </trkpt>
      <trkpt lat="39.74622" lon="140.13107">
        <ele>17.3</ele>
      </trkpt>
      <trkpt lat="39.7463" lon="140.13097">
        <ele>16.7</ele>
      </trkpt>
      <trkpt lat="39.74658" lon="140.13058">
        <ele>15.4</ele>
      </trkpt>
      <trkpt lat="39.7468" lon="140.13026">
        <ele>14.5</ele>
      </trkpt>
      <trkpt lat="39.74691" lon="140.13009">
        <ele>14.0</ele>
      </trkpt>
      <trkpt lat="39.74724" lon="140.12958">
        <ele>12.8</ele>
      </trkpt>
      <trkpt lat="39.74731" lon="140.12946">
        <ele>12.6</ele>
      </trkpt>
      <trkpt lat="39.74734" lon="140.1294">
        <ele>12.5</ele>
      </trkpt>
      <trkpt lat="39.74741" lon="140.12929">
        <ele>12.3</ele>
      </trkpt>
      <trkpt lat="39.74754" lon="140.12906">
        <ele>12.2</ele>
      </trkpt>
      <trkpt lat="39.74765" lon="140.12885">
        <ele>12.6</ele>
      </trkpt>
      <trkpt lat="39.74772" lon="140.12873">
        <ele>12.9</ele>
      </trkpt>
      <trkpt lat="39.74775" lon="140.12866">
        <ele>13.1</ele>
      </trkpt>
      <trkpt lat="39.74781" lon="140.12855">
        <ele>13.4</ele>
      </trkpt>
      <trkpt lat="39.74814" lon="140.12791">
        <ele>14.5</ele>
      </trkpt>
      <trkpt lat="39.74859" lon="140.12707">
        <ele>14.5</ele>
      </trkpt>
      <trkpt lat="39.7489" lon="140.12649">
        <ele>14.1</ele>
      </trkpt>
      <trkpt lat="39.74895" lon="140.12639">
        <ele>14.2</ele>
      </trkpt>
      <trkpt lat="39.74901" lon="140.12628">
        <ele>14.4</ele>
      </trkpt>
      <trkpt lat="39.74905" lon="140.12622">
        <ele>14.5</ele>
      </trkpt>
      <trkpt lat="39.74911" lon="140.12611">
        <ele>14.6</ele>
      </trkpt>
      <trkpt lat="39.74916" lon="140.12602">
        <ele>14.8</ele>
      </trkpt>
      <trkpt lat="39.74924" lon="140.12588">
        <ele>15.3</ele>
      </trkpt>
      <trkpt lat="39.74928" lon="140.12581">
        <ele>16.0</ele>
      </trkpt>
      <trkpt lat="39.74931" lon="140.12575">
        <ele>17.3</ele>
      </trkpt>
      <trkpt lat="39.74936" lon="140.12568">
        <ele>18.8</ele>
      </trkpt>
      <trkpt lat="39.74942" lon="140.12553">
        <ele>21.9</ele>
      </trkpt>
      <trkpt lat="39.74945" lon="140.12546">
        <ele>23.2</ele>
      </trkpt>
      <trkpt lat="39.74948" lon="140.12541">
        <ele>24.2</ele>
      </trkpt>
      <trkpt lat="39.74961" lon="140.12516">
        <ele>28.7</ele>
      </trkpt>
      <trkpt lat="39.74996" lon="140.12452">
        <ele>29.2</ele>
      </trkpt>
      <trkpt lat="39.75004" lon="140.12436">
        <ele>28.1</ele>
      </trkpt>
      <trkpt lat="39.75029" lon="140.12391">
        <ele>25.8</ele>
      </trkpt>
      <trkpt lat="39.75035" lon="140.12379">
        <ele>24.9</ele>
      </trkpt>
      <trkpt lat="39.75041" lon="140.12367">
        <ele>23.8</ele>
      </trkpt>
      <trkpt lat="39.7505" lon="140.1235">
        <ele>22.1</ele>
      </trkpt>
      <trkpt lat="39.75069" lon="140.12311">
        <ele>18.0</ele>
      </trkpt>
      <trkpt lat="39.75073" lon="140.12305">
        <ele>17.3</ele>
      </trkpt>
      <trkpt lat="39.75079" lon="140.12293">
        <ele>15.9</ele>
      </trkpt>
      <trkpt lat="39.75083" lon="140.12283">
        <ele>14.8</ele>
      </trkpt>
      <trkpt lat="39.75085" lon="140.12279">
        <ele>14.4</ele>
      </trkpt>
      <trkpt lat="39.75086" lon="140.12276">
        <ele>14.2</ele>
      </trkpt>
      <trkpt lat="39.75094" lon="140.12257">
        <ele>12.5</ele>
      </trkpt>
      <trkpt lat="39.751" lon="140.12241">
        <ele>11.8</ele>
      </trkpt>
      <trkpt lat="39.75106" lon="140.12224">
        <ele>11.7</ele>
      </trkpt>
      <trkpt lat="39.75113" lon="140.12208">
        <ele>11.6</ele>
      </trkpt>
      <trkpt lat="39.75114" lon="140.12204">
        <ele>11.6</ele>
      </trkpt>
      <trkpt lat="39.75115" lon="140.12202">
        <ele>11.6</ele>
      </trkpt>
      <trkpt lat="39.75117" lon="140.12196">
        <ele>11.6</ele>
      </trkpt>
      <trkpt lat="39.75122" lon="140.12183">
        <ele>11.5</ele>
      </trkpt>
      <trkpt lat="39.7513" lon="140.12162">
        <ele>11.8</ele>
      </trkpt>
      <trkpt lat="39.75135" lon="140.12148">
        <ele>12.9</ele>
      </trkpt>
      <trkpt lat="39.75136" lon="140.12144">
        <ele>13.2</ele>
      </trkpt>
      <trkpt lat="39.75139" lon="140.12135">
        <ele>13.9</ele>
      </trkpt>
      <trkpt lat="39.75146" lon="140.12112">
        <ele>15.7</ele>
      </trkpt>
      <trkpt lat="39.75149" lon="140.12103">
        <ele>16.4</ele>
      </trkpt>
      <trkpt lat="39.75153" lon="140.12091">
        <ele>17.4</ele>
      </trkpt>
      <trkpt lat="39.75156" lon="140.12079">
        <ele>18.4</ele>
      </trkpt>
      <trkpt lat="39.75159" lon="140.1207">
        <ele>19.4</ele>
      </trkpt>
      <trkpt lat="39.75165" lon="140.12049">
        <ele>21.7</ele>
      </trkpt>
      <trkpt lat="39.75168" lon="140.12036">
        <ele>23.2</ele>
      </trkpt>
      <trkpt lat="39.75173" lon="140.12017">
        <ele>25.4</ele>
      </trkpt>
      <trkpt lat="39.75176" lon="140.12005">
        <ele>26.8</ele>
      </trkpt>
      <trkpt lat="39.75179" lon="140.11994">
        <ele>27.3</ele>
      </trkpt>
      <trkpt lat="39.75184" lon="140.11972">
        <ele>27.1</ele>
      </trkpt>
      <trkpt lat="39.75185" lon="140.11969">
        <ele>27.1</ele>
      </trkpt>
      <trkpt lat="39.75188" lon="140.11955">
        <ele>27.0</ele>
      </trkpt>
      <trkpt lat="39.75193" lon="140.11927">
        <ele>26.8</ele>
      </trkpt>
      <trkpt lat="39.75195" lon="140.11918">
        <ele>26.7</ele>
      </trkpt>
      <trkpt lat="39.752" lon="140.11893">
        <ele>24.4</ele>
      </trkpt>
      <trkpt lat="39.75203" lon="140.11873">
        <ele>22.3</ele>
      </trkpt>
      <trkpt lat="39.75205" lon="140.1186">
        <ele>20.9</ele>
      </trkpt>
      <trkpt lat="39.75207" lon="140.1185">
        <ele>19.9</ele>
      </trkpt>
      <trkpt lat="39.75211" lon="140.11821">
        <ele>16.7</ele>
      </trkpt>
      <trkpt lat="39.75213" lon="140.11804">
        <ele>14.9</ele>
      </trkpt>
      <trkpt lat="39.75215" lon="140.11783">
        <ele>12.6</ele>
      </trkpt>
      <trkpt lat="39.75219" lon="140.11758">
        <ele>9.9</ele>
      </trkpt>
      <trkpt lat="39.7522" lon="140.11744">
        <ele>8.8</ele>
      </trkpt>
      <trkpt lat="39.7522" lon="140.11743">
        <ele>8.7</ele>
      </trkpt>
      <trkpt lat="39.75226" lon="140.11696">
        <ele>6.8</ele>
      </trkpt>
      <trkpt lat="39.75229" lon="140.11668">
        <ele>5.6</ele>
      </trkpt>
      <trkpt lat="39.75237" lon="140.11598">
        <ele>6.6</ele>
      </trkpt>
      <trkpt lat="39.75238" lon="140.11592">
        <ele>6.7</ele>
      </trkpt>
      <trkpt lat="39.75262" lon="140.1139">
        <ele>7.1</ele>
      </trkpt>
      <trkpt lat="39.7527" lon="140.11323">
        <ele>7.2</ele>
      </trkpt>
      <trkpt lat="39.75276" lon="140.11273">
        <ele>7.4</ele>
      </trkpt>
      <trkpt lat="39.7529" lon="140.11153">
        <ele>7.3</ele>
      </trkpt>
      <trkpt lat="39.75293" lon="140.11137">
        <ele>7.2</ele>
      </trkpt>
      <trkpt lat="39.75296" lon="140.11113">
        <ele>6.9</ele>
      </trkpt>
      <trkpt lat="39.75302" lon="140.11064">
        <ele>6.8</ele>
      </trkpt>
      <trkpt lat="39.75303" lon="140.11047">
        <ele>6.9</ele>
      </trkpt>
      <trkpt lat="39.75304" lon="140.11038">
        <ele>7.0</ele>
      </trkpt>
      <trkpt lat="39.75311" lon="140.10983">
        <ele>7.7</ele>
      </trkpt>
      <trkpt lat="39.75314" lon="140.10953">
        <ele>8.2</ele>
      </trkpt>
      <trkpt lat="39.75319" lon="140.10919">
        <ele>8.8</ele>
      </trkpt>
      <trkpt lat="39.75328" lon="140.10845">
        <ele>8.1</ele>
      </trkpt>
      <trkpt lat="39.75341" lon="140.10735">
        <ele>5.9</ele>
      </trkpt>
      <trkpt lat="39.75345" lon="140.10696">
        <ele>6.0</ele>
      </trkpt>
      <trkpt lat="39.75352" lon="140.10642">
        <ele>6.2</ele>
      </trkpt>
      <trkpt lat="39.75359" lon="140.1058">
        <ele>6.7</ele>
      </trkpt>
      <trkpt lat="39.75371" lon="140.10481">
        <ele>6.3</ele>
      </trkpt>
      <trkpt lat="39.75374" lon="140.10458">
        <ele>6.0</ele>
      </trkpt>
      <trkpt lat="39.75387" lon="140.10347">
        <ele>5.4</ele>
      </trkpt>
      <trkpt lat="39.75396" lon="140.10271">
        <ele>6.4</ele>
      </trkpt>
      <trkpt lat="39.75398" lon="140.10253">
        <ele>6.7</ele>
      </trkpt>
      <trkpt lat="39.75403" lon="140.10218">
        <ele>5.9</ele>
      </trkpt>
      <trkpt lat="39.75406" lon="140.10184">
        <ele>4.8</ele>
      </trkpt>
      <trkpt lat="39.7541" lon="140.10137">
        <ele>4.5</ele>
      </trkpt>
      <trkpt lat="39.75412" lon="140.10108">
        <ele>4.8</ele>
      </trkpt>
      <trkpt lat="39.75413" lon="140.10079">
        <ele>5.0</ele>
      </trkpt>
      <trkpt lat="39.75414" lon="140.10063">
        <ele>5.0</ele>
      </trkpt>
      <trkpt lat="39.75414" lon="140.10061">
        <ele>5.0</ele>
      </trkpt>
      <trkpt lat="39.75415" lon="140.1004">
        <ele>5.0</ele>
      </trkpt>
      <trkpt lat="39.75415" lon="140.10001">
        <ele>5.0</ele>
      </trkpt>
      <trkpt lat="39.75414" lon="140.09959">
        <ele>6.0</ele>
      </trkpt>
      <trkpt lat="39.75411" lon="140.09896">
        <ele>6.7</ele>
      </trkpt>
      <trkpt lat="39.75408" lon="140.09849">
        <ele>6.2</ele>
      </trkpt>
      <trkpt lat="39.75405" lon="140.0981">
        <ele>6.0</ele>
      </trkpt>
      <trkpt lat="39.75404" lon="140.09793">
        <ele>6.0</ele>
      </trkpt>
      <trkpt lat="39.75401" lon="140.09757">
        <ele>6.0</ele>
      </trkpt>
      <trkpt lat="39.754" lon="140.09746">
        <ele>6.0</ele>
      </trkpt>
      <trkpt lat="39.75399" lon="140.09726">
        <ele>6.3</ele>
      </trkpt>
      <trkpt lat="39.75398" lon="140.09712">
        <ele>6.5</ele>
      </trkpt>
      <trkpt lat="39.75397" lon="140.09688">
        <ele>6.7</ele>
      </trkpt>
      <trkpt lat="39.75396" lon="140.09681">
        <ele>6.8</ele>
      </trkpt>
      <trkpt lat="39.75396" lon="140.09673">
        <ele>6.9</ele>
      </trkpt>
      <trkpt lat="39.75396" lon="140.09668">
        <ele>7.0</ele>
      </trkpt>
      <trkpt lat="39.75397" lon="140.09657">
        <ele>7.0</ele>
      </trkpt>
      <trkpt lat="39.75401" lon="140.09629">
        <ele>7.1</ele>
      </trkpt>
      <trkpt lat="39.75403" lon="140.09617">
        <ele>7.1</ele>
      </trkpt>
      <trkpt lat="39.75405" lon="140.0961">
        <ele>7.1</ele>
      </trkpt>
      <trkpt lat="39.7541" lon="140.09595">
        <ele>7.1</ele>
      </trkpt>
      <trkpt lat="39.75413" lon="140.09586">
        <ele>7.0</ele>
      </trkpt>
      <trkpt lat="39.75419" lon="140.09572">
        <ele>6.8</ele>
      </trkpt>
      <trkpt lat="39.75431" lon="140.09543">
        <ele>6.2</ele>
      </trkpt>
      <trkpt lat="39.75437" lon="140.0953">
        <ele>6.0</ele>
      </trkpt>
      <trkpt lat="39.75449" lon="140.09505">
        <ele>5.5</ele>
      </trkpt>
      <trkpt lat="39.75458" lon="140.09489">
        <ele>5.8</ele>
      </trkpt>
      <trkpt lat="39.75466" lon="140.09475">
        <ele>6.4</ele>
      </trkpt>
      <trkpt lat="39.75493" lon="140.0943">
        <ele>8.4</ele>
      </trkpt>
      <trkpt lat="39.755" lon="140.09417">
        <ele>9.0</ele>
      </trkpt>
      <trkpt lat="39.75504" lon="140.09411">
        <ele>8.8</ele>
      </trkpt>
      <trkpt lat="39.75508" lon="140.09404">
        <ele>8.6</ele>
      </trkpt>
      <trkpt lat="39.75514" lon="140.09393">
        <ele>8.4</ele>
      </trkpt>
      <trkpt lat="39.75526" lon="140.09374">
        <ele>7.9</ele>
      </trkpt>
      <trkpt lat="39.75527" lon="140.09371">
        <ele>7.8</ele>
      </trkpt>
      <trkpt lat="39.75535" lon="140.09358">
        <ele>7.5</ele>
      </trkpt>
      <trkpt lat="39.75558" lon="140.0932">
        <ele>6.6</ele>
      </trkpt>
      <trkpt lat="39.75569" lon="140.09304">
        <ele>6.3</ele>
      </trkpt>
      <trkpt lat="39.75576" lon="140.09294">
        <ele>6.2</ele>
      </trkpt>
      <trkpt lat="39.75583" lon="140.09284">
        <ele>6.0</ele>
      </trkpt>
      <trkpt lat="39.75588" lon="140.09278">
        <ele>6.1</ele>
      </trkpt>
      <trkpt lat="39.7559" lon="140.09276">
        <ele>6.1</ele>
      </trkpt>
      <trkpt lat="39.75592" lon="140.09274">
        <ele>6.2</ele>
      </trkpt>
      <trkpt lat="39.75599" lon="140.09267">
        <ele>6.3</ele>
      </trkpt>
      <trkpt lat="39.75613" lon="140.09254">
        <ele>6.7</ele>
      </trkpt>
      <trkpt lat="39.75619" lon="140.09248">
        <ele>6.9</ele>
      </trkpt>
      <trkpt lat="39.7563" lon="140.09238">
        <ele>7.1</ele>
      </trkpt>
      <trkpt lat="39.75642" lon="140.09227">
        <ele>7.3</ele>
      </trkpt>
      <trkpt lat="39.75674" lon="140.09204">
        <ele>7.4</ele>
      </trkpt>
      <trkpt lat="39.75687" lon="140.09196">
        <ele>7.0</ele>
      </trkpt>
      <trkpt lat="39.75697" lon="140.09191">
        <ele>6.8</ele>
      </trkpt>
      <trkpt lat="39.75709" lon="140.09186">
        <ele>6.5</ele>
      </trkpt>
      <trkpt lat="39.75714" lon="140.09184">
        <ele>6.3</ele>
      </trkpt>
      <trkpt lat="39.75728" lon="140.09177">
        <ele>5.8</ele>
      </trkpt>
      <trkpt lat="39.75746" lon="140.0917">
        <ele>5.2</ele>
      </trkpt>
      <trkpt lat="39.75753" lon="140.09167">
        <ele>5.1</ele>
      </trkpt>
      <trkpt lat="39.75782" lon="140.09153">
        <ele>5.7</ele>
      </trkpt>
      <trkpt lat="39.75793" lon="140.09149">
        <ele>5.9</ele>
      </trkpt>
      <trkpt lat="39.75802" lon="140.09145">
        <ele>6.2</ele>
      </trkpt>
      <trkpt lat="39.75812" lon="140.0914">
        <ele>6.4</ele>
      </trkpt>
      <trkpt lat="39.7582" lon="140.09137">
        <ele>6.6</ele>
      </trkpt>
      <trkpt lat="39.75852" lon="140.09123">
        <ele>7.1</ele>
      </trkpt>
      <trkpt lat="39.7586" lon="140.09119">
        <ele>7.2</ele>
      </trkpt>
      <trkpt lat="39.75865" lon="140.09117">
        <ele>7.2</ele>
      </trkpt>
      <trkpt lat="39.7587" lon="140.09116">
        <ele>7.3</ele>
      </trkpt>
      <trkpt lat="39.75873" lon="140.09116">
        <ele>7.3</ele>
      </trkpt>
      <trkpt lat="39.75878" lon="140.09117">
        <ele>7.3</ele>
      </trkpt>
      <trkpt lat="39.75886" lon="140.09113">
        <ele>7.4</ele>
      </trkpt>
      <trkpt lat="39.75929" lon="140.09095">
        <ele>8.0</ele>
      </trkpt>
      <trkpt lat="39.75945" lon="140.09087">
        <ele>8.3</ele>
      </trkpt>
      <trkpt lat="39.75963" lon="140.09079">
        <ele>8.5</ele>
      </trkpt>
      <trkpt lat="39.75982" lon="140.09071">
        <ele>8.6</ele>
      </trkpt>
      <trkpt lat="39.76026" lon="140.09051">
        <ele>8.6</ele>
      </trkpt>
      <trkpt lat="39.76065" lon="140.09035">
        <ele>8.4</ele>
      </trkpt>
      <trkpt lat="39.76073" lon="140.09031">
        <ele>8.4</ele>
      </trkpt>
      <trkpt lat="39.76076" lon="140.09027">
        <ele>8.3</ele>
      </trkpt>
      <trkpt lat="39.76078" lon="140.09025">
        <ele>8.3</ele>
      </trkpt>
      <trkpt lat="39.76081" lon="140.09022">
        <ele>8.3</ele>
      </trkpt>
      <trkpt lat="39.76084" lon="140.0902">
        <ele>8.2</ele>
      </trkpt>
      <trkpt lat="39.76091" lon="140.09018">
        <ele>8.2</ele>
      </trkpt>
      <trkpt lat="39.76123" lon="140.09003">
        <ele>8.1</ele>
      </trkpt>
      <trkpt lat="39.76162" lon="140.08986">
        <ele>8.2</ele>
      </trkpt>
      <trkpt lat="39.76178" lon="140.08979">
        <ele>8.3</ele>
      </trkpt>
      <trkpt lat="39.76226" lon="140.08958">
        <ele>8.5</ele>
      </trkpt>
      <trkpt lat="39.76241" lon="140.08951">
        <ele>8.6</ele>
      </trkpt>
      <trkpt lat="39.76252" lon="140.08945">
        <ele>8.6</ele>
      </trkpt>
      <trkpt lat="39.76279" lon="140.08933">
        <ele>8.1</ele>
      </trkpt>
      <trkpt lat="39.76295" lon="140.08926">
        <ele>7.8</ele>
      </trkpt>
      <trkpt lat="39.76326" lon="140.08913">
        <ele>7.3</ele>
      </trkpt>
      <trkpt lat="39.76358" lon="140.08898">
        <ele>7.3</ele>
      </trkpt>
      <trkpt lat="39.7643" lon="140.08867">
        <ele>7.2</ele>
      </trkpt>
      <trkpt lat="39.76498" lon="140.08836">
        <ele>8.0</ele>
      </trkpt>
      <trkpt lat="39.76531" lon="140.08821">
        <ele>8.5</ele>
      </trkpt>
      <trkpt lat="39.76552" lon="140.08812">
        <ele>8.8</ele>
      </trkpt>
      <trkpt lat="39.76578" lon="140.088">
        <ele>9.1</ele>
      </trkpt>
      <trkpt lat="39.76591" lon="140.08794">
        <ele>8.9</ele>
      </trkpt>
      <trkpt lat="39.76595" lon="140.08792">
        <ele>8.8</ele>
      </trkpt>
      <trkpt lat="39.76614" lon="140.0878">
        <ele>8.1</ele>
      </trkpt>
      <trkpt lat="39.76624" lon="140.08774">
        <ele>7.7</ele>
      </trkpt>
      <trkpt lat="39.76653" lon="140.08751">
        <ele>6.4</ele>
      </trkpt>
      <trkpt lat="39.76666" lon="140.08741">
        <ele>6.2</ele>
      </trkpt>
      <trkpt lat="39.76724" lon="140.08697">
        <ele>8.9</ele>
      </trkpt>
      <trkpt lat="39.76748" lon="140.08678">
        <ele>9.8</ele>
      </trkpt>
      <trkpt lat="39.76773" lon="140.08659">
        <ele>9.7</ele>
      </trkpt>
      <trkpt lat="39.76779" lon="140.08654">
        <ele>9.7</ele>
      </trkpt>
      <trkpt lat="39.76803" lon="140.08637">
        <ele>9.6</ele>
      </trkpt>
      <trkpt lat="39.76815" lon="140.08627">
        <ele>9.6</ele>
      </trkpt>
      <trkpt lat="39.76819" lon="140.08624">
        <ele>9.6</ele>
      </trkpt>
      <trkpt lat="39.76828" lon="140.08618">
        <ele>9.6</ele>
      </trkpt>
      <trkpt lat="39.76849" lon="140.08601">
        <ele>9.6</ele>
      </trkpt>
      <trkpt lat="39.7688" lon="140.08577">
        <ele>9.5</ele>
      </trkpt>
      <trkpt lat="39.7691" lon="140.08555">
        <ele>9.4</ele>
      </trkpt>
      <trkpt lat="39.76912" lon="140.08553">
        <ele>9.4</ele>
      </trkpt>
      <trkpt lat="39.76934" lon="140.08536">
        <ele>9.7</ele>
      </trkpt>
      <trkpt lat="39.76946" lon="140.08529">
        <ele>9.8</ele>
      </trkpt>
      <trkpt lat="39.76974" lon="140.08506">
        <ele>10.0</ele>
      </trkpt>
      <trkpt lat="39.76986" lon="140.08496">
        <ele>10.0</ele>
      </trkpt>
      <trkpt lat="39.77006" lon="140.08481">
        <ele>10.2</ele>
      </trkpt>
      <trkpt lat="39.7703" lon="140.08462">
        <ele>10.3</ele>
      </trkpt>
      <trkpt lat="39.77035" lon="140.08458">
        <ele>10.3</ele>
      </trkpt>
      <trkpt lat="39.77066" lon="140.08435">
        <ele>10.2</ele>
      </trkpt>
      <trkpt lat="39.77089" lon="140.08418">
        <ele>9.9</ele>
      </trkpt>
      <trkpt lat="39.77131" lon="140.08387">
        <ele>9.8</ele>
      </trkpt>
      <trkpt lat="39.77172" lon="140.08355">
        <ele>9.7</ele>
      </trkpt>
      <trkpt lat="39.77237" lon="140.08307">
        <ele>10.4</ele>
      </trkpt>
      <trkpt lat="39.7727" lon="140.08282">
        <ele>10.5</ele>
      </trkpt>
      <trkpt lat="39.77282" lon="140.08273">
        <ele>10.6</ele>
      </trkpt>
      <trkpt lat="39.77329" lon="140.08238">
        <ele>11.3</ele>
      </trkpt>
      <trkpt lat="39.77352" lon="140.0822">
        <ele>11.3</ele>
      </trkpt>
      <trkpt lat="39.77391" lon="140.0819">
        <ele>11.1</ele>
      </trkpt>
      <trkpt lat="39.774" lon="140.08183">
        <ele>11.0</ele>
      </trkpt>
      <trkpt lat="39.77422" lon="140.08167">
        <ele>10.9</ele>
      </trkpt>
      <trkpt lat="39.77477" lon="140.08126">
        <ele>10.2</ele>
      </trkpt>
      <trkpt lat="39.77479" lon="140.08124">
        <ele>10.1</ele>
      </trkpt>
      <trkpt lat="39.77491" lon="140.08115">
        <ele>9.9</ele>
      </trkpt>
      <trkpt lat="39.7753" lon="140.08086">
        <ele>9.9</ele>
      </trkpt>
      <trkpt lat="39.77535" lon="140.08082">
        <ele>10.0</ele>
      </trkpt>
      <trkpt lat="39.77651" lon="140.07994">
        <ele>10.0</ele>
      </trkpt>
      <trkpt lat="39.77666" lon="140.07982">
        <ele>10.0</ele>
      </trkpt>
      <trkpt lat="39.77698" lon="140.07959">
        <ele>10.0</ele>
      </trkpt>
      <trkpt lat="39.77702" lon="140.07955">
        <ele>10.0</ele>
      </trkpt>
      <trkpt lat="39.77744" lon="140.07924">
        <ele>10.0</ele>
      </trkpt>
      <trkpt lat="39.77749" lon="140.07921">
        <ele>10.0</ele>
      </trkpt>
      <trkpt lat="39.77768" lon="140.07906">
        <ele>10.0</ele>
      </trkpt>
      <trkpt lat="39.77799" lon="140.07883">
        <ele>9.8</ele>
      </trkpt>
      <trkpt lat="39.77808" lon="140.07876">
        <ele>9.7</ele>
      </trkpt>
      <trkpt lat="39.77826" lon="140.07863">
        <ele>9.4</ele>
      </trkpt>
      <trkpt lat="39.77845" lon="140.0785">
        <ele>9.3</ele>
      </trkpt>
      <trkpt lat="39.77853" lon="140.07845">
        <ele>9.4</ele>
      </trkpt>
      <trkpt lat="39.77858" lon="140.07841">
        <ele>9.4</ele>
      </trkpt>
      <trkpt lat="39.77866" lon="140.07836">
        <ele>9.4</ele>
      </trkpt>
      <trkpt lat="39.77894" lon="140.07817">
        <ele>10.0</ele>
      </trkpt>
      <trkpt lat="39.7791" lon="140.07807">
        <ele>10.3</ele>
      </trkpt>
      <trkpt lat="39.77933" lon="140.07791">
        <ele>10.2</ele>
      </trkpt>
      <trkpt lat="39.77936" lon="140.07789">
        <ele>10.2</ele>
      </trkpt>
      <trkpt lat="39.77966" lon="140.07768">
        <ele>9.7</ele>
      </trkpt>
      <trkpt lat="39.7798" lon="140.07757">
        <ele>9.5</ele>
      </trkpt>
      <trkpt lat="39.78007" lon="140.07737">
        <ele>8.9</ele>
      </trkpt>
      <trkpt lat="39.78054" lon="140.07701">
        <ele>9.1</ele>
      </trkpt>
      <trkpt lat="39.78131" lon="140.07643">
        <ele>9.6</ele>
      </trkpt>
      <trkpt lat="39.78146" lon="140.07631">
        <ele>9.6</ele>
      </trkpt>
      <trkpt lat="39.78167" lon="140.07616">
        <ele>9.6</ele>
      </trkpt>
      <trkpt lat="39.78235" lon="140.07564">
        <ele>11.3</ele>
      </trkpt>
      <trkpt lat="39.78271" lon="140.07537">
        <ele>12.0</ele>
      </trkpt>
      <trkpt lat="39.78302" lon="140.07513">
        <ele>12.6</ele>
      </trkpt>
      <trkpt lat="39.78351" lon="140.07476">
        <ele>12.9</ele>
      </trkpt>
      <trkpt lat="39.78377" lon="140.07457">
        <ele>12.5</ele>
      </trkpt>
      <trkpt lat="39.78404" lon="140.07437">
        <ele>12.0</ele>
      </trkpt>
      <trkpt lat="39.7841" lon="140.07432">
        <ele>11.9</ele>
      </trkpt>
      <trkpt lat="39.78418" lon="140.07426">
        <ele>11.8</ele>
      </trkpt>
      <trkpt lat="39.78428" lon="140.07418">
        <ele>12.0</ele>
      </trkpt>
      <trkpt lat="39.78454" lon="140.074">
        <ele>12.1</ele>
      </trkpt>
      <trkpt lat="39.78463" lon="140.07394">
        <ele>12.1</ele>
      </trkpt>
      <trkpt lat="39.78474" lon="140.07387">
        <ele>12.1</ele>
      </trkpt>
      <trkpt lat="39.78479" lon="140.07384">
        <ele>12.1</ele>
      </trkpt>
      <trkpt lat="39.78511" lon="140.07365">
        <ele>11.9</ele>
      </trkpt>
      <trkpt lat="39.78539" lon="140.0735">
        <ele>11.9</ele>
      </trkpt>
      <trkpt lat="39.78545" lon="140.07348">
        <ele>11.9</ele>
      </trkpt>
      <trkpt lat="39.78564" lon="140.07338">
        <ele>12.0</ele>
      </trkpt>
      <trkpt lat="39.78632" lon="140.07306">
        <ele>11.6</ele>
      </trkpt>
      <trkpt lat="39.78649" lon="140.07299">
        <ele>11.5</ele>
      </trkpt>
      <trkpt lat="39.78733" lon="140.0726">
        <ele>11.1</ele>
      </trkpt>
      <trkpt lat="39.78742" lon="140.07256">
        <ele>11.0</ele>
      </trkpt>
      <trkpt lat="39.78765" lon="140.07245">
        <ele>11.0</ele>
      </trkpt>
      <trkpt lat="39.78808" lon="140.07225">
        <ele>10.9</ele>
      </trkpt>
      <trkpt lat="39.78819" lon="140.07219">
        <ele>10.9</ele>
      </trkpt>
      <trkpt lat="39.78835" lon="140.07212">
        <ele>11.0</ele>
      </trkpt>
      <trkpt lat="39.78861" lon="140.072">
        <ele>10.9</ele>
      </trkpt>
      <trkpt lat="39.78886" lon="140.07188">
        <ele>10.8</ele>
      </trkpt>
      <trkpt lat="39.78927" lon="140.0717">
        <ele>11.1</ele>
      </trkpt>
      <trkpt lat="39.7896" lon="140.07154">
        <ele>11.7</ele>
      </trkpt>
      <trkpt lat="39.78977" lon="140.07146">
        <ele>11.9</ele>
      </trkpt>
      <trkpt lat="39.78988" lon="140.07141">
        <ele>11.9</ele>
      </trkpt>
      <trkpt lat="39.79011" lon="140.07131">
        <ele>11.9</ele>
      </trkpt>
      <trkpt lat="39.79079" lon="140.07099">
        <ele>11.3</ele>
      </trkpt>
      <trkpt lat="39.79096" lon="140.07092">
        <ele>11.2</ele>
      </trkpt>
      <trkpt lat="39.79113" lon="140.07084">
        <ele>11.0</ele>
      </trkpt>
      <trkpt lat="39.79123" lon="140.07079">
        <ele>10.9</ele>
      </trkpt>
      <trkpt lat="39.7913" lon="140.07076">
        <ele>10.9</ele>
      </trkpt>
      <trkpt lat="39.79147" lon="140.07068">
        <ele>10.7</ele>
      </trkpt>
      <trkpt lat="39.79164" lon="140.0706">
        <ele>10.6</ele>
      </trkpt>
      <trkpt lat="39.79194" lon="140.07046">
        <ele>10.4</ele>
      </trkpt>
      <trkpt lat="39.79211" lon="140.07038">
        <ele>10.2</ele>
      </trkpt>
      <trkpt lat="39.79227" lon="140.0703">
        <ele>10.1</ele>
      </trkpt>
      <trkpt lat="39.79228" lon="140.0703">
        <ele>10.1</ele>
      </trkpt>
      <trkpt lat="39.79239" lon="140.07024">
        <ele>10.0</ele>
      </trkpt>
      <trkpt lat="39.7925" lon="140.07018">
        <ele>10.0</ele>
      </trkpt>
      <trkpt lat="39.79265" lon="140.0701">
        <ele>10.2</ele>
      </trkpt>
      <trkpt lat="39.79278" lon="140.07003">
        <ele>10.3</ele>
      </trkpt>
      <trkpt lat="39.79288" lon="140.06997">
        <ele>10.4</ele>
      </trkpt>
      <trkpt lat="39.793" lon="140.06991">
        <ele>10.5</ele>
      </trkpt>
      <trkpt lat="39.79315" lon="140.06982">
        <ele>10.6</ele>
      </trkpt>
      <trkpt lat="39.79324" lon="140.06976">
        <ele>10.6</ele>
      </trkpt>
      <trkpt lat="39.79344" lon="140.06965">
        <ele>10.5</ele>
      </trkpt>
      <trkpt lat="39.79347" lon="140.06963">
        <ele>10.5</ele>
      </trkpt>
      <trkpt lat="39.79357" lon="140.06957">
        <ele>10.3</ele>
      </trkpt>
      <trkpt lat="39.79364" lon="140.06953">
        <ele>10.3</ele>
      </trkpt>
      <trkpt lat="39.79373" lon="140.06947">
        <ele>10.2</ele>
      </trkpt>
      <trkpt lat="39.79382" lon="140.06941">
        <ele>10.1</ele>
      </trkpt>
      <trkpt lat="39.79398" lon="140.06931">
        <ele>10.0</ele>
      </trkpt>
      <trkpt lat="39.79412" lon="140.06922">
        <ele>10.0</ele>
      </trkpt>
      <trkpt lat="39.79425" lon="140.06914">
        <ele>10.1</ele>
      </trkpt>
      <trkpt lat="39.79445" lon="140.06902">
        <ele>10.2</ele>
      </trkpt>
      <trkpt lat="39.79447" lon="140.06901">
        <ele>10.2</ele>
      </trkpt>
      <trkpt lat="39.79464" lon="140.0689">
        <ele>10.4</ele>
      </trkpt>
      <trkpt lat="39.79479" lon="140.0688">
        <ele>10.6</ele>
      </trkpt>
      <trkpt lat="39.79496" lon="140.0687">
        <ele>10.9</ele>
      </trkpt>
      <trkpt lat="39.7951" lon="140.06862">
        <ele>11.3</ele>
      </trkpt>
      <trkpt lat="39.79512" lon="140.0686">
        <ele>11.3</ele>
      </trkpt>
      <trkpt lat="39.79529" lon="140.06849">
        <ele>11.9</ele>
      </trkpt>
      <trkpt lat="39.79548" lon="140.06837">
        <ele>12.7</ele>
      </trkpt>
      <trkpt lat="39.79555" lon="140.06833">
        <ele>13.0</ele>
      </trkpt>
      <trkpt lat="39.79572" lon="140.06822">
        <ele>13.5</ele>
      </trkpt>
      <trkpt lat="39.79578" lon="140.06819">
        <ele>13.6</ele>
      </trkpt>
      <trkpt lat="39.79612" lon="140.06797">
        <ele>13.5</ele>
      </trkpt>
      <trkpt lat="39.79636" lon="140.06782">
        <ele>13.5</ele>
      </trkpt>
      <trkpt lat="39.79653" lon="140.06772">
        <ele>13.7</ele>
      </trkpt>
      <trkpt lat="39.79669" lon="140.06762">
        <ele>13.8</ele>
      </trkpt>
      <trkpt lat="39.79685" lon="140.06751">
        <ele>13.8</ele>
      </trkpt>
      <trkpt lat="39.79696" lon="140.06744">
        <ele>13.5</ele>
      </trkpt>
      <trkpt lat="39.79727" lon="140.06725">
        <ele>12.7</ele>
      </trkpt>
      <trkpt lat="39.7975" lon="140.0671">
        <ele>12.0</ele>
      </trkpt>
      <trkpt lat="39.79753" lon="140.06708">
        <ele>12.0</ele>
      </trkpt>
      <trkpt lat="39.79777" lon="140.06694">
        <ele>11.5</ele>
      </trkpt>
      <trkpt lat="39.79816" lon="140.0667">
        <ele>11.0</ele>
      </trkpt>
      <trkpt lat="39.79828" lon="140.06661">
        <ele>11.1</ele>
      </trkpt>
      <trkpt lat="39.79848" lon="140.06649">
        <ele>10.8</ele>
      </trkpt>
      <trkpt lat="39.79872" lon="140.06634">
        <ele>10.3</ele>
      </trkpt>
      <trkpt lat="39.79881" lon="140.06628">
        <ele>10.1</ele>
      </trkpt>
      <trkpt lat="39.79891" lon="140.06622">
        <ele>9.8</ele>
      </trkpt>
      <trkpt lat="39.79924" lon="140.06602">
        <ele>9.2</ele>
      </trkpt>
      <trkpt lat="39.79949" lon="140.06587">
        <ele>9.8</ele>
      </trkpt>
      <trkpt lat="39.79973" lon="140.06571">
        <ele>10.5</ele>
      </trkpt>
      <trkpt lat="39.79988" lon="140.06561">
        <ele>10.8</ele>
      </trkpt>
      <trkpt lat="39.80012" lon="140.06547">
        <ele>11.4</ele>
      </trkpt>
      <trkpt lat="39.80019" lon="140.06543">
        <ele>11.7</ele>
      </trkpt>
      <trkpt lat="39.80038" lon="140.06531">
        <ele>12.3</ele>
      </trkpt>
      <trkpt lat="39.80042" lon="140.06528">
        <ele>12.4</ele>
      </trkpt>
      <trkpt lat="39.80046" lon="140.06525">
        <ele>12.6</ele>
      </trkpt>
      <trkpt lat="39.80068" lon="140.06511">
        <ele>13.4</ele>
      </trkpt>
      <trkpt lat="39.80101" lon="140.06491">
        <ele>13.8</ele>
      </trkpt>
      <trkpt lat="39.80111" lon="140.06485">
        <ele>13.6</ele>
      </trkpt>
      <trkpt lat="39.80121" lon="140.06479">
        <ele>13.4</ele>
      </trkpt>
      <trkpt lat="39.80128" lon="140.06475">
        <ele>13.2</ele>
      </trkpt>
      <trkpt lat="39.80144" lon="140.06465">
        <ele>12.9</ele>
      </trkpt>
      <trkpt lat="39.80156" lon="140.06457">
        <ele>12.5</ele>
      </trkpt>
      <trkpt lat="39.80163" lon="140.06453">
        <ele>12.3</ele>
      </trkpt>
      <trkpt lat="39.80173" lon="140.06447">
        <ele>12.3</ele>
      </trkpt>
      <trkpt lat="39.80187" lon="140.06438">
        <ele>12.2</ele>
      </trkpt>
      <trkpt lat="39.802" lon="140.06429">
        <ele>12.0</ele>
      </trkpt>
      <trkpt lat="39.80217" lon="140.06419">
        <ele>11.7</ele>
      </trkpt>
      <trkpt lat="39.80236" lon="140.06407">
        <ele>11.7</ele>
      </trkpt>
      <trkpt lat="39.80242" lon="140.06403">
        <ele>11.8</ele>
      </trkpt>
      <trkpt lat="39.80252" lon="140.06398">
        <ele>11.8</ele>
      </trkpt>
      <trkpt lat="39.80267" lon="140.0639">
        <ele>11.8</ele>
      </trkpt>
      <trkpt lat="39.80291" lon="140.06376">
        <ele>11.8</ele>
      </trkpt>
      <trkpt lat="39.80312" lon="140.06366">
        <ele>11.7</ele>
      </trkpt>
      <trkpt lat="39.80326" lon="140.06359">
        <ele>11.6</ele>
      </trkpt>
      <trkpt lat="39.80329" lon="140.06358">
        <ele>11.6</ele>
      </trkpt>
      <trkpt lat="39.80338" lon="140.06354">
        <ele>11.4</ele>
      </trkpt>
      <trkpt lat="39.80353" lon="140.06347">
        <ele>11.0</ele>
      </trkpt>
      <trkpt lat="39.80363" lon="140.06343">
        <ele>10.8</ele>
      </trkpt>
      <trkpt lat="39.8038" lon="140.06336">
        <ele>10.5</ele>
      </trkpt>
      <trkpt lat="39.80397" lon="140.06329">
        <ele>10.3</ele>
      </trkpt>
      <trkpt lat="39.80405" lon="140.06326">
        <ele>10.2</ele>
      </trkpt>
      <trkpt lat="39.80424" lon="140.06319">
        <ele>10.1</ele>
      </trkpt>
      <trkpt lat="39.80437" lon="140.06315">
        <ele>10.0</ele>
      </trkpt>
      <trkpt lat="39.80442" lon="140.06313">
        <ele>10.0</ele>
      </trkpt>
      <trkpt lat="39.80465" lon="140.06306">
        <ele>9.9</ele>
      </trkpt>
      <trkpt lat="39.80484" lon="140.06302">
        <ele>9.9</ele>
      </trkpt>
      <trkpt lat="39.80495" lon="140.06299">
        <ele>9.9</ele>
      </trkpt>
      <trkpt lat="39.80503" lon="140.06297">
        <ele>9.9</ele>
      </trkpt>
      <trkpt lat="39.80522" lon="140.06292">
        <ele>10.1</ele>
      </trkpt>
      <trkpt lat="39.80531" lon="140.0629">
        <ele>10.2</ele>
      </trkpt>
      <trkpt lat="39.80554" lon="140.06286">
        <ele>10.4</ele>
      </trkpt>
      <trkpt lat="39.80583" lon="140.06282">
        <ele>10.6</ele>
      </trkpt>
      <trkpt lat="39.80584" lon="140.06281">
        <ele>10.6</ele>
      </trkpt>
      <trkpt lat="39.80595" lon="140.0628">
        <ele>10.6</ele>
      </trkpt>
      <trkpt lat="39.80613" lon="140.06278">
        <ele>10.4</ele>
      </trkpt>
      <trkpt lat="39.80623" lon="140.06277">
        <ele>10.4</ele>
      </trkpt>
      <trkpt lat="39.8065" lon="140.06275">
        <ele>10.1</ele>
      </trkpt>
      <trkpt lat="39.80665" lon="140.06274">
        <ele>10.0</ele>
      </trkpt>
      <trkpt lat="39.80686" lon="140.06273">
        <ele>10.2</ele>
      </trkpt>
      <trkpt lat="39.80722" lon="140.06271">
        <ele>10.7</ele>
      </trkpt>
      <trkpt lat="39.80734" lon="140.0627">
        <ele>10.8</ele>
      </trkpt>
      <trkpt lat="39.80766" lon="140.06268">
        <ele>11.2</ele>
      </trkpt>
      <trkpt lat="39.80806" lon="140.06265">
        <ele>11.8</ele>
      </trkpt>
      <trkpt lat="39.80821" lon="140.06264">
        <ele>12.0</ele>
      </trkpt>
      <trkpt lat="39.80863" lon="140.06261">
        <ele>12.8</ele>
      </trkpt>
      <trkpt lat="39.80876" lon="140.0626">
        <ele>13.0</ele>
      </trkpt>
      <trkpt lat="39.80893" lon="140.06259">
        <ele>13.4</ele>
      </trkpt>
      <trkpt lat="39.80911" lon="140.06258">
        <ele>13.8</ele>
      </trkpt>
      <trkpt lat="39.80919" lon="140.06257">
        <ele>13.9</ele>
      </trkpt>
      <trkpt lat="39.80935" lon="140.06256">
        <ele>13.9</ele>
      </trkpt>
      <trkpt lat="39.8096" lon="140.06255">
        <ele>14.0</ele>
      </trkpt>
      <trkpt lat="39.80967" lon="140.06254">
        <ele>14.0</ele>
      </trkpt>
      <trkpt lat="39.80995" lon="140.06252">
        <ele>14.0</ele>
      </trkpt>
      <trkpt lat="39.81035" lon="140.0625">
        <ele>13.6</ele>
      </trkpt>
      <trkpt lat="39.81061" lon="140.06248">
        <ele>13.3</ele>
      </trkpt>
      <trkpt lat="39.81088" lon="140.06246">
        <ele>13.2</ele>
      </trkpt>
      <trkpt lat="39.81112" lon="140.06245">
        <ele>13.7</ele>
      </trkpt>
      <trkpt lat="39.81147" lon="140.06243">
        <ele>14.6</ele>
      </trkpt>
      <trkpt lat="39.81162" lon="140.06241">
        <ele>15.0</ele>
      </trkpt>
      <trkpt lat="39.81168" lon="140.06241">
        <ele>15.1</ele>
      </trkpt>
      <trkpt lat="39.81193" lon="140.06239">
        <ele>15.5</ele>
      </trkpt>
      <trkpt lat="39.81243" lon="140.06236">
        <ele>16.2</ele>
      </trkpt>
      <trkpt lat="39.81265" lon="140.06235">
        <ele>15.9</ele>
      </trkpt>
      <trkpt lat="39.81317" lon="140.06232">
        <ele>14.2</ele>
      </trkpt>
      <trkpt lat="39.81321" lon="140.06232">
        <ele>14.1</ele>
      </trkpt>
      <trkpt lat="39.8133" lon="140.06231">
        <ele>13.8</ele>
      </trkpt>
      <trkpt lat="39.81343" lon="140.06231">
        <ele>13.8</ele>
      </trkpt>
      <trkpt lat="39.81397" lon="140.06223">
        <ele>14.5</ele>
      </trkpt>
      <trkpt lat="39.81415" lon="140.06219">
        <ele>14.7</ele>
      </trkpt>
      <trkpt lat="39.81418" lon="140.06218">
        <ele>14.8</ele>
      </trkpt>
      <trkpt lat="39.81433" lon="140.06214">
        <ele>14.9</ele>
      </trkpt>
      <trkpt lat="39.8145" lon="140.06209">
        <ele>15.2</ele>
      </trkpt>
      <trkpt lat="39.81454" lon="140.06207">
        <ele>15.3</ele>
      </trkpt>
      <trkpt lat="39.81465" lon="140.06203">
        <ele>15.5</ele>
      </trkpt>
      <trkpt lat="39.81476" lon="140.06205">
        <ele>15.5</ele>
      </trkpt>
      <trkpt lat="39.8152" lon="140.06186">
        <ele>16.3</ele>
      </trkpt>
      <trkpt lat="39.8152" lon="140.06186">
        <ele>16.3</ele>
      </trkpt>
      <trkpt lat="39.81517" lon="140.06165">
        <ele>17.0</ele>
      </trkpt>
      <trkpt lat="39.81516" lon="140.06164">
        <ele>17.0</ele>
      </trkpt>
      <trkpt lat="39.81511" lon="140.06136">
        <ele>17.1</ele>
      </trkpt>
      <trkpt lat="39.81509" lon="140.06126">
        <ele>17.1</ele>
      </trkpt>
      <trkpt lat="39.81509" lon="140.06124">
        <ele>17.1</ele>
      </trkpt>
      <trkpt lat="39.81491" lon="140.06025">
        <ele>17.0</ele>
      </trkpt>
      <trkpt lat="39.81487" lon="140.0601">
        <ele>17.1</ele>
      </trkpt>
      <trkpt lat="39.81483" lon="140.05994">
        <ele>17.1</ele>
      </trkpt>
      <trkpt lat="39.81479" lon="140.05976">
        <ele>16.7</ele>
      </trkpt>
      <trkpt lat="39.81478" lon="140.05971">
        <ele>16.7</ele>
      </trkpt>
      <trkpt lat="39.81475" lon="140.05958">
        <ele>16.4</ele>
      </trkpt>
      <trkpt lat="39.81469" lon="140.05937">
        <ele>16.1</ele>
      </trkpt>
      <trkpt lat="39.81453" lon="140.05877">
        <ele>16.9</ele>
      </trkpt>
      <trkpt lat="39.81439" lon="140.05822">
        <ele>18.1</ele>
      </trkpt>
      <trkpt lat="39.81427" lon="140.05779">
        <ele>18.1</ele>
      </trkpt>
      <trkpt lat="39.81416" lon="140.05742">
        <ele>17.9</ele>
      </trkpt>
      <trkpt lat="39.81412" lon="140.05729">
        <ele>17.7</ele>
      </trkpt>
      <trkpt lat="39.81409" lon="140.0572">
        <ele>17.6</ele>
      </trkpt>
      <trkpt lat="39.81406" lon="140.05711">
        <ele>17.5</ele>
      </trkpt>
      <trkpt lat="39.814" lon="140.05685">
        <ele>17.2</ele>
      </trkpt>
      <trkpt lat="39.81398" lon="140.05676">
        <ele>17.1</ele>
      </trkpt>
      <trkpt lat="39.81394" lon="140.05661">
        <ele>17.0</ele>
      </trkpt>
      <trkpt lat="39.81393" lon="140.05654">
        <ele>17.0</ele>
      </trkpt>
      <trkpt lat="39.81392" lon="140.05649">
        <ele>16.9</ele>
      </trkpt>
      <trkpt lat="39.81391" lon="140.05646">
        <ele>16.9</ele>
      </trkpt>
      <trkpt lat="39.81391" lon="140.05645">
        <ele>16.9</ele>
      </trkpt>
      <trkpt lat="39.8139" lon="140.05641">
        <ele>16.9</ele>
      </trkpt>
      <trkpt lat="39.81386" lon="140.05625">
        <ele>16.8</ele>
      </trkpt>
      <trkpt lat="39.8138" lon="140.05593">
        <ele>16.6</ele>
      </trkpt>
      <trkpt lat="39.81374" lon="140.05565">
        <ele>16.6</ele>
      </trkpt>
      <trkpt lat="39.8137" lon="140.05542">
        <ele>16.7</ele>
      </trkpt>
      <trkpt lat="39.81368" lon="140.05529">
        <ele>16.8</ele>
      </trkpt>
      <trkpt lat="39.81372" lon="140.05529">
        <ele>16.8</ele>
      </trkpt>
      <trkpt lat="39.81371" lon="140.05515">
        <ele>16.9</ele>
      </trkpt>
      <trkpt lat="39.81369" lon="140.05507">
        <ele>17.0</ele>
      </trkpt>
      <trkpt lat="39.81368" lon="140.05499">
        <ele>17.0</ele>
      </trkpt>
      <trkpt lat="39.81363" lon="140.05483">
        <ele>16.6</ele>
      </trkpt>
      <trkpt lat="39.81363" lon="140.05482">
        <ele>16.6</ele>
      </trkpt>
      <trkpt lat="39.81357" lon="140.05461">
        <ele>16.1</ele>
      </trkpt>
      <trkpt lat="39.81354" lon="140.05449">
        <ele>15.8</ele>
      </trkpt>
      <trkpt lat="39.81346" lon="140.05417">
        <ele>15.0</ele>
      </trkpt>
      <trkpt lat="39.8134" lon="140.05395">
        <ele>14.5</ele>
      </trkpt>
      <trkpt lat="39.81337" lon="140.05385">
        <ele>14.3</ele>
      </trkpt>
      <trkpt lat="39.8133" lon="140.05359">
        <ele>13.6</ele>
      </trkpt>
      <trkpt lat="39.81324" lon="140.05335">
        <ele>13.0</ele>
      </trkpt>
      <trkpt lat="39.81323" lon="140.05333">
        <ele>13.0</ele>
      </trkpt>
      <trkpt lat="39.8132" lon="140.0532">
        <ele>12.8</ele>
      </trkpt>
      <trkpt lat="39.81317" lon="140.0531">
        <ele>12.7</ele>
      </trkpt>
      <trkpt lat="39.81316" lon="140.05304">
        <ele>12.6</ele>
      </trkpt>
      <trkpt lat="39.81315" lon="140.05299">
        <ele>12.6</ele>
      </trkpt>
      <trkpt lat="39.81315" lon="140.05294">
        <ele>12.5</ele>
      </trkpt>
      <trkpt lat="39.81315" lon="140.05289">
        <ele>12.5</ele>
      </trkpt>
      <trkpt lat="39.81315" lon="140.05272">
        <ele>12.3</ele>
      </trkpt>
      <trkpt lat="39.81313" lon="140.05255">
        <ele>12.1</ele>
      </trkpt>
      <trkpt lat="39.81312" lon="140.05246">
        <ele>12.1</ele>
      </trkpt>
      <trkpt lat="39.81311" lon="140.0524">
        <ele>12.2</ele>
      </trkpt>
      <trkpt lat="39.8131" lon="140.05228">
        <ele>12.5</ele>
      </trkpt>
      <trkpt lat="39.81309" lon="140.05219">
        <ele>12.7</ele>
      </trkpt>
      <trkpt lat="39.81308" lon="140.05215">
        <ele>12.8</ele>
      </trkpt>
      <trkpt lat="39.81307" lon="140.05211">
        <ele>12.9</ele>
      </trkpt>
      <trkpt lat="39.81306" lon="140.05203">
        <ele>13.1</ele>
      </trkpt>
      <trkpt lat="39.81305" lon="140.052">
        <ele>13.2</ele>
      </trkpt>
      <trkpt lat="39.81305" lon="140.05198">
        <ele>13.2</ele>
      </trkpt>
      <trkpt lat="39.81305" lon="140.05196">
        <ele>13.3</ele>
      </trkpt>
      <trkpt lat="39.81305" lon="140.05195">
        <ele>13.3</ele>
      </trkpt>
      <trkpt lat="39.81306" lon="140.05193">
        <ele>13.4</ele>
      </trkpt>
      <trkpt lat="39.81306" lon="140.05192">
        <ele>13.4</ele>
      </trkpt>
      <trkpt lat="39.81309" lon="140.05189">
        <ele>13.5</ele>
      </trkpt>
      <trkpt lat="39.81312" lon="140.05185">
        <ele>13.6</ele>
      </trkpt>
      <trkpt lat="39.81316" lon="140.05182">
        <ele>13.6</ele>
      </trkpt>
      <trkpt lat="39.81319" lon="140.05179">
        <ele>13.7</ele>
      </trkpt>
      <trkpt lat="39.81322" lon="140.05176">
        <ele>13.8</ele>
      </trkpt>
      <trkpt lat="39.81322" lon="140.05176">
        <ele>13.8</ele>
      </trkpt>
      <trkpt lat="39.81322" lon="140.05173">
        <ele>13.8</ele>
      </trkpt>
      <trkpt lat="39.81322" lon="140.05168">
        <ele>14.0</ele>
      </trkpt>
      <trkpt lat="39.81323" lon="140.05155">
        <ele>14.3</ele>
      </trkpt>
      <trkpt lat="39.81324" lon="140.0515">
        <ele>14.4</ele>
      </trkpt>
      <trkpt lat="39.81325" lon="140.05143">
        <ele>14.6</ele>
      </trkpt>
      <trkpt lat="39.81329" lon="140.05126">
        <ele>15.0</ele>
      </trkpt>
      <trkpt lat="39.81334" lon="140.0511">
        <ele>15.4</ele>
      </trkpt>
      <trkpt lat="39.81335" lon="140.05106">
        <ele>15.4</ele>
      </trkpt>
      <trkpt lat="39.81336" lon="140.05103">
        <ele>15.5</ele>
      </trkpt>
      <trkpt lat="39.81337" lon="140.05099">
        <ele>15.6</ele>
      </trkpt>
      <trkpt lat="39.81339" lon="140.05096">
        <ele>15.6</ele>
      </trkpt>
      <trkpt lat="39.81342" lon="140.05093">
        <ele>15.7</ele>
      </trkpt>
      <trkpt lat="39.81345" lon="140.05087">
        <ele>15.8</ele>
      </trkpt>
      <trkpt lat="39.81348" lon="140.05082">
        <ele>15.9</ele>
      </trkpt>
      <trkpt lat="39.81352" lon="140.05071">
        <ele>16.1</ele>
      </trkpt>
      <trkpt lat="39.81356" lon="140.0506">
        <ele>16.3</ele>
      </trkpt>
      <trkpt lat="39.81361" lon="140.05047">
        <ele>16.5</ele>
      </trkpt>
      <trkpt lat="39.81363" lon="140.05039">
        <ele>16.7</ele>
      </trkpt>
      <trkpt lat="39.81364" lon="140.05034">
        <ele>16.8</ele>
      </trkpt>
      <trkpt lat="39.81365" lon="140.05027">
        <ele>17.0</ele>
      </trkpt>
      <trkpt lat="39.81365" lon="140.05023">
        <ele>17.1</ele>
      </trkpt>
      <trkpt lat="39.81365" lon="140.05014">
        <ele>17.3</ele>
      </trkpt>
      <trkpt lat="39.81366" lon="140.05">
        <ele>17.6</ele>
      </trkpt>
      <trkpt lat="39.81366" lon="140.05">
        <ele>17.6</ele>
      </trkpt>
      <trkpt lat="39.81407" lon="140.04971">
        <ele>17.4</ele>
      </trkpt>
      <trkpt lat="39.81432" lon="140.04954">
        <ele>17.4</ele>
      </trkpt>
      <trkpt lat="39.81439" lon="140.04949">
        <ele>17.3</ele>
      </trkpt>
      <trkpt lat="39.81463" lon="140.04932">
        <ele>17.3</ele>
      </trkpt>
      <trkpt lat="39.81466" lon="140.0493">
        <ele>17.2</ele>
      </trkpt>
      <trkpt lat="39.81488" lon="140.04916">
        <ele>17.1</ele>
      </trkpt>
      <trkpt lat="39.81517" lon="140.04897">
        <ele>16.9</ele>
      </trkpt>
      <trkpt lat="39.81527" lon="140.04891">
        <ele>16.9</ele>
      </trkpt>
      <trkpt lat="39.81528" lon="140.0489">
        <ele>16.9</ele>
      </trkpt>
      <trkpt lat="39.81541" lon="140.04882">
        <ele>16.9</ele>
      </trkpt>
      <trkpt lat="39.81553" lon="140.04874">
        <ele>17.0</ele>
      </trkpt>
      <trkpt lat="39.81565" lon="140.04866">
        <ele>17.2</ele>
      </trkpt>
      <trkpt lat="39.81581" lon="140.04855">
        <ele>17.5</ele>
      </trkpt>
      <trkpt lat="39.81633" lon="140.04818">
        <ele>18.0</ele>
      </trkpt>
      <trkpt lat="39.81638" lon="140.04814">
        <ele>17.9</ele>
      </trkpt>
      <trkpt lat="39.81662" lon="140.04798">
        <ele>17.6</ele>
      </trkpt>
      <trkpt lat="39.8167" lon="140.04793">
        <ele>17.5</ele>
      </trkpt>
      <trkpt lat="39.81698" lon="140.04774">
        <ele>17.4</ele>
      </trkpt>
      <trkpt lat="39.81715" lon="140.04763">
        <ele>17.6</ele>
      </trkpt>
      <trkpt lat="39.81763" lon="140.0473">
        <ele>17.6</ele>
      </trkpt>
      <trkpt lat="39.81775" lon="140.04721">
        <ele>17.5</ele>
      </trkpt>
      <trkpt lat="39.81778" lon="140.04719">
        <ele>17.4</ele>
      </trkpt>
      <trkpt lat="39.81864" lon="140.04662">
        <ele>17.0</ele>
      </trkpt>
      <trkpt lat="39.81902" lon="140.04636">
        <ele>17.1</ele>
      </trkpt>
      <trkpt lat="39.81942" lon="140.04609">
        <ele>17.1</ele>
      </trkpt>
      <trkpt lat="39.81945" lon="140.04607">
        <ele>17.1</ele>
      </trkpt>
      <trkpt lat="39.81987" lon="140.04578">
        <ele>17.0</ele>
      </trkpt>
      <trkpt lat="39.82014" lon="140.04559">
        <ele>16.8</ele>
      </trkpt>
      <trkpt lat="39.82048" lon="140.04535">
        <ele>16.4</ele>
      </trkpt>
      <trkpt lat="39.82073" lon="140.04519">
        <ele>16.1</ele>
      </trkpt>
      <trkpt lat="39.82097" lon="140.04503">
        <ele>16.3</ele>
      </trkpt>
      <trkpt lat="39.82128" lon="140.04482">
        <ele>17.2</ele>
      </trkpt>
      <trkpt lat="39.82154" lon="140.04464">
        <ele>17.8</ele>
      </trkpt>
      <trkpt lat="39.82176" lon="140.0445">
        <ele>18.2</ele>
      </trkpt>
      <trkpt lat="39.82191" lon="140.04439">
        <ele>18.4</ele>
      </trkpt>
      <trkpt lat="39.82203" lon="140.04431">
        <ele>18.5</ele>
      </trkpt>
      <trkpt lat="39.82213" lon="140.04424">
        <ele>18.6</ele>
      </trkpt>
      <trkpt lat="39.82224" lon="140.04416">
        <ele>18.7</ele>
      </trkpt>
      <trkpt lat="39.82251" lon="140.04396">
        <ele>19.0</ele>
      </trkpt>
      <trkpt lat="39.8229" lon="140.04369">
        <ele>19.3</ele>
      </trkpt>
      <trkpt lat="39.8234" lon="140.04333">
        <ele>20.2</ele>
      </trkpt>
      <trkpt lat="39.82355" lon="140.04322">
        <ele>20.5</ele>
      </trkpt>
      <trkpt lat="39.82389" lon="140.04298">
        <ele>20.7</ele>
      </trkpt>
      <trkpt lat="39.82391" lon="140.04296">
        <ele>20.7</ele>
      </trkpt>
      <trkpt lat="39.82401" lon="140.04288">
        <ele>20.6</ele>
      </trkpt>
      <trkpt lat="39.82404" lon="140.04286">
        <ele>20.5</ele>
      </trkpt>
      <trkpt lat="39.8245" lon="140.04254">
        <ele>20.0</ele>
      </trkpt>
      <trkpt lat="39.82474" lon="140.04237">
        <ele>20.0</ele>
      </trkpt>
      <trkpt lat="39.82481" lon="140.04232">
        <ele>19.9</ele>
      </trkpt>
      <trkpt lat="39.82496" lon="140.04223">
        <ele>19.9</ele>
      </trkpt>
      <trkpt lat="39.82522" lon="140.04209">
        <ele>20.5</ele>
      </trkpt>
      <trkpt lat="39.82546" lon="140.04196">
        <ele>20.7</ele>
      </trkpt>
      <trkpt lat="39.82556" lon="140.04191">
        <ele>20.8</ele>
      </trkpt>
      <trkpt lat="39.8257" lon="140.04183">
        <ele>20.8</ele>
      </trkpt>
      <trkpt lat="39.8258" lon="140.04178">
        <ele>20.7</ele>
      </trkpt>
      <trkpt lat="39.82596" lon="140.04169">
        <ele>20.6</ele>
      </trkpt>
      <trkpt lat="39.82607" lon="140.04163">
        <ele>20.7</ele>
      </trkpt>
      <trkpt lat="39.82613" lon="140.0416">
        <ele>20.8</ele>
      </trkpt>
      <trkpt lat="39.82646" lon="140.04142">
        <ele>20.6</ele>
      </trkpt>
      <trkpt lat="39.82684" lon="140.0412">
        <ele>19.1</ele>
      </trkpt>
      <trkpt lat="39.827" lon="140.04111">
        <ele>18.5</ele>
      </trkpt>
      <trkpt lat="39.82747" lon="140.04083">
        <ele>17.0</ele>
      </trkpt>
      <trkpt lat="39.8275" lon="140.04082">
        <ele>17.0</ele>
      </trkpt>
      <trkpt lat="39.82766" lon="140.04072">
        <ele>17.0</ele>
      </trkpt>
      <trkpt lat="39.82773" lon="140.04068">
        <ele>16.9</ele>
      </trkpt>
      <trkpt lat="39.82824" lon="140.04036">
        <ele>16.6</ele>
      </trkpt>
      <trkpt lat="39.82896" lon="140.03992">
        <ele>17.1</ele>
      </trkpt>
      <trkpt lat="39.82904" lon="140.03987">
        <ele>17.2</ele>
      </trkpt>
      <trkpt lat="39.82929" lon="140.03972">
        <ele>17.1</ele>
      </trkpt>
      <trkpt lat="39.82945" lon="140.03962">
        <ele>17.0</ele>
      </trkpt>
      <trkpt lat="39.82961" lon="140.03952">
        <ele>16.8</ele>
      </trkpt>
      <trkpt lat="39.82966" lon="140.03949">
        <ele>16.8</ele>
      </trkpt>
      <trkpt lat="39.82983" lon="140.03938">
        <ele>16.6</ele>
      </trkpt>
      <trkpt lat="39.82992" lon="140.03933">
        <ele>16.5</ele>
      </trkpt>
      <trkpt lat="39.83007" lon="140.03921">
        <ele>16.1</ele>
      </trkpt>
      <trkpt lat="39.83013" lon="140.03916">
        <ele>16.0</ele>
      </trkpt>
      <trkpt lat="39.83021" lon="140.03909">
        <ele>16.1</ele>
      </trkpt>
      <trkpt lat="39.83029" lon="140.03904">
        <ele>16.1</ele>
      </trkpt>
      <trkpt lat="39.8304" lon="140.03897">
        <ele>16.1</ele>
      </trkpt>
      <trkpt lat="39.83048" lon="140.03894">
        <ele>16.1</ele>
      </trkpt>
      <trkpt lat="39.83053" lon="140.03892">
        <ele>16.1</ele>
      </trkpt>
      <trkpt lat="39.83062" lon="140.03889">
        <ele>16.1</ele>
      </trkpt>
      <trkpt lat="39.83068" lon="140.03887">
        <ele>16.1</ele>
      </trkpt>
      <trkpt lat="39.83074" lon="140.03883">
        <ele>16.0</ele>
      </trkpt>
      <trkpt lat="39.83098" lon="140.03868">
        <ele>15.9</ele>
      </trkpt>
      <trkpt lat="39.83104" lon="140.03864">
        <ele>15.8</ele>
      </trkpt>
      <trkpt lat="39.83122" lon="140.03853">
        <ele>15.6</ele>
      </trkpt>
      <trkpt lat="39.83145" lon="140.03839">
        <ele>15.3</ele>
      </trkpt>
      <trkpt lat="39.8317" lon="140.03823">
        <ele>15.2</ele>
      </trkpt>
      <trkpt lat="39.83269" lon="140.03763">
        <ele>15.5</ele>
      </trkpt>
      <trkpt lat="39.83284" lon="140.03754">
        <ele>15.5</ele>
      </trkpt>
      <trkpt lat="39.83292" lon="140.03749">
        <ele>15.5</ele>
      </trkpt>
      <trkpt lat="39.833" lon="140.03745">
        <ele>15.6</ele>
      </trkpt>
      <trkpt lat="39.83304" lon="140.03742">
        <ele>15.6</ele>
      </trkpt>
      <trkpt lat="39.83401" lon="140.03685">
        <ele>15.8</ele>
      </trkpt>
      <trkpt lat="39.83436" lon="140.03664">
        <ele>14.5</ele>
      </trkpt>
      <trkpt lat="39.8345" lon="140.03656">
        <ele>14.2</ele>
      </trkpt>
      <trkpt lat="39.83473" lon="140.03642">
        <ele>14.0</ele>
      </trkpt>
      <trkpt lat="39.83514" lon="140.03617">
        <ele>14.0</ele>
      </trkpt>
      <trkpt lat="39.83533" lon="140.03606">
        <ele>13.7</ele>
      </trkpt>
      <trkpt lat="39.8356" lon="140.0359">
        <ele>12.9</ele>
      </trkpt>
      <trkpt lat="39.83601" lon="140.03566">
        <ele>12.9</ele>
      </trkpt>
      <trkpt lat="39.83616" lon="140.03557">
        <ele>13.3</ele>
      </trkpt>
      <trkpt lat="39.83646" lon="140.0354">
        <ele>13.7</ele>
      </trkpt>
      <trkpt lat="39.83667" lon="140.03529">
        <ele>13.7</ele>
      </trkpt>
      <trkpt lat="39.83693" lon="140.03516">
        <ele>13.6</ele>
      </trkpt>
      <trkpt lat="39.83709" lon="140.03506">
        <ele>13.6</ele>
      </trkpt>
      <trkpt lat="39.83743" lon="140.03486">
        <ele>14.2</ele>
      </trkpt>
      <trkpt lat="39.8384" lon="140.03429">
        <ele>17.0</ele>
      </trkpt>
      <trkpt lat="39.83897" lon="140.03403">
        <ele>15.3</ele>
      </trkpt>
      <trkpt lat="39.83914" lon="140.03395">
        <ele>14.8</ele>
      </trkpt>
      <trkpt lat="39.83954" lon="140.03378">
        <ele>14.7</ele>
      </trkpt>
      <trkpt lat="39.83957" lon="140.03377">
        <ele>14.8</ele>
      </trkpt>
      <trkpt lat="39.83985" lon="140.03365">
        <ele>14.9</ele>
      </trkpt>
      <trkpt lat="39.83994" lon="140.03361">
        <ele>15.0</ele>
      </trkpt>
      <trkpt lat="39.84024" lon="140.03349">
        <ele>16.3</ele>
      </trkpt>
      <trkpt lat="39.84054" lon="140.03337">
        <ele>17.7</ele>
      </trkpt>
      <trkpt lat="39.84084" lon="140.03325">
        <ele>18.7</ele>
      </trkpt>
      <trkpt lat="39.84121" lon="140.0331">
        <ele>17.8</ele>
      </trkpt>
      <trkpt lat="39.84133" lon="140.03305">
        <ele>17.6</ele>
      </trkpt>
      <trkpt lat="39.84175" lon="140.03286">
        <ele>16.7</ele>
      </trkpt>
      <trkpt lat="39.84182" lon="140.03283">
        <ele>16.5</ele>
      </trkpt>
      <trkpt lat="39.84189" lon="140.0328">
        <ele>16.3</ele>
      </trkpt>
      <trkpt lat="39.84197" lon="140.03275">
        <ele>16.0</ele>
      </trkpt>
      <trkpt lat="39.84209" lon="140.03269">
        <ele>15.7</ele>
      </trkpt>
      <trkpt lat="39.84213" lon="140.03265">
        <ele>15.6</ele>
      </trkpt>
      <trkpt lat="39.84221" lon="140.0326">
        <ele>15.4</ele>
      </trkpt>
      <trkpt lat="39.8424" lon="140.03246">
        <ele>15.1</ele>
      </trkpt>
      <trkpt lat="39.84272" lon="140.03224">
        <ele>14.8</ele>
      </trkpt>
      <trkpt lat="39.84305" lon="140.032">
        <ele>14.3</ele>
      </trkpt>
      <trkpt lat="39.84338" lon="140.03176">
        <ele>13.4</ele>
      </trkpt>
      <trkpt lat="39.84425" lon="140.03114">
        <ele>12.9</ele>
      </trkpt>
      <trkpt lat="39.84448" lon="140.03098">
        <ele>13.0</ele>
      </trkpt>
      <trkpt lat="39.84452" lon="140.03094">
        <ele>13.0</ele>
      </trkpt>
      <trkpt lat="39.8446" lon="140.03089">
        <ele>13.1</ele>
      </trkpt>
      <trkpt lat="39.84474" lon="140.03079">
        <ele>13.3</ele>
      </trkpt>
      <trkpt lat="39.84508" lon="140.03052">
        <ele>13.3</ele>
      </trkpt>
      <trkpt lat="39.84539" lon="140.03027">
        <ele>13.4</ele>
      </trkpt>
      <trkpt lat="39.84571" lon="140.03002">
        <ele>14.5</ele>
      </trkpt>
      <trkpt lat="39.84578" lon="140.02996">
        <ele>14.7</ele>
      </trkpt>
      <trkpt lat="39.84602" lon="140.02977">
        <ele>14.7</ele>
      </trkpt>
      <trkpt lat="39.84638" lon="140.02948">
        <ele>14.8</ele>
      </trkpt>
      <trkpt lat="39.8465" lon="140.02938">
        <ele>14.9</ele>
      </trkpt>
      <trkpt lat="39.84678" lon="140.02915">
        <ele>15.0</ele>
      </trkpt>
      <trkpt lat="39.84679" lon="140.02915">
        <ele>15.0</ele>
      </trkpt>
      <trkpt lat="39.84711" lon="140.02889">
        <ele>14.3</ele>
      </trkpt>
      <trkpt lat="39.84717" lon="140.02885">
        <ele>14.2</ele>
      </trkpt>
      <trkpt lat="39.84746" lon="140.02861">
        <ele>13.1</ele>
      </trkpt>
      <trkpt lat="39.84775" lon="140.02837">
        <ele>11.8</ele>
      </trkpt>
      <trkpt lat="39.84785" lon="140.02829">
        <ele>11.6</ele>
      </trkpt>
      <trkpt lat="39.84815" lon="140.02804">
        <ele>11.5</ele>
      </trkpt>
      <trkpt lat="39.84841" lon="140.02783">
        <ele>11.7</ele>
      </trkpt>
      <trkpt lat="39.84871" lon="140.02762">
        <ele>12.2</ele>
      </trkpt>
      <trkpt lat="39.84875" lon="140.02759">
        <ele>12.3</ele>
      </trkpt>
      <trkpt lat="39.84905" lon="140.02737">
        <ele>12.6</ele>
      </trkpt>
      <trkpt lat="39.8493" lon="140.02719">
        <ele>12.2</ele>
      </trkpt>
      <trkpt lat="39.84935" lon="140.02715">
        <ele>12.1</ele>
      </trkpt>
      <trkpt lat="39.84983" lon="140.0268">
        <ele>11.9</ele>
      </trkpt>
      <trkpt lat="39.85016" lon="140.02656">
        <ele>12.1</ele>
      </trkpt>
      <trkpt lat="39.85053" lon="140.02628">
        <ele>12.8</ele>
      </trkpt>
      <trkpt lat="39.85069" lon="140.02617">
        <ele>13.2</ele>
      </trkpt>
      <trkpt lat="39.85115" lon="140.02583">
        <ele>13.2</ele>
      </trkpt>
      <trkpt lat="39.85181" lon="140.02535">
        <ele>13.0</ele>
      </trkpt>
      <trkpt lat="39.85184" lon="140.02532">
        <ele>13.2</ele>
      </trkpt>
      <trkpt lat="39.85247" lon="140.02485">
        <ele>15.7</ele>
      </trkpt>
      <trkpt lat="39.8525" lon="140.02483">
        <ele>15.8</ele>
      </trkpt>
      <trkpt lat="39.8527" lon="140.02468">
        <ele>16.0</ele>
      </trkpt>
      <trkpt lat="39.85297" lon="140.02447">
        <ele>16.1</ele>
      </trkpt>
      <trkpt lat="39.85298" lon="140.02447">
        <ele>16.1</ele>
      </trkpt>
      <trkpt lat="39.85319" lon="140.0243">
        <ele>16.1</ele>
      </trkpt>
      <trkpt lat="39.85379" lon="140.02386">
        <ele>15.5</ele>
      </trkpt>
      <trkpt lat="39.85393" lon="140.02375">
        <ele>15.4</ele>
      </trkpt>
      <trkpt lat="39.85424" lon="140.02351">
        <ele>15.6</ele>
      </trkpt>
      <trkpt lat="39.85458" lon="140.02326">
        <ele>16.3</ele>
      </trkpt>
      <trkpt lat="39.85482" lon="140.02307">
        <ele>16.5</ele>
      </trkpt>
      <trkpt lat="39.8556" lon="140.02249">
        <ele>15.7</ele>
      </trkpt>
      <trkpt lat="39.85576" lon="140.02237">
        <ele>16.1</ele>
      </trkpt>
      <trkpt lat="39.85669" lon="140.02167">
        <ele>23.9</ele>
      </trkpt>
      <trkpt lat="39.85677" lon="140.0216">
        <ele>23.3</ele>
      </trkpt>
      <trkpt lat="39.85685" lon="140.02156">
        <ele>22.8</ele>
      </trkpt>
      <trkpt lat="39.85702" lon="140.02147">
        <ele>22.1</ele>
      </trkpt>
      <trkpt lat="39.85724" lon="140.02134">
        <ele>21.5</ele>
      </trkpt>
      <trkpt lat="39.85734" lon="140.02128">
        <ele>21.4</ele>
      </trkpt>
      <trkpt lat="39.85768" lon="140.02109">
        <ele>20.5</ele>
      </trkpt>
      <trkpt lat="39.85817" lon="140.02081">
        <ele>18.5</ele>
      </trkpt>
      <trkpt lat="39.85827" lon="140.02076">
        <ele>17.9</ele>
      </trkpt>
      <trkpt lat="39.85884" lon="140.02044">
        <ele>15.3</ele>
      </trkpt>
      <trkpt lat="39.85899" lon="140.02034">
        <ele>14.9</ele>
      </trkpt>
      <trkpt lat="39.85906" lon="140.02029">
        <ele>14.8</ele>
      </trkpt>
      <trkpt lat="39.85967" lon="140.01986">
        <ele>16.8</ele>
      </trkpt>
      <trkpt lat="39.86001" lon="140.01963">
        <ele>17.7</ele>
      </trkpt>
      <trkpt lat="39.86097" lon="140.01897">
        <ele>15.1</ele>
      </trkpt>
      <trkpt lat="39.86113" lon="140.01886">
        <ele>14.3</ele>
      </trkpt>
      <trkpt lat="39.86141" lon="140.01867">
        <ele>13.6</ele>
      </trkpt>
      <trkpt lat="39.86144" lon="140.01864">
        <ele>13.6</ele>
      </trkpt>
      <trkpt lat="39.8615" lon="140.0186">
        <ele>13.6</ele>
      </trkpt>
      <trkpt lat="39.86158" lon="140.01853">
        <ele>13.8</ele>
      </trkpt>
      <trkpt lat="39.86159" lon="140.01851">
        <ele>13.8</ele>
      </trkpt>
      <trkpt lat="39.86164" lon="140.01847">
        <ele>13.9</ele>
      </trkpt>
      <trkpt lat="39.86171" lon="140.01839">
        <ele>14.1</ele>
      </trkpt>
      <trkpt lat="39.86201" lon="140.01805">
        <ele>14.3</ele>
      </trkpt>
      <trkpt lat="39.86213" lon="140.01789">
        <ele>14.3</ele>
      </trkpt>
      <trkpt lat="39.86217" lon="140.01784">
        <ele>14.4</ele>
      </trkpt>
      <trkpt lat="39.86227" lon="140.0177">
        <ele>14.5</ele>
      </trkpt>
      <trkpt lat="39.86234" lon="140.01762">
        <ele>14.6</ele>
      </trkpt>
      <trkpt lat="39.86238" lon="140.01757">
        <ele>14.7</ele>
      </trkpt>
      <trkpt lat="39.86262" lon="140.01729">
        <ele>13.9</ele>
      </trkpt>
      <trkpt lat="39.86275" lon="140.01714">
        <ele>13.2</ele>
      </trkpt>
      <trkpt lat="39.86298" lon="140.01688">
        <ele>12.3</ele>
      </trkpt>
      <trkpt lat="39.86298" lon="140.01688">
        <ele>12.3</ele>
      </trkpt>
      <trkpt lat="39.86339" lon="140.01641">
        <ele>11.8</ele>
      </trkpt>
      <trkpt lat="39.86346" lon="140.01632">
        <ele>11.8</ele>
      </trkpt>
      <trkpt lat="39.8636" lon="140.01617">
        <ele>11.9</ele>
      </trkpt>
      <trkpt lat="39.86394" lon="140.01582">
        <ele>11.7</ele>
      </trkpt>
      <trkpt lat="39.86395" lon="140.01582">
        <ele>11.8</ele>
      </trkpt>
      <trkpt lat="39.86408" lon="140.01567">
        <ele>12.1</ele>
      </trkpt>
      <trkpt lat="39.86428" lon="140.01544">
        <ele>12.5</ele>
      </trkpt>
      <trkpt lat="39.86489" lon="140.01474">
        <ele>12.9</ele>
      </trkpt>
      <trkpt lat="39.86515" lon="140.01445">
        <ele>12.7</ele>
      </trkpt>
      <trkpt lat="39.86526" lon="140.01432">
        <ele>12.4</ele>
      </trkpt>
      <trkpt lat="39.86567" lon="140.01386">
        <ele>11.2</ele>
      </trkpt>
      <trkpt lat="39.86593" lon="140.01356">
        <ele>11.0</ele>
      </trkpt>
      <trkpt lat="39.8662" lon="140.01325">
        <ele>11.0</ele>
      </trkpt>
      <trkpt lat="39.86625" lon="140.01318">
        <ele>11.1</ele>
      </trkpt>
      <trkpt lat="39.86653" lon="140.01286">
        <ele>11.5</ele>
      </trkpt>
      <trkpt lat="39.86673" lon="140.01263">
        <ele>11.8</ele>
      </trkpt>
      <trkpt lat="39.86706" lon="140.01223">
        <ele>12.1</ele>
      </trkpt>
      <trkpt lat="39.8671" lon="140.01219">
        <ele>12.2</ele>
      </trkpt>
      <trkpt lat="39.8673" lon="140.01199">
        <ele>12.8</ele>
      </trkpt>
      <trkpt lat="39.86732" lon="140.01197">
        <ele>12.9</ele>
      </trkpt>
      <trkpt lat="39.86735" lon="140.01194">
        <ele>13.0</ele>
      </trkpt>
      <trkpt lat="39.86744" lon="140.01184">
        <ele>13.4</ele>
      </trkpt>
      <trkpt lat="39.86751" lon="140.01174">
        <ele>13.8</ele>
      </trkpt>
      <trkpt lat="39.86772" lon="140.01149">
        <ele>13.2</ele>
      </trkpt>
      <trkpt lat="39.86777" lon="140.01144">
        <ele>13.0</ele>
      </trkpt>
      <trkpt lat="39.8678" lon="140.0114">
        <ele>12.9</ele>
      </trkpt>
      <trkpt lat="39.868" lon="140.01116">
        <ele>12.7</ele>
      </trkpt>
      <trkpt lat="39.86819" lon="140.01094">
        <ele>12.8</ele>
      </trkpt>
      <trkpt lat="39.86827" lon="140.01084">
        <ele>13.0</ele>
      </trkpt>
      <trkpt lat="39.86831" lon="140.01079">
        <ele>13.0</ele>
      </trkpt>
      <trkpt lat="39.86865" lon="140.01038">
        <ele>12.7</ele>
      </trkpt>
      <trkpt lat="39.86879" lon="140.01022">
        <ele>12.7</ele>
      </trkpt>
      <trkpt lat="39.86894" lon="140.01004">
        <ele>12.9</ele>
      </trkpt>
      <trkpt lat="39.86925" lon="140.00969">
        <ele>12.1</ele>
      </trkpt>
      <trkpt lat="39.86926" lon="140.00968">
        <ele>12.1</ele>
      </trkpt>
      <trkpt lat="39.86973" lon="140.00911">
        <ele>11.7</ele>
      </trkpt>
      <trkpt lat="39.86977" lon="140.00907">
        <ele>11.7</ele>
      </trkpt>
      <trkpt lat="39.87022" lon="140.00855">
        <ele>11.5</ele>
      </trkpt>
      <trkpt lat="39.87082" lon="140.00786">
        <ele>11.6</ele>
      </trkpt>
      <trkpt lat="39.87116" lon="140.00748">
        <ele>11.6</ele>
      </trkpt>
      <trkpt lat="39.87143" lon="140.00717">
        <ele>11.5</ele>
      </trkpt>
      <trkpt lat="39.87179" lon="140.00671">
        <ele>11.7</ele>
      </trkpt>
      <trkpt lat="39.87181" lon="140.00668">
        <ele>11.6</ele>
      </trkpt>
      <trkpt lat="39.87197" lon="140.00648">
        <ele>11.4</ele>
      </trkpt>
      <trkpt lat="39.8721" lon="140.00632">
        <ele>11.4</ele>
      </trkpt>
      <trkpt lat="39.87212" lon="140.0063">
        <ele>11.4</ele>
      </trkpt>
      <trkpt lat="39.87246" lon="140.00588">
        <ele>11.9</ele>
      </trkpt>
      <trkpt lat="39.87253" lon="140.00579">
        <ele>11.9</ele>
      </trkpt>
      <trkpt lat="39.87297" lon="140.00523">
        <ele>11.4</ele>
      </trkpt>
      <trkpt lat="39.87314" lon="140.00503">
        <ele>11.7</ele>
      </trkpt>
      <trkpt lat="39.87347" lon="140.00462">
        <ele>11.8</ele>
      </trkpt>
      <trkpt lat="39.87391" lon="140.0041">
        <ele>12.0</ele>
      </trkpt>
      <trkpt lat="39.87442" lon="140.00353">
        <ele>11.4</ele>
      </trkpt>
      <trkpt lat="39.87456" lon="140.00336">
        <ele>11.1</ele>
      </trkpt>
      <trkpt lat="39.87489" lon="140.00299">
        <ele>10.5</ele>
      </trkpt>
      <trkpt lat="39.87537" lon="140.00245">
        <ele>10.5</ele>
      </trkpt>
      <trkpt lat="39.87585" lon="140.00192">
        <ele>10.7</ele>
      </trkpt>
      <trkpt lat="39.87671" lon="140.00096">
        <ele>11.2</ele>
      </trkpt>
      <trkpt lat="39.87712" lon="140.0005">
        <ele>10.2</ele>
      </trkpt>
      <trkpt lat="39.87714" lon="140.00049">
        <ele>10.2</ele>
      </trkpt>
      <trkpt lat="39.87728" lon="140.00032">
        <ele>10.3</ele>
      </trkpt>
      <trkpt lat="39.87763" lon="139.99993">
        <ele>11.0</ele>
      </trkpt>
      <trkpt lat="39.87795" lon="139.99958">
        <ele>11.0</ele>
      </trkpt>
      <trkpt lat="39.87826" lon="139.99923">
        <ele>11.0</ele>
      </trkpt>
      <trkpt lat="39.87826" lon="139.99922">
        <ele>11.0</ele>
      </trkpt>
      <trkpt lat="39.87841" lon="139.99904">
        <ele>10.9</ele>
      </trkpt>
      <trkpt lat="39.87851" lon="139.99889">
        <ele>10.7</ele>
      </trkpt>
      <trkpt lat="39.879" lon="139.99819">
        <ele>9.7</ele>
      </trkpt>
      <trkpt lat="39.87928" lon="139.99779">
        <ele>9.6</ele>
      </trkpt>
      <trkpt lat="39.87957" lon="139.99738">
        <ele>9.9</ele>
      </trkpt>
      <trkpt lat="39.88003" lon="139.99671">
        <ele>9.9</ele>
      </trkpt>
      <trkpt lat="39.88011" lon="139.9966">
        <ele>9.7</ele>
      </trkpt>
      <trkpt lat="39.88042" lon="139.99615">
        <ele>9.7</ele>
      </trkpt>
      <trkpt lat="39.88129" lon="139.99489">
        <ele>9.9</ele>
      </trkpt>
      <trkpt lat="39.88141" lon="139.99471">
        <ele>9.6</ele>
      </trkpt>
      <trkpt lat="39.88147" lon="139.99463">
        <ele>9.6</ele>
      </trkpt>
      <trkpt lat="39.8815" lon="139.99458">
        <ele>9.6</ele>
      </trkpt>
      <trkpt lat="39.88154" lon="139.99452">
        <ele>9.6</ele>
      </trkpt>
      <trkpt lat="39.88194" lon="139.99394">
        <ele>10.0</ele>
      </trkpt>
      <trkpt lat="39.882" lon="139.99386">
        <ele>10.0</ele>
      </trkpt>
      <trkpt lat="39.88215" lon="139.99362">
        <ele>10.0</ele>
      </trkpt>
      <trkpt lat="39.88217" lon="139.99359">
        <ele>10.0</ele>
      </trkpt>
      <trkpt lat="39.88229" lon="139.99342">
        <ele>10.0</ele>
      </trkpt>
      <trkpt lat="39.88244" lon="139.99321">
        <ele>9.8</ele>
      </trkpt>
      <trkpt lat="39.88285" lon="139.99261">
        <ele>9.4</ele>
      </trkpt>
      <trkpt lat="39.88298" lon="139.99242">
        <ele>9.6</ele>
      </trkpt>
      <trkpt lat="39.88321" lon="139.99209">
        <ele>9.9</ele>
      </trkpt>
      <trkpt lat="39.88333" lon="139.99192">
        <ele>10.0</ele>
      </trkpt>
      <trkpt lat="39.88351" lon="139.99167">
        <ele>9.6</ele>
      </trkpt>
      <trkpt lat="39.88363" lon="139.9915">
        <ele>9.2</ele>
      </trkpt>
      <trkpt lat="39.88384" lon="139.99118">
        <ele>8.9</ele>
      </trkpt>
      <trkpt lat="39.88392" lon="139.99108">
        <ele>8.9</ele>
      </trkpt>
      <trkpt lat="39.88435" lon="139.99046">
        <ele>8.7</ele>
      </trkpt>
      <trkpt lat="39.88463" lon="139.99007">
        <ele>8.4</ele>
      </trkpt>
      <trkpt lat="39.88479" lon="139.98984">
        <ele>8.2</ele>
      </trkpt>
      <trkpt lat="39.88495" lon="139.98962">
        <ele>8.0</ele>
      </trkpt>
      <trkpt lat="39.885" lon="139.98954">
        <ele>8.0</ele>
      </trkpt>
      <trkpt lat="39.88507" lon="139.98944">
        <ele>8.1</ele>
      </trkpt>
      <trkpt lat="39.88538" lon="139.98899">
        <ele>8.9</ele>
      </trkpt>
      <trkpt lat="39.88546" lon="139.98888">
        <ele>9.1</ele>
      </trkpt>
      <trkpt lat="39.88565" lon="139.98861">
        <ele>9.6</ele>
      </trkpt>
      <trkpt lat="39.88587" lon="139.98829">
        <ele>10.0</ele>
      </trkpt>
      <trkpt lat="39.8859" lon="139.98824">
        <ele>9.9</ele>
      </trkpt>
      <trkpt lat="39.88612" lon="139.98791">
        <ele>9.7</ele>
      </trkpt>
      <trkpt lat="39.88623" lon="139.98777">
        <ele>9.5</ele>
      </trkpt>
      <trkpt lat="39.88641" lon="139.98751">
        <ele>9.3</ele>
      </trkpt>
      <trkpt lat="39.88651" lon="139.98737">
        <ele>9.0</ele>
      </trkpt>
      <trkpt lat="39.88652" lon="139.98736">
        <ele>9.0</ele>
      </trkpt>
      <trkpt lat="39.88668" lon="139.98714">
        <ele>8.6</ele>
      </trkpt>
      <trkpt lat="39.88673" lon="139.98707">
        <ele>8.5</ele>
      </trkpt>
      <trkpt lat="39.88681" lon="139.98696">
        <ele>8.5</ele>
      </trkpt>
      <trkpt lat="39.88699" lon="139.98671">
        <ele>8.4</ele>
      </trkpt>
      <trkpt lat="39.88704" lon="139.98663">
        <ele>8.4</ele>
      </trkpt>
      <trkpt lat="39.88716" lon="139.98644">
        <ele>8.5</ele>
      </trkpt>
      <trkpt lat="39.8873" lon="139.98623">
        <ele>8.6</ele>
      </trkpt>
      <trkpt lat="39.88741" lon="139.98607">
        <ele>8.8</ele>
      </trkpt>
      <trkpt lat="39.88754" lon="139.98588">
        <ele>8.9</ele>
      </trkpt>
      <trkpt lat="39.88802" lon="139.9852">
        <ele>9.3</ele>
      </trkpt>
      <trkpt lat="39.88804" lon="139.98516">
        <ele>9.4</ele>
      </trkpt>
      <trkpt lat="39.88817" lon="139.98498">
        <ele>9.8</ele>
      </trkpt>
      <trkpt lat="39.88833" lon="139.98473">
        <ele>9.7</ele>
      </trkpt>
      <trkpt lat="39.88845" lon="139.98455">
        <ele>9.1</ele>
      </trkpt>
      <trkpt lat="39.88856" lon="139.98438">
        <ele>8.6</ele>
      </trkpt>
      <trkpt lat="39.88858" lon="139.98435">
        <ele>8.5</ele>
      </trkpt>
      <trkpt lat="39.88861" lon="139.98428">
        <ele>8.4</ele>
      </trkpt>
      <trkpt lat="39.88877" lon="139.984">
        <ele>8.0</ele>
      </trkpt>
      <trkpt lat="39.88881" lon="139.98394">
        <ele>7.9</ele>
      </trkpt>
      <trkpt lat="39.88897" lon="139.98365">
        <ele>7.8</ele>
      </trkpt>
      <trkpt lat="39.88905" lon="139.9835">
        <ele>7.9</ele>
      </trkpt>
      <trkpt lat="39.8891" lon="139.9834">
        <ele>7.9</ele>
      </trkpt>
      <trkpt lat="39.88916" lon="139.98326">
        <ele>8.1</ele>
      </trkpt>
      <trkpt lat="39.8892" lon="139.98317">
        <ele>8.1</ele>
      </trkpt>
      <trkpt lat="39.88925" lon="139.98304">
        <ele>8.1</ele>
      </trkpt>
      <trkpt lat="39.88936" lon="139.98278">
        <ele>8.3</ele>
      </trkpt>
      <trkpt lat="39.88942" lon="139.98263">
        <ele>8.4</ele>
      </trkpt>
      <trkpt lat="39.88946" lon="139.98255">
        <ele>8.5</ele>
      </trkpt>
      <trkpt lat="39.88947" lon="139.98254">
        <ele>8.6</ele>
      </trkpt>
      <trkpt lat="39.88951" lon="139.98247">
        <ele>8.6</ele>
      </trkpt>
      <trkpt lat="39.88954" lon="139.98242">
        <ele>8.6</ele>
      </trkpt>
      <trkpt lat="39.88963" lon="139.98228">
        <ele>8.7</ele>
      </trkpt>
      <trkpt lat="39.88972" lon="139.98214">
        <ele>8.8</ele>
      </trkpt>
      <trkpt lat="39.88974" lon="139.98212">
        <ele>8.8</ele>
      </trkpt>
      <trkpt lat="39.88984" lon="139.98198">
        <ele>8.8</ele>
      </trkpt>
      <trkpt lat="39.88999" lon="139.98177">
        <ele>8.9</ele>
      </trkpt>
      <trkpt lat="39.89003" lon="139.98171">
        <ele>8.9</ele>
      </trkpt>
      <trkpt lat="39.89006" lon="139.98168">
        <ele>9.0</ele>
      </trkpt>
      <trkpt lat="39.89009" lon="139.98164">
        <ele>9.0</ele>
      </trkpt>
      <trkpt lat="39.89015" lon="139.98156">
        <ele>9.0</ele>
      </trkpt>
      <trkpt lat="39.89035" lon="139.98129">
        <ele>9.0</ele>
      </trkpt>
      <trkpt lat="39.89039" lon="139.98123">
        <ele>9.0</ele>
      </trkpt>
      <trkpt lat="39.89057" lon="139.98098">
        <ele>9.0</ele>
      </trkpt>
      <trkpt lat="39.89061" lon="139.98092">
        <ele>9.0</ele>
      </trkpt>
      <trkpt lat="39.8907" lon="139.98079">
        <ele>8.9</ele>
      </trkpt>
      <trkpt lat="39.89077" lon="139.98069">
        <ele>8.8</ele>
      </trkpt>
      <trkpt lat="39.89083" lon="139.98058">
        <ele>8.7</ele>
      </trkpt>
      <trkpt lat="39.89088" lon="139.98048">
        <ele>8.5</ele>
      </trkpt>
      <trkpt lat="39.89097" lon="139.98029">
        <ele>8.2</ele>
      </trkpt>
      <trkpt lat="39.89099" lon="139.98025">
        <ele>8.1</ele>
      </trkpt>
      <trkpt lat="39.89117" lon="139.97989">
        <ele>7.6</ele>
      </trkpt>
      <trkpt lat="39.89133" lon="139.97955">
        <ele>7.4</ele>
      </trkpt>
      <trkpt lat="39.89133" lon="139.97954">
        <ele>7.4</ele>
      </trkpt>
      <trkpt lat="39.89139" lon="139.97944">
        <ele>7.3</ele>
      </trkpt>
      <trkpt lat="39.89141" lon="139.97938">
        <ele>7.3</ele>
      </trkpt>
      <trkpt lat="39.89145" lon="139.97932">
        <ele>7.3</ele>
      </trkpt>
      <trkpt lat="39.8915" lon="139.97923">
        <ele>7.2</ele>
      </trkpt>
      <trkpt lat="39.89154" lon="139.97917">
        <ele>7.2</ele>
      </trkpt>
      <trkpt lat="39.89157" lon="139.97912">
        <ele>7.2</ele>
      </trkpt>
      <trkpt lat="39.89178" lon="139.97879">
        <ele>7.6</ele>
      </trkpt>
      <trkpt lat="39.89193" lon="139.97854">
        <ele>7.6</ele>
      </trkpt>
      <trkpt lat="39.89208" lon="139.97828">
        <ele>7.5</ele>
      </trkpt>
      <trkpt lat="39.89214" lon="139.97819">
        <ele>7.4</ele>
      </trkpt>
      <trkpt lat="39.8922" lon="139.97807">
        <ele>7.4</ele>
      </trkpt>
      <trkpt lat="39.89231" lon="139.97786">
        <ele>7.4</ele>
      </trkpt>
      <trkpt lat="39.89243" lon="139.97759">
        <ele>7.8</ele>
      </trkpt>
      <trkpt lat="39.89258" lon="139.97728">
        <ele>8.6</ele>
      </trkpt>
      <trkpt lat="39.89272" lon="139.977">
        <ele>9.4</ele>
      </trkpt>
      <trkpt lat="39.89275" lon="139.97694">
        <ele>9.5</ele>
      </trkpt>
      <trkpt lat="39.89278" lon="139.97688">
        <ele>9.7</ele>
      </trkpt>
      <trkpt lat="39.89285" lon="139.97675">
        <ele>10.2</ele>
      </trkpt>
      <trkpt lat="39.89298" lon="139.97651">
        <ele>10.9</ele>
      </trkpt>
      <trkpt lat="39.89306" lon="139.97639">
        <ele>11.3</ele>
      </trkpt>
      <trkpt lat="39.89313" lon="139.97625">
        <ele>11.9</ele>
      </trkpt>
      <trkpt lat="39.89316" lon="139.97621">
        <ele>12.1</ele>
      </trkpt>
      <trkpt lat="39.89363" lon="139.97544">
        <ele>11.8</ele>
      </trkpt>
      <trkpt lat="39.89373" lon="139.97525">
        <ele>11.3</ele>
      </trkpt>
      <trkpt lat="39.8938" lon="139.9751">
        <ele>11.1</ele>
      </trkpt>
      <trkpt lat="39.89385" lon="139.975">
        <ele>11.0</ele>
      </trkpt>
      <trkpt lat="39.89389" lon="139.97491">
        <ele>11.0</ele>
      </trkpt>
      <trkpt lat="39.89394" lon="139.97476">
        <ele>10.9</ele>
      </trkpt>
      <trkpt lat="39.89396" lon="139.97472">
        <ele>10.8</ele>
      </trkpt>
      <trkpt lat="39.89398" lon="139.97465">
        <ele>10.8</ele>
      </trkpt>
      <trkpt lat="39.894" lon="139.97456">
        <ele>10.7</ele>
      </trkpt>
      <trkpt lat="39.89402" lon="139.9745">
        <ele>10.6</ele>
      </trkpt>
      <trkpt lat="39.89403" lon="139.97443">
        <ele>10.5</ele>
      </trkpt>
      <trkpt lat="39.89405" lon="139.97436">
        <ele>10.4</ele>
      </trkpt>
      <trkpt lat="39.89405" lon="139.97429">
        <ele>10.4</ele>
      </trkpt>
      <trkpt lat="39.89406" lon="139.97416">
        <ele>10.3</ele>
      </trkpt>
      <trkpt lat="39.89407" lon="139.97397">
        <ele>10.5</ele>
      </trkpt>
      <trkpt lat="39.8941" lon="139.97321">
        <ele>11.0</ele>
      </trkpt>
      <trkpt lat="39.8941" lon="139.97311">
        <ele>10.9</ele>
      </trkpt>
      <trkpt lat="39.89411" lon="139.97302">
        <ele>10.7</ele>
      </trkpt>
      <trkpt lat="39.89413" lon="139.97285">
        <ele>10.5</ele>
      </trkpt>
      <trkpt lat="39.89414" lon="139.97274">
        <ele>10.3</ele>
      </trkpt>
      <trkpt lat="39.89414" lon="139.97271">
        <ele>10.3</ele>
      </trkpt>
      <trkpt lat="39.89416" lon="139.97262">
        <ele>10.1</ele>
      </trkpt>
      <trkpt lat="39.89417" lon="139.97254">
        <ele>10.0</ele>
      </trkpt>
      <trkpt lat="39.8942" lon="139.97245">
        <ele>10.0</ele>
      </trkpt>
      <trkpt lat="39.89422" lon="139.97237">
        <ele>10.0</ele>
      </trkpt>
      <trkpt lat="39.89425" lon="139.97229">
        <ele>10.0</ele>
      </trkpt>
      <trkpt lat="39.89433" lon="139.97211">
        <ele>9.9</ele>
      </trkpt>
      <trkpt lat="39.89446" lon="139.97183">
        <ele>9.7</ele>
      </trkpt>
      <trkpt lat="39.8945" lon="139.97174">
        <ele>9.6</ele>
      </trkpt>
      <trkpt lat="39.89456" lon="139.97161">
        <ele>9.5</ele>
      </trkpt>
      <trkpt lat="39.89464" lon="139.97142">
        <ele>9.1</ele>
      </trkpt>
      <trkpt lat="39.89476" lon="139.97112">
        <ele>8.6</ele>
      </trkpt>
      <trkpt lat="39.89485" lon="139.9709">
        <ele>8.3</ele>
      </trkpt>
      <trkpt lat="39.89493" lon="139.97071">
        <ele>8.2</ele>
      </trkpt>
      <trkpt lat="39.89501" lon="139.97055">
        <ele>8.3</ele>
      </trkpt>
      <trkpt lat="39.89519" lon="139.97022">
        <ele>8.9</ele>
      </trkpt>
      <trkpt lat="39.89528" lon="139.97001">
        <ele>9.3</ele>
      </trkpt>
      <trkpt lat="39.89538" lon="139.96981">
        <ele>9.5</ele>
      </trkpt>
      <trkpt lat="39.89546" lon="139.96963">
        <ele>9.5</ele>
      </trkpt>
      <trkpt lat="39.89573" lon="139.96902">
        <ele>8.9</ele>
      </trkpt>
      <trkpt lat="39.89589" lon="139.96868">
        <ele>8.3</ele>
      </trkpt>
      <trkpt lat="39.89606" lon="139.96832">
        <ele>7.7</ele>
      </trkpt>
      <trkpt lat="39.89624" lon="139.96794">
        <ele>8.0</ele>
      </trkpt>
      <trkpt lat="39.89627" lon="139.96787">
        <ele>8.1</ele>
      </trkpt>
      <trkpt lat="39.89634" lon="139.96775">
        <ele>8.2</ele>
      </trkpt>
      <trkpt lat="39.89634" lon="139.96774">
        <ele>8.3</ele>
      </trkpt>
      <trkpt lat="39.89641" lon="139.96763">
        <ele>8.5</ele>
      </trkpt>
      <trkpt lat="39.89645" lon="139.96756">
        <ele>8.6</ele>
      </trkpt>
      <trkpt lat="39.89649" lon="139.96752">
        <ele>8.8</ele>
      </trkpt>
      <trkpt lat="39.89651" lon="139.96749">
        <ele>8.8</ele>
      </trkpt>
      <trkpt lat="39.89653" lon="139.96747">
        <ele>8.9</ele>
      </trkpt>
      <trkpt lat="39.89659" lon="139.9674">
        <ele>9.0</ele>
      </trkpt>
      <trkpt lat="39.89665" lon="139.96733">
        <ele>9.2</ele>
      </trkpt>
      <trkpt lat="39.8967" lon="139.96727">
        <ele>9.3</ele>
      </trkpt>
      <trkpt lat="39.89672" lon="139.96724">
        <ele>9.3</ele>
      </trkpt>
      <trkpt lat="39.89672" lon="139.96722">
        <ele>9.4</ele>
      </trkpt>
      <trkpt lat="39.89673" lon="139.9672">
        <ele>9.4</ele>
      </trkpt>
      <trkpt lat="39.89673" lon="139.96719">
        <ele>9.4</ele>
      </trkpt>
      <trkpt lat="39.89673" lon="139.96713">
        <ele>9.5</ele>
      </trkpt>
      <trkpt lat="39.89673" lon="139.96707">
        <ele>9.6</ele>
      </trkpt>
      <trkpt lat="39.89673" lon="139.96704">
        <ele>9.6</ele>
      </trkpt>
      <trkpt lat="39.89673" lon="139.96701">
        <ele>9.6</ele>
      </trkpt>
      <trkpt lat="39.89674" lon="139.96698">
        <ele>9.7</ele>
      </trkpt>
      <trkpt lat="39.89674" lon="139.96695">
        <ele>9.7</ele>
      </trkpt>
      <trkpt lat="39.89676" lon="139.96692">
        <ele>9.8</ele>
      </trkpt>
      <trkpt lat="39.89681" lon="139.96678">
        <ele>10.0</ele>
      </trkpt>
      <trkpt lat="39.8969" lon="139.96655">
        <ele>10.2</ele>
      </trkpt>
      <trkpt lat="39.89705" lon="139.96617">
        <ele>10.2</ele>
      </trkpt>
      <trkpt lat="39.89711" lon="139.96602">
        <ele>10.1</ele>
      </trkpt>
      <trkpt lat="39.89716" lon="139.96589">
        <ele>10.0</ele>
      </trkpt>
      <trkpt lat="39.89723" lon="139.96573">
        <ele>9.8</ele>
      </trkpt>
      <trkpt lat="39.89728" lon="139.9656">
        <ele>9.5</ele>
      </trkpt>
      <trkpt lat="39.8973" lon="139.96556">
        <ele>9.4</ele>
      </trkpt>
      <trkpt lat="39.8974" lon="139.96527">
        <ele>8.7</ele>
      </trkpt>
      <trkpt lat="39.89752" lon="139.96498">
        <ele>8.0</ele>
      </trkpt>
      <trkpt lat="39.89757" lon="139.96486">
        <ele>7.9</ele>
      </trkpt>
      <trkpt lat="39.89773" lon="139.96446">
        <ele>7.9</ele>
      </trkpt>
      <trkpt lat="39.89781" lon="139.96425">
        <ele>8.0</ele>
      </trkpt>
      <trkpt lat="39.89797" lon="139.96386">
        <ele>8.9</ele>
      </trkpt>
      <trkpt lat="39.89801" lon="139.96375">
        <ele>9.2</ele>
      </trkpt>
      <trkpt lat="39.89809" lon="139.96351">
        <ele>9.8</ele>
      </trkpt>
      <trkpt lat="39.89811" lon="139.96343">
        <ele>10.0</ele>
      </trkpt>
      <trkpt lat="39.89815" lon="139.9633">
        <ele>10.2</ele>
      </trkpt>
      <trkpt lat="39.89819" lon="139.96312">
        <ele>9.9</ele>
      </trkpt>
      <trkpt lat="39.89822" lon="139.96294">
        <ele>9.6</ele>
      </trkpt>
      <trkpt lat="39.89825" lon="139.96282">
        <ele>9.4</ele>
      </trkpt>
      <trkpt lat="39.89829" lon="139.96264">
        <ele>9.2</ele>
      </trkpt>
      <trkpt lat="39.89835" lon="139.96243">
        <ele>8.9</ele>
      </trkpt>
      <trkpt lat="39.89835" lon="139.96239">
        <ele>8.9</ele>
      </trkpt>
      <trkpt lat="39.89836" lon="139.96234">
        <ele>8.8</ele>
      </trkpt>
      <trkpt lat="39.89836" lon="139.96225">
        <ele>8.7</ele>
      </trkpt>
      <trkpt lat="39.89836" lon="139.96215">
        <ele>8.6</ele>
      </trkpt>
      <trkpt lat="39.89836" lon="139.96212">
        <ele>8.6</ele>
      </trkpt>
      <trkpt lat="39.89835" lon="139.96209">
        <ele>8.5</ele>
      </trkpt>
      <trkpt lat="39.89834" lon="139.96205">
        <ele>8.5</ele>
      </trkpt>
      <trkpt lat="39.89832" lon="139.96201">
        <ele>8.4</ele>
      </trkpt>
      <trkpt lat="39.8983" lon="139.96198">
        <ele>8.4</ele>
      </trkpt>
      <trkpt lat="39.89823" lon="139.96189">
        <ele>8.2</ele>
      </trkpt>
      <trkpt lat="39.89821" lon="139.96185">
        <ele>8.1</ele>
      </trkpt>
      <trkpt lat="39.89818" lon="139.9618">
        <ele>8.0</ele>
      </trkpt>
      <trkpt lat="39.89816" lon="139.96176">
        <ele>7.9</ele>
      </trkpt>
      <trkpt lat="39.89815" lon="139.96173">
        <ele>7.9</ele>
      </trkpt>
      <trkpt lat="39.89815" lon="139.96169">
        <ele>7.8</ele>
      </trkpt>
      <trkpt lat="39.89816" lon="139.96165">
        <ele>7.8</ele>
      </trkpt>
      <trkpt lat="39.89817" lon="139.96159">
        <ele>7.7</ele>
      </trkpt>
      <trkpt lat="39.89817" lon="139.96158">
        <ele>7.7</ele>
      </trkpt>
      <trkpt lat="39.8982" lon="139.96152">
        <ele>7.7</ele>
      </trkpt>
      <trkpt lat="39.89824" lon="139.96141">
        <ele>7.6</ele>
      </trkpt>
      <trkpt lat="39.8983" lon="139.96125">
        <ele>7.5</ele>
      </trkpt>
      <trkpt lat="39.8984" lon="139.961">
        <ele>7.4</ele>
      </trkpt>
      <trkpt lat="39.89846" lon="139.9609">
        <ele>7.5</ele>
      </trkpt>
      <trkpt lat="39.8985" lon="139.96082">
        <ele>7.6</ele>
      </trkpt>
      <trkpt lat="39.89853" lon="139.96076">
        <ele>7.5</ele>
      </trkpt>
      <trkpt lat="39.89857" lon="139.9607">
        <ele>7.4</ele>
      </trkpt>
      <trkpt lat="39.89861" lon="139.96064">
        <ele>7.3</ele>
      </trkpt>
      <trkpt lat="39.89886" lon="139.96026">
        <ele>6.2</ele>
      </trkpt>
      <trkpt lat="39.89891" lon="139.96018">
        <ele>5.9</ele>
      </trkpt>
      <trkpt lat="39.89895" lon="139.96012">
        <ele>5.6</ele>
      </trkpt>
      <trkpt lat="39.89918" lon="139.95976">
        <ele>4.7</ele>
      </trkpt>
      <trkpt lat="39.89923" lon="139.95968">
        <ele>4.5</ele>
      </trkpt>
      <trkpt lat="39.89928" lon="139.95961">
        <ele>4.3</ele>
      </trkpt>
      <trkpt lat="39.89936" lon="139.95949">
        <ele>4.1</ele>
      </trkpt>
      <trkpt lat="39.89942" lon="139.95939">
        <ele>3.9</ele>
      </trkpt>
      <trkpt lat="39.89952" lon="139.95926">
        <ele>3.6</ele>
      </trkpt>
      <trkpt lat="39.89954" lon="139.95922">
        <ele>3.6</ele>
      </trkpt>
      <trkpt lat="39.89967" lon="139.95905">
        <ele>3.2</ele>
      </trkpt>
      <trkpt lat="39.89986" lon="139.95881">
        <ele>3.0</ele>
      </trkpt>
      <trkpt lat="39.90011" lon="139.95847">
        <ele>3.0</ele>
      </trkpt>
      <trkpt lat="39.90013" lon="139.95844">
        <ele>3.0</ele>
      </trkpt>
      <trkpt lat="39.90015" lon="139.95842">
        <ele>3.0</ele>
      </trkpt>
      <trkpt lat="39.90018" lon="139.95838">
        <ele>3.0</ele>
      </trkpt>
      <trkpt lat="39.9003" lon="139.95822">
        <ele>3.0</ele>
      </trkpt>
      <trkpt lat="39.90041" lon="139.95808">
        <ele>3.0</ele>
      </trkpt>
      <trkpt lat="39.90043" lon="139.95805">
        <ele>3.0</ele>
      </trkpt>
      <trkpt lat="39.90055" lon="139.95789">
        <ele>3.0</ele>
      </trkpt>
      <trkpt lat="39.90063" lon="139.95778">
        <ele>3.0</ele>
      </trkpt>
      <trkpt lat="39.90078" lon="139.95757">
        <ele>3.1</ele>
      </trkpt>
      <trkpt lat="39.90093" lon="139.95738">
        <ele>3.1</ele>
      </trkpt>
      <trkpt lat="39.90136" lon="139.95682">
        <ele>3.1</ele>
      </trkpt>
      <trkpt lat="39.9016" lon="139.95649">
        <ele>3.1</ele>
      </trkpt>
      <trkpt lat="39.90171" lon="139.95635">
        <ele>3.2</ele>
      </trkpt>
      <trkpt lat="39.90182" lon="139.95621">
        <ele>3.2</ele>
      </trkpt>
      <trkpt lat="39.90194" lon="139.95606">
        <ele>3.2</ele>
      </trkpt>
      <trkpt lat="39.90195" lon="139.95605">
        <ele>3.2</ele>
      </trkpt>
      <trkpt lat="39.90231" lon="139.95558">
        <ele>3.2</ele>
      </trkpt>
      <trkpt lat="39.90233" lon="139.95555">
        <ele>3.2</ele>
      </trkpt>
      <trkpt lat="39.90251" lon="139.9553">
        <ele>3.3</ele>
      </trkpt>
      <trkpt lat="39.90261" lon="139.95517">
        <ele>3.6</ele>
      </trkpt>
      <trkpt lat="39.90264" lon="139.95512">
        <ele>3.7</ele>
      </trkpt>
      <trkpt lat="39.90278" lon="139.95492">
        <ele>4.0</ele>
      </trkpt>
      <trkpt lat="39.90308" lon="139.95449">
        <ele>3.6</ele>
      </trkpt>
      <trkpt lat="39.90316" lon="139.95437">
        <ele>3.4</ele>
      </trkpt>
      <trkpt lat="39.9033" lon="139.95417">
        <ele>3.0</ele>
      </trkpt>
      <trkpt lat="39.90333" lon="139.95413">
        <ele>3.0</ele>
      </trkpt>
      <trkpt lat="39.90338" lon="139.95406">
        <ele>3.2</ele>
      </trkpt>
      <trkpt lat="39.90341" lon="139.95402">
        <ele>3.3</ele>
      </trkpt>
      <trkpt lat="39.90343" lon="139.954">
        <ele>3.4</ele>
      </trkpt>
      <trkpt lat="39.90347" lon="139.95397">
        <ele>3.5</ele>
      </trkpt>
      <trkpt lat="39.90347" lon="139.95397">
        <ele>3.5</ele>
      </trkpt>
      <trkpt lat="39.90349" lon="139.95396">
        <ele>3.6</ele>
      </trkpt>
      <trkpt lat="39.90352" lon="139.95394">
        <ele>3.7</ele>
      </trkpt>
      <trkpt lat="39.90365" lon="139.9538">
        <ele>4.0</ele>
      </trkpt>
      <trkpt lat="39.90376" lon="139.9537">
        <ele>4.3</ele>
      </trkpt>
      <trkpt lat="39.90382" lon="139.95364">
        <ele>4.4</ele>
      </trkpt>
      <trkpt lat="39.90387" lon="139.95357">
        <ele>4.5</ele>
      </trkpt>
      <trkpt lat="39.90403" lon="139.95336">
        <ele>4.8</ele>
      </trkpt>
      <trkpt lat="39.90408" lon="139.95328">
        <ele>5.0</ele>
      </trkpt>
      <trkpt lat="39.90413" lon="139.95321">
        <ele>5.3</ele>
      </trkpt>
      <trkpt lat="39.90415" lon="139.95316">
        <ele>5.4</ele>
      </trkpt>
      <trkpt lat="39.90417" lon="139.95313">
        <ele>5.5</ele>
      </trkpt>
      <trkpt lat="39.90422" lon="139.95303">
        <ele>5.7</ele>
      </trkpt>
      <trkpt lat="39.9043" lon="139.95288">
        <ele>5.9</ele>
      </trkpt>
      <trkpt lat="39.90448" lon="139.95252">
        <ele>6.2</ele>
      </trkpt>
      <trkpt lat="39.90454" lon="139.9524">
        <ele>6.0</ele>
      </trkpt>
      <trkpt lat="39.90457" lon="139.95235">
        <ele>5.9</ele>
      </trkpt>
      <trkpt lat="39.90457" lon="139.95235">
        <ele>5.9</ele>
      </trkpt>
      <trkpt lat="39.90457" lon="139.95232">
        <ele>5.9</ele>
      </trkpt>
      <trkpt lat="39.90464" lon="139.95218">
        <ele>5.7</ele>
      </trkpt>
      <trkpt lat="39.90467" lon="139.95209">
        <ele>5.6</ele>
      </trkpt>
      <trkpt lat="39.90473" lon="139.95196">
        <ele>5.4</ele>
      </trkpt>
      <trkpt lat="39.9048" lon="139.95175">
        <ele>5.3</ele>
      </trkpt>
      <trkpt lat="39.90491" lon="139.95145">
        <ele>5.3</ele>
      </trkpt>
      <trkpt lat="39.90504" lon="139.9511">
        <ele>5.7</ele>
      </trkpt>
      <trkpt lat="39.90513" lon="139.95084">
        <ele>6.0</ele>
      </trkpt>
      <trkpt lat="39.90515" lon="139.95076">
        <ele>6.1</ele>
      </trkpt>
      <trkpt lat="39.90518" lon="139.95068">
        <ele>6.3</ele>
      </trkpt>
      <trkpt lat="39.90519" lon="139.95061">
        <ele>6.4</ele>
      </trkpt>
      <trkpt lat="39.9052" lon="139.95056">
        <ele>6.5</ele>
      </trkpt>
      <trkpt lat="39.90521" lon="139.95052">
        <ele>6.6</ele>
      </trkpt>
      <trkpt lat="39.90521" lon="139.95046">
        <ele>6.7</ele>
      </trkpt>
      <trkpt lat="39.90521" lon="139.95041">
        <ele>6.8</ele>
      </trkpt>
      <trkpt lat="39.90521" lon="139.95037">
        <ele>6.8</ele>
      </trkpt>
      <trkpt lat="39.90521" lon="139.95035">
        <ele>6.9</ele>
      </trkpt>
      <trkpt lat="39.90521" lon="139.95033">
        <ele>6.9</ele>
      </trkpt>
      <trkpt lat="39.90521" lon="139.95029">
        <ele>7.0</ele>
      </trkpt>
      <trkpt lat="39.90517" lon="139.95003">
        <ele>7.5</ele>
      </trkpt>
      <trkpt lat="39.90513" lon="139.94971">
        <ele>7.4</ele>
      </trkpt>
      <trkpt lat="39.90511" lon="139.94951">
        <ele>7.2</ele>
      </trkpt>
      <trkpt lat="39.90509" lon="139.94938">
        <ele>7.1</ele>
      </trkpt>
      <trkpt lat="39.90509" lon="139.94929">
        <ele>7.0</ele>
      </trkpt>
      <trkpt lat="39.90507" lon="139.94918">
        <ele>6.9</ele>
      </trkpt>
      <trkpt lat="39.90506" lon="139.94909">
        <ele>6.9</ele>
      </trkpt>
      <trkpt lat="39.90504" lon="139.94896">
        <ele>7.0</ele>
      </trkpt>
      <trkpt lat="39.90502" lon="139.94885">
        <ele>7.0</ele>
      </trkpt>
      <trkpt lat="39.90497" lon="139.94862">
        <ele>7.0</ele>
      </trkpt>
      <trkpt lat="39.90492" lon="139.94839">
        <ele>6.9</ele>
      </trkpt>
      <trkpt lat="39.90489" lon="139.94824">
        <ele>6.9</ele>
      </trkpt>
      <trkpt lat="39.90483" lon="139.94791">
        <ele>7.0</ele>
      </trkpt>
      <trkpt lat="39.9048" lon="139.94777">
        <ele>7.1</ele>
      </trkpt>
      <trkpt lat="39.90478" lon="139.9477">
        <ele>7.1</ele>
      </trkpt>
      <trkpt lat="39.90476" lon="139.94764">
        <ele>7.2</ele>
      </trkpt>
      <trkpt lat="39.90474" lon="139.94757">
        <ele>7.3</ele>
      </trkpt>
      <trkpt lat="39.90471" lon="139.94752">
        <ele>7.3</ele>
      </trkpt>
      <trkpt lat="39.90469" lon="139.94747">
        <ele>7.3</ele>
      </trkpt>
      <trkpt lat="39.90463" lon="139.94738">
        <ele>7.3</ele>
      </trkpt>
      <trkpt lat="39.90462" lon="139.94736">
        <ele>7.3</ele>
      </trkpt>
      <trkpt lat="39.90461" lon="139.94732">
        <ele>7.3</ele>
      </trkpt>
      <trkpt lat="39.9046" lon="139.94728">
        <ele>7.3</ele>
      </trkpt>
      <trkpt lat="39.90459" lon="139.94722">
        <ele>7.3</ele>
      </trkpt>
      <trkpt lat="39.90457" lon="139.94715">
        <ele>7.3</ele>
      </trkpt>
      <trkpt lat="39.90455" lon="139.94709">
        <ele>7.4</ele>
      </trkpt>
      <trkpt lat="39.90453" lon="139.94705">
        <ele>7.4</ele>
      </trkpt>
      <trkpt lat="39.90452" lon="139.94703">
        <ele>7.4</ele>
      </trkpt>
      <trkpt lat="39.9045" lon="139.94702">
        <ele>7.5</ele>
      </trkpt>
      <trkpt lat="39.90447" lon="139.94699">
        <ele>7.6</ele>
      </trkpt>
      <trkpt lat="39.90441" lon="139.94696">
        <ele>7.8</ele>
      </trkpt>
      <trkpt lat="39.90441" lon="139.94696">
        <ele>7.8</ele>
      </trkpt>
      <trkpt lat="39.90428" lon="139.94691">
        <ele>8.3</ele>
      </trkpt>
      <trkpt lat="39.90404" lon="139.94679">
        <ele>8.9</ele>
      </trkpt>
      <trkpt lat="39.90372" lon="139.94663">
        <ele>9.0</ele>
      </trkpt>
      <trkpt lat="39.90346" lon="139.9465">
        <ele>9.2</ele>
      </trkpt>
      <trkpt lat="39.90314" lon="139.94634">
        <ele>9.7</ele>
      </trkpt>
      <trkpt lat="39.90314" lon="139.94634">
        <ele>9.7</ele>
      </trkpt>
      <trkpt lat="39.90326" lon="139.94592">
        <ele>10.1</ele>
      </trkpt>
      <trkpt lat="39.90343" lon="139.94537">
        <ele>10.3</ele>
      </trkpt>
      <trkpt lat="39.90363" lon="139.94475">
        <ele>10.4</ele>
      </trkpt>
      <trkpt lat="39.9038" lon="139.94413">
        <ele>10.7</ele>
      </trkpt>
      <trkpt lat="39.90384" lon="139.94401">
        <ele>10.4</ele>
      </trkpt>
      <trkpt lat="39.90385" lon="139.94399">
        <ele>10.4</ele>
      </trkpt>
      <trkpt lat="39.90396" lon="139.94356">
        <ele>9.6</ele>
      </trkpt>
      <trkpt lat="39.90401" lon="139.94335">
        <ele>9.4</ele>
      </trkpt>
      <trkpt lat="39.90407" lon="139.94312">
        <ele>9.4</ele>
      </trkpt>
      <trkpt lat="39.90415" lon="139.9428">
        <ele>9.6</ele>
      </trkpt>
      <trkpt lat="39.90423" lon="139.94247">
        <ele>9.8</ele>
      </trkpt>
      <trkpt lat="39.90426" lon="139.94234">
        <ele>9.8</ele>
      </trkpt>
      <trkpt lat="39.90429" lon="139.9422">
        <ele>9.7</ele>
      </trkpt>
      <trkpt lat="39.90432" lon="139.94211">
        <ele>9.6</ele>
      </trkpt>
      <trkpt lat="39.90438" lon="139.94187">
        <ele>9.5</ele>
      </trkpt>
      <trkpt lat="39.90443" lon="139.94165">
        <ele>9.4</ele>
      </trkpt>
      <trkpt lat="39.90456" lon="139.94113">
        <ele>9.1</ele>
      </trkpt>
      <trkpt lat="39.90459" lon="139.941">
        <ele>9.0</ele>
      </trkpt>
      <trkpt lat="39.90479" lon="139.94021">
        <ele>9.2</ele>
      </trkpt>
      <trkpt lat="39.90481" lon="139.94013">
        <ele>9.4</ele>
      </trkpt>
      <trkpt lat="39.90482" lon="139.94008">
        <ele>9.5</ele>
      </trkpt>
      <trkpt lat="39.90486" lon="139.93991">
        <ele>9.6</ele>
      </trkpt>
      <trkpt lat="39.90488" lon="139.93982">
        <ele>9.6</ele>
      </trkpt>
      <trkpt lat="39.90497" lon="139.93948">
        <ele>9.3</ele>
      </trkpt>
      <trkpt lat="39.90501" lon="139.93932">
        <ele>9.2</ele>
      </trkpt>
      <trkpt lat="39.90503" lon="139.93925">
        <ele>9.1</ele>
      </trkpt>
      <trkpt lat="39.90507" lon="139.93905">
        <ele>8.9</ele>
      </trkpt>
      <trkpt lat="39.90511" lon="139.93892">
        <ele>8.8</ele>
      </trkpt>
      <trkpt lat="39.90527" lon="139.93824">
        <ele>8.3</ele>
      </trkpt>
      <trkpt lat="39.90541" lon="139.93769">
        <ele>7.6</ele>
      </trkpt>
      <trkpt lat="39.90558" lon="139.93701">
        <ele>7.7</ele>
      </trkpt>
      <trkpt lat="39.90572" lon="139.93644">
        <ele>8.2</ele>
      </trkpt>
      <trkpt lat="39.90632" lon="139.93405">
        <ele>8.4</ele>
      </trkpt>
      <trkpt lat="39.90638" lon="139.9338">
        <ele>8.3</ele>
      </trkpt>
      <trkpt lat="39.90654" lon="139.93317">
        <ele>8.2</ele>
      </trkpt>
      <trkpt lat="39.90665" lon="139.93271">
        <ele>8.0</ele>
      </trkpt>
      <trkpt lat="39.90683" lon="139.932">
        <ele>8.0</ele>
      </trkpt>
      <trkpt lat="39.90691" lon="139.93163">
        <ele>8.1</ele>
      </trkpt>
      <trkpt lat="39.90698" lon="139.93139">
        <ele>8.1</ele>
      </trkpt>
      <trkpt lat="39.907" lon="139.93132">
        <ele>8.1</ele>
      </trkpt>
      <trkpt lat="39.90704" lon="139.93117">
        <ele>8.2</ele>
      </trkpt>
      <trkpt lat="39.90708" lon="139.93101">
        <ele>8.3</ele>
      </trkpt>
      <trkpt lat="39.90711" lon="139.93091">
        <ele>8.4</ele>
      </trkpt>
      <trkpt lat="39.90713" lon="139.93082">
        <ele>8.5</ele>
      </trkpt>
      <trkpt lat="39.90719" lon="139.93058">
        <ele>8.7</ele>
      </trkpt>
      <trkpt lat="39.90731" lon="139.93013">
        <ele>9.1</ele>
      </trkpt>
      <trkpt lat="39.90744" lon="139.92958">
        <ele>10.0</ele>
      </trkpt>
      <trkpt lat="39.90754" lon="139.92923">
        <ele>10.7</ele>
      </trkpt>
      <trkpt lat="39.90764" lon="139.9288">
        <ele>10.8</ele>
      </trkpt>
      <trkpt lat="39.90769" lon="139.9286">
        <ele>10.9</ele>
      </trkpt>
      <trkpt lat="39.90777" lon="139.92828">
        <ele>11.0</ele>
      </trkpt>
      <trkpt lat="39.90785" lon="139.92794">
        <ele>10.3</ele>
      </trkpt>
      <trkpt lat="39.90814" lon="139.92681">
        <ele>9.5</ele>
      </trkpt>
      <trkpt lat="39.90825" lon="139.92637">
        <ele>9.9</ele>
      </trkpt>
      <trkpt lat="39.90844" lon="139.9256">
        <ele>10.5</ele>
      </trkpt>
      <trkpt lat="39.90858" lon="139.92503">
        <ele>9.7</ele>
      </trkpt>
      <trkpt lat="39.90864" lon="139.92481">
        <ele>9.7</ele>
      </trkpt>
      <trkpt lat="39.90877" lon="139.92427">
        <ele>9.9</ele>
      </trkpt>
      <trkpt lat="39.90882" lon="139.92405">
        <ele>10.2</ele>
      </trkpt>
      <trkpt lat="39.90885" lon="139.92394">
        <ele>10.3</ele>
      </trkpt>
      <trkpt lat="39.90918" lon="139.92261">
        <ele>10.3</ele>
      </trkpt>
      <trkpt lat="39.9092" lon="139.92254">
        <ele>10.1</ele>
      </trkpt>
      <trkpt lat="39.90935" lon="139.92194">
        <ele>8.4</ele>
      </trkpt>
      <trkpt lat="39.9095" lon="139.92133">
        <ele>8.4</ele>
      </trkpt>
      <trkpt lat="39.90995" lon="139.91953">
        <ele>10.0</ele>
      </trkpt>
      <trkpt lat="39.91051" lon="139.91728">
        <ele>14.3</ele>
      </trkpt>
      <trkpt lat="39.91065" lon="139.91672">
        <ele>13.7</ele>
      </trkpt>
      <trkpt lat="39.91086" lon="139.91586">
        <ele>14.0</ele>
      </trkpt>
      <trkpt lat="39.91097" lon="139.91542">
        <ele>15.4</ele>
      </trkpt>
      <trkpt lat="39.91122" lon="139.9144">
        <ele>15.6</ele>
      </trkpt>
      <trkpt lat="39.91137" lon="139.91381">
        <ele>15.5</ele>
      </trkpt>
      <trkpt lat="39.91164" lon="139.91269">
        <ele>14.4</ele>
      </trkpt>
      <trkpt lat="39.91181" lon="139.91201">
        <ele>14.9</ele>
      </trkpt>
      <trkpt lat="39.91185" lon="139.91187">
        <ele>15.2</ele>
      </trkpt>
      <trkpt lat="39.91195" lon="139.91145">
        <ele>15.9</ele>
      </trkpt>
      <trkpt lat="39.91219" lon="139.9105">
        <ele>16.5</ele>
      </trkpt>
      <trkpt lat="39.91223" lon="139.91034">
        <ele>16.5</ele>
      </trkpt>
      <trkpt lat="39.91239" lon="139.90967">
        <ele>16.5</ele>
      </trkpt>
      <trkpt lat="39.91245" lon="139.90943">
        <ele>16.7</ele>
      </trkpt>
      <trkpt lat="39.91248" lon="139.90931">
        <ele>16.9</ele>
      </trkpt>
      <trkpt lat="39.91257" lon="139.90895">
        <ele>17.2</ele>
      </trkpt>
      <trkpt lat="39.91287" lon="139.90772">
        <ele>16.7</ele>
      </trkpt>
      <trkpt lat="39.91289" lon="139.90761">
        <ele>16.6</ele>
      </trkpt>
      <trkpt lat="39.9129" lon="139.90758">
        <ele>16.6</ele>
      </trkpt>
      <trkpt lat="39.91308" lon="139.90682">
        <ele>15.6</ele>
      </trkpt>
      <trkpt lat="39.91313" lon="139.90662">
        <ele>15.7</ele>
      </trkpt>
      <trkpt lat="39.91319" lon="139.9064">
        <ele>16.5</ele>
      </trkpt>
      <trkpt lat="39.91324" lon="139.90617">
        <ele>17.2</ele>
      </trkpt>
      <trkpt lat="39.91326" lon="139.9061">
        <ele>17.4</ele>
      </trkpt>
      <trkpt lat="39.9133" lon="139.90594">
        <ele>17.8</ele>
      </trkpt>
      <trkpt lat="39.91331" lon="139.90589">
        <ele>17.9</ele>
      </trkpt>
      <trkpt lat="39.91333" lon="139.90583">
        <ele>18.0</ele>
      </trkpt>
      <trkpt lat="39.91333" lon="139.90583">
        <ele>18.0</ele>
      </trkpt>
      <trkpt lat="39.91339" lon="139.90582">
        <ele>17.9</ele>
      </trkpt>
      <trkpt lat="39.91343" lon="139.90582">
        <ele>17.8</ele>
      </trkpt>
      <trkpt lat="39.91354" lon="139.90581">
        <ele>17.5</ele>
      </trkpt>
      <trkpt lat="39.91382" lon="139.90579">
        <ele>16.9</ele>
      </trkpt>
      <trkpt lat="39.91426" lon="139.90577">
        <ele>16.0</ele>
      </trkpt>
      <trkpt lat="39.91458" lon="139.90575">
        <ele>15.7</ele>
      </trkpt>
      <trkpt lat="39.91538" lon="139.90571">
        <ele>15.1</ele>
      </trkpt>
      <trkpt lat="39.91565" lon="139.9057">
        <ele>15.2</ele>
      </trkpt>
      <trkpt lat="39.9159" lon="139.90568">
        <ele>15.1</ele>
      </trkpt>
      <trkpt lat="39.91698" lon="139.90563">
        <ele>13.8</ele>
      </trkpt>
      <trkpt lat="39.91715" lon="139.90562">
        <ele>13.7</ele>
      </trkpt>
      <trkpt lat="39.91753" lon="139.9056">
        <ele>13.4</ele>
      </trkpt>
      <trkpt lat="39.91779" lon="139.90559">
        <ele>13.1</ele>
      </trkpt>
      <trkpt lat="39.91788" lon="139.90559">
        <ele>13.0</ele>
      </trkpt>
      <trkpt lat="39.91797" lon="139.90558">
        <ele>12.9</ele>
      </trkpt>
      <trkpt lat="39.91807" lon="139.90559">
        <ele>12.8</ele>
      </trkpt>
      <trkpt lat="39.91815" lon="139.90559">
        <ele>12.8</ele>
      </trkpt>
      <trkpt lat="39.91824" lon="139.9056">
        <ele>12.7</ele>
      </trkpt>
      <trkpt lat="39.91838" lon="139.90561">
        <ele>12.5</ele>
      </trkpt>
      <trkpt lat="39.91849" lon="139.90563">
        <ele>12.4</ele>
      </trkpt>
      <trkpt lat="39.91858" lon="139.90565">
        <ele>12.4</ele>
      </trkpt>
      <trkpt lat="39.91868" lon="139.90567">
        <ele>12.3</ele>
      </trkpt>
      <trkpt lat="39.91877" lon="139.90569">
        <ele>12.3</ele>
      </trkpt>
      <trkpt lat="39.91886" lon="139.90571">
        <ele>12.2</ele>
      </trkpt>
      <trkpt lat="39.91894" lon="139.90573">
        <ele>12.2</ele>
      </trkpt>
      <trkpt lat="39.91906" lon="139.90577">
        <ele>12.1</ele>
      </trkpt>
      <trkpt lat="39.91926" lon="139.90583">
        <ele>12.2</ele>
      </trkpt>
      <trkpt lat="39.91943" lon="139.90588">
        <ele>12.6</ele>
      </trkpt>
      <trkpt lat="39.91946" lon="139.90589">
        <ele>12.7</ele>
      </trkpt>
      <trkpt lat="39.91961" lon="139.90594">
        <ele>12.9</ele>
      </trkpt>
      <trkpt lat="39.91981" lon="139.906">
        <ele>13.2</ele>
      </trkpt>
      <trkpt lat="39.91985" lon="139.90601">
        <ele>13.3</ele>
      </trkpt>
      <trkpt lat="39.91999" lon="139.90605">
        <ele>13.5</ele>
      </trkpt>
      <trkpt lat="39.92012" lon="139.90609">
        <ele>13.3</ele>
      </trkpt>
      <trkpt lat="39.92029" lon="139.90614">
        <ele>13.1</ele>
      </trkpt>
      <trkpt lat="39.92034" lon="139.90615">
        <ele>13.1</ele>
      </trkpt>
      <trkpt lat="39.9204" lon="139.90616">
        <ele>13.0</ele>
      </trkpt>
      <trkpt lat="39.92047" lon="139.90618">
        <ele>12.9</ele>
      </trkpt>
      <trkpt lat="39.92055" lon="139.90619">
        <ele>12.9</ele>
      </trkpt>
      <trkpt lat="39.92059" lon="139.90619">
        <ele>12.8</ele>
      </trkpt>
      <trkpt lat="39.92069" lon="139.90621">
        <ele>12.7</ele>
      </trkpt>
      <trkpt lat="39.92083" lon="139.90622">
        <ele>12.6</ele>
      </trkpt>
      <trkpt lat="39.92101" lon="139.90624">
        <ele>12.5</ele>
      </trkpt>
      <trkpt lat="39.92109" lon="139.90624">
        <ele>12.5</ele>
      </trkpt>
      <trkpt lat="39.92112" lon="139.90624">
        <ele>12.5</ele>
      </trkpt>
      <trkpt lat="39.92121" lon="139.90624">
        <ele>12.5</ele>
      </trkpt>
      <trkpt lat="39.92131" lon="139.90623">
        <ele>12.5</ele>
      </trkpt>
      <trkpt lat="39.92137" lon="139.90623">
        <ele>12.5</ele>
      </trkpt>
      <trkpt lat="39.92149" lon="139.90622">
        <ele>12.6</ele>
      </trkpt>
      <trkpt lat="39.92157" lon="139.90621">
        <ele>12.6</ele>
      </trkpt>
      <trkpt lat="39.92163" lon="139.9062">
        <ele>12.6</ele>
      </trkpt>
      <trkpt lat="39.92175" lon="139.90619">
        <ele>12.4</ele>
      </trkpt>
      <trkpt lat="39.92181" lon="139.90618">
        <ele>12.2</ele>
      </trkpt>
      <trkpt lat="39.92211" lon="139.90613">
        <ele>11.6</ele>
      </trkpt>
      <trkpt lat="39.92218" lon="139.90612">
        <ele>11.4</ele>
      </trkpt>
      <trkpt lat="39.92231" lon="139.9061">
        <ele>11.1</ele>
      </trkpt>
      <trkpt lat="39.92254" lon="139.90607">
        <ele>10.7</ele>
      </trkpt>
      <trkpt lat="39.92255" lon="139.90607">
        <ele>10.7</ele>
      </trkpt>
      <trkpt lat="39.92264" lon="139.90606">
        <ele>10.6</ele>
      </trkpt>
      <trkpt lat="39.92284" lon="139.90603">
        <ele>10.5</ele>
      </trkpt>
      <trkpt lat="39.9232" lon="139.90598">
        <ele>10.1</ele>
      </trkpt>
      <trkpt lat="39.92338" lon="139.90595">
        <ele>10.0</ele>
      </trkpt>
      <trkpt lat="39.92346" lon="139.90594">
        <ele>10.0</ele>
      </trkpt>
      <trkpt lat="39.92357" lon="139.90592">
        <ele>10.0</ele>
      </trkpt>
      <trkpt lat="39.92391" lon="139.90587">
        <ele>10.0</ele>
      </trkpt>
      <trkpt lat="39.92412" lon="139.90584">
        <ele>10.0</ele>
      </trkpt>
      <trkpt lat="39.92422" lon="139.90583">
        <ele>10.0</ele>
      </trkpt>
      <trkpt lat="39.92448" lon="139.90579">
        <ele>10.1</ele>
      </trkpt>
      <trkpt lat="39.92492" lon="139.90573">
        <ele>10.1</ele>
      </trkpt>
      <trkpt lat="39.92492" lon="139.90573">
        <ele>10.1</ele>
      </trkpt>
      <trkpt lat="39.92491" lon="139.90552">
        <ele>10.4</ele>
      </trkpt>
      <trkpt lat="39.92489" lon="139.90528">
        <ele>10.8</ele>
      </trkpt>
      <trkpt lat="39.92488" lon="139.90505">
        <ele>11.1</ele>
      </trkpt>
      <trkpt lat="39.92487" lon="139.90494">
        <ele>11.2</ele>
      </trkpt>
      <trkpt lat="39.92486" lon="139.90475">
        <ele>11.4</ele>
      </trkpt>
      <trkpt lat="39.92483" lon="139.9044">
        <ele>11.6</ele>
      </trkpt>
      <trkpt lat="39.92483" lon="139.9043">
        <ele>11.7</ele>
      </trkpt>
      <trkpt lat="39.92483" lon="139.90417">
        <ele>11.8</ele>
      </trkpt>
      <trkpt lat="39.92481" lon="139.90387">
        <ele>11.8</ele>
      </trkpt>
      <trkpt lat="39.92479" lon="139.90337">
        <ele>11.7</ele>
      </trkpt>
      <trkpt lat="39.92478" lon="139.90327">
        <ele>11.8</ele>
      </trkpt>
      <trkpt lat="39.92475" lon="139.90286">
        <ele>12.3</ele>
      </trkpt>
      <trkpt lat="39.92474" lon="139.90274">
        <ele>12.4</ele>
      </trkpt>
      <trkpt lat="39.92474" lon="139.90268">
        <ele>12.5</ele>
      </trkpt>
      <trkpt lat="39.92472" lon="139.90228">
        <ele>13.4</ele>
      </trkpt>
      <trkpt lat="39.92469" lon="139.90203">
        <ele>14.2</ele>
      </trkpt>
      <trkpt lat="39.92467" lon="139.90186">
        <ele>14.7</ele>
      </trkpt>
      <trkpt lat="39.92461" lon="139.90132">
        <ele>16.1</ele>
      </trkpt>
      <trkpt lat="39.9246" lon="139.90117">
        <ele>16.4</ele>
      </trkpt>
      <trkpt lat="39.9246" lon="139.90108">
        <ele>16.5</ele>
      </trkpt>
      <trkpt lat="39.9246" lon="139.9009">
        <ele>16.9</ele>
      </trkpt>
      <trkpt lat="39.9246" lon="139.90088">
        <ele>16.9</ele>
      </trkpt>
      <trkpt lat="39.92462" lon="139.90072">
        <ele>17.4</ele>
      </trkpt>
      <trkpt lat="39.92462" lon="139.90067">
        <ele>17.6</ele>
      </trkpt>
      <trkpt lat="39.92463" lon="139.90062">
        <ele>17.8</ele>
      </trkpt>
      <trkpt lat="39.92464" lon="139.90057">
        <ele>18.0</ele>
      </trkpt>
      <trkpt lat="39.92466" lon="139.90054">
        <ele>18.2</ele>
      </trkpt>
      <trkpt lat="39.92466" lon="139.90051">
        <ele>18.3</ele>
      </trkpt>
      <trkpt lat="39.92469" lon="139.90046">
        <ele>18.6</ele>
      </trkpt>
      <trkpt lat="39.92472" lon="139.90042">
        <ele>18.8</ele>
      </trkpt>
      <trkpt lat="39.92473" lon="139.9004">
        <ele>18.9</ele>
      </trkpt>
      <trkpt lat="39.92475" lon="139.90038">
        <ele>19.1</ele>
      </trkpt>
      <trkpt lat="39.92477" lon="139.90036">
        <ele>19.2</ele>
      </trkpt>
      <trkpt lat="39.92479" lon="139.90034">
        <ele>19.4</ele>
      </trkpt>
      <trkpt lat="39.92483" lon="139.90032">
        <ele>19.6</ele>
      </trkpt>
      <trkpt lat="39.92488" lon="139.9003">
        <ele>19.8</ele>
      </trkpt>
      <trkpt lat="39.9249" lon="139.90029">
        <ele>19.9</ele>
      </trkpt>
      <trkpt lat="39.92492" lon="139.90028">
        <ele>20.1</ele>
      </trkpt>
      <trkpt lat="39.92497" lon="139.90028">
        <ele>20.2</ele>
      </trkpt>
      <trkpt lat="39.92502" lon="139.90028">
        <ele>20.4</ele>
      </trkpt>
      <trkpt lat="39.92506" lon="139.90029">
        <ele>20.6</ele>
      </trkpt>
      <trkpt lat="39.9251" lon="139.9003">
        <ele>20.8</ele>
      </trkpt>
      <trkpt lat="39.92515" lon="139.90031">
        <ele>21.1</ele>
      </trkpt>
      <trkpt lat="39.92524" lon="139.90033">
        <ele>21.5</ele>
      </trkpt>
      <trkpt lat="39.92542" lon="139.90037">
        <ele>22.2</ele>
      </trkpt>
      <trkpt lat="39.92555" lon="139.90041">
        <ele>22.5</ele>
      </trkpt>
      <trkpt lat="39.9256" lon="139.90042">
        <ele>22.7</ele>
      </trkpt>
      <trkpt lat="39.92573" lon="139.90045">
        <ele>23.1</ele>
      </trkpt>
      <trkpt lat="39.92587" lon="139.90049">
        <ele>23.4</ele>
      </trkpt>
      <trkpt lat="39.92591" lon="139.9005">
        <ele>23.7</ele>
      </trkpt>
      <trkpt lat="39.92592" lon="139.9005">
        <ele>23.8</ele>
      </trkpt>
      <trkpt lat="39.92598" lon="139.90052">
        <ele>24.0</ele>
      </trkpt>
      <trkpt lat="39.92605" lon="139.90053">
        <ele>24.5</ele>
      </trkpt>
      <trkpt lat="39.92608" lon="139.90053">
        <ele>24.8</ele>
      </trkpt>
      <trkpt lat="39.92609" lon="139.90053">
        <ele>24.9</ele>
      </trkpt>
      <trkpt lat="39.92612" lon="139.90053">
        <ele>25.1</ele>
      </trkpt>
      <trkpt lat="39.9262" lon="139.90053">
        <ele>25.8</ele>
      </trkpt>
      <trkpt lat="39.92623" lon="139.90052">
        <ele>26.2</ele>
      </trkpt>
      <trkpt lat="39.92626" lon="139.90051">
        <ele>26.6</ele>
      </trkpt>
      <trkpt lat="39.92628" lon="139.90051">
        <ele>26.8</ele>
      </trkpt>
      <trkpt lat="39.92636" lon="139.90047">
        <ele>28.2</ele>
      </trkpt>
      <trkpt lat="39.9264" lon="139.90045">
        <ele>28.9</ele>
      </trkpt>
      <trkpt lat="39.92644" lon="139.90043">
        <ele>29.6</ele>
      </trkpt>
      <trkpt lat="39.92648" lon="139.9004">
        <ele>30.5</ele>
      </trkpt>
      <trkpt lat="39.92654" lon="139.90034">
        <ele>32.2</ele>
      </trkpt>
      <trkpt lat="39.92658" lon="139.90029">
        <ele>33.5</ele>
      </trkpt>
      <trkpt lat="39.92661" lon="139.90025">
        <ele>34.6</ele>
      </trkpt>
      <trkpt lat="39.92663" lon="139.90022">
        <ele>35.4</ele>
      </trkpt>
      <trkpt lat="39.92664" lon="139.90019">
        <ele>36.0</ele>
      </trkpt>
      <trkpt lat="39.92666" lon="139.90014">
        <ele>37.2</ele>
      </trkpt>
      <trkpt lat="39.92667" lon="139.9001">
        <ele>38.0</ele>
      </trkpt>
      <trkpt lat="39.92668" lon="139.90009">
        <ele>38.0</ele>
      </trkpt>
      <trkpt lat="39.92669" lon="139.90003">
        <ele>39.0</ele>
      </trkpt>
      <trkpt lat="39.9267" lon="139.89997">
        <ele>39.6</ele>
      </trkpt>
      <trkpt lat="39.92671" lon="139.89992">
        <ele>40.0</ele>
      </trkpt>
      <trkpt lat="39.92672" lon="139.89988">
        <ele>40.2</ele>
      </trkpt>
      <trkpt lat="39.92672" lon="139.89987">
        <ele>40.3</ele>
      </trkpt>
      <trkpt lat="39.92672" lon="139.89981">
        <ele>41.0</ele>
      </trkpt>
      <trkpt lat="39.92671" lon="139.89977">
        <ele>41.6</ele>
      </trkpt>
      <trkpt lat="39.92671" lon="139.89969">
        <ele>42.5</ele>
      </trkpt>
      <trkpt lat="39.9267" lon="139.89964">
        <ele>43.2</ele>
      </trkpt>
      <trkpt lat="39.92669" lon="139.8996">
        <ele>43.8</ele>
      </trkpt>
      <trkpt lat="39.92666" lon="139.89941">
        <ele>46.3</ele>
      </trkpt>
      <trkpt lat="39.92665" lon="139.89938">
        <ele>46.4</ele>
      </trkpt>
      <trkpt lat="39.92661" lon="139.89918">
        <ele>47.9</ele>
      </trkpt>
      <trkpt lat="39.92658" lon="139.89904">
        <ele>48.8</ele>
      </trkpt>
      <trkpt lat="39.92657" lon="139.89896">
        <ele>49.4</ele>
      </trkpt>
      <trkpt lat="39.92655" lon="139.89887">
        <ele>49.9</ele>
      </trkpt>
      <trkpt lat="39.92652" lon="139.89872">
        <ele>50.8</ele>
      </trkpt>
      <trkpt lat="39.92651" lon="139.89864">
        <ele>51.4</ele>
      </trkpt>
      <trkpt lat="39.9265" lon="139.89855">
        <ele>52.1</ele>
      </trkpt>
      <trkpt lat="39.92649" lon="139.89851">
        <ele>52.3</ele>
      </trkpt>
      <trkpt lat="39.92649" lon="139.89847">
        <ele>52.7</ele>
      </trkpt>
      <trkpt lat="39.92649" lon="139.89841">
        <ele>53.3</ele>
      </trkpt>
      <trkpt lat="39.92649" lon="139.89839">
        <ele>53.5</ele>
      </trkpt>
      <trkpt lat="39.9265" lon="139.89837">
        <ele>53.8</ele>
      </trkpt>
      <trkpt lat="39.9265" lon="139.89835">
        <ele>54.0</ele>
      </trkpt>
      <trkpt lat="39.92651" lon="139.89833">
        <ele>54.4</ele>
      </trkpt>
      <trkpt lat="39.92652" lon="139.89831">
        <ele>54.5</ele>
      </trkpt>
      <trkpt lat="39.92653" lon="139.89827">
        <ele>54.6</ele>
      </trkpt>
      <trkpt lat="39.92655" lon="139.89825">
        <ele>54.9</ele>
      </trkpt>
      <trkpt lat="39.92656" lon="139.89824">
        <ele>55.1</ele>
      </trkpt>
      <trkpt lat="39.92661" lon="139.89818">
        <ele>55.8</ele>
      </trkpt>
      <trkpt lat="39.92669" lon="139.8981">
        <ele>56.3</ele>
      </trkpt>
      <trkpt lat="39.92684" lon="139.89796">
        <ele>55.3</ele>
      </trkpt>
      <trkpt lat="39.92689" lon="139.89791">
        <ele>55.2</ele>
      </trkpt>
      <trkpt lat="39.92703" lon="139.89777">
        <ele>55.4</ele>
      </trkpt>
      <trkpt lat="39.92718" lon="139.89762">
        <ele>56.5</ele>
      </trkpt>
      <trkpt lat="39.92741" lon="139.89743">
        <ele>58.4</ele>
      </trkpt>
      <trkpt lat="39.92742" lon="139.89742">
        <ele>58.5</ele>
      </trkpt>
      <trkpt lat="39.92748" lon="139.89736">
        <ele>58.8</ele>
      </trkpt>
      <trkpt lat="39.92752" lon="139.8973">
        <ele>59.1</ele>
      </trkpt>
      <trkpt lat="39.92755" lon="139.89726">
        <ele>59.2</ele>
      </trkpt>
      <trkpt lat="39.92757" lon="139.89724">
        <ele>59.3</ele>
      </trkpt>
      <trkpt lat="39.92758" lon="139.89721">
        <ele>59.4</ele>
      </trkpt>
      <trkpt lat="39.92761" lon="139.89714">
        <ele>59.6</ele>
      </trkpt>
      <trkpt lat="39.92763" lon="139.89708">
        <ele>59.8</ele>
      </trkpt>
      <trkpt lat="39.92764" lon="139.89705">
        <ele>59.9</ele>
      </trkpt>
      <trkpt lat="39.92767" lon="139.89697">
        <ele>60.2</ele>
      </trkpt>
      <trkpt lat="39.9277" lon="139.89686">
        <ele>60.7</ele>
      </trkpt>
      <trkpt lat="39.92774" lon="139.89675">
        <ele>61.4</ele>
      </trkpt>
      <trkpt lat="39.92778" lon="139.89664">
        <ele>61.8</ele>
      </trkpt>
      <trkpt lat="39.9278" lon="139.89658">
        <ele>61.6</ele>
      </trkpt>
      <trkpt lat="39.92783" lon="139.89653">
        <ele>61.5</ele>
      </trkpt>
      <trkpt lat="39.92785" lon="139.89649">
        <ele>61.5</ele>
      </trkpt>
      <trkpt lat="39.92786" lon="139.89646">
        <ele>61.4</ele>
      </trkpt>
      <trkpt lat="39.92789" lon="139.89641">
        <ele>61.5</ele>
      </trkpt>
      <trkpt lat="39.92805" lon="139.89616">
        <ele>62.3</ele>
      </trkpt>
      <trkpt lat="39.92816" lon="139.89599">
        <ele>63.3</ele>
      </trkpt>
      <trkpt lat="39.92839" lon="139.89561">
        <ele>67.4</ele>
      </trkpt>
      <trkpt lat="39.92851" lon="139.89541">
        <ele>69.4</ele>
      </trkpt>
      <trkpt lat="39.92855" lon="139.89533">
        <ele>70.1</ele>
      </trkpt>
      <trkpt lat="39.92856" lon="139.89533">
        <ele>70.2</ele>
      </trkpt>
      <trkpt lat="39.92866" lon="139.89515">
        <ele>71.7</ele>
      </trkpt>
      <trkpt lat="39.92873" lon="139.895">
        <ele>72.8</ele>
      </trkpt>
      <trkpt lat="39.92889" lon="139.89467">
        <ele>75.3</ele>
      </trkpt>
      <trkpt lat="39.929" lon="139.89447">
        <ele>76.5</ele>
      </trkpt>
      <trkpt lat="39.92905" lon="139.89437">
        <ele>77.1</ele>
      </trkpt>
      <trkpt lat="39.92906" lon="139.89436">
        <ele>77.1</ele>
      </trkpt>
      <trkpt lat="39.9291" lon="139.89428">
        <ele>77.5</ele>
      </trkpt>
      <trkpt lat="39.92917" lon="139.89418">
        <ele>78.0</ele>
      </trkpt>
      <trkpt lat="39.92926" lon="139.89405">
        <ele>78.1</ele>
      </trkpt>
      <trkpt lat="39.92934" lon="139.89395">
        <ele>78.3</ele>
      </trkpt>
      <trkpt lat="39.92938" lon="139.89391">
        <ele>78.4</ele>
      </trkpt>
      <trkpt lat="39.92953" lon="139.89373">
        <ele>79.2</ele>
      </trkpt>
      <trkpt lat="39.92961" lon="139.89363">
        <ele>79.8</ele>
      </trkpt>
      <trkpt lat="39.92986" lon="139.89334">
        <ele>82.3</ele>
      </trkpt>
      <trkpt lat="39.93001" lon="139.89314">
        <ele>84.3</ele>
      </trkpt>
      <trkpt lat="39.93005" lon="139.89309">
        <ele>84.5</ele>
      </trkpt>
      <trkpt lat="39.93008" lon="139.89305">
        <ele>84.8</ele>
      </trkpt>
      <trkpt lat="39.93011" lon="139.89301">
        <ele>85.0</ele>
      </trkpt>
      <trkpt lat="39.93015" lon="139.89293">
        <ele>85.4</ele>
      </trkpt>
      <trkpt lat="39.9302" lon="139.89283">
        <ele>85.9</ele>
      </trkpt>
      <trkpt lat="39.93032" lon="139.89257">
        <ele>87.5</ele>
      </trkpt>
      <trkpt lat="39.93036" lon="139.89248">
        <ele>88.1</ele>
      </trkpt>
      <trkpt lat="39.93042" lon="139.89233">
        <ele>89.6</ele>
      </trkpt>
      <trkpt lat="39.93046" lon="139.89223">
        <ele>90.5</ele>
      </trkpt>
      <trkpt lat="39.93051" lon="139.8921">
        <ele>91.8</ele>
      </trkpt>
      <trkpt lat="39.93052" lon="139.89206">
        <ele>92.1</ele>
      </trkpt>
      <trkpt lat="39.93054" lon="139.89202">
        <ele>92.6</ele>
      </trkpt>
      <trkpt lat="39.93061" lon="139.89186">
        <ele>94.3</ele>
      </trkpt>
      <trkpt lat="39.93067" lon="139.89171">
        <ele>95.9</ele>
      </trkpt>
      <trkpt lat="39.93075" lon="139.89151">
        <ele>96.5</ele>
      </trkpt>
      <trkpt lat="39.93078" lon="139.89144">
        <ele>96.6</ele>
      </trkpt>
      <trkpt lat="39.93086" lon="139.89123">
        <ele>96.6</ele>
      </trkpt>
      <trkpt lat="39.93094" lon="139.89103">
        <ele>96.8</ele>
      </trkpt>
      <trkpt lat="39.93102" lon="139.89082">
        <ele>97.1</ele>
      </trkpt>
      <trkpt lat="39.93108" lon="139.89067">
        <ele>96.7</ele>
      </trkpt>
      <trkpt lat="39.93111" lon="139.89061">
        <ele>96.5</ele>
      </trkpt>
      <trkpt lat="39.9312" lon="139.89041">
        <ele>95.9</ele>
      </trkpt>
      <trkpt lat="39.93121" lon="139.89038">
        <ele>95.8</ele>
      </trkpt>
      <trkpt lat="39.93125" lon="139.8903">
        <ele>95.5</ele>
      </trkpt>
      <trkpt lat="39.9313" lon="139.89021">
        <ele>95.3</ele>
      </trkpt>
      <trkpt lat="39.93135" lon="139.89013">
        <ele>95.1</ele>
      </trkpt>
      <trkpt lat="39.93141" lon="139.89006">
        <ele>95.1</ele>
      </trkpt>
      <trkpt lat="39.93142" lon="139.89004">
        <ele>95.0</ele>
      </trkpt>
      <trkpt lat="39.93151" lon="139.88995">
        <ele>94.9</ele>
      </trkpt>
      <trkpt lat="39.93164" lon="139.88981">
        <ele>94.3</ele>
      </trkpt>
      <trkpt lat="39.93167" lon="139.88978">
        <ele>94.1</ele>
      </trkpt>
      <trkpt lat="39.93174" lon="139.88971">
        <ele>93.2</ele>
      </trkpt>
      <trkpt lat="39.93193" lon="139.88953">
        <ele>91.5</ele>
      </trkpt>
      <trkpt lat="39.93196" lon="139.8895">
        <ele>91.2</ele>
      </trkpt>
      <trkpt lat="39.93206" lon="139.88941">
        <ele>90.8</ele>
      </trkpt>
      <trkpt lat="39.93222" lon="139.88926">
        <ele>90.5</ele>
      </trkpt>
      <trkpt lat="39.93227" lon="139.88923">
        <ele>90.7</ele>
      </trkpt>
      <trkpt lat="39.93237" lon="139.88912">
        <ele>90.8</ele>
      </trkpt>
      <trkpt lat="39.93239" lon="139.8891">
        <ele>90.9</ele>
      </trkpt>
      <trkpt lat="39.9325" lon="139.88898">
        <ele>91.1</ele>
      </trkpt>
      <trkpt lat="39.93251" lon="139.88898">
        <ele>91.2</ele>
      </trkpt>
      <trkpt lat="39.93254" lon="139.88895">
        <ele>91.4</ele>
      </trkpt>
      <trkpt lat="39.9326" lon="139.88886">
        <ele>91.6</ele>
      </trkpt>
      <trkpt lat="39.93263" lon="139.88882">
        <ele>91.7</ele>
      </trkpt>
      <trkpt lat="39.93267" lon="139.88874">
        <ele>91.7</ele>
      </trkpt>
      <trkpt lat="39.93274" lon="139.88861">
        <ele>91.7</ele>
      </trkpt>
      <trkpt lat="39.93291" lon="139.88829">
        <ele>91.7</ele>
      </trkpt>
      <trkpt lat="39.93305" lon="139.88797">
        <ele>90.7</ele>
      </trkpt>
      <trkpt lat="39.93321" lon="139.88762">
        <ele>89.2</ele>
      </trkpt>
      <trkpt lat="39.93324" lon="139.88757">
        <ele>89.0</ele>
      </trkpt>
      <trkpt lat="39.93335" lon="139.88732">
        <ele>89.2</ele>
      </trkpt>
      <trkpt lat="39.93344" lon="139.88711">
        <ele>90.4</ele>
      </trkpt>
      <trkpt lat="39.93349" lon="139.88702">
        <ele>91.0</ele>
      </trkpt>
      <trkpt lat="39.93353" lon="139.88692">
        <ele>91.4</ele>
      </trkpt>
      <trkpt lat="39.93356" lon="139.88688">
        <ele>91.7</ele>
      </trkpt>
      <trkpt lat="39.93357" lon="139.88686">
        <ele>91.8</ele>
      </trkpt>
      <trkpt lat="39.93359" lon="139.88682">
        <ele>92.0</ele>
      </trkpt>
      <trkpt lat="39.93362" lon="139.88677">
        <ele>92.3</ele>
      </trkpt>
      <trkpt lat="39.93365" lon="139.88673">
        <ele>92.5</ele>
      </trkpt>
      <trkpt lat="39.93367" lon="139.8867">
        <ele>92.7</ele>
      </trkpt>
      <trkpt lat="39.93368" lon="139.88669">
        <ele>92.8</ele>
      </trkpt>
      <trkpt lat="39.93372" lon="139.88664">
        <ele>93.3</ele>
      </trkpt>
      <trkpt lat="39.93375" lon="139.88661">
        <ele>93.7</ele>
      </trkpt>
      <trkpt lat="39.93379" lon="139.88658">
        <ele>94.2</ele>
      </trkpt>
      <trkpt lat="39.93382" lon="139.88656">
        <ele>94.6</ele>
      </trkpt>
      <trkpt lat="39.93383" lon="139.88654">
        <ele>94.8</ele>
      </trkpt>
      <trkpt lat="39.93391" lon="139.88649">
        <ele>95.9</ele>
      </trkpt>
      <trkpt lat="39.934" lon="139.88645">
        <ele>97.0</ele>
      </trkpt>
      <trkpt lat="39.93409" lon="139.88643">
        <ele>98.0</ele>
      </trkpt>
      <trkpt lat="39.93418" lon="139.88642">
        <ele>98.9</ele>
      </trkpt>
      <trkpt lat="39.93427" lon="139.88642">
        <ele>99.2</ele>
      </trkpt>
      <trkpt lat="39.93435" lon="139.88644">
        <ele>99.4</ele>
      </trkpt>
      <trkpt lat="39.93436" lon="139.88644">
        <ele>99.5</ele>
      </trkpt>
      <trkpt lat="39.93439" lon="139.88645">
        <ele>99.5</ele>
      </trkpt>
      <trkpt lat="39.93444" lon="139.88647">
        <ele>99.6</ele>
      </trkpt>
      <trkpt lat="39.93453" lon="139.8865">
        <ele>99.7</ele>
      </trkpt>
      <trkpt lat="39.9347" lon="139.88657">
        <ele>99.9</ele>
      </trkpt>
      <trkpt lat="39.93509" lon="139.8867">
        <ele>100.8</ele>
      </trkpt>
      <trkpt lat="39.93522" lon="139.88675">
        <ele>101.8</ele>
      </trkpt>
      <trkpt lat="39.93531" lon="139.88677">
        <ele>102.4</ele>
      </trkpt>
      <trkpt lat="39.9354" lon="139.88678">
        <ele>103.0</ele>
      </trkpt>
      <trkpt lat="39.93545" lon="139.88678">
        <ele>103.3</ele>
      </trkpt>
      <trkpt lat="39.93549" lon="139.88677">
        <ele>103.5</ele>
      </trkpt>
      <trkpt lat="39.93554" lon="139.88676">
        <ele>103.8</ele>
      </trkpt>
      <trkpt lat="39.93556" lon="139.88675">
        <ele>104.0</ele>
      </trkpt>
      <trkpt lat="39.93558" lon="139.88674">
        <ele>104.1</ele>
      </trkpt>
      <trkpt lat="39.93565" lon="139.8867">
        <ele>104.6</ele>
      </trkpt>
      <trkpt lat="39.93569" lon="139.88667">
        <ele>105.0</ele>
      </trkpt>
      <trkpt lat="39.93572" lon="139.88664">
        <ele>105.4</ele>
      </trkpt>
      <trkpt lat="39.93575" lon="139.8866">
        <ele>105.9</ele>
      </trkpt>
      <trkpt lat="39.93578" lon="139.88656">
        <ele>106.4</ele>
      </trkpt>
      <trkpt lat="39.9358" lon="139.88652">
        <ele>106.8</ele>
      </trkpt>
      <trkpt lat="39.93583" lon="139.88646">
        <ele>107.5</ele>
      </trkpt>
      <trkpt lat="39.93584" lon="139.88641">
        <ele>108.1</ele>
      </trkpt>
      <trkpt lat="39.93586" lon="139.88635">
        <ele>109.1</ele>
      </trkpt>
      <trkpt lat="39.93587" lon="139.88629">
        <ele>109.9</ele>
      </trkpt>
      <trkpt lat="39.93587" lon="139.88623">
        <ele>110.3</ele>
      </trkpt>
      <trkpt lat="39.93587" lon="139.88619">
        <ele>110.6</ele>
      </trkpt>
      <trkpt lat="39.93587" lon="139.88614">
        <ele>111.0</ele>
      </trkpt>
      <trkpt lat="39.93586" lon="139.88606">
        <ele>111.3</ele>
      </trkpt>
      <trkpt lat="39.93585" lon="139.88601">
        <ele>111.3</ele>
      </trkpt>
      <trkpt lat="39.93584" lon="139.88596">
        <ele>111.3</ele>
      </trkpt>
      <trkpt lat="39.93581" lon="139.88589">
        <ele>111.4</ele>
      </trkpt>
      <trkpt lat="39.93578" lon="139.88584">
        <ele>111.6</ele>
      </trkpt>
      <trkpt lat="39.93577" lon="139.88581">
        <ele>112.1</ele>
      </trkpt>
      <trkpt lat="39.93573" lon="139.88572">
        <ele>114.0</ele>
      </trkpt>
      <trkpt lat="39.93567" lon="139.88562">
        <ele>115.7</ele>
      </trkpt>
      <trkpt lat="39.93561" lon="139.88549">
        <ele>117.7</ele>
      </trkpt>
      <trkpt lat="39.93551" lon="139.88534">
        <ele>119.0</ele>
      </trkpt>
      <trkpt lat="39.93543" lon="139.8852">
        <ele>119.9</ele>
      </trkpt>
      <trkpt lat="39.9354" lon="139.88516">
        <ele>119.9</ele>
      </trkpt>
      <trkpt lat="39.93533" lon="139.88504">
        <ele>120.1</ele>
      </trkpt>
      <trkpt lat="39.93524" lon="139.88486">
        <ele>122.6</ele>
      </trkpt>
      <trkpt lat="39.9351" lon="139.88464">
        <ele>124.7</ele>
      </trkpt>
      <trkpt lat="39.93509" lon="139.88461">
        <ele>125.2</ele>
      </trkpt>
      <trkpt lat="39.93502" lon="139.8845">
        <ele>125.9</ele>
      </trkpt>
      <trkpt lat="39.93496" lon="139.88439">
        <ele>127.1</ele>
      </trkpt>
      <trkpt lat="39.93488" lon="139.88427">
        <ele>128.0</ele>
      </trkpt>
      <trkpt lat="39.93486" lon="139.88424">
        <ele>128.1</ele>
      </trkpt>
      <trkpt lat="39.9348" lon="139.88414">
        <ele>128.7</ele>
      </trkpt>
      <trkpt lat="39.93473" lon="139.88404">
        <ele>128.9</ele>
      </trkpt>
      <trkpt lat="39.93456" lon="139.88378">
        <ele>129.3</ele>
      </trkpt>
      <trkpt lat="39.93454" lon="139.88373">
        <ele>129.7</ele>
      </trkpt>
      <trkpt lat="39.9345" lon="139.88367">
        <ele>129.6</ele>
      </trkpt>
      <trkpt lat="39.93446" lon="139.88359">
        <ele>129.9</ele>
      </trkpt>
      <trkpt lat="39.93442" lon="139.8835">
        <ele>130.3</ele>
      </trkpt>
      <trkpt lat="39.93439" lon="139.88343">
        <ele>130.6</ele>
      </trkpt>
      <trkpt lat="39.93434" lon="139.88326">
        <ele>132.0</ele>
      </trkpt>
      <trkpt lat="39.93431" lon="139.88317">
        <ele>132.5</ele>
      </trkpt>
      <trkpt lat="39.93429" lon="139.88311">
        <ele>132.8</ele>
      </trkpt>
      <trkpt lat="39.93429" lon="139.88308">
        <ele>133.4</ele>
      </trkpt>
      <trkpt lat="39.93426" lon="139.88299">
        <ele>133.7</ele>
      </trkpt>
      <trkpt lat="39.93424" lon="139.88289">
        <ele>134.6</ele>
      </trkpt>
      <trkpt lat="39.93418" lon="139.88266">
        <ele>135.9</ele>
      </trkpt>
      <trkpt lat="39.93415" lon="139.88253">
        <ele>137.3</ele>
      </trkpt>
      <trkpt lat="39.93412" lon="139.88244">
        <ele>138.6</ele>
      </trkpt>
      <trkpt lat="39.93407" lon="139.88224">
        <ele>141.4</ele>
      </trkpt>
      <trkpt lat="39.93406" lon="139.88222">
        <ele>141.7</ele>
      </trkpt>
      <trkpt lat="39.93404" lon="139.88215">
        <ele>142.7</ele>
      </trkpt>
      <trkpt lat="39.93401" lon="139.88206">
        <ele>143.9</ele>
      </trkpt>
      <trkpt lat="39.93398" lon="139.88201">
        <ele>144.4</ele>
      </trkpt>
      <trkpt lat="39.93396" lon="139.88198">
        <ele>144.8</ele>
      </trkpt>
      <trkpt lat="39.93395" lon="139.88196">
        <ele>145.0</ele>
      </trkpt>
      <trkpt lat="39.93392" lon="139.88194">
        <ele>145.0</ele>
      </trkpt>
      <trkpt lat="39.93391" lon="139.88193">
        <ele>145.1</ele>
      </trkpt>
      <trkpt lat="39.93388" lon="139.88191">
        <ele>145.2</ele>
      </trkpt>
      <trkpt lat="39.93383" lon="139.8819">
        <ele>144.8</ele>
      </trkpt>
      <trkpt lat="39.93378" lon="139.8819">
        <ele>144.4</ele>
      </trkpt>
      <trkpt lat="39.93373" lon="139.8819">
        <ele>143.9</ele>
      </trkpt>
      <trkpt lat="39.9335" lon="139.88191">
        <ele>141.5</ele>
      </trkpt>
      <trkpt lat="39.9333" lon="139.88192">
        <ele>140.3</ele>
      </trkpt>
      <trkpt lat="39.93319" lon="139.88192">
        <ele>142.2</ele>
      </trkpt>
      <trkpt lat="39.93307" lon="139.88192">
        <ele>144.2</ele>
      </trkpt>
      <trkpt lat="39.93302" lon="139.88192">
        <ele>145.1</ele>
      </trkpt>
      <trkpt lat="39.93296" lon="139.88192">
        <ele>146.1</ele>
      </trkpt>
      <trkpt lat="39.93284" lon="139.88193">
        <ele>147.9</ele>
      </trkpt>
      <trkpt lat="39.93278" lon="139.88193">
        <ele>148.9</ele>
      </trkpt>
      <trkpt lat="39.93263" lon="139.88193">
        <ele>151.5</ele>
      </trkpt>
      <trkpt lat="39.93242" lon="139.88193">
        <ele>154.3</ele>
      </trkpt>
      <trkpt lat="39.93232" lon="139.88193">
        <ele>155.2</ele>
      </trkpt>
      <trkpt lat="39.9322" lon="139.88193">
        <ele>156.2</ele>
      </trkpt>
      <trkpt lat="39.93206" lon="139.88195">
        <ele>156.9</ele>
      </trkpt>
      <trkpt lat="39.93204" lon="139.88196">
        <ele>156.8</ele>
      </trkpt>
      <trkpt lat="39.93199" lon="139.88197">
        <ele>157.0</ele>
      </trkpt>
      <trkpt lat="39.93196" lon="139.88197">
        <ele>157.2</ele>
      </trkpt>
      <trkpt lat="39.93193" lon="139.88198">
        <ele>157.3</ele>
      </trkpt>
      <trkpt lat="39.93191" lon="139.88198">
        <ele>157.4</ele>
      </trkpt>
      <trkpt lat="39.9319" lon="139.88198">
        <ele>157.5</ele>
      </trkpt>
      <trkpt lat="39.93187" lon="139.88199">
        <ele>157.5</ele>
      </trkpt>
      <trkpt lat="39.93185" lon="139.88199">
        <ele>157.7</ele>
      </trkpt>
      <trkpt lat="39.93178" lon="139.882">
        <ele>158.0</ele>
      </trkpt>
      <trkpt lat="39.93171" lon="139.88201">
        <ele>158.4</ele>
      </trkpt>
      <trkpt lat="39.9317" lon="139.88201">
        <ele>158.5</ele>
      </trkpt>
      <trkpt lat="39.93161" lon="139.88201">
        <ele>159.0</ele>
      </trkpt>
      <trkpt lat="39.93153" lon="139.88202">
        <ele>159.1</ele>
      </trkpt>
      <trkpt lat="39.93147" lon="139.88202">
        <ele>159.3</ele>
      </trkpt>
      <trkpt lat="39.93144" lon="139.88202">
        <ele>159.4</ele>
      </trkpt>
      <trkpt lat="39.9314" lon="139.88201">
        <ele>159.8</ele>
      </trkpt>
      <trkpt lat="39.93136" lon="139.882">
        <ele>160.2</ele>
      </trkpt>
      <trkpt lat="39.93132" lon="139.88199">
        <ele>160.5</ele>
      </trkpt>
      <trkpt lat="39.93129" lon="139.88198">
        <ele>160.8</ele>
      </trkpt>
      <trkpt lat="39.93127" lon="139.88197">
        <ele>161.1</ele>
      </trkpt>
      <trkpt lat="39.93117" lon="139.88193">
        <ele>162.2</ele>
      </trkpt>
      <trkpt lat="39.93112" lon="139.8819">
        <ele>162.9</ele>
      </trkpt>
      <trkpt lat="39.93108" lon="139.88189">
        <ele>163.1</ele>
      </trkpt>
      <trkpt lat="39.93101" lon="139.88185">
        <ele>164.0</ele>
      </trkpt>
      <trkpt lat="39.93093" lon="139.88181">
        <ele>164.8</ele>
      </trkpt>
      <trkpt lat="39.93085" lon="139.88177">
        <ele>165.5</ele>
      </trkpt>
      <trkpt lat="39.93077" lon="139.88172">
        <ele>165.9</ele>
      </trkpt>
      <trkpt lat="39.93073" lon="139.88169">
        <ele>166.2</ele>
      </trkpt>
      <trkpt lat="39.93068" lon="139.88165">
        <ele>166.8</ele>
      </trkpt>
      <trkpt lat="39.93064" lon="139.8816">
        <ele>168.3</ele>
      </trkpt>
      <trkpt lat="39.93061" lon="139.88157">
        <ele>169.1</ele>
      </trkpt>
      <trkpt lat="39.93053" lon="139.88149">
        <ele>171.0</ele>
      </trkpt>
      <trkpt lat="39.9305" lon="139.88145">
        <ele>171.9</ele>
      </trkpt>
      <trkpt lat="39.93043" lon="139.88139">
        <ele>173.0</ele>
      </trkpt>
      <trkpt lat="39.93034" lon="139.88129">
        <ele>174.5</ele>
      </trkpt>
      <trkpt lat="39.93026" lon="139.88119">
        <ele>175.9</ele>
      </trkpt>
      <trkpt lat="39.93023" lon="139.88114">
        <ele>176.5</ele>
      </trkpt>
      <trkpt lat="39.93021" lon="139.88112">
        <ele>176.7</ele>
      </trkpt>
      <trkpt lat="39.93013" lon="139.88101">
        <ele>177.5</ele>
      </trkpt>
      <trkpt lat="39.93" lon="139.88082">
        <ele>178.4</ele>
      </trkpt>
      <trkpt lat="39.92991" lon="139.88069">
        <ele>181.6</ele>
      </trkpt>
      <trkpt lat="39.92987" lon="139.88064">
        <ele>182.8</ele>
      </trkpt>
      <trkpt lat="39.92986" lon="139.88063">
        <ele>183.1</ele>
      </trkpt>
      <trkpt lat="39.92984" lon="139.88061">
        <ele>183.5</ele>
      </trkpt>
      <trkpt lat="39.92981" lon="139.88057">
        <ele>184.4</ele>
      </trkpt>
      <trkpt lat="39.92976" lon="139.88054">
        <ele>185.0</ele>
      </trkpt>
      <trkpt lat="39.92969" lon="139.88049">
        <ele>186.0</ele>
      </trkpt>
      <trkpt lat="39.92968" lon="139.88048">
        <ele>186.2</ele>
      </trkpt>
      <trkpt lat="39.92961" lon="139.88045">
        <ele>186.6</ele>
      </trkpt>
      <trkpt lat="39.92951" lon="139.8804">
        <ele>187.3</ele>
      </trkpt>
      <trkpt lat="39.92935" lon="139.88031">
        <ele>188.4</ele>
      </trkpt>
      <trkpt lat="39.92932" lon="139.8803">
        <ele>188.4</ele>
      </trkpt>
      <trkpt lat="39.9292" lon="139.88023">
        <ele>189.1</ele>
      </trkpt>
      <trkpt lat="39.92918" lon="139.88022">
        <ele>189.1</ele>
      </trkpt>
      <trkpt lat="39.92909" lon="139.88017">
        <ele>189.5</ele>
      </trkpt>
      <trkpt lat="39.92902" lon="139.88012">
        <ele>189.9</ele>
      </trkpt>
      <trkpt lat="39.92895" lon="139.88006">
        <ele>190.5</ele>
      </trkpt>
      <trkpt lat="39.92872" lon="139.87986">
        <ele>192.4</ele>
      </trkpt>
      <trkpt lat="39.92857" lon="139.87972">
        <ele>193.5</ele>
      </trkpt>
      <trkpt lat="39.92828" lon="139.87945">
        <ele>195.4</ele>
      </trkpt>
      <trkpt lat="39.92804" lon="139.8792">
        <ele>198.4</ele>
      </trkpt>
      <trkpt lat="39.92799" lon="139.87915">
        <ele>198.9</ele>
      </trkpt>
      <trkpt lat="39.92793" lon="139.87909">
        <ele>199.2</ele>
      </trkpt>
      <trkpt lat="39.92791" lon="139.87908">
        <ele>199.3</ele>
      </trkpt>
      <trkpt lat="39.92787" lon="139.87904">
        <ele>199.4</ele>
      </trkpt>
      <trkpt lat="39.92779" lon="139.87895">
        <ele>199.8</ele>
      </trkpt>
      <trkpt lat="39.92774" lon="139.87889">
        <ele>200.0</ele>
      </trkpt>
      <trkpt lat="39.92771" lon="139.87884">
        <ele>200.2</ele>
      </trkpt>
      <trkpt lat="39.92768" lon="139.8788">
        <ele>200.3</ele>
      </trkpt>
      <trkpt lat="39.92765" lon="139.87876">
        <ele>200.4</ele>
      </trkpt>
      <trkpt lat="39.92763" lon="139.87871">
        <ele>200.6</ele>
      </trkpt>
      <trkpt lat="39.92759" lon="139.87862">
        <ele>201.0</ele>
      </trkpt>
      <trkpt lat="39.92756" lon="139.87857">
        <ele>201.1</ele>
      </trkpt>
      <trkpt lat="39.92755" lon="139.87854">
        <ele>201.2</ele>
      </trkpt>
      <trkpt lat="39.92753" lon="139.87849">
        <ele>201.3</ele>
      </trkpt>
      <trkpt lat="39.92753" lon="139.87846">
        <ele>201.5</ele>
      </trkpt>
      <trkpt lat="39.92751" lon="139.87841">
        <ele>201.6</ele>
      </trkpt>
      <trkpt lat="39.92749" lon="139.8783">
        <ele>202.2</ele>
      </trkpt>
      <trkpt lat="39.92748" lon="139.87824">
        <ele>202.5</ele>
      </trkpt>
      <trkpt lat="39.92745" lon="139.87807">
        <ele>203.6</ele>
      </trkpt>
      <trkpt lat="39.92738" lon="139.87766">
        <ele>206.3</ele>
      </trkpt>
      <trkpt lat="39.92735" lon="139.87749">
        <ele>207.6</ele>
      </trkpt>
      <trkpt lat="39.92732" lon="139.87725">
        <ele>209.0</ele>
      </trkpt>
      <trkpt lat="39.9273" lon="139.87709">
        <ele>209.8</ele>
      </trkpt>
      <trkpt lat="39.92729" lon="139.87691">
        <ele>210.8</ele>
      </trkpt>
      <trkpt lat="39.9273" lon="139.87671">
        <ele>211.8</ele>
      </trkpt>
      <trkpt lat="39.9273" lon="139.87662">
        <ele>212.1</ele>
      </trkpt>
      <trkpt lat="39.92732" lon="139.8765">
        <ele>212.5</ele>
      </trkpt>
      <trkpt lat="39.92732" lon="139.87647">
        <ele>212.6</ele>
      </trkpt>
      <trkpt lat="39.92732" lon="139.87644">
        <ele>212.6</ele>
      </trkpt>
      <trkpt lat="39.92733" lon="139.87636">
        <ele>212.9</ele>
      </trkpt>
      <trkpt lat="39.92734" lon="139.87627">
        <ele>213.2</ele>
      </trkpt>
      <trkpt lat="39.92741" lon="139.87586">
        <ele>214.6</ele>
      </trkpt>
      <trkpt lat="39.92743" lon="139.87575">
        <ele>214.8</ele>
      </trkpt>
      <trkpt lat="39.92749" lon="139.8754">
        <ele>215.5</ele>
      </trkpt>
      <trkpt lat="39.9275" lon="139.87536">
        <ele>215.6</ele>
      </trkpt>
      <trkpt lat="39.92753" lon="139.87519">
        <ele>216.5</ele>
      </trkpt>
      <trkpt lat="39.92754" lon="139.87513">
        <ele>216.8</ele>
      </trkpt>
      <trkpt lat="39.92756" lon="139.87494">
        <ele>217.7</ele>
      </trkpt>
      <trkpt lat="39.92757" lon="139.8749">
        <ele>218.1</ele>
      </trkpt>
      <trkpt lat="39.92761" lon="139.87467">
        <ele>219.9</ele>
      </trkpt>
      <trkpt lat="39.92764" lon="139.87449">
        <ele>221.3</ele>
      </trkpt>
      <trkpt lat="39.92769" lon="139.87414">
        <ele>223.4</ele>
      </trkpt>
      <trkpt lat="39.92771" lon="139.87401">
        <ele>223.3</ele>
      </trkpt>
      <trkpt lat="39.92772" lon="139.87398">
        <ele>223.4</ele>
      </trkpt>
      <trkpt lat="39.92773" lon="139.87392">
        <ele>223.4</ele>
      </trkpt>
      <trkpt lat="39.92774" lon="139.87387">
        <ele>223.4</ele>
      </trkpt>
      <trkpt lat="39.92775" lon="139.87382">
        <ele>223.4</ele>
      </trkpt>
      <trkpt lat="39.92777" lon="139.87379">
        <ele>223.7</ele>
      </trkpt>
      <trkpt lat="39.92778" lon="139.87377">
        <ele>223.8</ele>
      </trkpt>
      <trkpt lat="39.92779" lon="139.87375">
        <ele>223.9</ele>
      </trkpt>
      <trkpt lat="39.92781" lon="139.87372">
        <ele>224.2</ele>
      </trkpt>
      <trkpt lat="39.92783" lon="139.87369">
        <ele>224.5</ele>
      </trkpt>
      <trkpt lat="39.92787" lon="139.87366">
        <ele>225.3</ele>
      </trkpt>
      <trkpt lat="39.9279" lon="139.87364">
        <ele>225.8</ele>
      </trkpt>
      <trkpt lat="39.92792" lon="139.87363">
        <ele>226.2</ele>
      </trkpt>
      <trkpt lat="39.92794" lon="139.87362">
        <ele>226.6</ele>
      </trkpt>
      <trkpt lat="39.92797" lon="139.87361">
        <ele>227.2</ele>
      </trkpt>
      <trkpt lat="39.928" lon="139.87361">
        <ele>227.8</ele>
      </trkpt>
      <trkpt lat="39.92805" lon="139.87361">
        <ele>228.9</ele>
      </trkpt>
      <trkpt lat="39.92808" lon="139.87363">
        <ele>229.6</ele>
      </trkpt>
      <trkpt lat="39.92811" lon="139.87364">
        <ele>230.4</ele>
      </trkpt>
      <trkpt lat="39.92815" lon="139.87367">
        <ele>231.4</ele>
      </trkpt>
      <trkpt lat="39.92817" lon="139.87369">
        <ele>232.0</ele>
      </trkpt>
      <trkpt lat="39.9282" lon="139.87374">
        <ele>233.0</ele>
      </trkpt>
      <trkpt lat="39.92822" lon="139.87377">
        <ele>233.6</ele>
      </trkpt>
      <trkpt lat="39.92823" lon="139.87378">
        <ele>233.9</ele>
      </trkpt>
      <trkpt lat="39.92826" lon="139.87386">
        <ele>235.1</ele>
      </trkpt>
      <trkpt lat="39.92829" lon="139.87396">
        <ele>236.5</ele>
      </trkpt>
      <trkpt lat="39.9283" lon="139.874">
        <ele>237.0</ele>
      </trkpt>
      <trkpt lat="39.92833" lon="139.87406">
        <ele>238.2</ele>
      </trkpt>
      <trkpt lat="39.92841" lon="139.87431">
        <ele>240.2</ele>
      </trkpt>
      <trkpt lat="39.92845" lon="139.87443">
        <ele>240.9</ele>
      </trkpt>
      <trkpt lat="39.92847" lon="139.87447">
        <ele>241.3</ele>
      </trkpt>
      <trkpt lat="39.92848" lon="139.8745">
        <ele>241.5</ele>
      </trkpt>
      <trkpt lat="39.92849" lon="139.87452">
        <ele>241.7</ele>
      </trkpt>
      <trkpt lat="39.92852" lon="139.87456">
        <ele>242.4</ele>
      </trkpt>
      <trkpt lat="39.92856" lon="139.87459">
        <ele>243.3</ele>
      </trkpt>
      <trkpt lat="39.92857" lon="139.8746">
        <ele>243.5</ele>
      </trkpt>
      <trkpt lat="39.9286" lon="139.87462">
        <ele>244.3</ele>
      </trkpt>
      <trkpt lat="39.92864" lon="139.87464">
        <ele>245.2</ele>
      </trkpt>
      <trkpt lat="39.92866" lon="139.87464">
        <ele>245.7</ele>
      </trkpt>
      <trkpt lat="39.92869" lon="139.87465">
        <ele>246.4</ele>
      </trkpt>
      <trkpt lat="39.92873" lon="139.87464">
        <ele>247.4</ele>
      </trkpt>
      <trkpt lat="39.92875" lon="139.87464">
        <ele>247.9</ele>
      </trkpt>
      <trkpt lat="39.92877" lon="139.87463">
        <ele>248.3</ele>
      </trkpt>
      <trkpt lat="39.92879" lon="139.87462">
        <ele>248.8</ele>
      </trkpt>
      <trkpt lat="39.92881" lon="139.87461">
        <ele>249.2</ele>
      </trkpt>
      <trkpt lat="39.92885" lon="139.87458">
        <ele>250.1</ele>
      </trkpt>
      <trkpt lat="39.92889" lon="139.87455">
        <ele>250.9</ele>
      </trkpt>
      <trkpt lat="39.92891" lon="139.87452">
        <ele>251.3</ele>
      </trkpt>
      <trkpt lat="39.92892" lon="139.87451">
        <ele>251.5</ele>
      </trkpt>
      <trkpt lat="39.92908" lon="139.87424">
        <ele>253.7</ele>
      </trkpt>
      <trkpt lat="39.92914" lon="139.87416">
        <ele>254.5</ele>
      </trkpt>
      <trkpt lat="39.92925" lon="139.87397">
        <ele>256.3</ele>
      </trkpt>
      <trkpt lat="39.92936" lon="139.87379">
        <ele>258.0</ele>
      </trkpt>
      <trkpt lat="39.92942" lon="139.8737">
        <ele>258.9</ele>
      </trkpt>
      <trkpt lat="39.92948" lon="139.87361">
        <ele>259.7</ele>
      </trkpt>
      <trkpt lat="39.92959" lon="139.87342">
        <ele>260.5</ele>
      </trkpt>
      <trkpt lat="39.9297" lon="139.87324">
        <ele>261.6</ele>
      </trkpt>
      <trkpt lat="39.92981" lon="139.87306">
        <ele>262.9</ele>
      </trkpt>
      <trkpt lat="39.92993" lon="139.87288">
        <ele>264.2</ele>
      </trkpt>
      <trkpt lat="39.92998" lon="139.8728">
        <ele>264.7</ele>
      </trkpt>
      <trkpt lat="39.93015" lon="139.87253">
        <ele>264.0</ele>
      </trkpt>
      <trkpt lat="39.93021" lon="139.87244">
        <ele>264.1</ele>
      </trkpt>
      <trkpt lat="39.93024" lon="139.8724">
        <ele>264.2</ele>
      </trkpt>
      <trkpt lat="39.93027" lon="139.87237">
        <ele>264.3</ele>
      </trkpt>
      <trkpt lat="39.93029" lon="139.87236">
        <ele>264.3</ele>
      </trkpt>
      <trkpt lat="39.9303" lon="139.87234">
        <ele>264.3</ele>
      </trkpt>
      <trkpt lat="39.93032" lon="139.87232">
        <ele>264.3</ele>
      </trkpt>
      <trkpt lat="39.93035" lon="139.87231">
        <ele>264.3</ele>
      </trkpt>
      <trkpt lat="39.93039" lon="139.87229">
        <ele>264.3</ele>
      </trkpt>
      <trkpt lat="39.93045" lon="139.87227">
        <ele>264.3</ele>
      </trkpt>
      <trkpt lat="39.93045" lon="139.87227">
        <ele>264.3</ele>
      </trkpt>
      <trkpt lat="39.93048" lon="139.87235">
        <ele>264.7</ele>
      </trkpt>
      <trkpt lat="39.9305" lon="139.8724">
        <ele>264.9</ele>
      </trkpt>
      <trkpt lat="39.93053" lon="139.87246">
        <ele>265.3</ele>
      </trkpt>
      <trkpt lat="39.93054" lon="139.87247">
        <ele>265.4</ele>
      </trkpt>
      <trkpt lat="39.93058" lon="139.87254">
        <ele>266.3</ele>
      </trkpt>
      <trkpt lat="39.93065" lon="139.87264">
        <ele>268.0</ele>
      </trkpt>
      <trkpt lat="39.93075" lon="139.87281">
        <ele>271.2</ele>
      </trkpt>
      <trkpt lat="39.93087" lon="139.87301">
        <ele>274.6</ele>
      </trkpt>
      <trkpt lat="39.93088" lon="139.87303">
        <ele>274.8</ele>
      </trkpt>
      <trkpt lat="39.9309" lon="139.87307">
        <ele>275.3</ele>
      </trkpt>
      <trkpt lat="39.93091" lon="139.87309">
        <ele>275.5</ele>
      </trkpt>
      <trkpt lat="39.93091" lon="139.87311">
        <ele>275.8</ele>
      </trkpt>
      <trkpt lat="39.93092" lon="139.87314">
        <ele>276.2</ele>
      </trkpt>
      <trkpt lat="39.93092" lon="139.87318">
        <ele>276.9</ele>
      </trkpt>
      <trkpt lat="39.93091" lon="139.87321">
        <ele>277.5</ele>
      </trkpt>
      <trkpt lat="39.93091" lon="139.87323">
        <ele>277.8</ele>
      </trkpt>
      <trkpt lat="39.9309" lon="139.87326">
        <ele>278.3</ele>
      </trkpt>
      <trkpt lat="39.9309" lon="139.87328">
        <ele>278.7</ele>
      </trkpt>
      <trkpt lat="39.93089" lon="139.8733">
        <ele>279.1</ele>
      </trkpt>
      <trkpt lat="39.93086" lon="139.87334">
        <ele>279.9</ele>
      </trkpt>
      <trkpt lat="39.93076" lon="139.87348">
        <ele>281.0</ele>
      </trkpt>
      <trkpt lat="39.93058" lon="139.87371">
        <ele>281.8</ele>
      </trkpt>
      <trkpt lat="39.93054" lon="139.87376">
        <ele>281.9</ele>
      </trkpt>
      <trkpt lat="39.93051" lon="139.87381">
        <ele>282.3</ele>
      </trkpt>
      <trkpt lat="39.9305" lon="139.87383">
        <ele>282.4</ele>
      </trkpt>
      <trkpt lat="39.93049" lon="139.87385">
        <ele>282.5</ele>
      </trkpt>
      <trkpt lat="39.93049" lon="139.87386">
        <ele>282.7</ele>
      </trkpt>
      <trkpt lat="39.93048" lon="139.87388">
        <ele>282.8</ele>
      </trkpt>
      <trkpt lat="39.93048" lon="139.87391">
        <ele>283.2</ele>
      </trkpt>
      <trkpt lat="39.93049" lon="139.87394">
        <ele>283.8</ele>
      </trkpt>
      <trkpt lat="39.9305" lon="139.87397">
        <ele>284.3</ele>
      </trkpt>
      <trkpt lat="39.93051" lon="139.874">
        <ele>284.8</ele>
      </trkpt>
      <trkpt lat="39.93053" lon="139.87403">
        <ele>285.5</ele>
      </trkpt>
      <trkpt lat="39.93058" lon="139.8741">
        <ele>287.1</ele>
      </trkpt>
      <trkpt lat="39.93063" lon="139.87417">
        <ele>288.6</ele>
      </trkpt>
      <trkpt lat="39.93071" lon="139.87426">
        <ele>291.0</ele>
      </trkpt>
      <trkpt lat="39.93075" lon="139.8743">
        <ele>292.1</ele>
      </trkpt>
      <trkpt lat="39.93079" lon="139.87433">
        <ele>293.2</ele>
      </trkpt>
      <trkpt lat="39.93087" lon="139.87438">
        <ele>294.2</ele>
      </trkpt>
      <trkpt lat="39.93095" lon="139.87443">
        <ele>294.4</ele>
      </trkpt>
      <trkpt lat="39.93103" lon="139.87449">
        <ele>294.8</ele>
      </trkpt>
      <trkpt lat="39.93105" lon="139.87451">
        <ele>295.0</ele>
      </trkpt>
      <trkpt lat="39.93106" lon="139.87453">
        <ele>295.3</ele>
      </trkpt>
      <trkpt lat="39.93109" lon="139.87457">
        <ele>295.8</ele>
      </trkpt>
      <trkpt lat="39.9311" lon="139.87459">
        <ele>296.0</ele>
      </trkpt>
      <trkpt lat="39.93112" lon="139.87461">
        <ele>296.3</ele>
      </trkpt>
      <trkpt lat="39.93115" lon="139.87469">
        <ele>297.6</ele>
      </trkpt>
      <trkpt lat="39.93116" lon="139.8747">
        <ele>297.7</ele>
      </trkpt>
      <trkpt lat="39.93125" lon="139.87491">
        <ele>301.2</ele>
      </trkpt>
      <trkpt lat="39.93132" lon="139.87505">
        <ele>303.4</ele>
      </trkpt>
      <trkpt lat="39.93135" lon="139.87512">
        <ele>304.2</ele>
      </trkpt>
      <trkpt lat="39.93137" lon="139.87516">
        <ele>304.7</ele>
      </trkpt>
      <trkpt lat="39.9314" lon="139.87522">
        <ele>305.6</ele>
      </trkpt>
      <trkpt lat="39.93143" lon="139.87525">
        <ele>306.0</ele>
      </trkpt>
      <trkpt lat="39.93145" lon="139.87528">
        <ele>306.5</ele>
      </trkpt>
      <trkpt lat="39.93146" lon="139.87528">
        <ele>306.5</ele>
      </trkpt>
      <trkpt lat="39.93147" lon="139.87529">
        <ele>306.6</ele>
      </trkpt>
      <trkpt lat="39.9315" lon="139.87532">
        <ele>307.1</ele>
      </trkpt>
      <trkpt lat="39.93158" lon="139.87538">
        <ele>308.2</ele>
      </trkpt>
      <trkpt lat="39.93174" lon="139.87548">
        <ele>310.2</ele>
      </trkpt>
      <trkpt lat="39.9319" lon="139.87559">
        <ele>312.4</ele>
      </trkpt>
      <trkpt lat="39.93193" lon="139.87562">
        <ele>313.1</ele>
      </trkpt>
      <trkpt lat="39.93194" lon="139.87562">
        <ele>313.1</ele>
      </trkpt>
      <trkpt lat="39.93197" lon="139.87564">
        <ele>313.5</ele>
      </trkpt>
      <trkpt lat="39.932" lon="139.87567">
        <ele>314.2</ele>
      </trkpt>
      <trkpt lat="39.93203" lon="139.87569">
        <ele>314.7</ele>
      </trkpt>
      <trkpt lat="39.93204" lon="139.8757">
        <ele>314.9</ele>
      </trkpt>
      <trkpt lat="39.93205" lon="139.87572">
        <ele>315.4</ele>
      </trkpt>
      <trkpt lat="39.93206" lon="139.87574">
        <ele>315.8</ele>
      </trkpt>
      <trkpt lat="39.93206" lon="139.87575">
        <ele>316.1</ele>
      </trkpt>
      <trkpt lat="39.93206" lon="139.87576">
        <ele>316.3</ele>
      </trkpt>
      <trkpt lat="39.93207" lon="139.87578">
        <ele>316.8</ele>
      </trkpt>
      <trkpt lat="39.93207" lon="139.87581">
        <ele>317.4</ele>
      </trkpt>
      <trkpt lat="39.93208" lon="139.87583">
        <ele>317.9</ele>
      </trkpt>
      <trkpt lat="39.93208" lon="139.87586">
        <ele>318.0</ele>
      </trkpt>
      <trkpt lat="39.93208" lon="139.8759">
        <ele>318.1</ele>
      </trkpt>
      <trkpt lat="39.93207" lon="139.87594">
        <ele>318.1</ele>
      </trkpt>
      <trkpt lat="39.93207" lon="139.87602">
        <ele>318.2</ele>
      </trkpt>
      <trkpt lat="39.93206" lon="139.87607">
        <ele>318.2</ele>
      </trkpt>
      <trkpt lat="39.93206" lon="139.87612">
        <ele>318.2</ele>
      </trkpt>
      <trkpt lat="39.93206" lon="139.87616">
        <ele>318.2</ele>
      </trkpt>
      <trkpt lat="39.93206" lon="139.87618">
        <ele>318.3</ele>
      </trkpt>
      <trkpt lat="39.93206" lon="139.87622">
        <ele>318.3</ele>
      </trkpt>
      <trkpt lat="39.93207" lon="139.87625">
        <ele>318.4</ele>
      </trkpt>
      <trkpt lat="39.93208" lon="139.87628">
        <ele>318.5</ele>
      </trkpt>
      <trkpt lat="39.93208" lon="139.87629">
        <ele>318.5</ele>
      </trkpt>
      <trkpt lat="39.93209" lon="139.87632">
        <ele>318.6</ele>
      </trkpt>
      <trkpt lat="39.93211" lon="139.87634">
        <ele>318.8</ele>
      </trkpt>
      <trkpt lat="39.93212" lon="139.87635">
        <ele>318.9</ele>
      </trkpt>
      <trkpt lat="39.93214" lon="139.87637">
        <ele>319.1</ele>
      </trkpt>
      <trkpt lat="39.93217" lon="139.8764">
        <ele>319.5</ele>
      </trkpt>
      <trkpt lat="39.93218" lon="139.8764">
        <ele>319.5</ele>
      </trkpt>
      <trkpt lat="39.93222" lon="139.87642">
        <ele>320.0</ele>
      </trkpt>
      <trkpt lat="39.93229" lon="139.87645">
        <ele>320.7</ele>
      </trkpt>
      <trkpt lat="39.93235" lon="139.87648">
        <ele>321.4</ele>
      </trkpt>
      <trkpt lat="39.93251" lon="139.87655">
        <ele>323.5</ele>
      </trkpt>
      <trkpt lat="39.93252" lon="139.87655">
        <ele>323.6</ele>
      </trkpt>
      <trkpt lat="39.93269" lon="139.87662">
        <ele>326.5</ele>
      </trkpt>
      <trkpt lat="39.93272" lon="139.87664">
        <ele>327.1</ele>
      </trkpt>
      <trkpt lat="39.93307" lon="139.87678">
        <ele>330.8</ele>
      </trkpt>
      <trkpt lat="39.93311" lon="139.87679">
        <ele>331.2</ele>
      </trkpt>
      <trkpt lat="39.93315" lon="139.87681">
        <ele>331.5</ele>
      </trkpt>
      <trkpt lat="39.93319" lon="139.87682">
        <ele>331.9</ele>
      </trkpt>
      <trkpt lat="39.93321" lon="139.87682">
        <ele>332.2</ele>
      </trkpt>
      <trkpt lat="39.93323" lon="139.87683">
        <ele>332.3</ele>
      </trkpt>
      <trkpt lat="39.93326" lon="139.87682">
        <ele>332.8</ele>
      </trkpt>
      <trkpt lat="39.93329" lon="139.87682">
        <ele>333.2</ele>
      </trkpt>
      <trkpt lat="39.93334" lon="139.8768">
        <ele>334.0</ele>
      </trkpt>
      <trkpt lat="39.93336" lon="139.87679">
        <ele>333.9</ele>
      </trkpt>
      <trkpt lat="39.93338" lon="139.87678">
        <ele>333.9</ele>
      </trkpt>
      <trkpt lat="39.93341" lon="139.87676">
        <ele>333.9</ele>
      </trkpt>
      <trkpt lat="39.93354" lon="139.87667">
        <ele>334.2</ele>
      </trkpt>
      <trkpt lat="39.9337" lon="139.87656">
        <ele>334.1</ele>
      </trkpt>
      <trkpt lat="39.93381" lon="139.87648">
        <ele>334.5</ele>
      </trkpt>
      <trkpt lat="39.93386" lon="139.87645">
        <ele>334.7</ele>
      </trkpt>
      <trkpt lat="39.93402" lon="139.87634">
        <ele>336.2</ele>
      </trkpt>
      <trkpt lat="39.93412" lon="139.87627">
        <ele>337.5</ele>
      </trkpt>
      <trkpt lat="39.93416" lon="139.87624">
        <ele>338.2</ele>
      </trkpt>
      <trkpt lat="39.93418" lon="139.87623">
        <ele>338.2</ele>
      </trkpt>
      <trkpt lat="39.9342" lon="139.8762">
        <ele>338.4</ele>
      </trkpt>
      <trkpt lat="39.93422" lon="139.87619">
        <ele>338.2</ele>
      </trkpt>
      <trkpt lat="39.93423" lon="139.87617">
        <ele>338.4</ele>
      </trkpt>
      <trkpt lat="39.93424" lon="139.87615">
        <ele>338.6</ele>
      </trkpt>
      <trkpt lat="39.93425" lon="139.87614">
        <ele>338.7</ele>
      </trkpt>
      <trkpt lat="39.93426" lon="139.87612">
        <ele>338.9</ele>
      </trkpt>
      <trkpt lat="39.93426" lon="139.8761">
        <ele>339.3</ele>
      </trkpt>
      <trkpt lat="39.93427" lon="139.87607">
        <ele>339.7</ele>
      </trkpt>
      <trkpt lat="39.93426" lon="139.87605">
        <ele>340.3</ele>
      </trkpt>
      <trkpt lat="39.93426" lon="139.87604">
        <ele>340.5</ele>
      </trkpt>
      <trkpt lat="39.93425" lon="139.87602">
        <ele>341.2</ele>
      </trkpt>
      <trkpt lat="39.93425" lon="139.87601">
        <ele>341.4</ele>
      </trkpt>
      <trkpt lat="39.93424" lon="139.876">
        <ele>341.8</ele>
      </trkpt>
      <trkpt lat="39.93423" lon="139.87598">
        <ele>342.4</ele>
      </trkpt>
      <trkpt lat="39.93421" lon="139.87596">
        <ele>343.3</ele>
      </trkpt>
      <trkpt lat="39.93418" lon="139.87594">
        <ele>344.4</ele>
      </trkpt>
      <trkpt lat="39.93413" lon="139.87591">
        <ele>345.0</ele>
      </trkpt>
      <trkpt lat="39.93411" lon="139.87589">
        <ele>345.2</ele>
      </trkpt>
      <trkpt lat="39.93408" lon="139.87588">
        <ele>345.1</ele>
      </trkpt>
      <trkpt lat="39.93405" lon="139.87588">
        <ele>344.9</ele>
      </trkpt>
      <trkpt lat="39.93395" lon="139.8759">
        <ele>343.6</ele>
      </trkpt>
      <trkpt lat="39.93388" lon="139.87593">
        <ele>342.5</ele>
      </trkpt>
      <trkpt lat="39.93385" lon="139.87595">
        <ele>341.9</ele>
      </trkpt>
      <trkpt lat="39.93376" lon="139.87599">
        <ele>340.7</ele>
      </trkpt>
      <trkpt lat="39.93371" lon="139.87601">
        <ele>340.1</ele>
      </trkpt>
      <trkpt lat="39.9337" lon="139.87602">
        <ele>339.9</ele>
      </trkpt>
      <trkpt lat="39.93367" lon="139.87602">
        <ele>339.7</ele>
      </trkpt>
      <trkpt lat="39.93363" lon="139.87603">
        <ele>339.4</ele>
      </trkpt>
      <trkpt lat="39.93359" lon="139.87602">
        <ele>339.2</ele>
      </trkpt>
      <trkpt lat="39.93355" lon="139.87601">
        <ele>339.0</ele>
      </trkpt>
      <trkpt lat="39.93354" lon="139.87601">
        <ele>339.0</ele>
      </trkpt>
      <trkpt lat="39.93352" lon="139.876">
        <ele>338.9</ele>
      </trkpt>
      <trkpt lat="39.93351" lon="139.87599">
        <ele>338.9</ele>
      </trkpt>
      <trkpt lat="39.9335" lon="139.87598">
        <ele>338.9</ele>
      </trkpt>
      <trkpt lat="39.93349" lon="139.87597">
        <ele>338.9</ele>
      </trkpt>
      <trkpt lat="39.93349" lon="139.87596">
        <ele>338.9</ele>
      </trkpt>
      <trkpt lat="39.93348" lon="139.87594">
        <ele>339.0</ele>
      </trkpt>
      <trkpt lat="39.93348" lon="139.87593">
        <ele>339.0</ele>
      </trkpt>
      <trkpt lat="39.93348" lon="139.87592">
        <ele>339.1</ele>
      </trkpt>
      <trkpt lat="39.93347" lon="139.87591">
        <ele>339.1</ele>
      </trkpt>
      <trkpt lat="39.93347" lon="139.8759">
        <ele>339.1</ele>
      </trkpt>
      <trkpt lat="39.93347" lon="139.87588">
        <ele>339.2</ele>
      </trkpt>
      <trkpt lat="39.93348" lon="139.87585">
        <ele>339.5</ele>
      </trkpt>
      <trkpt lat="39.93348" lon="139.87583">
        <ele>339.5</ele>
      </trkpt>
      <trkpt lat="39.93349" lon="139.87581">
        <ele>339.4</ele>
      </trkpt>
      <trkpt lat="39.9335" lon="139.8758">
        <ele>339.4</ele>
      </trkpt>
      <trkpt lat="39.93351" lon="139.87579">
        <ele>339.3</ele>
      </trkpt>
      <trkpt lat="39.93353" lon="139.87581">
        <ele>339.8</ele>
      </trkpt>
      <trkpt lat="39.93351" lon="139.87579">
        <ele>339.3</ele>
      </trkpt>
      <trkpt lat="39.93351" lon="139.87578">
        <ele>339.2</ele>
      </trkpt>
      <trkpt lat="39.93352" lon="139.87577">
        <ele>339.2</ele>
      </trkpt>
      <trkpt lat="39.93354" lon="139.87574">
        <ele>339.0</ele>
      </trkpt>
      <trkpt lat="39.93356" lon="139.87573">
        <ele>339.1</ele>
      </trkpt>
      <trkpt lat="39.93358" lon="139.87571">
        <ele>339.0</ele>
      </trkpt>
      <trkpt lat="39.93361" lon="139.8757">
        <ele>339.2</ele>
      </trkpt>
      <trkpt lat="39.93364" lon="139.8757">
        <ele>339.6</ele>
      </trkpt>
      <trkpt lat="39.93365" lon="139.8757">
        <ele>339.7</ele>
      </trkpt>
      <trkpt lat="39.9337" lon="139.8757">
        <ele>340.2</ele>
      </trkpt>
      <trkpt lat="39.93376" lon="139.87572">
        <ele>341.1</ele>
      </trkpt>
      <trkpt lat="39.93381" lon="139.87575">
        <ele>342.1</ele>
      </trkpt>
      <trkpt lat="39.93398" lon="139.87582">
        <ele>344.8</ele>
      </trkpt>
      <trkpt lat="39.93403" lon="139.87583">
        <ele>345.5</ele>
      </trkpt>
      <trkpt lat="39.93406" lon="139.87585">
        <ele>345.5</ele>
      </trkpt>
      <trkpt lat="39.93407" lon="139.87586">
        <ele>345.4</ele>
      </trkpt>
      <trkpt lat="39.93408" lon="139.87588">
        <ele>345.1</ele>
      </trkpt>
      <trkpt lat="39.93411" lon="139.87589">
        <ele>345.2</ele>
      </trkpt>
      <trkpt lat="39.93413" lon="139.87591">
        <ele>345.0</ele>
      </trkpt>
      <trkpt lat="39.93418" lon="139.87594">
        <ele>344.4</ele>
      </trkpt>
      <trkpt lat="39.93421" lon="139.87596">
        <ele>343.3</ele>
      </trkpt>
      <trkpt lat="39.93423" lon="139.87598">
        <ele>342.4</ele>
      </trkpt>
      <trkpt lat="39.93424" lon="139.876">
        <ele>341.8</ele>
      </trkpt>
      <trkpt lat="39.93425" lon="139.87601">
        <ele>341.4</ele>
      </trkpt>
      <trkpt lat="39.93425" lon="139.87602">
        <ele>341.2</ele>
      </trkpt>
      <trkpt lat="39.93426" lon="139.87604">
        <ele>340.5</ele>
      </trkpt>
      <trkpt lat="39.93426" lon="139.87605">
        <ele>340.3</ele>
      </trkpt>
      <trkpt lat="39.93427" lon="139.87607">
        <ele>339.7</ele>
      </trkpt>
      <trkpt lat="39.93426" lon="139.8761">
        <ele>339.3</ele>
      </trkpt>
      <trkpt lat="39.93426" lon="139.87612">
        <ele>338.9</ele>
      </trkpt>
      <trkpt lat="39.93425" lon="139.87614">
        <ele>338.7</ele>
      </trkpt>
      <trkpt lat="39.93424" lon="139.87615">
        <ele>338.6</ele>
      </trkpt>
      <trkpt lat="39.93423" lon="139.87617">
        <ele>338.4</ele>
      </trkpt>
      <trkpt lat="39.93422" lon="139.87619">
        <ele>338.2</ele>
      </trkpt>
      <trkpt lat="39.9342" lon="139.8762">
        <ele>338.4</ele>
      </trkpt>
      <trkpt lat="39.93418" lon="139.87623">
        <ele>338.2</ele>
      </trkpt>
      <trkpt lat="39.93416" lon="139.87624">
        <ele>338.2</ele>
      </trkpt>
      <trkpt lat="39.93412" lon="139.87627">
        <ele>337.5</ele>
      </trkpt>
      <trkpt lat="39.93402" lon="139.87634">
        <ele>336.2</ele>
      </trkpt>
      <trkpt lat="39.93386" lon="139.87645">
        <ele>334.7</ele>
      </trkpt>
      <trkpt lat="39.93381" lon="139.87648">
        <ele>334.5</ele>
      </trkpt>
      <trkpt lat="39.9337" lon="139.87656">
        <ele>334.1</ele>
      </trkpt>
      <trkpt lat="39.93354" lon="139.87667">
        <ele>334.2</ele>
      </trkpt>
      <trkpt lat="39.93341" lon="139.87676">
        <ele>333.9</ele>
      </trkpt>
      <trkpt lat="39.93338" lon="139.87678">
        <ele>333.9</ele>
      </trkpt>
      <trkpt lat="39.93336" lon="139.87679">
        <ele>333.9</ele>
      </trkpt>
      <trkpt lat="39.93334" lon="139.8768">
        <ele>334.0</ele>
      </trkpt>
      <trkpt lat="39.93329" lon="139.87682">
        <ele>333.2</ele>
      </trkpt>
      <trkpt lat="39.93326" lon="139.87682">
        <ele>332.8</ele>
      </trkpt>
      <trkpt lat="39.93323" lon="139.87683">
        <ele>332.3</ele>
      </trkpt>
      <trkpt lat="39.93321" lon="139.87682">
        <ele>332.2</ele>
      </trkpt>
      <trkpt lat="39.93319" lon="139.87682">
        <ele>331.9</ele>
      </trkpt>
      <trkpt lat="39.93315" lon="139.87681">
        <ele>331.5</ele>
      </trkpt>
      <trkpt lat="39.93311" lon="139.87679">
        <ele>331.2</ele>
      </trkpt>
      <trkpt lat="39.93307" lon="139.87678">
        <ele>330.8</ele>
      </trkpt>
      <trkpt lat="39.93272" lon="139.87664">
        <ele>327.1</ele>
      </trkpt>
      <trkpt lat="39.93269" lon="139.87662">
        <ele>326.5</ele>
      </trkpt>
      <trkpt lat="39.93252" lon="139.87655">
        <ele>323.6</ele>
      </trkpt>
      <trkpt lat="39.93251" lon="139.87655">
        <ele>323.5</ele>
      </trkpt>
      <trkpt lat="39.93235" lon="139.87648">
        <ele>321.4</ele>
      </trkpt>
      <trkpt lat="39.93229" lon="139.87645">
        <ele>320.7</ele>
      </trkpt>
      <trkpt lat="39.93222" lon="139.87642">
        <ele>320.0</ele>
      </trkpt>
      <trkpt lat="39.93218" lon="139.8764">
        <ele>319.5</ele>
      </trkpt>
      <trkpt lat="39.93217" lon="139.8764">
        <ele>319.5</ele>
      </trkpt>
      <trkpt lat="39.93214" lon="139.87637">
        <ele>319.1</ele>
      </trkpt>
      <trkpt lat="39.93212" lon="139.87635">
        <ele>318.9</ele>
      </trkpt>
      <trkpt lat="39.93211" lon="139.87634">
        <ele>318.8</ele>
      </trkpt>
      <trkpt lat="39.93209" lon="139.87632">
        <ele>318.6</ele>
      </trkpt>
      <trkpt lat="39.93208" lon="139.87629">
        <ele>318.5</ele>
      </trkpt>
      <trkpt lat="39.93208" lon="139.87628">
        <ele>318.5</ele>
      </trkpt>
      <trkpt lat="39.93207" lon="139.87625">
        <ele>318.4</ele>
      </trkpt>
      <trkpt lat="39.93206" lon="139.87622">
        <ele>318.3</ele>
      </trkpt>
      <trkpt lat="39.93206" lon="139.87618">
        <ele>318.3</ele>
      </trkpt>
      <trkpt lat="39.93206" lon="139.87616">
        <ele>318.2</ele>
      </trkpt>
      <trkpt lat="39.93206" lon="139.87612">
        <ele>318.2</ele>
      </trkpt>
      <trkpt lat="39.93206" lon="139.87607">
        <ele>318.2</ele>
      </trkpt>
      <trkpt lat="39.93207" lon="139.87602">
        <ele>318.2</ele>
      </trkpt>
      <trkpt lat="39.93207" lon="139.87594">
        <ele>318.1</ele>
      </trkpt>
      <trkpt lat="39.93208" lon="139.8759">
        <ele>318.1</ele>
      </trkpt>
      <trkpt lat="39.93208" lon="139.87586">
        <ele>318.0</ele>
      </trkpt>
      <trkpt lat="39.93208" lon="139.87583">
        <ele>317.9</ele>
      </trkpt>
      <trkpt lat="39.93207" lon="139.87581">
        <ele>317.4</ele>
      </trkpt>
      <trkpt lat="39.93207" lon="139.87578">
        <ele>316.8</ele>
      </trkpt>
      <trkpt lat="39.93206" lon="139.87576">
        <ele>316.3</ele>
      </trkpt>
      <trkpt lat="39.93206" lon="139.87575">
        <ele>316.1</ele>
      </trkpt>
      <trkpt lat="39.93206" lon="139.87574">
        <ele>315.8</ele>
      </trkpt>
      <trkpt lat="39.93205" lon="139.87572">
        <ele>315.4</ele>
      </trkpt>
      <trkpt lat="39.93204" lon="139.8757">
        <ele>314.9</ele>
      </trkpt>
      <trkpt lat="39.93203" lon="139.87569">
        <ele>314.7</ele>
      </trkpt>
      <trkpt lat="39.932" lon="139.87567">
        <ele>314.2</ele>
      </trkpt>
      <trkpt lat="39.93197" lon="139.87564">
        <ele>313.5</ele>
      </trkpt>
      <trkpt lat="39.93194" lon="139.87562">
        <ele>313.1</ele>
      </trkpt>
      <trkpt lat="39.93193" lon="139.87562">
        <ele>313.1</ele>
      </trkpt>
      <trkpt lat="39.9319" lon="139.87559">
        <ele>312.4</ele>
      </trkpt>
      <trkpt lat="39.93174" lon="139.87548">
        <ele>310.2</ele>
      </trkpt>
      <trkpt lat="39.93158" lon="139.87538">
        <ele>308.2</ele>
      </trkpt>
      <trkpt lat="39.9315" lon="139.87532">
        <ele>307.1</ele>
      </trkpt>
      <trkpt lat="39.93147" lon="139.87529">
        <ele>306.6</ele>
      </trkpt>
      <trkpt lat="39.93146" lon="139.87528">
        <ele>306.5</ele>
      </trkpt>
      <trkpt lat="39.93145" lon="139.87528">
        <ele>306.5</ele>
      </trkpt>
      <trkpt lat="39.93143" lon="139.87525">
        <ele>306.0</ele>
      </trkpt>
      <trkpt lat="39.9314" lon="139.87522">
        <ele>305.6</ele>
      </trkpt>
      <trkpt lat="39.93137" lon="139.87516">
        <ele>304.7</ele>
      </trkpt>
      <trkpt lat="39.93135" lon="139.87512">
        <ele>304.2</ele>
      </trkpt>
      <trkpt lat="39.93132" lon="139.87505">
        <ele>303.4</ele>
      </trkpt>
      <trkpt lat="39.93125" lon="139.87491">
        <ele>301.2</ele>
      </trkpt>
      <trkpt lat="39.93116" lon="139.8747">
        <ele>297.7</ele>
      </trkpt>
      <trkpt lat="39.93115" lon="139.87469">
        <ele>297.6</ele>
      </trkpt>
      <trkpt lat="39.93112" lon="139.87461">
        <ele>296.3</ele>
      </trkpt>
      <trkpt lat="39.9311" lon="139.87459">
        <ele>296.0</ele>
      </trkpt>
      <trkpt lat="39.93109" lon="139.87457">
        <ele>295.8</ele>
      </trkpt>
      <trkpt lat="39.93106" lon="139.87453">
        <ele>295.3</ele>
      </trkpt>
      <trkpt lat="39.93105" lon="139.87451">
        <ele>295.0</ele>
      </trkpt>
      <trkpt lat="39.93103" lon="139.87449">
        <ele>294.8</ele>
      </trkpt>
      <trkpt lat="39.93095" lon="139.87443">
        <ele>294.4</ele>
      </trkpt>
      <trkpt lat="39.93087" lon="139.87438">
        <ele>294.2</ele>
      </trkpt>
      <trkpt lat="39.93079" lon="139.87433">
        <ele>293.2</ele>
      </trkpt>
      <trkpt lat="39.93075" lon="139.8743">
        <ele>292.1</ele>
      </trkpt>
      <trkpt lat="39.93071" lon="139.87426">
        <ele>291.0</ele>
      </trkpt>
      <trkpt lat="39.93063" lon="139.87417">
        <ele>288.6</ele>
      </trkpt>
      <trkpt lat="39.93058" lon="139.8741">
        <ele>287.1</ele>
      </trkpt>
      <trkpt lat="39.93053" lon="139.87403">
        <ele>285.5</ele>
      </trkpt>
      <trkpt lat="39.93051" lon="139.874">
        <ele>284.8</ele>
      </trkpt>
      <trkpt lat="39.9305" lon="139.87397">
        <ele>284.3</ele>
      </trkpt>
      <trkpt lat="39.93049" lon="139.87394">
        <ele>283.8</ele>
      </trkpt>
      <trkpt lat="39.93048" lon="139.87391">
        <ele>283.2</ele>
      </trkpt>
      <trkpt lat="39.93048" lon="139.87388">
        <ele>282.8</ele>
      </trkpt>
      <trkpt lat="39.93049" lon="139.87386">
        <ele>282.7</ele>
      </trkpt>
      <trkpt lat="39.93049" lon="139.87385">
        <ele>282.5</ele>
      </trkpt>
      <trkpt lat="39.9305" lon="139.87383">
        <ele>282.4</ele>
      </trkpt>
      <trkpt lat="39.93051" lon="139.87381">
        <ele>282.3</ele>
      </trkpt>
      <trkpt lat="39.93054" lon="139.87376">
        <ele>281.9</ele>
      </trkpt>
      <trkpt lat="39.93058" lon="139.87371">
        <ele>281.8</ele>
      </trkpt>
      <trkpt lat="39.93076" lon="139.87348">
        <ele>281.0</ele>
      </trkpt>
      <trkpt lat="39.93086" lon="139.87334">
        <ele>279.9</ele>
      </trkpt>
      <trkpt lat="39.93089" lon="139.8733">
        <ele>279.1</ele>
      </trkpt>
      <trkpt lat="39.9309" lon="139.87328">
        <ele>278.7</ele>
      </trkpt>
      <trkpt lat="39.9309" lon="139.87326">
        <ele>278.3</ele>
      </trkpt>
      <trkpt lat="39.93091" lon="139.87323">
        <ele>277.8</ele>
      </trkpt>
      <trkpt lat="39.93091" lon="139.87321">
        <ele>277.5</ele>
      </trkpt>
      <trkpt lat="39.93092" lon="139.87318">
        <ele>276.9</ele>
      </trkpt>
      <trkpt lat="39.93092" lon="139.87314">
        <ele>276.2</ele>
      </trkpt>
      <trkpt lat="39.93091" lon="139.87311">
        <ele>275.8</ele>
      </trkpt>
      <trkpt lat="39.93091" lon="139.87309">
        <ele>275.5</ele>
      </trkpt>
      <trkpt lat="39.9309" lon="139.87307">
        <ele>275.3</ele>
      </trkpt>
      <trkpt lat="39.93088" lon="139.87303">
        <ele>274.8</ele>
      </trkpt>
      <trkpt lat="39.93087" lon="139.87301">
        <ele>274.6</ele>
      </trkpt>
      <trkpt lat="39.93075" lon="139.87281">
        <ele>271.2</ele>
      </trkpt>
      <trkpt lat="39.93065" lon="139.87264">
        <ele>268.0</ele>
      </trkpt>
      <trkpt lat="39.93058" lon="139.87254">
        <ele>266.3</ele>
      </trkpt>
      <trkpt lat="39.93054" lon="139.87247">
        <ele>265.4</ele>
      </trkpt>
      <trkpt lat="39.93053" lon="139.87246">
        <ele>265.3</ele>
      </trkpt>
      <trkpt lat="39.9305" lon="139.8724">
        <ele>264.9</ele>
      </trkpt>
      <trkpt lat="39.93048" lon="139.87235">
        <ele>264.7</ele>
      </trkpt>
      <trkpt lat="39.93045" lon="139.87227">
        <ele>264.3</ele>
      </trkpt>
      <trkpt lat="39.93045" lon="139.87227">
        <ele>264.3</ele>
      </trkpt>
      <trkpt lat="39.93049" lon="139.87227">
        <ele>264.3</ele>
      </trkpt>
      <trkpt lat="39.93053" lon="139.87227">
        <ele>264.4</ele>
      </trkpt>
      <trkpt lat="39.93057" lon="139.87228">
        <ele>264.4</ele>
      </trkpt>
      <trkpt lat="39.93063" lon="139.8723">
        <ele>264.6</ele>
      </trkpt>
      <trkpt lat="39.93066" lon="139.87232">
        <ele>264.8</ele>
      </trkpt>
      <trkpt lat="39.9307" lon="139.87234">
        <ele>265.0</ele>
      </trkpt>
      <trkpt lat="39.93087" lon="139.87244">
        <ele>265.9</ele>
      </trkpt>
      <trkpt lat="39.93096" lon="139.87249">
        <ele>265.2</ele>
      </trkpt>
      <trkpt lat="39.93111" lon="139.87258">
        <ele>264.8</ele>
      </trkpt>
      <trkpt lat="39.93112" lon="139.87259">
        <ele>264.8</ele>
      </trkpt>
      <trkpt lat="39.93136" lon="139.87273">
        <ele>264.5</ele>
      </trkpt>
      <trkpt lat="39.93145" lon="139.87278">
        <ele>264.5</ele>
      </trkpt>
      <trkpt lat="39.93152" lon="139.87282">
        <ele>264.5</ele>
      </trkpt>
      <trkpt lat="39.93161" lon="139.87285">
        <ele>264.2</ele>
      </trkpt>
      <trkpt lat="39.93165" lon="139.87287">
        <ele>264.2</ele>
      </trkpt>
      <trkpt lat="39.93169" lon="139.87289">
        <ele>264.3</ele>
      </trkpt>
      <trkpt lat="39.93174" lon="139.8729">
        <ele>264.3</ele>
      </trkpt>
      <trkpt lat="39.93178" lon="139.87291">
        <ele>264.3</ele>
      </trkpt>
      <trkpt lat="39.9318" lon="139.87291">
        <ele>264.2</ele>
      </trkpt>
      <trkpt lat="39.93183" lon="139.87292">
        <ele>264.2</ele>
      </trkpt>
      <trkpt lat="39.93187" lon="139.87292">
        <ele>264.0</ele>
      </trkpt>
      <trkpt lat="39.93196" lon="139.87291">
        <ele>263.3</ele>
      </trkpt>
      <trkpt lat="39.93197" lon="139.87291">
        <ele>263.3</ele>
      </trkpt>
      <trkpt lat="39.93205" lon="139.87289">
        <ele>262.5</ele>
      </trkpt>
      <trkpt lat="39.93209" lon="139.87288">
        <ele>262.2</ele>
      </trkpt>
      <trkpt lat="39.93214" lon="139.87287">
        <ele>261.9</ele>
      </trkpt>
      <trkpt lat="39.93222" lon="139.87283">
        <ele>261.0</ele>
      </trkpt>
      <trkpt lat="39.93226" lon="139.87281">
        <ele>260.7</ele>
      </trkpt>
      <trkpt lat="39.93231" lon="139.87279">
        <ele>260.3</ele>
      </trkpt>
      <trkpt lat="39.93238" lon="139.87273">
        <ele>259.6</ele>
      </trkpt>
      <trkpt lat="39.93263" lon="139.87257">
        <ele>256.3</ele>
      </trkpt>
      <trkpt lat="39.93271" lon="139.87252">
        <ele>254.6</ele>
      </trkpt>
      <trkpt lat="39.93278" lon="139.87246">
        <ele>253.2</ele>
      </trkpt>
      <trkpt lat="39.93282" lon="139.87243">
        <ele>252.5</ele>
      </trkpt>
      <trkpt lat="39.93283" lon="139.87243">
        <ele>252.3</ele>
      </trkpt>
      <trkpt lat="39.93286" lon="139.8724">
        <ele>251.8</ele>
      </trkpt>
      <trkpt lat="39.93289" lon="139.87236">
        <ele>251.3</ele>
      </trkpt>
      <trkpt lat="39.93292" lon="139.87232">
        <ele>250.7</ele>
      </trkpt>
      <trkpt lat="39.93295" lon="139.87228">
        <ele>250.2</ele>
      </trkpt>
      <trkpt lat="39.93298" lon="139.87223">
        <ele>249.7</ele>
      </trkpt>
      <trkpt lat="39.93301" lon="139.87219">
        <ele>249.2</ele>
      </trkpt>
      <trkpt lat="39.93303" lon="139.87214">
        <ele>248.9</ele>
      </trkpt>
      <trkpt lat="39.93305" lon="139.87208">
        <ele>248.6</ele>
      </trkpt>
      <trkpt lat="39.93307" lon="139.87202">
        <ele>248.3</ele>
      </trkpt>
      <trkpt lat="39.93308" lon="139.87198">
        <ele>248.1</ele>
      </trkpt>
      <trkpt lat="39.9331" lon="139.87192">
        <ele>247.8</ele>
      </trkpt>
      <trkpt lat="39.93317" lon="139.87159">
        <ele>247.0</ele>
      </trkpt>
      <trkpt lat="39.93325" lon="139.87124">
        <ele>246.5</ele>
      </trkpt>
      <trkpt lat="39.93327" lon="139.87112">
        <ele>246.4</ele>
      </trkpt>
      <trkpt lat="39.93328" lon="139.87107">
        <ele>246.4</ele>
      </trkpt>
      <trkpt lat="39.93329" lon="139.87107">
        <ele>246.2</ele>
      </trkpt>
      <trkpt lat="39.9333" lon="139.87104">
        <ele>246.1</ele>
      </trkpt>
      <trkpt lat="39.93331" lon="139.87102">
        <ele>246.1</ele>
      </trkpt>
      <trkpt lat="39.93332" lon="139.87101">
        <ele>245.9</ele>
      </trkpt>
      <trkpt lat="39.93334" lon="139.87098">
        <ele>245.6</ele>
      </trkpt>
      <trkpt lat="39.93336" lon="139.87097">
        <ele>244.9</ele>
      </trkpt>
      <trkpt lat="39.93338" lon="139.87097">
        <ele>244.2</ele>
      </trkpt>
      <trkpt lat="39.93339" lon="139.87096">
        <ele>243.9</ele>
      </trkpt>
      <trkpt lat="39.93341" lon="139.87097">
        <ele>243.2</ele>
      </trkpt>
      <trkpt lat="39.93343" lon="139.87097">
        <ele>242.5</ele>
      </trkpt>
      <trkpt lat="39.93345" lon="139.87098">
        <ele>241.8</ele>
      </trkpt>
      <trkpt lat="39.93346" lon="139.87099">
        <ele>241.5</ele>
      </trkpt>
      <trkpt lat="39.93348" lon="139.871">
        <ele>240.8</ele>
      </trkpt>
      <trkpt lat="39.93349" lon="139.87101">
        <ele>240.5</ele>
      </trkpt>
      <trkpt lat="39.9335" lon="139.87103">
        <ele>240.1</ele>
      </trkpt>
      <trkpt lat="39.93351" lon="139.87106">
        <ele>239.8</ele>
      </trkpt>
      <trkpt lat="39.93352" lon="139.87109">
        <ele>239.5</ele>
      </trkpt>
      <trkpt lat="39.93352" lon="139.87112">
        <ele>239.5</ele>
      </trkpt>
      <trkpt lat="39.93352" lon="139.87115">
        <ele>239.6</ele>
      </trkpt>
      <trkpt lat="39.93352" lon="139.8712">
        <ele>239.6</ele>
      </trkpt>
      <trkpt lat="39.93351" lon="139.87126">
        <ele>240.0</ele>
      </trkpt>
      <trkpt lat="39.9335" lon="139.87132">
        <ele>240.3</ele>
      </trkpt>
      <trkpt lat="39.93347" lon="139.87143">
        <ele>241.3</ele>
      </trkpt>
      <trkpt lat="39.93344" lon="139.87159">
        <ele>242.2</ele>
      </trkpt>
      <trkpt lat="39.93339" lon="139.8718">
        <ele>243.4</ele>
      </trkpt>
      <trkpt lat="39.93329" lon="139.87224">
        <ele>245.0</ele>
      </trkpt>
      <trkpt lat="39.93328" lon="139.87231">
        <ele>245.1</ele>
      </trkpt>
      <trkpt lat="39.93328" lon="139.87236">
        <ele>245.0</ele>
      </trkpt>
      <trkpt lat="39.93328" lon="139.87239">
        <ele>245.0</ele>
      </trkpt>
      <trkpt lat="39.93329" lon="139.87242">
        <ele>244.8</ele>
      </trkpt>
      <trkpt lat="39.9333" lon="139.87245">
        <ele>244.6</ele>
      </trkpt>
      <trkpt lat="39.93331" lon="139.87247">
        <ele>244.4</ele>
      </trkpt>
      <trkpt lat="39.93332" lon="139.87249">
        <ele>244.2</ele>
      </trkpt>
      <trkpt lat="39.93334" lon="139.87251">
        <ele>244.0</ele>
      </trkpt>
      <trkpt lat="39.93336" lon="139.87252">
        <ele>243.9</ele>
      </trkpt>
      <trkpt lat="39.93338" lon="139.87253">
        <ele>243.7</ele>
      </trkpt>
      <trkpt lat="39.9334" lon="139.87253">
        <ele>243.4</ele>
      </trkpt>
      <trkpt lat="39.93342" lon="139.87253">
        <ele>243.2</ele>
      </trkpt>
      <trkpt lat="39.93344" lon="139.87252">
        <ele>242.7</ele>
      </trkpt>
      <trkpt lat="39.93346" lon="139.87251">
        <ele>242.3</ele>
      </trkpt>
      <trkpt lat="39.93348" lon="139.87249">
        <ele>241.9</ele>
      </trkpt>
      <trkpt lat="39.9335" lon="139.87247">
        <ele>241.6</ele>
      </trkpt>
      <trkpt lat="39.93352" lon="139.87243">
        <ele>241.2</ele>
      </trkpt>
      <trkpt lat="39.93353" lon="139.87239">
        <ele>241.0</ele>
      </trkpt>
      <trkpt lat="39.93354" lon="139.87237">
        <ele>240.8</ele>
      </trkpt>
      <trkpt lat="39.93355" lon="139.87232">
        <ele>240.5</ele>
      </trkpt>
      <trkpt lat="39.93356" lon="139.87227">
        <ele>240.3</ele>
      </trkpt>
      <trkpt lat="39.93363" lon="139.87193">
        <ele>238.0</ele>
      </trkpt>
      <trkpt lat="39.93371" lon="139.87159">
        <ele>234.8</ele>
      </trkpt>
      <trkpt lat="39.93377" lon="139.87137">
        <ele>232.3</ele>
      </trkpt>
      <trkpt lat="39.93383" lon="139.87115">
        <ele>229.5</ele>
      </trkpt>
      <trkpt lat="39.93386" lon="139.87104">
        <ele>228.0</ele>
      </trkpt>
      <trkpt lat="39.93395" lon="139.87078">
        <ele>223.7</ele>
      </trkpt>
      <trkpt lat="39.93396" lon="139.87073">
        <ele>223.2</ele>
      </trkpt>
      <trkpt lat="39.93401" lon="139.87064">
        <ele>221.1</ele>
      </trkpt>
      <trkpt lat="39.93404" lon="139.87059">
        <ele>219.9</ele>
      </trkpt>
      <trkpt lat="39.93408" lon="139.87056">
        <ele>218.3</ele>
      </trkpt>
      <trkpt lat="39.93411" lon="139.87053">
        <ele>217.0</ele>
      </trkpt>
      <trkpt lat="39.93416" lon="139.8705">
        <ele>215.0</ele>
      </trkpt>
      <trkpt lat="39.9342" lon="139.87049">
        <ele>214.4</ele>
      </trkpt>
      <trkpt lat="39.93421" lon="139.87048">
        <ele>214.3</ele>
      </trkpt>
      <trkpt lat="39.93422" lon="139.87048">
        <ele>214.2</ele>
      </trkpt>
      <trkpt lat="39.93425" lon="139.87047">
        <ele>213.8</ele>
      </trkpt>
      <trkpt lat="39.93429" lon="139.87047">
        <ele>213.4</ele>
      </trkpt>
      <trkpt lat="39.93433" lon="139.87048">
        <ele>213.0</ele>
      </trkpt>
      <trkpt lat="39.93438" lon="139.87049">
        <ele>212.5</ele>
      </trkpt>
      <trkpt lat="39.93442" lon="139.8705">
        <ele>212.1</ele>
      </trkpt>
      <trkpt lat="39.93455" lon="139.87055">
        <ele>210.8</ele>
      </trkpt>
      <trkpt lat="39.9346" lon="139.87056">
        <ele>210.3</ele>
      </trkpt>
      <trkpt lat="39.9349" lon="139.87067">
        <ele>207.1</ele>
      </trkpt>
      <trkpt lat="39.93495" lon="139.87068">
        <ele>206.6</ele>
      </trkpt>
      <trkpt lat="39.93507" lon="139.87073">
        <ele>205.8</ele>
      </trkpt>
      <trkpt lat="39.93529" lon="139.8708">
        <ele>205.0</ele>
      </trkpt>
      <trkpt lat="39.93542" lon="139.87085">
        <ele>204.5</ele>
      </trkpt>
      <trkpt lat="39.93564" lon="139.87093">
        <ele>203.9</ele>
      </trkpt>
      <trkpt lat="39.93581" lon="139.87099">
        <ele>203.3</ele>
      </trkpt>
      <trkpt lat="39.93607" lon="139.87108">
        <ele>202.9</ele>
      </trkpt>
      <trkpt lat="39.93659" lon="139.87127">
        <ele>202.7</ele>
      </trkpt>
      <trkpt lat="39.93664" lon="139.87128">
        <ele>202.6</ele>
      </trkpt>
      <trkpt lat="39.93681" lon="139.87134">
        <ele>202.9</ele>
      </trkpt>
      <trkpt lat="39.93702" lon="139.87142">
        <ele>203.1</ele>
      </trkpt>
      <trkpt lat="39.93728" lon="139.87151">
        <ele>203.1</ele>
      </trkpt>
      <trkpt lat="39.93745" lon="139.87157">
        <ele>203.0</ele>
      </trkpt>
      <trkpt lat="39.93754" lon="139.8716">
        <ele>203.2</ele>
      </trkpt>
      <trkpt lat="39.93761" lon="139.87161">
        <ele>203.5</ele>
      </trkpt>
      <trkpt lat="39.93772" lon="139.87162">
        <ele>204.0</ele>
      </trkpt>
      <trkpt lat="39.93777" lon="139.87161">
        <ele>204.2</ele>
      </trkpt>
      <trkpt lat="39.93781" lon="139.87161">
        <ele>204.3</ele>
      </trkpt>
      <trkpt lat="39.93785" lon="139.87159">
        <ele>204.4</ele>
      </trkpt>
      <trkpt lat="39.9379" lon="139.87158">
        <ele>204.6</ele>
      </trkpt>
      <trkpt lat="39.93798" lon="139.87154">
        <ele>204.8</ele>
      </trkpt>
      <trkpt lat="39.93806" lon="139.87149">
        <ele>204.8</ele>
      </trkpt>
      <trkpt lat="39.9383" lon="139.87132">
        <ele>204.4</ele>
      </trkpt>
      <trkpt lat="39.93878" lon="139.87099">
        <ele>202.5</ele>
      </trkpt>
      <trkpt lat="39.93924" lon="139.87068">
        <ele>202.8</ele>
      </trkpt>
      <trkpt lat="39.93934" lon="139.87061">
        <ele>203.0</ele>
      </trkpt>
      <trkpt lat="39.9394" lon="139.87057">
        <ele>203.2</ele>
      </trkpt>
      <trkpt lat="39.93956" lon="139.87046">
        <ele>203.8</ele>
      </trkpt>
      <trkpt lat="39.93958" lon="139.87045">
        <ele>203.9</ele>
      </trkpt>
      <trkpt lat="39.93975" lon="139.87032">
        <ele>205.1</ele>
      </trkpt>
      <trkpt lat="39.93986" lon="139.87025">
        <ele>205.9</ele>
      </trkpt>
      <trkpt lat="39.93997" lon="139.87018">
        <ele>206.9</ele>
      </trkpt>
      <trkpt lat="39.94016" lon="139.87004">
        <ele>208.2</ele>
      </trkpt>
      <trkpt lat="39.94037" lon="139.8699">
        <ele>209.7</ele>
      </trkpt>
      <trkpt lat="39.94045" lon="139.86984">
        <ele>210.3</ele>
      </trkpt>
      <trkpt lat="39.94052" lon="139.86978">
        <ele>211.0</ele>
      </trkpt>
      <trkpt lat="39.94059" lon="139.8697">
        <ele>211.8</ele>
      </trkpt>
      <trkpt lat="39.94062" lon="139.86967">
        <ele>212.2</ele>
      </trkpt>
      <trkpt lat="39.94065" lon="139.86962">
        <ele>212.7</ele>
      </trkpt>
      <trkpt lat="39.94068" lon="139.86957">
        <ele>213.1</ele>
      </trkpt>
      <trkpt lat="39.9407" lon="139.86952">
        <ele>213.6</ele>
      </trkpt>
      <trkpt lat="39.94072" lon="139.86948">
        <ele>214.0</ele>
      </trkpt>
      <trkpt lat="39.94075" lon="139.86942">
        <ele>214.6</ele>
      </trkpt>
      <trkpt lat="39.94083" lon="139.86922">
        <ele>216.5</ele>
      </trkpt>
      <trkpt lat="39.94089" lon="139.86903">
        <ele>218.0</ele>
      </trkpt>
      <trkpt lat="39.94098" lon="139.86879">
        <ele>219.5</ele>
      </trkpt>
      <trkpt lat="39.94101" lon="139.86869">
        <ele>220.1</ele>
      </trkpt>
      <trkpt lat="39.94113" lon="139.86834">
        <ele>221.8</ele>
      </trkpt>
      <trkpt lat="39.94116" lon="139.86825">
        <ele>222.3</ele>
      </trkpt>
      <trkpt lat="39.94119" lon="139.86815">
        <ele>222.9</ele>
      </trkpt>
      <trkpt lat="39.94121" lon="139.8681">
        <ele>223.1</ele>
      </trkpt>
      <trkpt lat="39.94122" lon="139.86804">
        <ele>223.5</ele>
      </trkpt>
      <trkpt lat="39.94123" lon="139.86798">
        <ele>223.9</ele>
      </trkpt>
      <trkpt lat="39.94123" lon="139.86793">
        <ele>224.3</ele>
      </trkpt>
      <trkpt lat="39.94124" lon="139.86787">
        <ele>224.7</ele>
      </trkpt>
      <trkpt lat="39.94124" lon="139.86781">
        <ele>225.2</ele>
      </trkpt>
      <trkpt lat="39.94124" lon="139.86775">
        <ele>225.6</ele>
      </trkpt>
      <trkpt lat="39.94123" lon="139.86769">
        <ele>226.2</ele>
      </trkpt>
      <trkpt lat="39.94122" lon="139.86763">
        <ele>226.7</ele>
      </trkpt>
      <trkpt lat="39.94122" lon="139.86757">
        <ele>227.2</ele>
      </trkpt>
      <trkpt lat="39.9412" lon="139.86752">
        <ele>227.8</ele>
      </trkpt>
      <trkpt lat="39.94119" lon="139.86746">
        <ele>228.2</ele>
      </trkpt>
      <trkpt lat="39.94115" lon="139.86736">
        <ele>228.9</ele>
      </trkpt>
      <trkpt lat="39.94113" lon="139.86731">
        <ele>229.3</ele>
      </trkpt>
      <trkpt lat="39.9411" lon="139.86726">
        <ele>229.8</ele>
      </trkpt>
      <trkpt lat="39.94108" lon="139.86721">
        <ele>230.2</ele>
      </trkpt>
      <trkpt lat="39.94105" lon="139.86717">
        <ele>230.7</ele>
      </trkpt>
      <trkpt lat="39.94101" lon="139.86713">
        <ele>231.2</ele>
      </trkpt>
      <trkpt lat="39.94099" lon="139.8671">
        <ele>231.5</ele>
      </trkpt>
      <trkpt lat="39.94098" lon="139.86709">
        <ele>231.6</ele>
      </trkpt>
      <trkpt lat="39.94089" lon="139.867">
        <ele>232.9</ele>
      </trkpt>
      <trkpt lat="39.94085" lon="139.86696">
        <ele>233.4</ele>
      </trkpt>
      <trkpt lat="39.9407" lon="139.86682">
        <ele>233.5</ele>
      </trkpt>
      <trkpt lat="39.9407" lon="139.86681">
        <ele>233.6</ele>
      </trkpt>
      <trkpt lat="39.9404" lon="139.86654">
        <ele>233.3</ele>
      </trkpt>
      <trkpt lat="39.94011" lon="139.86627">
        <ele>233.9</ele>
      </trkpt>
      <trkpt lat="39.9399" lon="139.86607">
        <ele>233.9</ele>
      </trkpt>
      <trkpt lat="39.93968" lon="139.86586">
        <ele>233.2</ele>
      </trkpt>
      <trkpt lat="39.93953" lon="139.86573">
        <ele>232.6</ele>
      </trkpt>
      <trkpt lat="39.93943" lon="139.86562">
        <ele>232.5</ele>
      </trkpt>
      <trkpt lat="39.93939" lon="139.86559">
        <ele>232.4</ele>
      </trkpt>
      <trkpt lat="39.93939" lon="139.86558">
        <ele>232.5</ele>
      </trkpt>
      <trkpt lat="39.93936" lon="139.86555">
        <ele>232.5</ele>
      </trkpt>
      <trkpt lat="39.93934" lon="139.86553">
        <ele>232.5</ele>
      </trkpt>
      <trkpt lat="39.93934" lon="139.86551">
        <ele>232.7</ele>
      </trkpt>
      <trkpt lat="39.93933" lon="139.8655">
        <ele>232.7</ele>
      </trkpt>
      <trkpt lat="39.93931" lon="139.86544">
        <ele>233.1</ele>
      </trkpt>
      <trkpt lat="39.93929" lon="139.86539">
        <ele>233.5</ele>
      </trkpt>
      <trkpt lat="39.93928" lon="139.86534">
        <ele>233.9</ele>
      </trkpt>
      <trkpt lat="39.93927" lon="139.8653">
        <ele>234.2</ele>
      </trkpt>
      <trkpt lat="39.93927" lon="139.86528">
        <ele>234.4</ele>
      </trkpt>
      <trkpt lat="39.93927" lon="139.86522">
        <ele>235.0</ele>
      </trkpt>
      <trkpt lat="39.93927" lon="139.8652">
        <ele>235.2</ele>
      </trkpt>
      <trkpt lat="39.93927" lon="139.86516">
        <ele>235.6</ele>
      </trkpt>
      <trkpt lat="39.93928" lon="139.86511">
        <ele>236.1</ele>
      </trkpt>
      <trkpt lat="39.93929" lon="139.86507">
        <ele>236.5</ele>
      </trkpt>
      <trkpt lat="39.93929" lon="139.86504">
        <ele>236.8</ele>
      </trkpt>
      <trkpt lat="39.93932" lon="139.86493">
        <ele>237.3</ele>
      </trkpt>
      <trkpt lat="39.93941" lon="139.8646">
        <ele>237.4</ele>
      </trkpt>
      <trkpt lat="39.93947" lon="139.86438">
        <ele>237.2</ele>
      </trkpt>
      <trkpt lat="39.9395" lon="139.86427">
        <ele>237.0</ele>
      </trkpt>
      <trkpt lat="39.93952" lon="139.86415">
        <ele>236.8</ele>
      </trkpt>
      <trkpt lat="39.93953" lon="139.8641">
        <ele>236.6</ele>
      </trkpt>
      <trkpt lat="39.93953" lon="139.86403">
        <ele>236.3</ele>
      </trkpt>
      <trkpt lat="39.93954" lon="139.86398">
        <ele>236.1</ele>
      </trkpt>
      <trkpt lat="39.93954" lon="139.86392">
        <ele>235.9</ele>
      </trkpt>
      <trkpt lat="39.93953" lon="139.86382">
        <ele>235.6</ele>
      </trkpt>
      <trkpt lat="39.93952" lon="139.86369">
        <ele>235.3</ele>
      </trkpt>
      <trkpt lat="39.9395" lon="139.86353">
        <ele>234.9</ele>
      </trkpt>
      <trkpt lat="39.93948" lon="139.8633">
        <ele>234.0</ele>
      </trkpt>
      <trkpt lat="39.93945" lon="139.86307">
        <ele>232.0</ele>
      </trkpt>
      <trkpt lat="39.93944" lon="139.863">
        <ele>231.4</ele>
      </trkpt>
      <trkpt lat="39.93942" lon="139.86284">
        <ele>229.9</ele>
      </trkpt>
      <trkpt lat="39.93939" lon="139.86261">
        <ele>227.8</ele>
      </trkpt>
      <trkpt lat="39.93939" lon="139.86259">
        <ele>227.6</ele>
      </trkpt>
      <trkpt lat="39.93938" lon="139.86253">
        <ele>227.0</ele>
      </trkpt>
      <trkpt lat="39.93937" lon="139.86248">
        <ele>226.5</ele>
      </trkpt>
      <trkpt lat="39.93936" lon="139.86242">
        <ele>225.6</ele>
      </trkpt>
      <trkpt lat="39.93934" lon="139.86238">
        <ele>225.2</ele>
      </trkpt>
      <trkpt lat="39.93934" lon="139.86237">
        <ele>225.0</ele>
      </trkpt>
      <trkpt lat="39.93931" lon="139.86232">
        <ele>224.5</ele>
      </trkpt>
      <trkpt lat="39.93928" lon="139.86228">
        <ele>224.1</ele>
      </trkpt>
      <trkpt lat="39.93925" lon="139.86224">
        <ele>223.7</ele>
      </trkpt>
      <trkpt lat="39.9392" lon="139.86219">
        <ele>223.3</ele>
      </trkpt>
      <trkpt lat="39.93916" lon="139.86216">
        <ele>223.1</ele>
      </trkpt>
      <trkpt lat="39.93913" lon="139.86213">
        <ele>222.4</ele>
      </trkpt>
      <trkpt lat="39.93909" lon="139.86211">
        <ele>221.9</ele>
      </trkpt>
      <trkpt lat="39.93906" lon="139.8621">
        <ele>221.6</ele>
      </trkpt>
      <trkpt lat="39.93902" lon="139.86209">
        <ele>221.2</ele>
      </trkpt>
      <trkpt lat="39.93898" lon="139.86208">
        <ele>220.8</ele>
      </trkpt>
      <trkpt lat="39.93892" lon="139.86208">
        <ele>220.5</ele>
      </trkpt>
      <trkpt lat="39.93865" lon="139.86205">
        <ele>218.6</ele>
      </trkpt>
      <trkpt lat="39.93821" lon="139.862">
        <ele>215.4</ele>
      </trkpt>
      <trkpt lat="39.93799" lon="139.86198">
        <ele>213.4</ele>
      </trkpt>
      <trkpt lat="39.93789" lon="139.86197">
        <ele>212.5</ele>
      </trkpt>
      <trkpt lat="39.93785" lon="139.86196">
        <ele>212.1</ele>
      </trkpt>
      <trkpt lat="39.93781" lon="139.86196">
        <ele>211.7</ele>
      </trkpt>
      <trkpt lat="39.93776" lon="139.86195">
        <ele>211.2</ele>
      </trkpt>
      <trkpt lat="39.93772" lon="139.86194">
        <ele>210.8</ele>
      </trkpt>
      <trkpt lat="39.93767" lon="139.86192">
        <ele>210.3</ele>
      </trkpt>
      <trkpt lat="39.93759" lon="139.86189">
        <ele>209.4</ele>
      </trkpt>
      <trkpt lat="39.9375" lon="139.86185">
        <ele>208.3</ele>
      </trkpt>
      <trkpt lat="39.93747" lon="139.86183">
        <ele>208.0</ele>
      </trkpt>
      <trkpt lat="39.93737" lon="139.86178">
        <ele>207.2</ele>
      </trkpt>
      <trkpt lat="39.93725" lon="139.86172">
        <ele>206.4</ele>
      </trkpt>
      <trkpt lat="39.93712" lon="139.86164">
        <ele>205.3</ele>
      </trkpt>
      <trkpt lat="39.93701" lon="139.86159">
        <ele>204.3</ele>
      </trkpt>
      <trkpt lat="39.93692" lon="139.86155">
        <ele>203.5</ele>
      </trkpt>
      <trkpt lat="39.93683" lon="139.86151">
        <ele>202.7</ele>
      </trkpt>
      <trkpt lat="39.93675" lon="139.86148">
        <ele>202.0</ele>
      </trkpt>
      <trkpt lat="39.93671" lon="139.86147">
        <ele>201.8</ele>
      </trkpt>
      <trkpt lat="39.93666" lon="139.86145">
        <ele>201.4</ele>
      </trkpt>
      <trkpt lat="39.93657" lon="139.86143">
        <ele>200.5</ele>
      </trkpt>
      <trkpt lat="39.9363" lon="139.86137">
        <ele>197.6</ele>
      </trkpt>
      <trkpt lat="39.9361" lon="139.86133">
        <ele>195.5</ele>
      </trkpt>
      <trkpt lat="39.93608" lon="139.86133">
        <ele>195.3</ele>
      </trkpt>
      <trkpt lat="39.93592" lon="139.86129">
        <ele>193.4</ele>
      </trkpt>
      <trkpt lat="39.93567" lon="139.86124">
        <ele>191.1</ele>
      </trkpt>
      <trkpt lat="39.93556" lon="139.86122">
        <ele>190.2</ele>
      </trkpt>
      <trkpt lat="39.9352" lon="139.86114">
        <ele>187.1</ele>
      </trkpt>
      <trkpt lat="39.93496" lon="139.86109">
        <ele>184.9</ele>
      </trkpt>
      <trkpt lat="39.93488" lon="139.86107">
        <ele>183.9</ele>
      </trkpt>
      <trkpt lat="39.93477" lon="139.86106">
        <ele>182.7</ele>
      </trkpt>
      <trkpt lat="39.9347" lon="139.86105">
        <ele>181.9</ele>
      </trkpt>
      <trkpt lat="39.9346" lon="139.86104">
        <ele>180.8</ele>
      </trkpt>
      <trkpt lat="39.93452" lon="139.86103">
        <ele>179.8</ele>
      </trkpt>
      <trkpt lat="39.93441" lon="139.86103">
        <ele>178.8</ele>
      </trkpt>
      <trkpt lat="39.93432" lon="139.86103">
        <ele>178.0</ele>
      </trkpt>
      <trkpt lat="39.93422" lon="139.86103">
        <ele>177.0</ele>
      </trkpt>
      <trkpt lat="39.93415" lon="139.86103">
        <ele>176.3</ele>
      </trkpt>
      <trkpt lat="39.93394" lon="139.86102">
        <ele>173.0</ele>
      </trkpt>
      <trkpt lat="39.93389" lon="139.86102">
        <ele>172.3</ele>
      </trkpt>
      <trkpt lat="39.93379" lon="139.86102">
        <ele>170.8</ele>
      </trkpt>
      <trkpt lat="39.93376" lon="139.86102">
        <ele>170.3</ele>
      </trkpt>
      <trkpt lat="39.93373" lon="139.86102">
        <ele>169.9</ele>
      </trkpt>
      <trkpt lat="39.93368" lon="139.86103">
        <ele>169.3</ele>
      </trkpt>
      <trkpt lat="39.93364" lon="139.86104">
        <ele>168.8</ele>
      </trkpt>
      <trkpt lat="39.93361" lon="139.86105">
        <ele>168.5</ele>
      </trkpt>
      <trkpt lat="39.9336" lon="139.86105">
        <ele>168.4</ele>
      </trkpt>
      <trkpt lat="39.93358" lon="139.86106">
        <ele>168.2</ele>
      </trkpt>
      <trkpt lat="39.93353" lon="139.86109">
        <ele>167.8</ele>
      </trkpt>
      <trkpt lat="39.93349" lon="139.86113">
        <ele>167.7</ele>
      </trkpt>
      <trkpt lat="39.93347" lon="139.86116">
        <ele>167.7</ele>
      </trkpt>
      <trkpt lat="39.93346" lon="139.86118">
        <ele>167.8</ele>
      </trkpt>
      <trkpt lat="39.93345" lon="139.86121">
        <ele>168.0</ele>
      </trkpt>
      <trkpt lat="39.93343" lon="139.86126">
        <ele>168.2</ele>
      </trkpt>
      <trkpt lat="39.93342" lon="139.86131">
        <ele>168.7</ele>
      </trkpt>
      <trkpt lat="39.93341" lon="139.86137">
        <ele>169.2</ele>
      </trkpt>
      <trkpt lat="39.9334" lon="139.86139">
        <ele>169.2</ele>
      </trkpt>
      <trkpt lat="39.93334" lon="139.86187">
        <ele>172.9</ele>
      </trkpt>
      <trkpt lat="39.93333" lon="139.862">
        <ele>173.7</ele>
      </trkpt>
      <trkpt lat="39.93329" lon="139.86231">
        <ele>174.9</ele>
      </trkpt>
      <trkpt lat="39.93328" lon="139.86232">
        <ele>174.6</ele>
      </trkpt>
      <trkpt lat="39.93328" lon="139.86237">
        <ele>175.0</ele>
      </trkpt>
      <trkpt lat="39.93327" lon="139.8624">
        <ele>174.9</ele>
      </trkpt>
      <trkpt lat="39.93326" lon="139.86245">
        <ele>175.0</ele>
      </trkpt>
      <trkpt lat="39.93324" lon="139.8625">
        <ele>174.6</ele>
      </trkpt>
      <trkpt lat="39.93322" lon="139.86253">
        <ele>174.2</ele>
      </trkpt>
      <trkpt lat="39.93322" lon="139.86254">
        <ele>174.2</ele>
      </trkpt>
      <trkpt lat="39.93321" lon="139.86255">
        <ele>174.0</ele>
      </trkpt>
      <trkpt lat="39.93319" lon="139.86257">
        <ele>173.4</ele>
      </trkpt>
      <trkpt lat="39.93316" lon="139.86259">
        <ele>172.5</ele>
      </trkpt>
      <trkpt lat="39.93314" lon="139.8626">
        <ele>171.9</ele>
      </trkpt>
      <trkpt lat="39.93311" lon="139.86261">
        <ele>170.9</ele>
      </trkpt>
      <trkpt lat="39.93307" lon="139.86262">
        <ele>169.6</ele>
      </trkpt>
      <trkpt lat="39.93304" lon="139.86262">
        <ele>168.6</ele>
      </trkpt>
      <trkpt lat="39.93301" lon="139.86261">
        <ele>167.4</ele>
      </trkpt>
      <trkpt lat="39.93299" lon="139.8626">
        <ele>166.6</ele>
      </trkpt>
      <trkpt lat="39.93296" lon="139.86259">
        <ele>165.5</ele>
      </trkpt>
      <trkpt lat="39.93294" lon="139.86257">
        <ele>164.6</ele>
      </trkpt>
      <trkpt lat="39.9329" lon="139.86252">
        <ele>162.6</ele>
      </trkpt>
      <trkpt lat="39.93289" lon="139.86249">
        <ele>162.0</ele>
      </trkpt>
      <trkpt lat="39.93287" lon="139.86245">
        <ele>161.0</ele>
      </trkpt>
      <trkpt lat="39.93286" lon="139.86244">
        <ele>160.6</ele>
      </trkpt>
      <trkpt lat="39.93286" lon="139.86242">
        <ele>160.5</ele>
      </trkpt>
      <trkpt lat="39.93286" lon="139.86239">
        <ele>160.3</ele>
      </trkpt>
      <trkpt lat="39.93285" lon="139.86236">
        <ele>159.7</ele>
      </trkpt>
      <trkpt lat="39.93285" lon="139.86233">
        <ele>159.5</ele>
      </trkpt>
      <trkpt lat="39.93286" lon="139.8623">
        <ele>159.7</ele>
      </trkpt>
      <trkpt lat="39.93286" lon="139.86228">
        <ele>159.6</ele>
      </trkpt>
      <trkpt lat="39.93286" lon="139.86218">
        <ele>158.9</ele>
      </trkpt>
      <trkpt lat="39.93287" lon="139.86208">
        <ele>158.6</ele>
      </trkpt>
      <trkpt lat="39.9329" lon="139.86185">
        <ele>158.2</ele>
      </trkpt>
      <trkpt lat="39.93294" lon="139.86139">
        <ele>155.9</ele>
      </trkpt>
      <trkpt lat="39.933" lon="139.86089">
        <ele>153.3</ele>
      </trkpt>
      <trkpt lat="39.93302" lon="139.86069">
        <ele>151.9</ele>
      </trkpt>
      <trkpt lat="39.93304" lon="139.86057">
        <ele>151.1</ele>
      </trkpt>
      <trkpt lat="39.93304" lon="139.86052">
        <ele>150.6</ele>
      </trkpt>
      <trkpt lat="39.93306" lon="139.86046">
        <ele>150.4</ele>
      </trkpt>
      <trkpt lat="39.93307" lon="139.86042">
        <ele>150.2</ele>
      </trkpt>
      <trkpt lat="39.93309" lon="139.86033">
        <ele>149.6</ele>
      </trkpt>
      <trkpt lat="39.93313" lon="139.86024">
        <ele>149.2</ele>
      </trkpt>
      <trkpt lat="39.93317" lon="139.86015">
        <ele>148.8</ele>
      </trkpt>
      <trkpt lat="39.93323" lon="139.86004">
        <ele>148.2</ele>
      </trkpt>
      <trkpt lat="39.93333" lon="139.85988">
        <ele>147.5</ele>
      </trkpt>
      <trkpt lat="39.93339" lon="139.85978">
        <ele>146.8</ele>
      </trkpt>
      <trkpt lat="39.93346" lon="139.85967">
        <ele>146.0</ele>
      </trkpt>
      <trkpt lat="39.93349" lon="139.8596">
        <ele>145.4</ele>
      </trkpt>
      <trkpt lat="39.93351" lon="139.85956">
        <ele>145.1</ele>
      </trkpt>
      <trkpt lat="39.93353" lon="139.8595">
        <ele>144.5</ele>
      </trkpt>
      <trkpt lat="39.93354" lon="139.85946">
        <ele>144.1</ele>
      </trkpt>
      <trkpt lat="39.93355" lon="139.85941">
        <ele>143.6</ele>
      </trkpt>
      <trkpt lat="39.93355" lon="139.85937">
        <ele>143.1</ele>
      </trkpt>
      <trkpt lat="39.93355" lon="139.85932">
        <ele>142.5</ele>
      </trkpt>
      <trkpt lat="39.93355" lon="139.85929">
        <ele>142.1</ele>
      </trkpt>
      <trkpt lat="39.93354" lon="139.85925">
        <ele>141.5</ele>
      </trkpt>
      <trkpt lat="39.93354" lon="139.85922">
        <ele>141.1</ele>
      </trkpt>
      <trkpt lat="39.93351" lon="139.85911">
        <ele>139.7</ele>
      </trkpt>
      <trkpt lat="39.93347" lon="139.859">
        <ele>138.4</ele>
      </trkpt>
      <trkpt lat="39.93345" lon="139.85892">
        <ele>137.5</ele>
      </trkpt>
      <trkpt lat="39.93341" lon="139.85879">
        <ele>135.9</ele>
      </trkpt>
      <trkpt lat="39.93337" lon="139.85868">
        <ele>134.6</ele>
      </trkpt>
      <trkpt lat="39.93335" lon="139.85859">
        <ele>133.6</ele>
      </trkpt>
      <trkpt lat="39.93334" lon="139.85857">
        <ele>133.3</ele>
      </trkpt>
      <trkpt lat="39.93331" lon="139.85848">
        <ele>132.5</ele>
      </trkpt>
      <trkpt lat="39.93321" lon="139.85813">
        <ele>130.1</ele>
      </trkpt>
      <trkpt lat="39.93299" lon="139.85741">
        <ele>126.5</ele>
      </trkpt>
      <trkpt lat="39.93292" lon="139.85719">
        <ele>125.4</ele>
      </trkpt>
      <trkpt lat="39.93285" lon="139.85697">
        <ele>124.5</ele>
      </trkpt>
      <trkpt lat="39.93281" lon="139.85683">
        <ele>123.8</ele>
      </trkpt>
      <trkpt lat="39.93278" lon="139.85674">
        <ele>123.5</ele>
      </trkpt>
      <trkpt lat="39.93274" lon="139.85661">
        <ele>122.8</ele>
      </trkpt>
      <trkpt lat="39.93272" lon="139.85655">
        <ele>122.4</ele>
      </trkpt>
      <trkpt lat="39.93269" lon="139.85642">
        <ele>121.6</ele>
      </trkpt>
      <trkpt lat="39.93268" lon="139.85638">
        <ele>121.3</ele>
      </trkpt>
      <trkpt lat="39.93267" lon="139.85633">
        <ele>120.9</ele>
      </trkpt>
      <trkpt lat="39.93266" lon="139.85628">
        <ele>120.6</ele>
      </trkpt>
      <trkpt lat="39.93265" lon="139.8562">
        <ele>120.0</ele>
      </trkpt>
      <trkpt lat="39.93265" lon="139.85615">
        <ele>119.6</ele>
      </trkpt>
      <trkpt lat="39.93266" lon="139.85609">
        <ele>119.0</ele>
      </trkpt>
      <trkpt lat="39.93267" lon="139.85605">
        <ele>118.6</ele>
      </trkpt>
      <trkpt lat="39.93267" lon="139.856">
        <ele>118.2</ele>
      </trkpt>
      <trkpt lat="39.93269" lon="139.85595">
        <ele>117.6</ele>
      </trkpt>
      <trkpt lat="39.93269" lon="139.85593">
        <ele>117.4</ele>
      </trkpt>
      <trkpt lat="39.93272" lon="139.85583">
        <ele>116.4</ele>
      </trkpt>
      <trkpt lat="39.93276" lon="139.85571">
        <ele>115.0</ele>
      </trkpt>
      <trkpt lat="39.93277" lon="139.85565">
        <ele>114.4</ele>
      </trkpt>
      <trkpt lat="39.93282" lon="139.85549">
        <ele>112.6</ele>
      </trkpt>
      <trkpt lat="39.93294" lon="139.85509">
        <ele>108.7</ele>
      </trkpt>
      <trkpt lat="39.93295" lon="139.85506">
        <ele>108.4</ele>
      </trkpt>
      <trkpt lat="39.93317" lon="139.85433">
        <ele>103.9</ele>
      </trkpt>
      <trkpt lat="39.93328" lon="139.85396">
        <ele>102.0</ele>
      </trkpt>
      <trkpt lat="39.93333" lon="139.85378">
        <ele>101.1</ele>
      </trkpt>
      <trkpt lat="39.9334" lon="139.85357">
        <ele>100.6</ele>
      </trkpt>
      <trkpt lat="39.93341" lon="139.85353">
        <ele>100.5</ele>
      </trkpt>
      <trkpt lat="39.93352" lon="139.85315">
        <ele>99.4</ele>
      </trkpt>
      <trkpt lat="39.93359" lon="139.85286">
        <ele>98.8</ele>
      </trkpt>
      <trkpt lat="39.93359" lon="139.85286">
        <ele>98.8</ele>
      </trkpt>
      <trkpt lat="39.93322" lon="139.85267">
        <ele>95.8</ele>
      </trkpt>
      <trkpt lat="39.93288" lon="139.85248">
        <ele>95.0</ele>
      </trkpt>
      <trkpt lat="39.93278" lon="139.85243">
        <ele>94.8</ele>
      </trkpt>
      <trkpt lat="39.93254" lon="139.85231">
        <ele>94.5</ele>
      </trkpt>
      <trkpt lat="39.93242" lon="139.85225">
        <ele>94.3</ele>
      </trkpt>
      <trkpt lat="39.93237" lon="139.85222">
        <ele>94.2</ele>
      </trkpt>
      <trkpt lat="39.93175" lon="139.85191">
        <ele>92.3</ele>
      </trkpt>
      <trkpt lat="39.9317" lon="139.85188">
        <ele>92.1</ele>
      </trkpt>
      <trkpt lat="39.93164" lon="139.85184">
        <ele>91.8</ele>
      </trkpt>
      <trkpt lat="39.93158" lon="139.85181">
        <ele>91.7</ele>
      </trkpt>
      <trkpt lat="39.93154" lon="139.85178">
        <ele>91.6</ele>
      </trkpt>
      <trkpt lat="39.93142" lon="139.8517">
        <ele>91.4</ele>
      </trkpt>
      <trkpt lat="39.93133" lon="139.85163">
        <ele>91.4</ele>
      </trkpt>
      <trkpt lat="39.93123" lon="139.85155">
        <ele>91.4</ele>
      </trkpt>
      <trkpt lat="39.93116" lon="139.8515">
        <ele>91.4</ele>
      </trkpt>
      <trkpt lat="39.93109" lon="139.85143">
        <ele>91.4</ele>
      </trkpt>
      <trkpt lat="39.93108" lon="139.85142">
        <ele>91.4</ele>
      </trkpt>
      <trkpt lat="39.93096" lon="139.85131">
        <ele>91.4</ele>
      </trkpt>
      <trkpt lat="39.93083" lon="139.85117">
        <ele>91.4</ele>
      </trkpt>
      <trkpt lat="39.93074" lon="139.85107">
        <ele>91.2</ele>
      </trkpt>
      <trkpt lat="39.93062" lon="139.85093">
        <ele>90.9</ele>
      </trkpt>
      <trkpt lat="39.93055" lon="139.85084">
        <ele>90.7</ele>
      </trkpt>
      <trkpt lat="39.93048" lon="139.85076">
        <ele>90.4</ele>
      </trkpt>
      <trkpt lat="39.93042" lon="139.85067">
        <ele>90.1</ele>
      </trkpt>
      <trkpt lat="39.93035" lon="139.85057">
        <ele>89.8</ele>
      </trkpt>
      <trkpt lat="39.93029" lon="139.85048">
        <ele>89.5</ele>
      </trkpt>
      <trkpt lat="39.93029" lon="139.85047">
        <ele>89.5</ele>
      </trkpt>
      <trkpt lat="39.93025" lon="139.85041">
        <ele>89.3</ele>
      </trkpt>
      <trkpt lat="39.93019" lon="139.85032">
        <ele>89.0</ele>
      </trkpt>
      <trkpt lat="39.93017" lon="139.85029">
        <ele>88.9</ele>
      </trkpt>
      <trkpt lat="39.93013" lon="139.85022">
        <ele>88.7</ele>
      </trkpt>
      <trkpt lat="39.93008" lon="139.85013">
        <ele>88.4</ele>
      </trkpt>
      <trkpt lat="39.93003" lon="139.85004">
        <ele>88.1</ele>
      </trkpt>
      <trkpt lat="39.92997" lon="139.84993">
        <ele>88.1</ele>
      </trkpt>
      <trkpt lat="39.92987" lon="139.84972">
        <ele>88.2</ele>
      </trkpt>
      <trkpt lat="39.92983" lon="139.84963">
        <ele>88.2</ele>
      </trkpt>
      <trkpt lat="39.92975" lon="139.84944">
        <ele>88.2</ele>
      </trkpt>
      <trkpt lat="39.9297" lon="139.84934">
        <ele>88.1</ele>
      </trkpt>
      <trkpt lat="39.92968" lon="139.8493">
        <ele>88.1</ele>
      </trkpt>
      <trkpt lat="39.92957" lon="139.84904">
        <ele>87.9</ele>
      </trkpt>
      <trkpt lat="39.9292" lon="139.84819">
        <ele>87.0</ele>
      </trkpt>
      <trkpt lat="39.92915" lon="139.84808">
        <ele>87.0</ele>
      </trkpt>
      <trkpt lat="39.9289" lon="139.8475">
        <ele>86.0</ele>
      </trkpt>
      <trkpt lat="39.92889" lon="139.84747">
        <ele>85.9</ele>
      </trkpt>
      <trkpt lat="39.9288" lon="139.84726">
        <ele>85.0</ele>
      </trkpt>
      <trkpt lat="39.92858" lon="139.84677">
        <ele>82.5</ele>
      </trkpt>
      <trkpt lat="39.92836" lon="139.84624">
        <ele>80.1</ele>
      </trkpt>
      <trkpt lat="39.92796" lon="139.84531">
        <ele>78.2</ele>
      </trkpt>
      <trkpt lat="39.92787" lon="139.84511">
        <ele>77.6</ele>
      </trkpt>
      <trkpt lat="39.9276" lon="139.8445">
        <ele>72.7</ele>
      </trkpt>
      <trkpt lat="39.92751" lon="139.84429">
        <ele>70.9</ele>
      </trkpt>
      <trkpt lat="39.92742" lon="139.84409">
        <ele>70.2</ele>
      </trkpt>
      <trkpt lat="39.92733" lon="139.84389">
        <ele>70.1</ele>
      </trkpt>
      <trkpt lat="39.92725" lon="139.84368">
        <ele>70.0</ele>
      </trkpt>
      <trkpt lat="39.92716" lon="139.84348">
        <ele>70.2</ele>
      </trkpt>
      <trkpt lat="39.92681" lon="139.84269">
        <ele>71.8</ele>
      </trkpt>
      <trkpt lat="39.92681" lon="139.84267">
        <ele>71.7</ele>
      </trkpt>
      <trkpt lat="39.92671" lon="139.84247">
        <ele>71.7</ele>
      </trkpt>
      <trkpt lat="39.92663" lon="139.84228">
        <ele>71.3</ele>
      </trkpt>
      <trkpt lat="39.92662" lon="139.84226">
        <ele>71.2</ele>
      </trkpt>
      <trkpt lat="39.92653" lon="139.84209">
        <ele>70.9</ele>
      </trkpt>
      <trkpt lat="39.92652" lon="139.84207">
        <ele>70.8</ele>
      </trkpt>
      <trkpt lat="39.92647" lon="139.84198">
        <ele>70.6</ele>
      </trkpt>
      <trkpt lat="39.92643" lon="139.8419">
        <ele>70.4</ele>
      </trkpt>
      <trkpt lat="39.92642" lon="139.8419">
        <ele>70.4</ele>
      </trkpt>
      <trkpt lat="39.92634" lon="139.84176">
        <ele>70.1</ele>
      </trkpt>
      <trkpt lat="39.92631" lon="139.84172">
        <ele>70.0</ele>
      </trkpt>
      <trkpt lat="39.9263" lon="139.8417">
        <ele>70.0</ele>
      </trkpt>
      <trkpt lat="39.92625" lon="139.84163">
        <ele>69.8</ele>
      </trkpt>
      <trkpt lat="39.92619" lon="139.84155">
        <ele>69.4</ele>
      </trkpt>
      <trkpt lat="39.92618" lon="139.84155">
        <ele>69.4</ele>
      </trkpt>
      <trkpt lat="39.9261" lon="139.84146">
        <ele>69.0</ele>
      </trkpt>
      <trkpt lat="39.92605" lon="139.84141">
        <ele>68.7</ele>
      </trkpt>
      <trkpt lat="39.92602" lon="139.84138">
        <ele>68.6</ele>
      </trkpt>
      <trkpt lat="39.92597" lon="139.84132">
        <ele>68.2</ele>
      </trkpt>
      <trkpt lat="39.9259" lon="139.84126">
        <ele>68.0</ele>
      </trkpt>
      <trkpt lat="39.92589" lon="139.84126">
        <ele>68.0</ele>
      </trkpt>
      <trkpt lat="39.92582" lon="139.84121">
        <ele>67.7</ele>
      </trkpt>
      <trkpt lat="39.92579" lon="139.84118">
        <ele>67.5</ele>
      </trkpt>
      <trkpt lat="39.92575" lon="139.84116">
        <ele>67.4</ele>
      </trkpt>
      <trkpt lat="39.92574" lon="139.84115">
        <ele>67.4</ele>
      </trkpt>
      <trkpt lat="39.92568" lon="139.84111">
        <ele>67.1</ele>
      </trkpt>
      <trkpt lat="39.92563" lon="139.84108">
        <ele>66.9</ele>
      </trkpt>
      <trkpt lat="39.92558" lon="139.84106">
        <ele>66.8</ele>
      </trkpt>
      <trkpt lat="39.92549" lon="139.84102">
        <ele>66.5</ele>
      </trkpt>
      <trkpt lat="39.92541" lon="139.84098">
        <ele>66.2</ele>
      </trkpt>
      <trkpt lat="39.92533" lon="139.84096">
        <ele>66.1</ele>
      </trkpt>
      <trkpt lat="39.92526" lon="139.84094">
        <ele>65.9</ele>
      </trkpt>
      <trkpt lat="39.92517" lon="139.84092">
        <ele>65.8</ele>
      </trkpt>
      <trkpt lat="39.92508" lon="139.8409">
        <ele>65.6</ele>
      </trkpt>
      <trkpt lat="39.92505" lon="139.84089">
        <ele>65.5</ele>
      </trkpt>
      <trkpt lat="39.92504" lon="139.84089">
        <ele>65.5</ele>
      </trkpt>
      <trkpt lat="39.92501" lon="139.84089">
        <ele>65.5</ele>
      </trkpt>
      <trkpt lat="39.92497" lon="139.84088">
        <ele>65.4</ele>
      </trkpt>
      <trkpt lat="39.92488" lon="139.84088">
        <ele>65.3</ele>
      </trkpt>
      <trkpt lat="39.92487" lon="139.84088">
        <ele>65.3</ele>
      </trkpt>
      <trkpt lat="39.92473" lon="139.84088">
        <ele>65.1</ele>
      </trkpt>
      <trkpt lat="39.92469" lon="139.84088">
        <ele>65.0</ele>
      </trkpt>
      <trkpt lat="39.92463" lon="139.84089">
        <ele>65.0</ele>
      </trkpt>
      <trkpt lat="39.92452" lon="139.84091">
        <ele>65.0</ele>
      </trkpt>
      <trkpt lat="39.92451" lon="139.84091">
        <ele>65.0</ele>
      </trkpt>
      <trkpt lat="39.92443" lon="139.84093">
        <ele>65.0</ele>
      </trkpt>
      <trkpt lat="39.92434" lon="139.84096">
        <ele>65.1</ele>
      </trkpt>
      <trkpt lat="39.92425" lon="139.84099">
        <ele>65.1</ele>
      </trkpt>
      <trkpt lat="39.92418" lon="139.84102">
        <ele>65.1</ele>
      </trkpt>
      <trkpt lat="39.9241" lon="139.84106">
        <ele>65.4</ele>
      </trkpt>
      <trkpt lat="39.92402" lon="139.8411">
        <ele>65.7</ele>
      </trkpt>
      <trkpt lat="39.92395" lon="139.84114">
        <ele>65.8</ele>
      </trkpt>
      <trkpt lat="39.92388" lon="139.84118">
        <ele>65.9</ele>
      </trkpt>
      <trkpt lat="39.92384" lon="139.84121">
        <ele>65.9</ele>
      </trkpt>
      <trkpt lat="39.92379" lon="139.84125">
        <ele>65.8</ele>
      </trkpt>
      <trkpt lat="39.9237" lon="139.84132">
        <ele>65.6</ele>
      </trkpt>
      <trkpt lat="39.92368" lon="139.84134">
        <ele>65.5</ele>
      </trkpt>
      <trkpt lat="39.92363" lon="139.84139">
        <ele>65.2</ele>
      </trkpt>
      <trkpt lat="39.92359" lon="139.84142">
        <ele>64.9</ele>
      </trkpt>
      <trkpt lat="39.92356" lon="139.84146">
        <ele>64.7</ele>
      </trkpt>
      <trkpt lat="39.92354" lon="139.84148">
        <ele>64.5</ele>
      </trkpt>
      <trkpt lat="39.92349" lon="139.84153">
        <ele>64.0</ele>
      </trkpt>
      <trkpt lat="39.92343" lon="139.84161">
        <ele>63.1</ele>
      </trkpt>
      <trkpt lat="39.92341" lon="139.84164">
        <ele>62.8</ele>
      </trkpt>
      <trkpt lat="39.92335" lon="139.84171">
        <ele>62.3</ele>
      </trkpt>
      <trkpt lat="39.9233" lon="139.84179">
        <ele>62.4</ele>
      </trkpt>
      <trkpt lat="39.92324" lon="139.84189">
        <ele>62.7</ele>
      </trkpt>
      <trkpt lat="39.92317" lon="139.84199">
        <ele>62.8</ele>
      </trkpt>
      <trkpt lat="39.92312" lon="139.84207">
        <ele>62.8</ele>
      </trkpt>
      <trkpt lat="39.92306" lon="139.84217">
        <ele>62.5</ele>
      </trkpt>
      <trkpt lat="39.92295" lon="139.84236">
        <ele>61.7</ele>
      </trkpt>
      <trkpt lat="39.92285" lon="139.84255">
        <ele>59.8</ele>
      </trkpt>
      <trkpt lat="39.92281" lon="139.84261">
        <ele>58.6</ele>
      </trkpt>
      <trkpt lat="39.92274" lon="139.84273">
        <ele>56.0</ele>
      </trkpt>
      <trkpt lat="39.92274" lon="139.84274">
        <ele>55.9</ele>
      </trkpt>
      <trkpt lat="39.92268" lon="139.84283">
        <ele>53.7</ele>
      </trkpt>
      <trkpt lat="39.92259" lon="139.84298">
        <ele>50.0</ele>
      </trkpt>
      <trkpt lat="39.92254" lon="139.84306">
        <ele>47.8</ele>
      </trkpt>
      <trkpt lat="39.92243" lon="139.84323">
        <ele>44.1</ele>
      </trkpt>
      <trkpt lat="39.9224" lon="139.84329">
        <ele>43.0</ele>
      </trkpt>
      <trkpt lat="39.92233" lon="139.8434">
        <ele>42.1</ele>
      </trkpt>
      <trkpt lat="39.92229" lon="139.84347">
        <ele>41.8</ele>
      </trkpt>
      <trkpt lat="39.92221" lon="139.84361">
        <ele>40.9</ele>
      </trkpt>
      <trkpt lat="39.92207" lon="139.84385">
        <ele>38.3</ele>
      </trkpt>
      <trkpt lat="39.92196" lon="139.84403">
        <ele>35.4</ele>
      </trkpt>
      <trkpt lat="39.92196" lon="139.84404">
        <ele>35.3</ele>
      </trkpt>
      <trkpt lat="39.92175" lon="139.84441">
        <ele>30.6</ele>
      </trkpt>
      <trkpt lat="39.92168" lon="139.84453">
        <ele>29.0</ele>
      </trkpt>
      <trkpt lat="39.92164" lon="139.8446">
        <ele>28.5</ele>
      </trkpt>
      <trkpt lat="39.92154" lon="139.84479">
        <ele>27.6</ele>
      </trkpt>
      <trkpt lat="39.92148" lon="139.8449">
        <ele>26.8</ele>
      </trkpt>
      <trkpt lat="39.92143" lon="139.84498">
        <ele>26.0</ele>
      </trkpt>
      <trkpt lat="39.92133" lon="139.84517">
        <ele>25.6</ele>
      </trkpt>
      <trkpt lat="39.92122" lon="139.84536">
        <ele>25.3</ele>
      </trkpt>
      <trkpt lat="39.92106" lon="139.84566">
        <ele>24.5</ele>
      </trkpt>
      <trkpt lat="39.92105" lon="139.84567">
        <ele>24.5</ele>
      </trkpt>
      <trkpt lat="39.92084" lon="139.84603">
        <ele>23.3</ele>
      </trkpt>
      <trkpt lat="39.92079" lon="139.84611">
        <ele>23.1</ele>
      </trkpt>
      <trkpt lat="39.92075" lon="139.84617">
        <ele>23.0</ele>
      </trkpt>
      <trkpt lat="39.92071" lon="139.84623">
        <ele>22.8</ele>
      </trkpt>
      <trkpt lat="39.92067" lon="139.84629">
        <ele>22.7</ele>
      </trkpt>
      <trkpt lat="39.92064" lon="139.84633">
        <ele>22.5</ele>
      </trkpt>
      <trkpt lat="39.92062" lon="139.84635">
        <ele>22.4</ele>
      </trkpt>
      <trkpt lat="39.92059" lon="139.84638">
        <ele>22.3</ele>
      </trkpt>
      <trkpt lat="39.92056" lon="139.8464">
        <ele>22.1</ele>
      </trkpt>
      <trkpt lat="39.92039" lon="139.84646">
        <ele>21.2</ele>
      </trkpt>
      <trkpt lat="39.9203" lon="139.84649">
        <ele>20.7</ele>
      </trkpt>
      <trkpt lat="39.92023" lon="139.84651">
        <ele>20.3</ele>
      </trkpt>
      <trkpt lat="39.92019" lon="139.84653">
        <ele>20.1</ele>
      </trkpt>
      <trkpt lat="39.92014" lon="139.84654">
        <ele>19.8</ele>
      </trkpt>
      <trkpt lat="39.9201" lon="139.84654">
        <ele>19.6</ele>
      </trkpt>
      <trkpt lat="39.92004" lon="139.84655">
        <ele>19.2</ele>
      </trkpt>
      <trkpt lat="39.92004" lon="139.84655">
        <ele>19.2</ele>
      </trkpt>
      <trkpt lat="39.91997" lon="139.84655">
        <ele>18.9</ele>
      </trkpt>
      <trkpt lat="39.91993" lon="139.84655">
        <ele>18.7</ele>
      </trkpt>
      <trkpt lat="39.91989" lon="139.84655">
        <ele>18.6</ele>
      </trkpt>
      <trkpt lat="39.91987" lon="139.84655">
        <ele>18.5</ele>
      </trkpt>
      <trkpt lat="39.91986" lon="139.84654">
        <ele>18.5</ele>
      </trkpt>
      <trkpt lat="39.91985" lon="139.84654">
        <ele>18.5</ele>
      </trkpt>
      <trkpt lat="39.91984" lon="139.84653">
        <ele>18.4</ele>
      </trkpt>
      <trkpt lat="39.91982" lon="139.84653">
        <ele>18.4</ele>
      </trkpt>
      <trkpt lat="39.9198" lon="139.84652">
        <ele>18.3</ele>
      </trkpt>
      <trkpt lat="39.91978" lon="139.8465">
        <ele>18.2</ele>
      </trkpt>
      <trkpt lat="39.91975" lon="139.84648">
        <ele>18.1</ele>
      </trkpt>
      <trkpt lat="39.91974" lon="139.84646">
        <ele>18.1</ele>
      </trkpt>
      <trkpt lat="39.91972" lon="139.84644">
        <ele>18.0</ele>
      </trkpt>
      <trkpt lat="39.91971" lon="139.84643">
        <ele>18.0</ele>
      </trkpt>
      <trkpt lat="39.91969" lon="139.8464">
        <ele>17.9</ele>
      </trkpt>
      <trkpt lat="39.91968" lon="139.84637">
        <ele>17.8</ele>
      </trkpt>
      <trkpt lat="39.91967" lon="139.84634">
        <ele>17.8</ele>
      </trkpt>
      <trkpt lat="39.91966" lon="139.84632">
        <ele>17.8</ele>
      </trkpt>
      <trkpt lat="39.91965" lon="139.84628">
        <ele>17.7</ele>
      </trkpt>
      <trkpt lat="39.91964" lon="139.84622">
        <ele>17.7</ele>
      </trkpt>
      <trkpt lat="39.91964" lon="139.84617">
        <ele>17.7</ele>
      </trkpt>
      <trkpt lat="39.91964" lon="139.84614">
        <ele>17.7</ele>
      </trkpt>
      <trkpt lat="39.91962" lon="139.84593">
        <ele>17.6</ele>
      </trkpt>
      <trkpt lat="39.91961" lon="139.84567">
        <ele>17.5</ele>
      </trkpt>
      <trkpt lat="39.9196" lon="139.84553">
        <ele>17.4</ele>
      </trkpt>
      <trkpt lat="39.91959" lon="139.84536">
        <ele>17.2</ele>
      </trkpt>
      <trkpt lat="39.91956" lon="139.84493">
        <ele>17.3</ele>
      </trkpt>
      <trkpt lat="39.91956" lon="139.84483">
        <ele>17.9</ele>
      </trkpt>
      <trkpt lat="39.91952" lon="139.84422">
        <ele>21.2</ele>
      </trkpt>
      <trkpt lat="39.91951" lon="139.84403">
        <ele>22.5</ele>
      </trkpt>
      <trkpt lat="39.9195" lon="139.84391">
        <ele>23.3</ele>
      </trkpt>
      <trkpt lat="39.91948" lon="139.84376">
        <ele>24.2</ele>
      </trkpt>
      <trkpt lat="39.91946" lon="139.84365">
        <ele>24.7</ele>
      </trkpt>
      <trkpt lat="39.91945" lon="139.84359">
        <ele>25.0</ele>
      </trkpt>
      <trkpt lat="39.91944" lon="139.84352">
        <ele>25.3</ele>
      </trkpt>
      <trkpt lat="39.91942" lon="139.84346">
        <ele>25.4</ele>
      </trkpt>
      <trkpt lat="39.9194" lon="139.84338">
        <ele>25.6</ele>
      </trkpt>
      <trkpt lat="39.91936" lon="139.84328">
        <ele>25.9</ele>
      </trkpt>
      <trkpt lat="39.91933" lon="139.84319">
        <ele>26.5</ele>
      </trkpt>
      <trkpt lat="39.91928" lon="139.84307">
        <ele>27.1</ele>
      </trkpt>
      <trkpt lat="39.91928" lon="139.84306">
        <ele>27.2</ele>
      </trkpt>
      <trkpt lat="39.91923" lon="139.84296">
        <ele>27.5</ele>
      </trkpt>
      <trkpt lat="39.91918" lon="139.84288">
        <ele>27.7</ele>
      </trkpt>
      <trkpt lat="39.91918" lon="139.84287">
        <ele>27.8</ele>
      </trkpt>
      <trkpt lat="39.91912" lon="139.84279">
        <ele>27.9</ele>
      </trkpt>
      <trkpt lat="39.91906" lon="139.8427">
        <ele>28.1</ele>
      </trkpt>
      <trkpt lat="39.919" lon="139.84263">
        <ele>28.0</ele>
      </trkpt>
      <trkpt lat="39.91893" lon="139.84255">
        <ele>27.8</ele>
      </trkpt>
      <trkpt lat="39.91885" lon="139.84248">
        <ele>27.1</ele>
      </trkpt>
      <trkpt lat="39.91878" lon="139.84242">
        <ele>26.2</ele>
      </trkpt>
      <trkpt lat="39.91878" lon="139.84241">
        <ele>26.3</ele>
      </trkpt>
      <trkpt lat="39.91871" lon="139.84237">
        <ele>25.2</ele>
      </trkpt>
      <trkpt lat="39.91863" lon="139.84231">
        <ele>24.1</ele>
      </trkpt>
      <trkpt lat="39.91822" lon="139.84205">
        <ele>19.1</ele>
      </trkpt>
      <trkpt lat="39.91819" lon="139.84204">
        <ele>19.0</ele>
      </trkpt>
      <trkpt lat="39.91816" lon="139.84202">
        <ele>18.9</ele>
      </trkpt>
      <trkpt lat="39.91797" lon="139.8419">
        <ele>18.3</ele>
      </trkpt>
      <trkpt lat="39.91791" lon="139.84187">
        <ele>18.1</ele>
      </trkpt>
      <trkpt lat="39.91787" lon="139.84183">
        <ele>18.0</ele>
      </trkpt>
      <trkpt lat="39.91779" lon="139.84176">
        <ele>17.9</ele>
      </trkpt>
      <trkpt lat="39.91776" lon="139.84172">
        <ele>17.8</ele>
      </trkpt>
      <trkpt lat="39.91773" lon="139.84168">
        <ele>17.8</ele>
      </trkpt>
      <trkpt lat="39.91771" lon="139.84164">
        <ele>17.7</ele>
      </trkpt>
      <trkpt lat="39.91769" lon="139.84159">
        <ele>17.7</ele>
      </trkpt>
      <trkpt lat="39.91765" lon="139.84149">
        <ele>17.6</ele>
      </trkpt>
      <trkpt lat="39.91763" lon="139.84141">
        <ele>17.5</ele>
      </trkpt>
      <trkpt lat="39.91762" lon="139.84133">
        <ele>17.5</ele>
      </trkpt>
      <trkpt lat="39.91762" lon="139.84127">
        <ele>17.6</ele>
      </trkpt>
      <trkpt lat="39.91762" lon="139.84121">
        <ele>17.6</ele>
      </trkpt>
      <trkpt lat="39.91762" lon="139.84113">
        <ele>17.6</ele>
      </trkpt>
      <trkpt lat="39.91763" lon="139.84106">
        <ele>17.6</ele>
      </trkpt>
      <trkpt lat="39.91765" lon="139.84099">
        <ele>17.6</ele>
      </trkpt>
      <trkpt lat="39.91766" lon="139.84097">
        <ele>17.6</ele>
      </trkpt>
      <trkpt lat="39.91769" lon="139.84087">
        <ele>17.5</ele>
      </trkpt>
      <trkpt lat="39.91774" lon="139.8407">
        <ele>18.3</ele>
      </trkpt>
      <trkpt lat="39.9178" lon="139.84054">
        <ele>19.0</ele>
      </trkpt>
      <trkpt lat="39.91781" lon="139.8405">
        <ele>19.2</ele>
      </trkpt>
      <trkpt lat="39.91796" lon="139.84008">
        <ele>20.2</ele>
      </trkpt>
      <trkpt lat="39.91812" lon="139.83958">
        <ele>23.9</ele>
      </trkpt>
      <trkpt lat="39.91818" lon="139.83939">
        <ele>24.9</ele>
      </trkpt>
      <trkpt lat="39.91833" lon="139.83893">
        <ele>24.9</ele>
      </trkpt>
      <trkpt lat="39.91844" lon="139.83859">
        <ele>28.6</ele>
      </trkpt>
      <trkpt lat="39.91847" lon="139.83849">
        <ele>29.7</ele>
      </trkpt>
      <trkpt lat="39.91854" lon="139.83827">
        <ele>31.4</ele>
      </trkpt>
      <trkpt lat="39.91858" lon="139.83815">
        <ele>31.2</ele>
      </trkpt>
      <trkpt lat="39.91869" lon="139.83786">
        <ele>31.0</ele>
      </trkpt>
      <trkpt lat="39.91876" lon="139.83766">
        <ele>30.8</ele>
      </trkpt>
      <trkpt lat="39.91884" lon="139.83743">
        <ele>30.6</ele>
      </trkpt>
      <trkpt lat="39.91898" lon="139.83699">
        <ele>30.0</ele>
      </trkpt>
      <trkpt lat="39.91906" lon="139.83676">
        <ele>29.2</ele>
      </trkpt>
      <trkpt lat="39.91912" lon="139.83657">
        <ele>29.0</ele>
      </trkpt>
      <trkpt lat="39.9192" lon="139.83635">
        <ele>29.9</ele>
      </trkpt>
      <trkpt lat="39.91931" lon="139.83599">
        <ele>31.3</ele>
      </trkpt>
      <trkpt lat="39.91946" lon="139.83555">
        <ele>34.6</ele>
      </trkpt>
      <trkpt lat="39.91948" lon="139.83548">
        <ele>35.0</ele>
      </trkpt>
      <trkpt lat="39.91952" lon="139.83537">
        <ele>35.7</ele>
      </trkpt>
      <trkpt lat="39.9196" lon="139.83513">
        <ele>36.3</ele>
      </trkpt>
      <trkpt lat="39.91967" lon="139.83495">
        <ele>35.9</ele>
      </trkpt>
      <trkpt lat="39.91971" lon="139.83486">
        <ele>35.3</ele>
      </trkpt>
      <trkpt lat="39.91977" lon="139.83471">
        <ele>34.2</ele>
      </trkpt>
      <trkpt lat="39.91985" lon="139.83453">
        <ele>32.7</ele>
      </trkpt>
      <trkpt lat="39.91994" lon="139.83435">
        <ele>31.0</ele>
      </trkpt>
      <trkpt lat="39.91996" lon="139.83431">
        <ele>30.5</ele>
      </trkpt>
      <trkpt lat="39.92007" lon="139.83413">
        <ele>30.8</ele>
      </trkpt>
      <trkpt lat="39.92009" lon="139.83409">
        <ele>31.2</ele>
      </trkpt>
      <trkpt lat="39.92019" lon="139.83396">
        <ele>33.0</ele>
      </trkpt>
      <trkpt lat="39.92035" lon="139.83375">
        <ele>34.8</ele>
      </trkpt>
      <trkpt lat="39.92059" lon="139.83349">
        <ele>35.7</ele>
      </trkpt>
      <trkpt lat="39.92075" lon="139.83332">
        <ele>35.3</ele>
      </trkpt>
      <trkpt lat="39.92094" lon="139.83313">
        <ele>39.2</ele>
      </trkpt>
      <trkpt lat="39.92139" lon="139.83269">
        <ele>41.5</ele>
      </trkpt>
      <trkpt lat="39.92154" lon="139.83254">
        <ele>39.3</ele>
      </trkpt>
      <trkpt lat="39.9216" lon="139.83249">
        <ele>38.3</ele>
      </trkpt>
      <trkpt lat="39.92167" lon="139.83243">
        <ele>37.7</ele>
      </trkpt>
      <trkpt lat="39.92176" lon="139.83235">
        <ele>38.8</ele>
      </trkpt>
      <trkpt lat="39.92186" lon="139.83226">
        <ele>39.8</ele>
      </trkpt>
      <trkpt lat="39.92193" lon="139.83217">
        <ele>40.0</ele>
      </trkpt>
      <trkpt lat="39.92203" lon="139.83207">
        <ele>40.2</ele>
      </trkpt>
      <trkpt lat="39.92207" lon="139.83203">
        <ele>40.2</ele>
      </trkpt>
      <trkpt lat="39.92212" lon="139.83197">
        <ele>40.0</ele>
      </trkpt>
      <trkpt lat="39.92217" lon="139.8319">
        <ele>39.6</ele>
      </trkpt>
      <trkpt lat="39.92223" lon="139.83182">
        <ele>38.9</ele>
      </trkpt>
      <trkpt lat="39.92231" lon="139.83167">
        <ele>37.1</ele>
      </trkpt>
      <trkpt lat="39.92242" lon="139.83148">
        <ele>35.8</ele>
      </trkpt>
      <trkpt lat="39.92252" lon="139.83129">
        <ele>34.4</ele>
      </trkpt>
      <trkpt lat="39.92256" lon="139.83119">
        <ele>34.1</ele>
      </trkpt>
      <trkpt lat="39.9226" lon="139.83111">
        <ele>33.8</ele>
      </trkpt>
      <trkpt lat="39.92261" lon="139.83109">
        <ele>33.7</ele>
      </trkpt>
      <trkpt lat="39.92264" lon="139.83101">
        <ele>33.2</ele>
      </trkpt>
      <trkpt lat="39.92267" lon="139.83091">
        <ele>32.2</ele>
      </trkpt>
      <trkpt lat="39.9227" lon="139.83083">
        <ele>31.4</ele>
      </trkpt>
      <trkpt lat="39.92272" lon="139.83074">
        <ele>32.1</ele>
      </trkpt>
      <trkpt lat="39.92275" lon="139.83063">
        <ele>32.9</ele>
      </trkpt>
      <trkpt lat="39.92278" lon="139.83051">
        <ele>33.5</ele>
      </trkpt>
      <trkpt lat="39.9228" lon="139.83038">
        <ele>34.0</ele>
      </trkpt>
      <trkpt lat="39.92283" lon="139.83023">
        <ele>34.5</ele>
      </trkpt>
      <trkpt lat="39.92284" lon="139.83021">
        <ele>34.5</ele>
      </trkpt>
      <trkpt lat="39.92286" lon="139.83005">
        <ele>34.7</ele>
      </trkpt>
      <trkpt lat="39.92297" lon="139.82938">
        <ele>38.6</ele>
      </trkpt>
      <trkpt lat="39.92298" lon="139.82931">
        <ele>38.9</ele>
      </trkpt>
      <trkpt lat="39.92299" lon="139.82922">
        <ele>39.4</ele>
      </trkpt>
      <trkpt lat="39.92301" lon="139.82908">
        <ele>40.0</ele>
      </trkpt>
      <trkpt lat="39.92306" lon="139.82873">
        <ele>41.4</ele>
      </trkpt>
      <trkpt lat="39.92308" lon="139.82861">
        <ele>41.7</ele>
      </trkpt>
      <trkpt lat="39.92312" lon="139.82836">
        <ele>42.2</ele>
      </trkpt>
      <trkpt lat="39.92314" lon="139.82819">
        <ele>41.7</ele>
      </trkpt>
      <trkpt lat="39.92316" lon="139.82807">
        <ele>41.0</ele>
      </trkpt>
      <trkpt lat="39.92317" lon="139.82791">
        <ele>40.5</ele>
      </trkpt>
      <trkpt lat="39.92318" lon="139.82779">
        <ele>40.1</ele>
      </trkpt>
      <trkpt lat="39.92319" lon="139.82767">
        <ele>39.7</ele>
      </trkpt>
      <trkpt lat="39.92319" lon="139.82757">
        <ele>39.5</ele>
      </trkpt>
      <trkpt lat="39.92319" lon="139.82747">
        <ele>39.5</ele>
      </trkpt>
      <trkpt lat="39.92319" lon="139.82737">
        <ele>39.8</ele>
      </trkpt>
      <trkpt lat="39.92319" lon="139.82731">
        <ele>40.0</ele>
      </trkpt>
      <trkpt lat="39.92318" lon="139.82723">
        <ele>40.4</ele>
      </trkpt>
      <trkpt lat="39.92318" lon="139.82719">
        <ele>40.5</ele>
      </trkpt>
      <trkpt lat="39.92317" lon="139.82712">
        <ele>40.9</ele>
      </trkpt>
      <trkpt lat="39.92315" lon="139.82696">
        <ele>41.4</ele>
      </trkpt>
      <trkpt lat="39.92313" lon="139.82682">
        <ele>41.8</ele>
      </trkpt>
      <trkpt lat="39.92311" lon="139.82668">
        <ele>42.0</ele>
      </trkpt>
      <trkpt lat="39.92309" lon="139.82658">
        <ele>43.2</ele>
      </trkpt>
      <trkpt lat="39.92306" lon="139.82645">
        <ele>44.9</ele>
      </trkpt>
      <trkpt lat="39.92303" lon="139.82633">
        <ele>46.2</ele>
      </trkpt>
      <trkpt lat="39.92302" lon="139.82631">
        <ele>46.3</ele>
      </trkpt>
      <trkpt lat="39.92302" lon="139.82628">
        <ele>46.7</ele>
      </trkpt>
      <trkpt lat="39.92299" lon="139.82619">
        <ele>47.3</ele>
      </trkpt>
      <trkpt lat="39.92296" lon="139.82611">
        <ele>47.7</ele>
      </trkpt>
      <trkpt lat="39.92296" lon="139.8261">
        <ele>47.8</ele>
      </trkpt>
      <trkpt lat="39.92293" lon="139.82601">
        <ele>48.2</ele>
      </trkpt>
      <trkpt lat="39.92288" lon="139.82587">
        <ele>48.3</ele>
      </trkpt>
      <trkpt lat="39.92284" lon="139.82578">
        <ele>47.9</ele>
      </trkpt>
      <trkpt lat="39.92281" lon="139.8257">
        <ele>47.6</ele>
      </trkpt>
      <trkpt lat="39.92271" lon="139.8255">
        <ele>46.2</ele>
      </trkpt>
      <trkpt lat="39.92257" lon="139.82522">
        <ele>43.9</ele>
      </trkpt>
      <trkpt lat="39.92251" lon="139.82508">
        <ele>42.9</ele>
      </trkpt>
      <trkpt lat="39.92243" lon="139.82493">
        <ele>44.1</ele>
      </trkpt>
      <trkpt lat="39.92241" lon="139.82489">
        <ele>44.5</ele>
      </trkpt>
      <trkpt lat="39.92231" lon="139.82469">
        <ele>45.8</ele>
      </trkpt>
      <trkpt lat="39.92227" lon="139.82461">
        <ele>46.0</ele>
      </trkpt>
      <trkpt lat="39.92221" lon="139.82449">
        <ele>46.0</ele>
      </trkpt>
      <trkpt lat="39.92204" lon="139.82415">
        <ele>44.3</ele>
      </trkpt>
      <trkpt lat="39.92202" lon="139.8241">
        <ele>45.0</ele>
      </trkpt>
      <trkpt lat="39.92184" lon="139.82374">
        <ele>48.2</ele>
      </trkpt>
      <trkpt lat="39.92183" lon="139.8237">
        <ele>48.6</ele>
      </trkpt>
      <trkpt lat="39.92163" lon="139.82329">
        <ele>50.4</ele>
      </trkpt>
      <trkpt lat="39.92153" lon="139.82306">
        <ele>53.4</ele>
      </trkpt>
      <trkpt lat="39.92149" lon="139.82294">
        <ele>54.9</ele>
      </trkpt>
      <trkpt lat="39.92143" lon="139.8228">
        <ele>56.0</ele>
      </trkpt>
      <trkpt lat="39.92138" lon="139.82265">
        <ele>57.3</ele>
      </trkpt>
      <trkpt lat="39.92134" lon="139.82252">
        <ele>58.3</ele>
      </trkpt>
      <trkpt lat="39.92132" lon="139.82246">
        <ele>58.6</ele>
      </trkpt>
      <trkpt lat="39.92129" lon="139.82235">
        <ele>59.3</ele>
      </trkpt>
      <trkpt lat="39.92126" lon="139.82224">
        <ele>60.2</ele>
      </trkpt>
      <trkpt lat="39.92124" lon="139.82217">
        <ele>60.7</ele>
      </trkpt>
      <trkpt lat="39.92121" lon="139.82202">
        <ele>62.2</ele>
      </trkpt>
      <trkpt lat="39.92118" lon="139.82189">
        <ele>63.6</ele>
      </trkpt>
      <trkpt lat="39.92114" lon="139.82168">
        <ele>66.0</ele>
      </trkpt>
      <trkpt lat="39.92111" lon="139.82142">
        <ele>68.7</ele>
      </trkpt>
      <trkpt lat="39.92109" lon="139.82122">
        <ele>70.9</ele>
      </trkpt>
      <trkpt lat="39.92107" lon="139.82091">
        <ele>74.7</ele>
      </trkpt>
      <trkpt lat="39.92107" lon="139.82072">
        <ele>76.7</ele>
      </trkpt>
      <trkpt lat="39.92107" lon="139.82063">
        <ele>77.5</ele>
      </trkpt>
      <trkpt lat="39.92107" lon="139.8205">
        <ele>78.6</ele>
      </trkpt>
      <trkpt lat="39.92108" lon="139.82039">
        <ele>79.6</ele>
      </trkpt>
      <trkpt lat="39.92108" lon="139.82029">
        <ele>80.4</ele>
      </trkpt>
      <trkpt lat="39.9211" lon="139.82008">
        <ele>82.1</ele>
      </trkpt>
      <trkpt lat="39.92115" lon="139.81975">
        <ele>82.4</ele>
      </trkpt>
      <trkpt lat="39.92117" lon="139.81962">
        <ele>82.2</ele>
      </trkpt>
      <trkpt lat="39.92121" lon="139.81947">
        <ele>81.7</ele>
      </trkpt>
      <trkpt lat="39.92122" lon="139.81942">
        <ele>81.5</ele>
      </trkpt>
      <trkpt lat="39.92126" lon="139.81925">
        <ele>80.9</ele>
      </trkpt>
      <trkpt lat="39.92127" lon="139.81922">
        <ele>80.7</ele>
      </trkpt>
      <trkpt lat="39.92133" lon="139.81903">
        <ele>80.8</ele>
      </trkpt>
      <trkpt lat="39.92133" lon="139.81901">
        <ele>80.9</ele>
      </trkpt>
      <trkpt lat="39.9214" lon="139.81881">
        <ele>81.1</ele>
      </trkpt>
      <trkpt lat="39.9214" lon="139.8188">
        <ele>81.1</ele>
      </trkpt>
      <trkpt lat="39.92145" lon="139.81867">
        <ele>81.0</ele>
      </trkpt>
      <trkpt lat="39.92148" lon="139.8186">
        <ele>80.8</ele>
      </trkpt>
      <trkpt lat="39.92152" lon="139.81849">
        <ele>80.5</ele>
      </trkpt>
      <trkpt lat="39.92156" lon="139.8184">
        <ele>80.1</ele>
      </trkpt>
      <trkpt lat="39.92159" lon="139.81834">
        <ele>79.7</ele>
      </trkpt>
      <trkpt lat="39.92165" lon="139.81821">
        <ele>78.2</ele>
      </trkpt>
      <trkpt lat="39.92166" lon="139.8182">
        <ele>78.0</ele>
      </trkpt>
      <trkpt lat="39.92171" lon="139.81809">
        <ele>77.6</ele>
      </trkpt>
      <trkpt lat="39.92176" lon="139.81801">
        <ele>77.2</ele>
      </trkpt>
      <trkpt lat="39.92178" lon="139.81798">
        <ele>77.0</ele>
      </trkpt>
      <trkpt lat="39.92187" lon="139.81784">
        <ele>75.7</ele>
      </trkpt>
      <trkpt lat="39.92201" lon="139.81764">
        <ele>72.8</ele>
      </trkpt>
      <trkpt lat="39.92225" lon="139.81732">
        <ele>66.4</ele>
      </trkpt>
      <trkpt lat="39.92227" lon="139.81729">
        <ele>65.9</ele>
      </trkpt>
      <trkpt lat="39.92241" lon="139.81713">
        <ele>62.9</ele>
      </trkpt>
      <trkpt lat="39.92292" lon="139.81651">
        <ele>57.6</ele>
      </trkpt>
      <trkpt lat="39.92294" lon="139.81648">
        <ele>57.5</ele>
      </trkpt>
      <trkpt lat="39.92307" lon="139.81632">
        <ele>57.1</ele>
      </trkpt>
      <trkpt lat="39.92327" lon="139.81609">
        <ele>56.9</ele>
      </trkpt>
      <trkpt lat="39.92333" lon="139.81601">
        <ele>57.0</ele>
      </trkpt>
      <trkpt lat="39.92347" lon="139.81585">
        <ele>57.8</ele>
      </trkpt>
      <trkpt lat="39.9236" lon="139.81569">
        <ele>59.5</ele>
      </trkpt>
      <trkpt lat="39.92379" lon="139.81545">
        <ele>62.6</ele>
      </trkpt>
      <trkpt lat="39.92387" lon="139.81536">
        <ele>64.0</ele>
      </trkpt>
      <trkpt lat="39.92393" lon="139.81529">
        <ele>65.1</ele>
      </trkpt>
      <trkpt lat="39.92414" lon="139.81502">
        <ele>69.5</ele>
      </trkpt>
      <trkpt lat="39.92468" lon="139.81437">
        <ele>74.9</ele>
      </trkpt>
      <trkpt lat="39.92504" lon="139.81395">
        <ele>73.7</ele>
      </trkpt>
      <trkpt lat="39.92507" lon="139.81391">
        <ele>73.7</ele>
      </trkpt>
      <trkpt lat="39.92544" lon="139.81347">
        <ele>73.5</ele>
      </trkpt>
      <trkpt lat="39.92557" lon="139.81331">
        <ele>73.8</ele>
      </trkpt>
      <trkpt lat="39.92643" lon="139.81227">
        <ele>87.0</ele>
      </trkpt>
      <trkpt lat="39.92665" lon="139.812">
        <ele>90.3</ele>
      </trkpt>
      <trkpt lat="39.92687" lon="139.81173">
        <ele>92.1</ele>
      </trkpt>
      <trkpt lat="39.92688" lon="139.81171">
        <ele>92.1</ele>
      </trkpt>
      <trkpt lat="39.9272" lon="139.81133">
        <ele>93.5</ele>
      </trkpt>
      <trkpt lat="39.92749" lon="139.81099">
        <ele>93.8</ele>
      </trkpt>
      <trkpt lat="39.92758" lon="139.81088">
        <ele>94.1</ele>
      </trkpt>
      <trkpt lat="39.92778" lon="139.81063">
        <ele>94.3</ele>
      </trkpt>
      <trkpt lat="39.92783" lon="139.81056">
        <ele>94.1</ele>
      </trkpt>
      <trkpt lat="39.92794" lon="139.81044">
        <ele>93.8</ele>
      </trkpt>
      <trkpt lat="39.92801" lon="139.81038">
        <ele>93.6</ele>
      </trkpt>
      <trkpt lat="39.92805" lon="139.81034">
        <ele>93.4</ele>
      </trkpt>
      <trkpt lat="39.92816" lon="139.81024">
        <ele>92.8</ele>
      </trkpt>
      <trkpt lat="39.92824" lon="139.81017">
        <ele>92.2</ele>
      </trkpt>
      <trkpt lat="39.92832" lon="139.81011">
        <ele>91.7</ele>
      </trkpt>
      <trkpt lat="39.92836" lon="139.81009">
        <ele>91.5</ele>
      </trkpt>
      <trkpt lat="39.9284" lon="139.81006">
        <ele>91.3</ele>
      </trkpt>
      <trkpt lat="39.92848" lon="139.81">
        <ele>90.8</ele>
      </trkpt>
      <trkpt lat="39.92856" lon="139.80996">
        <ele>90.7</ele>
      </trkpt>
      <trkpt lat="39.92865" lon="139.80991">
        <ele>90.6</ele>
      </trkpt>
      <trkpt lat="39.92873" lon="139.80987">
        <ele>90.4</ele>
      </trkpt>
      <trkpt lat="39.92882" lon="139.80983">
        <ele>90.3</ele>
      </trkpt>
      <trkpt lat="39.92891" lon="139.80979">
        <ele>90.2</ele>
      </trkpt>
      <trkpt lat="39.92899" lon="139.80976">
        <ele>90.2</ele>
      </trkpt>
      <trkpt lat="39.92925" lon="139.80966">
        <ele>89.0</ele>
      </trkpt>
      <trkpt lat="39.92968" lon="139.80949">
        <ele>83.3</ele>
      </trkpt>
      <trkpt lat="39.93003" lon="139.80936">
        <ele>78.5</ele>
      </trkpt>
      <trkpt lat="39.93012" lon="139.80932">
        <ele>77.8</ele>
      </trkpt>
      <trkpt lat="39.93021" lon="139.80929">
        <ele>77.2</ele>
      </trkpt>
      <trkpt lat="39.93029" lon="139.80925">
        <ele>76.6</ele>
      </trkpt>
      <trkpt lat="39.93038" lon="139.80919">
        <ele>75.8</ele>
      </trkpt>
      <trkpt lat="39.93045" lon="139.80914">
        <ele>75.4</ele>
      </trkpt>
      <trkpt lat="39.93053" lon="139.80909">
        <ele>75.0</ele>
      </trkpt>
      <trkpt lat="39.93061" lon="139.80902">
        <ele>74.7</ele>
      </trkpt>
      <trkpt lat="39.93068" lon="139.80896">
        <ele>74.3</ele>
      </trkpt>
      <trkpt lat="39.9307" lon="139.80893">
        <ele>74.2</ele>
      </trkpt>
      <trkpt lat="39.93075" lon="139.80889">
        <ele>73.9</ele>
      </trkpt>
      <trkpt lat="39.93081" lon="139.80882">
        <ele>73.6</ele>
      </trkpt>
      <trkpt lat="39.93087" lon="139.80874">
        <ele>73.4</ele>
      </trkpt>
      <trkpt lat="39.93094" lon="139.80865">
        <ele>73.4</ele>
      </trkpt>
      <trkpt lat="39.93099" lon="139.80856">
        <ele>73.4</ele>
      </trkpt>
      <trkpt lat="39.93105" lon="139.80847">
        <ele>73.4</ele>
      </trkpt>
      <trkpt lat="39.9311" lon="139.80838">
        <ele>73.3</ele>
      </trkpt>
      <trkpt lat="39.93116" lon="139.80826">
        <ele>72.8</ele>
      </trkpt>
      <trkpt lat="39.9312" lon="139.80816">
        <ele>72.2</ele>
      </trkpt>
      <trkpt lat="39.93124" lon="139.80806">
        <ele>71.6</ele>
      </trkpt>
      <trkpt lat="39.93127" lon="139.80795">
        <ele>70.9</ele>
      </trkpt>
      <trkpt lat="39.93131" lon="139.80783">
        <ele>70.1</ele>
      </trkpt>
      <trkpt lat="39.93133" lon="139.80773">
        <ele>69.5</ele>
      </trkpt>
      <trkpt lat="39.93135" lon="139.80762">
        <ele>68.8</ele>
      </trkpt>
      <trkpt lat="39.93137" lon="139.8075">
        <ele>68.1</ele>
      </trkpt>
      <trkpt lat="39.93139" lon="139.80741">
        <ele>66.6</ele>
      </trkpt>
      <trkpt lat="39.93142" lon="139.80717">
        <ele>62.7</ele>
      </trkpt>
      <trkpt lat="39.93143" lon="139.80711">
        <ele>61.7</ele>
      </trkpt>
      <trkpt lat="39.93147" lon="139.80682">
        <ele>56.9</ele>
      </trkpt>
      <trkpt lat="39.9315" lon="139.80665">
        <ele>54.4</ele>
      </trkpt>
      <trkpt lat="39.93153" lon="139.80642">
        <ele>56.6</ele>
      </trkpt>
      <trkpt lat="39.93159" lon="139.80602">
        <ele>60.1</ele>
      </trkpt>
      <trkpt lat="39.9316" lon="139.80596">
        <ele>60.6</ele>
      </trkpt>
      <trkpt lat="39.93163" lon="139.80567">
        <ele>62.9</ele>
      </trkpt>
      <trkpt lat="39.9317" lon="139.8052">
        <ele>66.3</ele>
      </trkpt>
      <trkpt lat="39.93176" lon="139.80475">
        <ele>69.4</ele>
      </trkpt>
      <trkpt lat="39.93181" lon="139.80441">
        <ele>71.5</ele>
      </trkpt>
      <trkpt lat="39.93189" lon="139.80383">
        <ele>74.6</ele>
      </trkpt>
      <trkpt lat="39.932" lon="139.80308">
        <ele>78.9</ele>
      </trkpt>
      <trkpt lat="39.93201" lon="139.803">
        <ele>79.5</ele>
      </trkpt>
      <trkpt lat="39.93206" lon="139.80266">
        <ele>81.9</ele>
      </trkpt>
      <trkpt lat="39.93212" lon="139.80219">
        <ele>82.4</ele>
      </trkpt>
      <trkpt lat="39.93214" lon="139.8021">
        <ele>82.2</ele>
      </trkpt>
      <trkpt lat="39.93216" lon="139.80197">
        <ele>81.9</ele>
      </trkpt>
      <trkpt lat="39.93218" lon="139.80186">
        <ele>81.7</ele>
      </trkpt>
      <trkpt lat="39.93221" lon="139.80175">
        <ele>81.5</ele>
      </trkpt>
      <trkpt lat="39.93223" lon="139.80164">
        <ele>81.1</ele>
      </trkpt>
      <trkpt lat="39.93226" lon="139.80153">
        <ele>80.0</ele>
      </trkpt>
      <trkpt lat="39.93229" lon="139.80143">
        <ele>79.1</ele>
      </trkpt>
      <trkpt lat="39.93232" lon="139.80131">
        <ele>77.8</ele>
      </trkpt>
      <trkpt lat="39.93236" lon="139.8012">
        <ele>76.6</ele>
      </trkpt>
      <trkpt lat="39.93239" lon="139.80108">
        <ele>75.3</ele>
      </trkpt>
      <trkpt lat="39.93243" lon="139.80097">
        <ele>73.9</ele>
      </trkpt>
      <trkpt lat="39.93246" lon="139.80088">
        <ele>72.8</ele>
      </trkpt>
      <trkpt lat="39.9325" lon="139.80077">
        <ele>71.8</ele>
      </trkpt>
      <trkpt lat="39.93255" lon="139.80066">
        <ele>71.3</ele>
      </trkpt>
      <trkpt lat="39.93263" lon="139.80045">
        <ele>70.4</ele>
      </trkpt>
      <trkpt lat="39.93271" lon="139.80025">
        <ele>69.5</ele>
      </trkpt>
      <trkpt lat="39.93277" lon="139.8001">
        <ele>68.8</ele>
      </trkpt>
      <trkpt lat="39.93279" lon="139.80004">
        <ele>68.5</ele>
      </trkpt>
      <trkpt lat="39.93288" lon="139.79983">
        <ele>69.4</ele>
      </trkpt>
      <trkpt lat="39.93291" lon="139.79974">
        <ele>70.0</ele>
      </trkpt>
      <trkpt lat="39.93296" lon="139.79963">
        <ele>70.8</ele>
      </trkpt>
      <trkpt lat="39.93301" lon="139.79951">
        <ele>71.5</ele>
      </trkpt>
      <trkpt lat="39.93309" lon="139.7993">
        <ele>72.9</ele>
      </trkpt>
      <trkpt lat="39.93318" lon="139.79907">
        <ele>73.9</ele>
      </trkpt>
      <trkpt lat="39.93326" lon="139.79887">
        <ele>73.9</ele>
      </trkpt>
      <trkpt lat="39.93341" lon="139.79854">
        <ele>73.6</ele>
      </trkpt>
      <trkpt lat="39.93347" lon="139.7984">
        <ele>73.6</ele>
      </trkpt>
      <trkpt lat="39.93357" lon="139.7982">
        <ele>73.3</ele>
      </trkpt>
      <trkpt lat="39.93367" lon="139.79801">
        <ele>72.8</ele>
      </trkpt>
      <trkpt lat="39.93371" lon="139.79793">
        <ele>72.6</ele>
      </trkpt>
      <trkpt lat="39.93381" lon="139.79774">
        <ele>72.1</ele>
      </trkpt>
      <trkpt lat="39.93401" lon="139.79734">
        <ele>71.5</ele>
      </trkpt>
      <trkpt lat="39.93422" lon="139.79691">
        <ele>70.9</ele>
      </trkpt>
      <trkpt lat="39.9343" lon="139.79675">
        <ele>70.7</ele>
      </trkpt>
      <trkpt lat="39.93446" lon="139.79644">
        <ele>70.1</ele>
      </trkpt>
      <trkpt lat="39.9345" lon="139.79636">
        <ele>70.0</ele>
      </trkpt>
      <trkpt lat="39.93471" lon="139.79595">
        <ele>69.4</ele>
      </trkpt>
      <trkpt lat="39.93506" lon="139.79527">
        <ele>70.2</ele>
      </trkpt>
      <trkpt lat="39.9355" lon="139.79439">
        <ele>69.2</ele>
      </trkpt>
      <trkpt lat="39.93559" lon="139.79421">
        <ele>68.9</ele>
      </trkpt>
      <trkpt lat="39.9357" lon="139.794">
        <ele>67.8</ele>
      </trkpt>
      <trkpt lat="39.93577" lon="139.79385">
        <ele>67.1</ele>
      </trkpt>
      <trkpt lat="39.93587" lon="139.79366">
        <ele>66.1</ele>
      </trkpt>
      <trkpt lat="39.93597" lon="139.79346">
        <ele>65.2</ele>
      </trkpt>
      <trkpt lat="39.93607" lon="139.79327">
        <ele>63.4</ele>
      </trkpt>
      <trkpt lat="39.93614" lon="139.79313">
        <ele>61.1</ele>
      </trkpt>
      <trkpt lat="39.93617" lon="139.79307">
        <ele>60.1</ele>
      </trkpt>
      <trkpt lat="39.93627" lon="139.79287">
        <ele>60.4</ele>
      </trkpt>
      <trkpt lat="39.93637" lon="139.79268">
        <ele>60.7</ele>
      </trkpt>
      <trkpt lat="39.93641" lon="139.7926">
        <ele>60.8</ele>
      </trkpt>
      <trkpt lat="39.93647" lon="139.79248">
        <ele>61.0</ele>
      </trkpt>
      <trkpt lat="39.93656" lon="139.79229">
        <ele>61.3</ele>
      </trkpt>
      <trkpt lat="39.93666" lon="139.79209">
        <ele>61.6</ele>
      </trkpt>
      <trkpt lat="39.93676" lon="139.7919">
        <ele>61.9</ele>
      </trkpt>
      <trkpt lat="39.93686" lon="139.7917">
        <ele>62.2</ele>
      </trkpt>
      <trkpt lat="39.93692" lon="139.79158">
        <ele>62.4</ele>
      </trkpt>
      <trkpt lat="39.93696" lon="139.7915">
        <ele>62.5</ele>
      </trkpt>
      <trkpt lat="39.93706" lon="139.79131">
        <ele>62.8</ele>
      </trkpt>
      <trkpt lat="39.93716" lon="139.79111">
        <ele>63.1</ele>
      </trkpt>
      <trkpt lat="39.93732" lon="139.79077">
        <ele>63.7</ele>
      </trkpt>
      <trkpt lat="39.93735" lon="139.79072">
        <ele>63.8</ele>
      </trkpt>
      <trkpt lat="39.93745" lon="139.79052">
        <ele>64.1</ele>
      </trkpt>
      <trkpt lat="39.93755" lon="139.79033">
        <ele>64.4</ele>
      </trkpt>
      <trkpt lat="39.93765" lon="139.79013">
        <ele>64.7</ele>
      </trkpt>
      <trkpt lat="39.9377" lon="139.79005">
        <ele>64.8</ele>
      </trkpt>
      <trkpt lat="39.93775" lon="139.78995">
        <ele>65.0</ele>
      </trkpt>
      <trkpt lat="39.93775" lon="139.78994">
        <ele>65.0</ele>
      </trkpt>
      <trkpt lat="39.93796" lon="139.78953">
        <ele>65.7</ele>
      </trkpt>
      <trkpt lat="39.938" lon="139.78946">
        <ele>65.9</ele>
      </trkpt>
      <trkpt lat="39.9381" lon="139.78928">
        <ele>66.3</ele>
      </trkpt>
      <trkpt lat="39.93825" lon="139.78898">
        <ele>66.5</ele>
      </trkpt>
      <trkpt lat="39.93835" lon="139.78878">
        <ele>66.8</ele>
      </trkpt>
      <trkpt lat="39.93836" lon="139.78875">
        <ele>67.0</ele>
      </trkpt>
      <trkpt lat="39.93846" lon="139.78856">
        <ele>67.8</ele>
      </trkpt>
      <trkpt lat="39.9386" lon="139.78829">
        <ele>68.8</ele>
      </trkpt>
      <trkpt lat="39.93864" lon="139.7882">
        <ele>69.1</ele>
      </trkpt>
      <trkpt lat="39.93866" lon="139.78817">
        <ele>69.2</ele>
      </trkpt>
      <trkpt lat="39.93886" lon="139.78778">
        <ele>69.8</ele>
      </trkpt>
      <trkpt lat="39.93895" lon="139.7876">
        <ele>69.8</ele>
      </trkpt>
      <trkpt lat="39.93914" lon="139.78722">
        <ele>69.2</ele>
      </trkpt>
      <trkpt lat="39.93919" lon="139.78713">
        <ele>69.1</ele>
      </trkpt>
      <trkpt lat="39.93924" lon="139.78702">
        <ele>69.3</ele>
      </trkpt>
      <trkpt lat="39.93931" lon="139.78687">
        <ele>69.5</ele>
      </trkpt>
      <trkpt lat="39.93939" lon="139.7867">
        <ele>69.8</ele>
      </trkpt>
      <trkpt lat="39.93943" lon="139.7866">
        <ele>70.2</ele>
      </trkpt>
      <trkpt lat="39.93943" lon="139.78658">
        <ele>70.3</ele>
      </trkpt>
      <trkpt lat="39.93946" lon="139.78649">
        <ele>70.7</ele>
      </trkpt>
      <trkpt lat="39.9395" lon="139.78639">
        <ele>71.2</ele>
      </trkpt>
      <trkpt lat="39.93953" lon="139.78628">
        <ele>71.7</ele>
      </trkpt>
      <trkpt lat="39.93956" lon="139.78619">
        <ele>72.1</ele>
      </trkpt>
      <trkpt lat="39.93959" lon="139.78605">
        <ele>72.7</ele>
      </trkpt>
      <trkpt lat="39.93961" lon="139.78593">
        <ele>73.2</ele>
      </trkpt>
      <trkpt lat="39.93963" lon="139.78582">
        <ele>73.6</ele>
      </trkpt>
      <trkpt lat="39.93964" lon="139.78573">
        <ele>72.8</ele>
      </trkpt>
      <trkpt lat="39.93964" lon="139.78571">
        <ele>72.6</ele>
      </trkpt>
      <trkpt lat="39.93965" lon="139.78561">
        <ele>71.8</ele>
      </trkpt>
      <trkpt lat="39.93966" lon="139.78548">
        <ele>70.7</ele>
      </trkpt>
      <trkpt lat="39.93967" lon="139.78535">
        <ele>69.5</ele>
      </trkpt>
      <trkpt lat="39.93968" lon="139.78523">
        <ele>68.4</ele>
      </trkpt>
      <trkpt lat="39.93968" lon="139.78512">
        <ele>67.5</ele>
      </trkpt>
      <trkpt lat="39.93969" lon="139.7848">
        <ele>65.8</ele>
      </trkpt>
      <trkpt lat="39.93969" lon="139.78477">
        <ele>65.7</ele>
      </trkpt>
      <trkpt lat="39.9397" lon="139.78456">
        <ele>65.1</ele>
      </trkpt>
      <trkpt lat="39.9397" lon="139.78454">
        <ele>65.0</ele>
      </trkpt>
      <trkpt lat="39.93971" lon="139.78418">
        <ele>63.8</ele>
      </trkpt>
      <trkpt lat="39.93971" lon="139.78409">
        <ele>65.2</ele>
      </trkpt>
      <trkpt lat="39.93972" lon="139.78395">
        <ele>67.7</ele>
      </trkpt>
      <trkpt lat="39.93973" lon="139.78362">
        <ele>73.7</ele>
      </trkpt>
      <trkpt lat="39.93974" lon="139.7833">
        <ele>79.0</ele>
      </trkpt>
      <trkpt lat="39.93975" lon="139.78307">
        <ele>80.2</ele>
      </trkpt>
      <trkpt lat="39.93976" lon="139.78269">
        <ele>82.1</ele>
      </trkpt>
      <trkpt lat="39.93978" lon="139.78209">
        <ele>83.1</ele>
      </trkpt>
      <trkpt lat="39.9398" lon="139.78162">
        <ele>83.0</ele>
      </trkpt>
      <trkpt lat="39.93982" lon="139.78105">
        <ele>83.7</ele>
      </trkpt>
      <trkpt lat="39.93983" lon="139.78059">
        <ele>85.3</ele>
      </trkpt>
      <trkpt lat="39.93983" lon="139.78049">
        <ele>85.9</ele>
      </trkpt>
      <trkpt lat="39.93986" lon="139.77984">
        <ele>89.0</ele>
      </trkpt>
      <trkpt lat="39.93987" lon="139.7797">
        <ele>89.4</ele>
      </trkpt>
      <trkpt lat="39.93988" lon="139.77958">
        <ele>89.7</ele>
      </trkpt>
      <trkpt lat="39.9399" lon="139.77939">
        <ele>90.1</ele>
      </trkpt>
      <trkpt lat="39.93992" lon="139.77926">
        <ele>90.3</ele>
      </trkpt>
      <trkpt lat="39.93995" lon="139.77912">
        <ele>90.2</ele>
      </trkpt>
      <trkpt lat="39.93998" lon="139.779">
        <ele>89.5</ele>
      </trkpt>
      <trkpt lat="39.94" lon="139.7789">
        <ele>89.0</ele>
      </trkpt>
      <trkpt lat="39.94003" lon="139.77882">
        <ele>88.5</ele>
      </trkpt>
      <trkpt lat="39.94005" lon="139.77875">
        <ele>88.0</ele>
      </trkpt>
      <trkpt lat="39.9401" lon="139.7786">
        <ele>86.8</ele>
      </trkpt>
      <trkpt lat="39.94016" lon="139.77845">
        <ele>86.7</ele>
      </trkpt>
      <trkpt lat="39.9402" lon="139.77834">
        <ele>86.7</ele>
      </trkpt>
      <trkpt lat="39.94023" lon="139.77828">
        <ele>86.7</ele>
      </trkpt>
      <trkpt lat="39.94027" lon="139.7782">
        <ele>86.7</ele>
      </trkpt>
      <trkpt lat="39.94046" lon="139.77779">
        <ele>86.6</ele>
      </trkpt>
      <trkpt lat="39.94067" lon="139.77738">
        <ele>86.6</ele>
      </trkpt>
      <trkpt lat="39.94092" lon="139.77689">
        <ele>86.5</ele>
      </trkpt>
      <trkpt lat="39.94096" lon="139.77681">
        <ele>86.5</ele>
      </trkpt>
      <trkpt lat="39.94123" lon="139.7763">
        <ele>86.5</ele>
      </trkpt>
      <trkpt lat="39.94125" lon="139.77627">
        <ele>86.6</ele>
      </trkpt>
      <trkpt lat="39.94126" lon="139.77624">
        <ele>86.8</ele>
      </trkpt>
      <trkpt lat="39.9415" lon="139.77578">
        <ele>88.3</ele>
      </trkpt>
      <trkpt lat="39.94175" lon="139.77529">
        <ele>86.8</ele>
      </trkpt>
      <trkpt lat="39.94206" lon="139.77471">
        <ele>80.1</ele>
      </trkpt>
      <trkpt lat="39.94209" lon="139.77466">
        <ele>79.3</ele>
      </trkpt>
      <trkpt lat="39.94228" lon="139.7743">
        <ele>79.0</ele>
      </trkpt>
      <trkpt lat="39.94241" lon="139.77404">
        <ele>78.8</ele>
      </trkpt>
      <trkpt lat="39.94264" lon="139.77359">
        <ele>78.5</ele>
      </trkpt>
      <trkpt lat="39.94266" lon="139.77355">
        <ele>78.5</ele>
      </trkpt>
      <trkpt lat="39.94277" lon="139.77336">
        <ele>78.4</ele>
      </trkpt>
      <trkpt lat="39.94278" lon="139.77335">
        <ele>78.5</ele>
      </trkpt>
      <trkpt lat="39.94287" lon="139.77321">
        <ele>80.0</ele>
      </trkpt>
      <trkpt lat="39.94289" lon="139.77318">
        <ele>80.3</ele>
      </trkpt>
      <trkpt lat="39.94296" lon="139.7731">
        <ele>81.2</ele>
      </trkpt>
      <trkpt lat="39.94302" lon="139.77302">
        <ele>81.9</ele>
      </trkpt>
      <trkpt lat="39.94304" lon="139.77299">
        <ele>82.2</ele>
      </trkpt>
      <trkpt lat="39.94312" lon="139.7729">
        <ele>83.0</ele>
      </trkpt>
      <trkpt lat="39.9432" lon="139.77282">
        <ele>83.7</ele>
      </trkpt>
      <trkpt lat="39.9433" lon="139.77273">
        <ele>84.3</ele>
      </trkpt>
      <trkpt lat="39.94335" lon="139.77269">
        <ele>84.7</ele>
      </trkpt>
      <trkpt lat="39.94342" lon="139.77262">
        <ele>85.3</ele>
      </trkpt>
      <trkpt lat="39.94352" lon="139.77255">
        <ele>85.9</ele>
      </trkpt>
      <trkpt lat="39.94359" lon="139.77249">
        <ele>86.3</ele>
      </trkpt>
      <trkpt lat="39.9436" lon="139.77248">
        <ele>86.3</ele>
      </trkpt>
      <trkpt lat="39.94373" lon="139.7724">
        <ele>86.3</ele>
      </trkpt>
      <trkpt lat="39.94385" lon="139.77232">
        <ele>86.1</ele>
      </trkpt>
      <trkpt lat="39.94398" lon="139.77224">
        <ele>85.5</ele>
      </trkpt>
      <trkpt lat="39.94407" lon="139.77218">
        <ele>85.0</ele>
      </trkpt>
      <trkpt lat="39.9442" lon="139.7721">
        <ele>84.1</ele>
      </trkpt>
      <trkpt lat="39.94432" lon="139.77203">
        <ele>83.6</ele>
      </trkpt>
      <trkpt lat="39.94446" lon="139.77195">
        <ele>83.1</ele>
      </trkpt>
      <trkpt lat="39.94478" lon="139.77174">
        <ele>82.7</ele>
      </trkpt>
      <trkpt lat="39.94491" lon="139.77166">
        <ele>82.9</ele>
      </trkpt>
      <trkpt lat="39.94507" lon="139.77153">
        <ele>84.7</ele>
      </trkpt>
      <trkpt lat="39.94519" lon="139.77144">
        <ele>85.7</ele>
      </trkpt>
      <trkpt lat="39.94534" lon="139.77134">
        <ele>86.6</ele>
      </trkpt>
      <trkpt lat="39.94545" lon="139.77127">
        <ele>86.9</ele>
      </trkpt>
      <trkpt lat="39.94578" lon="139.77106">
        <ele>86.5</ele>
      </trkpt>
      <trkpt lat="39.94594" lon="139.77096">
        <ele>86.0</ele>
      </trkpt>
      <trkpt lat="39.94604" lon="139.7709">
        <ele>85.9</ele>
      </trkpt>
      <trkpt lat="39.94618" lon="139.77081">
        <ele>85.5</ele>
      </trkpt>
      <trkpt lat="39.94628" lon="139.77075">
        <ele>85.2</ele>
      </trkpt>
      <trkpt lat="39.9465" lon="139.7706">
        <ele>84.2</ele>
      </trkpt>
      <trkpt lat="39.94657" lon="139.77055">
        <ele>83.9</ele>
      </trkpt>
      <trkpt lat="39.94673" lon="139.77044">
        <ele>82.3</ele>
      </trkpt>
      <trkpt lat="39.94703" lon="139.77025">
        <ele>77.6</ele>
      </trkpt>
      <trkpt lat="39.9471" lon="139.77021">
        <ele>76.5</ele>
      </trkpt>
      <trkpt lat="39.94723" lon="139.77013">
        <ele>74.7</ele>
      </trkpt>
      <trkpt lat="39.94744" lon="139.76999">
        <ele>71.8</ele>
      </trkpt>
      <trkpt lat="39.94775" lon="139.76976">
        <ele>75.4</ele>
      </trkpt>
      <trkpt lat="39.94808" lon="139.76951">
        <ele>78.2</ele>
      </trkpt>
      <trkpt lat="39.94824" lon="139.7694">
        <ele>78.7</ele>
      </trkpt>
      <trkpt lat="39.94843" lon="139.76927">
        <ele>78.6</ele>
      </trkpt>
      <trkpt lat="39.94872" lon="139.76907">
        <ele>76.8</ele>
      </trkpt>
      <trkpt lat="39.94887" lon="139.76897">
        <ele>75.2</ele>
      </trkpt>
      <trkpt lat="39.94906" lon="139.76882">
        <ele>72.8</ele>
      </trkpt>
      <trkpt lat="39.94915" lon="139.76874">
        <ele>71.5</ele>
      </trkpt>
      <trkpt lat="39.94916" lon="139.76873">
        <ele>71.3</ele>
      </trkpt>
      <trkpt lat="39.94931" lon="139.76859">
        <ele>68.3</ele>
      </trkpt>
      <trkpt lat="39.94947" lon="139.76844">
        <ele>64.5</ele>
      </trkpt>
      <trkpt lat="39.94966" lon="139.76822">
        <ele>59.4</ele>
      </trkpt>
      <trkpt lat="39.94989" lon="139.76795">
        <ele>60.1</ele>
      </trkpt>
      <trkpt lat="39.94997" lon="139.76786">
        <ele>60.4</ele>
      </trkpt>
      <trkpt lat="39.95008" lon="139.76771">
        <ele>60.8</ele>
      </trkpt>
      <trkpt lat="39.95018" lon="139.76758">
        <ele>61.1</ele>
      </trkpt>
      <trkpt lat="39.95026" lon="139.76746">
        <ele>61.4</ele>
      </trkpt>
      <trkpt lat="39.95048" lon="139.76711">
        <ele>62.3</ele>
      </trkpt>
      <trkpt lat="39.95083" lon="139.76661">
        <ele>63.6</ele>
      </trkpt>
      <trkpt lat="39.95102" lon="139.76636">
        <ele>64.9</ele>
      </trkpt>
      <trkpt lat="39.95125" lon="139.76603">
        <ele>64.0</ele>
      </trkpt>
      <trkpt lat="39.95146" lon="139.76574">
        <ele>61.0</ele>
      </trkpt>
      <trkpt lat="39.95171" lon="139.76541">
        <ele>57.3</ele>
      </trkpt>
      <trkpt lat="39.95184" lon="139.76524">
        <ele>55.6</ele>
      </trkpt>
      <trkpt lat="39.95194" lon="139.76511">
        <ele>54.2</ele>
      </trkpt>
      <trkpt lat="39.95197" lon="139.76508">
        <ele>53.8</ele>
      </trkpt>
      <trkpt lat="39.9521" lon="139.76491">
        <ele>51.7</ele>
      </trkpt>
      <trkpt lat="39.95232" lon="139.76463">
        <ele>52.2</ele>
      </trkpt>
      <trkpt lat="39.9525" lon="139.76438">
        <ele>52.7</ele>
      </trkpt>
      <trkpt lat="39.95272" lon="139.76407">
        <ele>53.3</ele>
      </trkpt>
      <trkpt lat="39.95295" lon="139.76375">
        <ele>54.0</ele>
      </trkpt>
      <trkpt lat="39.95331" lon="139.76325">
        <ele>56.6</ele>
      </trkpt>
      <trkpt lat="39.95346" lon="139.76305">
        <ele>57.1</ele>
      </trkpt>
      <trkpt lat="39.95359" lon="139.76288">
        <ele>57.5</ele>
      </trkpt>
      <trkpt lat="39.95363" lon="139.76282">
        <ele>57.5</ele>
      </trkpt>
      <trkpt lat="39.95398" lon="139.76234">
        <ele>59.7</ele>
      </trkpt>
      <trkpt lat="39.954" lon="139.7623">
        <ele>60.0</ele>
      </trkpt>
      <trkpt lat="39.95402" lon="139.76227">
        <ele>60.2</ele>
      </trkpt>
      <trkpt lat="39.95418" lon="139.76205">
        <ele>61.6</ele>
      </trkpt>
      <trkpt lat="39.95422" lon="139.762">
        <ele>61.9</ele>
      </trkpt>
      <trkpt lat="39.95449" lon="139.76163">
        <ele>63.7</ele>
      </trkpt>
      <trkpt lat="39.95455" lon="139.76155">
        <ele>64.4</ele>
      </trkpt>
      <trkpt lat="39.95478" lon="139.76123">
        <ele>66.0</ele>
      </trkpt>
      <trkpt lat="39.95488" lon="139.76109">
        <ele>66.1</ele>
      </trkpt>
      <trkpt lat="39.9551" lon="139.76078">
        <ele>66.5</ele>
      </trkpt>
      <trkpt lat="39.95537" lon="139.7604">
        <ele>69.2</ele>
      </trkpt>
      <trkpt lat="39.95566" lon="139.76">
        <ele>69.1</ele>
      </trkpt>
      <trkpt lat="39.95575" lon="139.7599">
        <ele>68.6</ele>
      </trkpt>
      <trkpt lat="39.95589" lon="139.75974">
        <ele>67.6</ele>
      </trkpt>
      <trkpt lat="39.95599" lon="139.75965">
        <ele>66.4</ele>
      </trkpt>
      <trkpt lat="39.95607" lon="139.75957">
        <ele>65.5</ele>
      </trkpt>
      <trkpt lat="39.95613" lon="139.75953">
        <ele>64.6</ele>
      </trkpt>
      <trkpt lat="39.95618" lon="139.75949">
        <ele>64.0</ele>
      </trkpt>
      <trkpt lat="39.95629" lon="139.7594">
        <ele>62.5</ele>
      </trkpt>
      <trkpt lat="39.9564" lon="139.75933">
        <ele>60.9</ele>
      </trkpt>
      <trkpt lat="39.95646" lon="139.7593">
        <ele>60.0</ele>
      </trkpt>
      <trkpt lat="39.9565" lon="139.75927">
        <ele>59.5</ele>
      </trkpt>
      <trkpt lat="39.9566" lon="139.75922">
        <ele>57.9</ele>
      </trkpt>
      <trkpt lat="39.95677" lon="139.75915">
        <ele>55.1</ele>
      </trkpt>
      <trkpt lat="39.95696" lon="139.75909">
        <ele>51.5</ele>
      </trkpt>
      <trkpt lat="39.95732" lon="139.75895">
        <ele>46.9</ele>
      </trkpt>
      <trkpt lat="39.95742" lon="139.7589">
        <ele>45.6</ele>
      </trkpt>
      <trkpt lat="39.95747" lon="139.75888">
        <ele>45.0</ele>
      </trkpt>
      <trkpt lat="39.95765" lon="139.75881">
        <ele>42.8</ele>
      </trkpt>
      <trkpt lat="39.95779" lon="139.75875">
        <ele>43.4</ele>
      </trkpt>
      <trkpt lat="39.95782" lon="139.75874">
        <ele>43.5</ele>
      </trkpt>
      <trkpt lat="39.95799" lon="139.75867">
        <ele>44.2</ele>
      </trkpt>
      <trkpt lat="39.958" lon="139.75867">
        <ele>44.3</ele>
      </trkpt>
      <trkpt lat="39.95817" lon="139.75862">
        <ele>45.0</ele>
      </trkpt>
      <trkpt lat="39.95818" lon="139.75862">
        <ele>45.1</ele>
      </trkpt>
      <trkpt lat="39.95828" lon="139.7586">
        <ele>45.5</ele>
      </trkpt>
      <trkpt lat="39.95834" lon="139.75859">
        <ele>45.8</ele>
      </trkpt>
      <trkpt lat="39.95836" lon="139.75859">
        <ele>45.9</ele>
      </trkpt>
      <trkpt lat="39.95847" lon="139.75857">
        <ele>46.5</ele>
      </trkpt>
      <trkpt lat="39.95859" lon="139.75856">
        <ele>47.1</ele>
      </trkpt>
      <trkpt lat="39.95871" lon="139.75856">
        <ele>47.6</ele>
      </trkpt>
      <trkpt lat="39.95898" lon="139.75855">
        <ele>48.9</ele>
      </trkpt>
      <trkpt lat="39.95924" lon="139.75855">
        <ele>49.9</ele>
      </trkpt>
      <trkpt lat="39.95937" lon="139.75854">
        <ele>50.4</ele>
      </trkpt>
      <trkpt lat="39.95942" lon="139.75854">
        <ele>50.5</ele>
      </trkpt>
      <trkpt lat="39.95945" lon="139.75854">
        <ele>50.6</ele>
      </trkpt>
      <trkpt lat="39.95954" lon="139.75853">
        <ele>50.9</ele>
      </trkpt>
      <trkpt lat="39.9596" lon="139.75852">
        <ele>51.1</ele>
      </trkpt>
      <trkpt lat="39.95967" lon="139.75851">
        <ele>51.3</ele>
      </trkpt>
      <trkpt lat="39.95978" lon="139.75849">
        <ele>51.6</ele>
      </trkpt>
      <trkpt lat="39.95979" lon="139.75849">
        <ele>51.7</ele>
      </trkpt>
      <trkpt lat="39.95991" lon="139.75846">
        <ele>51.9</ele>
      </trkpt>
      <trkpt lat="39.95996" lon="139.75845">
        <ele>52.1</ele>
      </trkpt>
      <trkpt lat="39.96005" lon="139.75842">
        <ele>52.1</ele>
      </trkpt>
      <trkpt lat="39.96017" lon="139.75837">
        <ele>51.9</ele>
      </trkpt>
      <trkpt lat="39.9603" lon="139.7583">
        <ele>51.7</ele>
      </trkpt>
      <trkpt lat="39.96045" lon="139.75822">
        <ele>51.5</ele>
      </trkpt>
      <trkpt lat="39.96056" lon="139.75816">
        <ele>51.4</ele>
      </trkpt>
      <trkpt lat="39.96069" lon="139.75806">
        <ele>51.2</ele>
      </trkpt>
      <trkpt lat="39.96083" lon="139.75795">
        <ele>51.0</ele>
      </trkpt>
      <trkpt lat="39.96098" lon="139.75781">
        <ele>50.5</ele>
      </trkpt>
      <trkpt lat="39.96112" lon="139.75768">
        <ele>50.1</ele>
      </trkpt>
      <trkpt lat="39.96126" lon="139.75752">
        <ele>49.9</ele>
      </trkpt>
      <trkpt lat="39.96189" lon="139.75687">
        <ele>46.9</ele>
      </trkpt>
      <trkpt lat="39.96227" lon="139.75649">
        <ele>45.9</ele>
      </trkpt>
      <trkpt lat="39.96263" lon="139.7561">
        <ele>46.0</ele>
      </trkpt>
      <trkpt lat="39.9627" lon="139.75603">
        <ele>46.2</ele>
      </trkpt>
      <trkpt lat="39.96292" lon="139.75581">
        <ele>46.5</ele>
      </trkpt>
      <trkpt lat="39.96295" lon="139.75578">
        <ele>46.6</ele>
      </trkpt>
      <trkpt lat="39.96304" lon="139.75568">
        <ele>46.8</ele>
      </trkpt>
      <trkpt lat="39.96316" lon="139.75557">
        <ele>47.0</ele>
      </trkpt>
      <trkpt lat="39.96337" lon="139.7554">
        <ele>47.6</ele>
      </trkpt>
      <trkpt lat="39.96342" lon="139.75537">
        <ele>47.8</ele>
      </trkpt>
      <trkpt lat="39.96344" lon="139.75536">
        <ele>47.9</ele>
      </trkpt>
      <trkpt lat="39.96353" lon="139.75531">
        <ele>48.2</ele>
      </trkpt>
      <trkpt lat="39.96362" lon="139.75527">
        <ele>48.6</ele>
      </trkpt>
      <trkpt lat="39.96371" lon="139.75524">
        <ele>48.9</ele>
      </trkpt>
      <trkpt lat="39.96376" lon="139.75523">
        <ele>49.1</ele>
      </trkpt>
      <trkpt lat="39.96378" lon="139.75522">
        <ele>49.2</ele>
      </trkpt>
      <trkpt lat="39.96389" lon="139.75521">
        <ele>49.6</ele>
      </trkpt>
      <trkpt lat="39.96399" lon="139.7552">
        <ele>49.9</ele>
      </trkpt>
      <trkpt lat="39.96406" lon="139.75519">
        <ele>50.2</ele>
      </trkpt>
      <trkpt lat="39.96416" lon="139.7552">
        <ele>50.5</ele>
      </trkpt>
      <trkpt lat="39.96419" lon="139.75521">
        <ele>50.4</ele>
      </trkpt>
      <trkpt lat="39.96425" lon="139.75521">
        <ele>50.2</ele>
      </trkpt>
      <trkpt lat="39.96434" lon="139.75523">
        <ele>49.8</ele>
      </trkpt>
      <trkpt lat="39.96451" lon="139.75526">
        <ele>49.1</ele>
      </trkpt>
      <trkpt lat="39.96509" lon="139.75538">
        <ele>47.1</ele>
      </trkpt>
      <trkpt lat="39.96526" lon="139.75541">
        <ele>47.2</ele>
      </trkpt>
      <trkpt lat="39.96533" lon="139.75543">
        <ele>47.2</ele>
      </trkpt>
      <trkpt lat="39.96544" lon="139.75545">
        <ele>47.3</ele>
      </trkpt>
      <trkpt lat="39.96557" lon="139.75547">
        <ele>47.4</ele>
      </trkpt>
      <trkpt lat="39.96576" lon="139.75551">
        <ele>47.7</ele>
      </trkpt>
      <trkpt lat="39.96583" lon="139.75552">
        <ele>47.9</ele>
      </trkpt>
      <trkpt lat="39.96594" lon="139.75554">
        <ele>47.2</ele>
      </trkpt>
      <trkpt lat="39.96612" lon="139.75558">
        <ele>46.0</ele>
      </trkpt>
      <trkpt lat="39.96625" lon="139.7556">
        <ele>45.0</ele>
      </trkpt>
      <trkpt lat="39.96636" lon="139.75562">
        <ele>44.1</ele>
      </trkpt>
      <trkpt lat="39.96638" lon="139.75562">
        <ele>44.0</ele>
      </trkpt>
      <trkpt lat="39.96647" lon="139.75563">
        <ele>43.3</ele>
      </trkpt>
      <trkpt lat="39.96656" lon="139.75563">
        <ele>42.6</ele>
      </trkpt>
      <trkpt lat="39.96664" lon="139.75563">
        <ele>41.9</ele>
      </trkpt>
      <trkpt lat="39.96672" lon="139.75563">
        <ele>41.5</ele>
      </trkpt>
      <trkpt lat="39.96674" lon="139.75563">
        <ele>41.4</ele>
      </trkpt>
      <trkpt lat="39.96695" lon="139.7556">
        <ele>40.4</ele>
      </trkpt>
      <trkpt lat="39.96703" lon="139.75559">
        <ele>40.0</ele>
      </trkpt>
      <trkpt lat="39.96721" lon="139.75556">
        <ele>39.2</ele>
      </trkpt>
      <trkpt lat="39.96722" lon="139.75556">
        <ele>39.1</ele>
      </trkpt>
      <trkpt lat="39.96741" lon="139.75552">
        <ele>38.2</ele>
      </trkpt>
      <trkpt lat="39.96764" lon="139.75548">
        <ele>37.3</ele>
      </trkpt>
      <trkpt lat="39.96764" lon="139.75548">
        <ele>37.3</ele>
      </trkpt>
      <trkpt lat="39.96758" lon="139.75491">
        <ele>38.8</ele>
      </trkpt>
      <trkpt lat="39.96753" lon="139.75429">
        <ele>40.6</ele>
      </trkpt>
      <trkpt lat="39.9675" lon="139.75395">
        <ele>41.3</ele>
      </trkpt>
      <trkpt lat="39.96746" lon="139.75362">
        <ele>42.2</ele>
      </trkpt>
      <trkpt lat="39.96742" lon="139.75328">
        <ele>43.0</ele>
      </trkpt>
      <trkpt lat="39.96741" lon="139.75304">
        <ele>41.8</ele>
      </trkpt>
      <trkpt lat="39.9674" lon="139.75293">
        <ele>41.4</ele>
      </trkpt>
      <trkpt lat="39.9674" lon="139.7528">
        <ele>40.6</ele>
      </trkpt>
      <trkpt lat="39.9674" lon="139.75268">
        <ele>39.9</ele>
      </trkpt>
      <trkpt lat="39.96741" lon="139.75257">
        <ele>39.1</ele>
      </trkpt>
      <trkpt lat="39.96744" lon="139.75233">
        <ele>37.5</ele>
      </trkpt>
      <trkpt lat="39.96745" lon="139.75226">
        <ele>37.1</ele>
      </trkpt>
      <trkpt lat="39.96747" lon="139.75215">
        <ele>36.3</ele>
      </trkpt>
      <trkpt lat="39.96751" lon="139.75201">
        <ele>35.2</ele>
      </trkpt>
      <trkpt lat="39.96754" lon="139.75192">
        <ele>34.6</ele>
      </trkpt>
      <trkpt lat="39.96756" lon="139.75185">
        <ele>34.2</ele>
      </trkpt>
      <trkpt lat="39.96774" lon="139.75138">
        <ele>31.9</ele>
      </trkpt>
      <trkpt lat="39.96782" lon="139.75117">
        <ele>31.6</ele>
      </trkpt>
      <trkpt lat="39.96792" lon="139.7509">
        <ele>31.9</ele>
      </trkpt>
      <trkpt lat="39.96795" lon="139.75083">
        <ele>32.2</ele>
      </trkpt>
      <trkpt lat="39.96817" lon="139.75029">
        <ele>37.7</ele>
      </trkpt>
      <trkpt lat="39.96818" lon="139.75027">
        <ele>37.9</ele>
      </trkpt>
      <trkpt lat="39.96835" lon="139.74981">
        <ele>42.3</ele>
      </trkpt>
      <trkpt lat="39.9684" lon="139.74968">
        <ele>43.1</ele>
      </trkpt>
      <trkpt lat="39.96841" lon="139.74964">
        <ele>43.3</ele>
      </trkpt>
      <trkpt lat="39.96843" lon="139.74961">
        <ele>43.5</ele>
      </trkpt>
      <trkpt lat="39.96846" lon="139.7495">
        <ele>44.1</ele>
      </trkpt>
      <trkpt lat="39.9685" lon="139.7494">
        <ele>44.7</ele>
      </trkpt>
      <trkpt lat="39.96853" lon="139.74928">
        <ele>45.5</ele>
      </trkpt>
      <trkpt lat="39.96856" lon="139.74918">
        <ele>46.1</ele>
      </trkpt>
      <trkpt lat="39.96859" lon="139.74904">
        <ele>46.1</ele>
      </trkpt>
      <trkpt lat="39.96864" lon="139.74881">
        <ele>46.1</ele>
      </trkpt>
      <trkpt lat="39.96865" lon="139.74876">
        <ele>46.0</ele>
      </trkpt>
      <trkpt lat="39.96869" lon="139.7485">
        <ele>46.1</ele>
      </trkpt>
      <trkpt lat="39.96873" lon="139.74827">
        <ele>46.0</ele>
      </trkpt>
      <trkpt lat="39.96876" lon="139.74808">
        <ele>45.8</ele>
      </trkpt>
      <trkpt lat="39.96882" lon="139.7477">
        <ele>45.6</ele>
      </trkpt>
      <trkpt lat="39.96888" lon="139.74739">
        <ele>45.3</ele>
      </trkpt>
      <trkpt lat="39.96888" lon="139.74737">
        <ele>45.3</ele>
      </trkpt>
      <trkpt lat="39.96892" lon="139.74722">
        <ele>44.7</ele>
      </trkpt>
      <trkpt lat="39.96897" lon="139.74704">
        <ele>43.9</ele>
      </trkpt>
      <trkpt lat="39.96905" lon="139.74678">
        <ele>42.4</ele>
      </trkpt>
      <trkpt lat="39.96908" lon="139.74669">
        <ele>41.7</ele>
      </trkpt>
      <trkpt lat="39.96911" lon="139.74661">
        <ele>41.9</ele>
      </trkpt>
      <trkpt lat="39.9692" lon="139.74639">
        <ele>43.2</ele>
      </trkpt>
      <trkpt lat="39.96929" lon="139.7462">
        <ele>44.3</ele>
      </trkpt>
      <trkpt lat="39.96935" lon="139.74607">
        <ele>44.9</ele>
      </trkpt>
      <trkpt lat="39.96943" lon="139.74592">
        <ele>45.5</ele>
      </trkpt>
      <trkpt lat="39.96945" lon="139.74589">
        <ele>45.6</ele>
      </trkpt>
      <trkpt lat="39.96959" lon="139.74564">
        <ele>46.7</ele>
      </trkpt>
      <trkpt lat="39.96964" lon="139.74554">
        <ele>47.3</ele>
      </trkpt>
      <trkpt lat="39.96972" lon="139.74542">
        <ele>47.8</ele>
      </trkpt>
      <trkpt lat="39.96975" lon="139.74535">
        <ele>48.3</ele>
      </trkpt>
      <trkpt lat="39.96986" lon="139.74517">
        <ele>49.2</ele>
      </trkpt>
      <trkpt lat="39.96987" lon="139.74515">
        <ele>49.4</ele>
      </trkpt>
      <trkpt lat="39.97005" lon="139.74484">
        <ele>51.1</ele>
      </trkpt>
      <trkpt lat="39.97025" lon="139.74448">
        <ele>52.1</ele>
      </trkpt>
      <trkpt lat="39.97026" lon="139.74446">
        <ele>52.1</ele>
      </trkpt>
      <trkpt lat="39.97039" lon="139.74423">
        <ele>52.0</ele>
      </trkpt>
      <trkpt lat="39.97049" lon="139.74403">
        <ele>52.1</ele>
      </trkpt>
      <trkpt lat="39.97057" lon="139.74388">
        <ele>52.2</ele>
      </trkpt>
      <trkpt lat="39.9706" lon="139.74381">
        <ele>52.3</ele>
      </trkpt>
      <trkpt lat="39.97063" lon="139.74372">
        <ele>52.5</ele>
      </trkpt>
      <trkpt lat="39.97067" lon="139.74361">
        <ele>52.7</ele>
      </trkpt>
      <trkpt lat="39.97071" lon="139.7435">
        <ele>52.9</ele>
      </trkpt>
      <trkpt lat="39.97074" lon="139.74339">
        <ele>53.2</ele>
      </trkpt>
      <trkpt lat="39.97079" lon="139.74317">
        <ele>54.4</ele>
      </trkpt>
      <trkpt lat="39.97082" lon="139.74301">
        <ele>55.4</ele>
      </trkpt>
      <trkpt lat="39.97084" lon="139.74292">
        <ele>55.9</ele>
      </trkpt>
      <trkpt lat="39.97088" lon="139.74255">
        <ele>58.9</ele>
      </trkpt>
      <trkpt lat="39.97088" lon="139.74247">
        <ele>59.8</ele>
      </trkpt>
      <trkpt lat="39.97093" lon="139.74177">
        <ele>68.2</ele>
      </trkpt>
      <trkpt lat="39.97094" lon="139.74164">
        <ele>69.7</ele>
      </trkpt>
      <trkpt lat="39.97096" lon="139.74153">
        <ele>70.9</ele>
      </trkpt>
      <trkpt lat="39.97097" lon="139.74141">
        <ele>72.4</ele>
      </trkpt>
      <trkpt lat="39.97102" lon="139.74118">
        <ele>74.8</ele>
      </trkpt>
      <trkpt lat="39.97106" lon="139.741">
        <ele>76.7</ele>
      </trkpt>
      <trkpt lat="39.97114" lon="139.74077">
        <ele>78.0</ele>
      </trkpt>
      <trkpt lat="39.97122" lon="139.74054">
        <ele>77.2</ele>
      </trkpt>
      <trkpt lat="39.97133" lon="139.7403">
        <ele>76.3</ele>
      </trkpt>
      <trkpt lat="39.97143" lon="139.74011">
        <ele>75.7</ele>
      </trkpt>
      <trkpt lat="39.97148" lon="139.74002">
        <ele>75.5</ele>
      </trkpt>
      <trkpt lat="39.97155" lon="139.73989">
        <ele>74.5</ele>
      </trkpt>
      <trkpt lat="39.9717" lon="139.73965">
        <ele>72.7</ele>
      </trkpt>
      <trkpt lat="39.97187" lon="139.73946">
        <ele>73.4</ele>
      </trkpt>
      <trkpt lat="39.97191" lon="139.73942">
        <ele>73.6</ele>
      </trkpt>
      <trkpt lat="39.972" lon="139.73933">
        <ele>74.1</ele>
      </trkpt>
      <trkpt lat="39.97218" lon="139.73918">
        <ele>75.0</ele>
      </trkpt>
      <trkpt lat="39.97221" lon="139.73916">
        <ele>75.2</ele>
      </trkpt>
      <trkpt lat="39.97237" lon="139.73904">
        <ele>75.5</ele>
      </trkpt>
      <trkpt lat="39.97242" lon="139.739">
        <ele>75.6</ele>
      </trkpt>
      <trkpt lat="39.97256" lon="139.73892">
        <ele>75.7</ele>
      </trkpt>
      <trkpt lat="39.9727" lon="139.73885">
        <ele>75.3</ele>
      </trkpt>
      <trkpt lat="39.97274" lon="139.73884">
        <ele>75.3</ele>
      </trkpt>
      <trkpt lat="39.97287" lon="139.73878">
        <ele>75.3</ele>
      </trkpt>
      <trkpt lat="39.97292" lon="139.73876">
        <ele>75.3</ele>
      </trkpt>
      <trkpt lat="39.97304" lon="139.73872">
        <ele>75.5</ele>
      </trkpt>
      <trkpt lat="39.97305" lon="139.73872">
        <ele>75.6</ele>
      </trkpt>
      <trkpt lat="39.97316" lon="139.7387">
        <ele>75.9</ele>
      </trkpt>
      <trkpt lat="39.97343" lon="139.73866">
        <ele>75.1</ele>
      </trkpt>
      <trkpt lat="39.97359" lon="139.73864">
        <ele>72.8</ele>
      </trkpt>
      <trkpt lat="39.97367" lon="139.73864">
        <ele>71.6</ele>
      </trkpt>
      <trkpt lat="39.97402" lon="139.73865">
        <ele>66.3</ele>
      </trkpt>
      <trkpt lat="39.97417" lon="139.73866">
        <ele>64.0</ele>
      </trkpt>
      <trkpt lat="39.97431" lon="139.73867">
        <ele>62.8</ele>
      </trkpt>
      <trkpt lat="39.97456" lon="139.73866">
        <ele>60.9</ele>
      </trkpt>
      <trkpt lat="39.97483" lon="139.73864">
        <ele>58.8</ele>
      </trkpt>
      <trkpt lat="39.97485" lon="139.73864">
        <ele>58.6</ele>
      </trkpt>
      <trkpt lat="39.97512" lon="139.73858">
        <ele>56.5</ele>
      </trkpt>
      <trkpt lat="39.97524" lon="139.73855">
        <ele>55.7</ele>
      </trkpt>
      <trkpt lat="39.9754" lon="139.7385">
        <ele>54.7</ele>
      </trkpt>
      <trkpt lat="39.97555" lon="139.73843">
        <ele>53.7</ele>
      </trkpt>
      <trkpt lat="39.97581" lon="139.73832">
        <ele>52.1</ele>
      </trkpt>
      <trkpt lat="39.9764" lon="139.73801">
        <ele>50.8</ele>
      </trkpt>
      <trkpt lat="39.97688" lon="139.73775">
        <ele>50.3</ele>
      </trkpt>
      <trkpt lat="39.9777" lon="139.73731">
        <ele>50.3</ele>
      </trkpt>
      <trkpt lat="39.97794" lon="139.73718">
        <ele>49.6</ele>
      </trkpt>
      <trkpt lat="39.97821" lon="139.73703">
        <ele>48.8</ele>
      </trkpt>
      <trkpt lat="39.97831" lon="139.73697">
        <ele>48.5</ele>
      </trkpt>
      <trkpt lat="39.97842" lon="139.73688">
        <ele>47.8</ele>
      </trkpt>
      <trkpt lat="39.97853" lon="139.73678">
        <ele>47.0</ele>
      </trkpt>
      <trkpt lat="39.97866" lon="139.73663">
        <ele>46.1</ele>
      </trkpt>
      <trkpt lat="39.97872" lon="139.73654">
        <ele>45.6</ele>
      </trkpt>
      <trkpt lat="39.97883" lon="139.73638">
        <ele>44.8</ele>
      </trkpt>
      <trkpt lat="39.9789" lon="139.73622">
        <ele>44.0</ele>
      </trkpt>
      <trkpt lat="39.97891" lon="139.7362">
        <ele>43.9</ele>
      </trkpt>
      <trkpt lat="39.97899" lon="139.73601">
        <ele>43.1</ele>
      </trkpt>
      <trkpt lat="39.97904" lon="139.73583">
        <ele>42.3</ele>
      </trkpt>
      <trkpt lat="39.97906" lon="139.73575">
        <ele>41.9</ele>
      </trkpt>
      <trkpt lat="39.97908" lon="139.73566">
        <ele>41.4</ele>
      </trkpt>
      <trkpt lat="39.97911" lon="139.73552">
        <ele>40.7</ele>
      </trkpt>
      <trkpt lat="39.97911" lon="139.73551">
        <ele>40.6</ele>
      </trkpt>
      <trkpt lat="39.97913" lon="139.7353">
        <ele>39.6</ele>
      </trkpt>
      <trkpt lat="39.97913" lon="139.73508">
        <ele>38.5</ele>
      </trkpt>
      <trkpt lat="39.97913" lon="139.73505">
        <ele>38.4</ele>
      </trkpt>
      <trkpt lat="39.97912" lon="139.73491">
        <ele>37.2</ele>
      </trkpt>
      <trkpt lat="39.97909" lon="139.73461">
        <ele>34.0</ele>
      </trkpt>
      <trkpt lat="39.97908" lon="139.73452">
        <ele>33.1</ele>
      </trkpt>
      <trkpt lat="39.97903" lon="139.73422">
        <ele>29.9</ele>
      </trkpt>
      <trkpt lat="39.97889" lon="139.73325">
        <ele>32.4</ele>
      </trkpt>
      <trkpt lat="39.97873" lon="139.73216">
        <ele>35.3</ele>
      </trkpt>
      <trkpt lat="39.97872" lon="139.73214">
        <ele>35.4</ele>
      </trkpt>
      <trkpt lat="39.97871" lon="139.73207">
        <ele>35.6</ele>
      </trkpt>
      <trkpt lat="39.97866" lon="139.73167">
        <ele>36.3</ele>
      </trkpt>
      <trkpt lat="39.97863" lon="139.73151">
        <ele>36.6</ele>
      </trkpt>
      <trkpt lat="39.9785" lon="139.73058">
        <ele>38.2</ele>
      </trkpt>
      <trkpt lat="39.97848" lon="139.73043">
        <ele>38.5</ele>
      </trkpt>
      <trkpt lat="39.97842" lon="139.73002">
        <ele>39.2</ele>
      </trkpt>
      <trkpt lat="39.9784" lon="139.72992">
        <ele>39.4</ele>
      </trkpt>
      <trkpt lat="39.97839" lon="139.72979">
        <ele>39.6</ele>
      </trkpt>
      <trkpt lat="39.97838" lon="139.72976">
        <ele>39.7</ele>
      </trkpt>
      <trkpt lat="39.97837" lon="139.72963">
        <ele>40.7</ele>
      </trkpt>
      <trkpt lat="39.97837" lon="139.72949">
        <ele>41.5</ele>
      </trkpt>
      <trkpt lat="39.97837" lon="139.72932">
        <ele>42.6</ele>
      </trkpt>
      <trkpt lat="39.97837" lon="139.72929">
        <ele>42.8</ele>
      </trkpt>
      <trkpt lat="39.97838" lon="139.72906">
        <ele>43.0</ele>
      </trkpt>
      <trkpt lat="39.97839" lon="139.72893">
        <ele>42.5</ele>
      </trkpt>
      <trkpt lat="39.9784" lon="139.72886">
        <ele>42.1</ele>
      </trkpt>
      <trkpt lat="39.9784" lon="139.72882">
        <ele>42.0</ele>
      </trkpt>
      <trkpt lat="39.97842" lon="139.72866">
        <ele>41.2</ele>
      </trkpt>
      <trkpt lat="39.97846" lon="139.72848">
        <ele>40.2</ele>
      </trkpt>
      <trkpt lat="39.97852" lon="139.72826">
        <ele>39.3</ele>
      </trkpt>
      <trkpt lat="39.97855" lon="139.72814">
        <ele>39.2</ele>
      </trkpt>
      <trkpt lat="39.97862" lon="139.72798">
        <ele>38.8</ele>
      </trkpt>
      <trkpt lat="39.97866" lon="139.7279">
        <ele>38.7</ele>
      </trkpt>
      <trkpt lat="39.97872" lon="139.72778">
        <ele>38.5</ele>
      </trkpt>
      <trkpt lat="39.9789" lon="139.72748">
        <ele>38.3</ele>
      </trkpt>
      <trkpt lat="39.97904" lon="139.72728">
        <ele>38.0</ele>
      </trkpt>
      <trkpt lat="39.97918" lon="139.72705">
        <ele>37.5</ele>
      </trkpt>
      <trkpt lat="39.97921" lon="139.72701">
        <ele>37.4</ele>
      </trkpt>
      <trkpt lat="39.9793" lon="139.72687">
        <ele>37.4</ele>
      </trkpt>
      <trkpt lat="39.97933" lon="139.72682">
        <ele>37.5</ele>
      </trkpt>
      <trkpt lat="39.97951" lon="139.72655">
        <ele>38.1</ele>
      </trkpt>
      <trkpt lat="39.97965" lon="139.72634">
        <ele>38.4</ele>
      </trkpt>
      <trkpt lat="39.97967" lon="139.7263">
        <ele>38.4</ele>
      </trkpt>
      <trkpt lat="39.97976" lon="139.72616">
        <ele>38.3</ele>
      </trkpt>
      <trkpt lat="39.9798" lon="139.72609">
        <ele>38.2</ele>
      </trkpt>
      <trkpt lat="39.97995" lon="139.72583">
        <ele>37.4</ele>
      </trkpt>
      <trkpt lat="39.98011" lon="139.72552">
        <ele>34.7</ele>
      </trkpt>
      <trkpt lat="39.98021" lon="139.72531">
        <ele>32.9</ele>
      </trkpt>
      <trkpt lat="39.98028" lon="139.72517">
        <ele>31.6</ele>
      </trkpt>
      <trkpt lat="39.98035" lon="139.72501">
        <ele>30.4</ele>
      </trkpt>
      <trkpt lat="39.98048" lon="139.72469">
        <ele>28.1</ele>
      </trkpt>
      <trkpt lat="39.98056" lon="139.7245">
        <ele>26.8</ele>
      </trkpt>
      <trkpt lat="39.98075" lon="139.7241">
        <ele>24.6</ele>
      </trkpt>
      <trkpt lat="39.98079" lon="139.724">
        <ele>25.0</ele>
      </trkpt>
      <trkpt lat="39.98084" lon="139.7239">
        <ele>25.3</ele>
      </trkpt>
      <trkpt lat="39.98103" lon="139.72356">
        <ele>24.1</ele>
      </trkpt>
      <trkpt lat="39.98106" lon="139.7235">
        <ele>23.9</ele>
      </trkpt>
      <trkpt lat="39.98114" lon="139.72336">
        <ele>23.4</ele>
      </trkpt>
      <trkpt lat="39.98117" lon="139.7233">
        <ele>23.2</ele>
      </trkpt>
      <trkpt lat="39.98135" lon="139.72304">
        <ele>22.2</ele>
      </trkpt>
      <trkpt lat="39.98137" lon="139.72301">
        <ele>22.1</ele>
      </trkpt>
      <trkpt lat="39.9815" lon="139.72284">
        <ele>21.5</ele>
      </trkpt>
      <trkpt lat="39.98153" lon="139.7228">
        <ele>22.1</ele>
      </trkpt>
      <trkpt lat="39.98185" lon="139.72242">
        <ele>24.2</ele>
      </trkpt>
      <trkpt lat="39.982" lon="139.72225">
        <ele>21.5</ele>
      </trkpt>
      <trkpt lat="39.98218" lon="139.72201">
        <ele>20.7</ele>
      </trkpt>
      <trkpt lat="39.98227" lon="139.7219">
        <ele>20.6</ele>
      </trkpt>
      <trkpt lat="39.98229" lon="139.72187">
        <ele>20.6</ele>
      </trkpt>
      <trkpt lat="39.98237" lon="139.72178">
        <ele>20.6</ele>
      </trkpt>
      <trkpt lat="39.98251" lon="139.72162">
        <ele>20.5</ele>
      </trkpt>
      <trkpt lat="39.98271" lon="139.72139">
        <ele>20.5</ele>
      </trkpt>
      <trkpt lat="39.98304" lon="139.721">
        <ele>20.4</ele>
      </trkpt>
      <trkpt lat="39.98324" lon="139.72075">
        <ele>22.6</ele>
      </trkpt>
      <trkpt lat="39.98333" lon="139.72064">
        <ele>23.1</ele>
      </trkpt>
      <trkpt lat="39.98347" lon="139.72047">
        <ele>22.0</ele>
      </trkpt>
      <trkpt lat="39.98381" lon="139.72009">
        <ele>21.1</ele>
      </trkpt>
      <trkpt lat="39.98391" lon="139.71998">
        <ele>21.2</ele>
      </trkpt>
      <trkpt lat="39.98412" lon="139.71973">
        <ele>21.6</ele>
      </trkpt>
      <trkpt lat="39.98421" lon="139.71961">
        <ele>21.7</ele>
      </trkpt>
      <trkpt lat="39.98436" lon="139.71944">
        <ele>22.0</ele>
      </trkpt>
      <trkpt lat="39.9845" lon="139.71928">
        <ele>22.3</ele>
      </trkpt>
      <trkpt lat="39.98463" lon="139.71912">
        <ele>22.5</ele>
      </trkpt>
      <trkpt lat="39.98486" lon="139.71887">
        <ele>23.0</ele>
      </trkpt>
      <trkpt lat="39.98504" lon="139.71866">
        <ele>24.5</ele>
      </trkpt>
      <trkpt lat="39.9851" lon="139.71859">
        <ele>24.6</ele>
      </trkpt>
      <trkpt lat="39.98524" lon="139.71841">
        <ele>25.1</ele>
      </trkpt>
      <trkpt lat="39.98529" lon="139.71835">
        <ele>25.1</ele>
      </trkpt>
      <trkpt lat="39.98536" lon="139.71825">
        <ele>25.5</ele>
      </trkpt>
      <trkpt lat="39.98541" lon="139.71819">
        <ele>25.6</ele>
      </trkpt>
      <trkpt lat="39.98544" lon="139.71814">
        <ele>26.1</ele>
      </trkpt>
      <trkpt lat="39.98547" lon="139.71809">
        <ele>26.6</ele>
      </trkpt>
      <trkpt lat="39.98569" lon="139.71779">
        <ele>29.6</ele>
      </trkpt>
      <trkpt lat="39.98572" lon="139.71775">
        <ele>30.1</ele>
      </trkpt>
      <trkpt lat="39.98581" lon="139.71763">
        <ele>31.9</ele>
      </trkpt>
      <trkpt lat="39.98586" lon="139.71755">
        <ele>32.6</ele>
      </trkpt>
      <trkpt lat="39.98592" lon="139.71747">
        <ele>32.0</ele>
      </trkpt>
      <trkpt lat="39.98598" lon="139.71738">
        <ele>31.7</ele>
      </trkpt>
      <trkpt lat="39.98602" lon="139.71731">
        <ele>31.8</ele>
      </trkpt>
      <trkpt lat="39.98625" lon="139.71695">
        <ele>34.0</ele>
      </trkpt>
      <trkpt lat="39.98629" lon="139.71688">
        <ele>35.0</ele>
      </trkpt>
      <trkpt lat="39.98642" lon="139.71668">
        <ele>38.2</ele>
      </trkpt>
      <trkpt lat="39.98652" lon="139.71651">
        <ele>40.4</ele>
      </trkpt>
      <trkpt lat="39.98663" lon="139.71632">
        <ele>42.6</ele>
      </trkpt>
      <trkpt lat="39.98674" lon="139.71615">
        <ele>43.2</ele>
      </trkpt>
      <trkpt lat="39.98676" lon="139.71611">
        <ele>43.4</ele>
      </trkpt>
      <trkpt lat="39.9868" lon="139.71605">
        <ele>43.4</ele>
      </trkpt>
      <trkpt lat="39.98686" lon="139.71595">
        <ele>43.6</ele>
      </trkpt>
      <trkpt lat="39.98692" lon="139.71586">
        <ele>43.6</ele>
      </trkpt>
      <trkpt lat="39.987" lon="139.71577">
        <ele>42.6</ele>
      </trkpt>
      <trkpt lat="39.987" lon="139.71576">
        <ele>42.8</ele>
      </trkpt>
      <trkpt lat="39.98703" lon="139.71573">
        <ele>42.3</ele>
      </trkpt>
      <trkpt lat="39.98708" lon="139.71568">
        <ele>41.6</ele>
      </trkpt>
      <trkpt lat="39.98715" lon="139.71561">
        <ele>40.7</ele>
      </trkpt>
      <trkpt lat="39.98719" lon="139.71557">
        <ele>40.2</ele>
      </trkpt>
      <trkpt lat="39.98725" lon="139.71551">
        <ele>39.6</ele>
      </trkpt>
      <trkpt lat="39.98729" lon="139.71548">
        <ele>38.9</ele>
      </trkpt>
      <trkpt lat="39.98729" lon="139.71547">
        <ele>39.2</ele>
      </trkpt>
      <trkpt lat="39.98733" lon="139.71544">
        <ele>38.6</ele>
      </trkpt>
      <trkpt lat="39.98741" lon="139.71537">
        <ele>37.8</ele>
      </trkpt>
      <trkpt lat="39.98744" lon="139.71535">
        <ele>37.3</ele>
      </trkpt>
      <trkpt lat="39.98764" lon="139.71519">
        <ele>36.5</ele>
      </trkpt>
      <trkpt lat="39.98791" lon="139.715">
        <ele>35.2</ele>
      </trkpt>
      <trkpt lat="39.98801" lon="139.71492">
        <ele>34.5</ele>
      </trkpt>
      <trkpt lat="39.98817" lon="139.71482">
        <ele>33.1</ele>
      </trkpt>
      <trkpt lat="39.98827" lon="139.71474">
        <ele>32.7</ele>
      </trkpt>
      <trkpt lat="39.98833" lon="139.71469">
        <ele>32.5</ele>
      </trkpt>
      <trkpt lat="39.98835" lon="139.71468">
        <ele>32.4</ele>
      </trkpt>
      <trkpt lat="39.98855" lon="139.71454">
        <ele>32.6</ele>
      </trkpt>
      <trkpt lat="39.98864" lon="139.71448">
        <ele>32.8</ele>
      </trkpt>
      <trkpt lat="39.98868" lon="139.71446">
        <ele>32.8</ele>
      </trkpt>
      <trkpt lat="39.98875" lon="139.71442">
        <ele>32.8</ele>
      </trkpt>
      <trkpt lat="39.98878" lon="139.71441">
        <ele>32.7</ele>
      </trkpt>
      <trkpt lat="39.98881" lon="139.71439">
        <ele>32.8</ele>
      </trkpt>
      <trkpt lat="39.9889" lon="139.71433">
        <ele>33.3</ele>
      </trkpt>
      <trkpt lat="39.98892" lon="139.71431">
        <ele>33.7</ele>
      </trkpt>
      <trkpt lat="39.98896" lon="139.71425">
        <ele>34.9</ele>
      </trkpt>
      <trkpt lat="39.98899" lon="139.71422">
        <ele>35.5</ele>
      </trkpt>
      <trkpt lat="39.98903" lon="139.71419">
        <ele>35.9</ele>
      </trkpt>
      <trkpt lat="39.98909" lon="139.71415">
        <ele>36.4</ele>
      </trkpt>
      <trkpt lat="39.98914" lon="139.71412">
        <ele>36.6</ele>
      </trkpt>
      <trkpt lat="39.98919" lon="139.71409">
        <ele>36.9</ele>
      </trkpt>
      <trkpt lat="39.98925" lon="139.71406">
        <ele>37.2</ele>
      </trkpt>
      <trkpt lat="39.9893" lon="139.71403">
        <ele>37.6</ele>
      </trkpt>
      <trkpt lat="39.98938" lon="139.71399">
        <ele>38.0</ele>
      </trkpt>
      <trkpt lat="39.98954" lon="139.71391">
        <ele>38.9</ele>
      </trkpt>
      <trkpt lat="39.98962" lon="139.71387">
        <ele>39.4</ele>
      </trkpt>
      <trkpt lat="39.98971" lon="139.71383">
        <ele>39.9</ele>
      </trkpt>
      <trkpt lat="39.99004" lon="139.71367">
        <ele>41.9</ele>
      </trkpt>
      <trkpt lat="39.99015" lon="139.71362">
        <ele>41.9</ele>
      </trkpt>
      <trkpt lat="39.99022" lon="139.7136">
        <ele>41.6</ele>
      </trkpt>
      <trkpt lat="39.99039" lon="139.71353">
        <ele>41.5</ele>
      </trkpt>
      <trkpt lat="39.99069" lon="139.71342">
        <ele>41.0</ele>
      </trkpt>
      <trkpt lat="39.99073" lon="139.71341">
        <ele>40.8</ele>
      </trkpt>
      <trkpt lat="39.99101" lon="139.71329">
        <ele>38.0</ele>
      </trkpt>
      <trkpt lat="39.99108" lon="139.71327">
        <ele>36.7</ele>
      </trkpt>
      <trkpt lat="39.99143" lon="139.71311">
        <ele>32.7</ele>
      </trkpt>
      <trkpt lat="39.99159" lon="139.71304">
        <ele>31.8</ele>
      </trkpt>
      <trkpt lat="39.99192" lon="139.71282">
        <ele>35.0</ele>
      </trkpt>
      <trkpt lat="39.99233" lon="139.71256">
        <ele>38.5</ele>
      </trkpt>
      <trkpt lat="39.99266" lon="139.71237">
        <ele>36.8</ele>
      </trkpt>
      <trkpt lat="39.99277" lon="139.71231">
        <ele>35.8</ele>
      </trkpt>
      <trkpt lat="39.99294" lon="139.71221">
        <ele>34.9</ele>
      </trkpt>
      <trkpt lat="39.99308" lon="139.71214">
        <ele>34.2</ele>
      </trkpt>
      <trkpt lat="39.99354" lon="139.71195">
        <ele>34.6</ele>
      </trkpt>
      <trkpt lat="39.99375" lon="139.71188">
        <ele>35.4</ele>
      </trkpt>
      <trkpt lat="39.99395" lon="139.71184">
        <ele>35.4</ele>
      </trkpt>
      <trkpt lat="39.99422" lon="139.7118">
        <ele>34.4</ele>
      </trkpt>
      <trkpt lat="39.99461" lon="139.71173">
        <ele>30.9</ele>
      </trkpt>
      <trkpt lat="39.99477" lon="139.71169">
        <ele>29.8</ele>
      </trkpt>
      <trkpt lat="39.99495" lon="139.71163">
        <ele>28.7</ele>
      </trkpt>
      <trkpt lat="39.99496" lon="139.71163">
        <ele>28.5</ele>
      </trkpt>
      <trkpt lat="39.99505" lon="139.71159">
        <ele>27.4</ele>
      </trkpt>
      <trkpt lat="39.99521" lon="139.7115">
        <ele>24.9</ele>
      </trkpt>
      <trkpt lat="39.99529" lon="139.71145">
        <ele>24.0</ele>
      </trkpt>
      <trkpt lat="39.99554" lon="139.71126">
        <ele>22.9</ele>
      </trkpt>
      <trkpt lat="39.99565" lon="139.71114">
        <ele>24.1</ele>
      </trkpt>
      <trkpt lat="39.99575" lon="139.71103">
        <ele>25.6</ele>
      </trkpt>
      <trkpt lat="39.99588" lon="139.71085">
        <ele>29.2</ele>
      </trkpt>
      <trkpt lat="39.99596" lon="139.71074">
        <ele>29.5</ele>
      </trkpt>
      <trkpt lat="39.99601" lon="139.71068">
        <ele>29.5</ele>
      </trkpt>
      <trkpt lat="39.99613" lon="139.71051">
        <ele>30.1</ele>
      </trkpt>
      <trkpt lat="39.99616" lon="139.71048">
        <ele>30.0</ele>
      </trkpt>
      <trkpt lat="39.99621" lon="139.71041">
        <ele>30.3</ele>
      </trkpt>
      <trkpt lat="39.99627" lon="139.71032">
        <ele>30.9</ele>
      </trkpt>
      <trkpt lat="39.99633" lon="139.71022">
        <ele>31.8</ele>
      </trkpt>
      <trkpt lat="39.99636" lon="139.71015">
        <ele>32.8</ele>
      </trkpt>
      <trkpt lat="39.99641" lon="139.71003">
        <ele>34.5</ele>
      </trkpt>
      <trkpt lat="39.99645" lon="139.70993">
        <ele>35.3</ele>
      </trkpt>
      <trkpt lat="39.99651" lon="139.70975">
        <ele>36.2</ele>
      </trkpt>
      <trkpt lat="39.99654" lon="139.70965">
        <ele>36.7</ele>
      </trkpt>
      <trkpt lat="39.99661" lon="139.70942">
        <ele>37.6</ele>
      </trkpt>
      <trkpt lat="39.99669" lon="139.70914">
        <ele>38.9</ele>
      </trkpt>
      <trkpt lat="39.9967" lon="139.7091">
        <ele>39.2</ele>
      </trkpt>
      <trkpt lat="39.99675" lon="139.70892">
        <ele>40.4</ele>
      </trkpt>
      <trkpt lat="39.99677" lon="139.70888">
        <ele>40.6</ele>
      </trkpt>
      <trkpt lat="39.9968" lon="139.70877">
        <ele>41.4</ele>
      </trkpt>
      <trkpt lat="39.99683" lon="139.7087">
        <ele>41.7</ele>
      </trkpt>
      <trkpt lat="39.99685" lon="139.70863">
        <ele>42.2</ele>
      </trkpt>
      <trkpt lat="39.9969" lon="139.70852">
        <ele>42.8</ele>
      </trkpt>
      <trkpt lat="39.99694" lon="139.70843">
        <ele>43.3</ele>
      </trkpt>
      <trkpt lat="39.99698" lon="139.70837">
        <ele>43.4</ele>
      </trkpt>
      <trkpt lat="39.997" lon="139.70833">
        <ele>43.6</ele>
      </trkpt>
      <trkpt lat="39.99706" lon="139.70825">
        <ele>43.5</ele>
      </trkpt>
      <trkpt lat="39.99721" lon="139.70809">
        <ele>42.8</ele>
      </trkpt>
      <trkpt lat="39.99756" lon="139.70772">
        <ele>40.6</ele>
      </trkpt>
      <trkpt lat="39.99765" lon="139.70763">
        <ele>40.2</ele>
      </trkpt>
      <trkpt lat="39.99784" lon="139.70743">
        <ele>39.9</ele>
      </trkpt>
      <trkpt lat="39.99812" lon="139.70713">
        <ele>39.8</ele>
      </trkpt>
      <trkpt lat="39.99818" lon="139.70705">
        <ele>40.1</ele>
      </trkpt>
      <trkpt lat="39.99828" lon="139.70693">
        <ele>40.6</ele>
      </trkpt>
      <trkpt lat="39.99836" lon="139.7068">
        <ele>41.1</ele>
      </trkpt>
      <trkpt lat="39.99851" lon="139.70659">
        <ele>41.1</ele>
      </trkpt>
      <trkpt lat="39.99856" lon="139.70651">
        <ele>41.1</ele>
      </trkpt>
      <trkpt lat="39.99863" lon="139.7064">
        <ele>41.3</ele>
      </trkpt>
      <trkpt lat="39.99873" lon="139.70624">
        <ele>42.0</ele>
      </trkpt>
      <trkpt lat="39.99878" lon="139.70617">
        <ele>42.4</ele>
      </trkpt>
      <trkpt lat="39.99885" lon="139.70607">
        <ele>43.1</ele>
      </trkpt>
      <trkpt lat="39.99897" lon="139.70592">
        <ele>44.5</ele>
      </trkpt>
      <trkpt lat="39.99905" lon="139.70584">
        <ele>45.3</ele>
      </trkpt>
      <trkpt lat="39.99906" lon="139.70583">
        <ele>45.4</ele>
      </trkpt>
      <trkpt lat="39.99911" lon="139.70578">
        <ele>45.9</ele>
      </trkpt>
      <trkpt lat="39.99915" lon="139.70574">
        <ele>46.3</ele>
      </trkpt>
      <trkpt lat="39.99926" lon="139.70564">
        <ele>45.0</ele>
      </trkpt>
      <trkpt lat="39.9993" lon="139.7056">
        <ele>45.0</ele>
      </trkpt>
      <trkpt lat="39.99934" lon="139.70556">
        <ele>45.0</ele>
      </trkpt>
      <trkpt lat="39.99945" lon="139.70548">
        <ele>45.0</ele>
      </trkpt>
      <trkpt lat="39.99947" lon="139.70547">
        <ele>45.0</ele>
      </trkpt>
      <trkpt lat="39.99958" lon="139.70539">
        <ele>56.0</ele>
      </trkpt>
      <trkpt lat="39.99967" lon="139.70534">
        <ele>58.0</ele>
      </trkpt>
      <trkpt lat="39.99974" lon="139.7053">
        <ele>58.0</ele>
      </trkpt>
      <trkpt lat="39.9998" lon="139.70528">
        <ele>58.0</ele>
      </trkpt>
      <trkpt lat="39.99992" lon="139.70525">
        <ele>58.0</ele>
      </trkpt>
      <trkpt lat="40.00002" lon="139.70523">
        <ele>54.3</ele>
      </trkpt>
      <trkpt lat="40.0001" lon="139.70522">
        <ele>54.9</ele>
      </trkpt>
      <trkpt lat="40.00013" lon="139.70522">
        <ele>55.1</ele>
      </trkpt>
      <trkpt lat="40.00017" lon="139.70521">
        <ele>55.5</ele>
      </trkpt>
      <trkpt lat="40.00027" lon="139.70521">
        <ele>56.2</ele>
      </trkpt>
      <trkpt lat="40.00035" lon="139.70522">
        <ele>56.5</ele>
      </trkpt>
      <trkpt lat="40.00043" lon="139.70523">
        <ele>56.8</ele>
      </trkpt>
      <trkpt lat="40.00053" lon="139.70525">
        <ele>57.0</ele>
      </trkpt>
      <trkpt lat="40.00081" lon="139.70532">
        <ele>57.3</ele>
      </trkpt>
      <trkpt lat="40.00088" lon="139.70533">
        <ele>56.9</ele>
      </trkpt>
      <trkpt lat="40.00088" lon="139.70534">
        <ele>56.7</ele>
      </trkpt>
      <trkpt lat="40.00146" lon="139.70548">
        <ele>49.7</ele>
      </trkpt>
      <trkpt lat="40.00162" lon="139.70549">
        <ele>48.3</ele>
      </trkpt>
      <trkpt lat="40.00171" lon="139.70549">
        <ele>47.2</ele>
      </trkpt>
      <trkpt lat="40.00183" lon="139.70546">
        <ele>45.7</ele>
      </trkpt>
      <trkpt lat="40.00188" lon="139.70544">
        <ele>45.2</ele>
      </trkpt>
      <trkpt lat="40.00192" lon="139.70542">
        <ele>44.9</ele>
      </trkpt>
      <trkpt lat="40.00202" lon="139.70538">
        <ele>43.9</ele>
      </trkpt>
      <trkpt lat="40.00208" lon="139.70534">
        <ele>43.7</ele>
      </trkpt>
      <trkpt lat="40.00211" lon="139.70532">
        <ele>43.6</ele>
      </trkpt>
      <trkpt lat="40.00216" lon="139.70529">
        <ele>43.4</ele>
      </trkpt>
      <trkpt lat="40.00221" lon="139.70525">
        <ele>43.4</ele>
      </trkpt>
      <trkpt lat="40.00223" lon="139.70523">
        <ele>43.5</ele>
      </trkpt>
      <trkpt lat="40.00228" lon="139.70519">
        <ele>43.5</ele>
      </trkpt>
      <trkpt lat="40.00234" lon="139.70513">
        <ele>43.8</ele>
      </trkpt>
      <trkpt lat="40.00241" lon="139.70505">
        <ele>44.4</ele>
      </trkpt>
      <trkpt lat="40.00247" lon="139.70498">
        <ele>44.6</ele>
      </trkpt>
      <trkpt lat="40.0026" lon="139.70482">
        <ele>42.7</ele>
      </trkpt>
      <trkpt lat="40.00273" lon="139.70466">
        <ele>41.3</ele>
      </trkpt>
      <trkpt lat="40.00279" lon="139.70457">
        <ele>40.9</ele>
      </trkpt>
      <trkpt lat="40.00294" lon="139.70439">
        <ele>40.2</ele>
      </trkpt>
      <trkpt lat="40.00303" lon="139.70427">
        <ele>40.2</ele>
      </trkpt>
      <trkpt lat="40.00326" lon="139.70395">
        <ele>38.7</ele>
      </trkpt>
      <trkpt lat="40.00335" lon="139.70381">
        <ele>37.8</ele>
      </trkpt>
      <trkpt lat="40.00356" lon="139.70348">
        <ele>35.8</ele>
      </trkpt>
      <trkpt lat="40.00369" lon="139.70327">
        <ele>35.0</ele>
      </trkpt>
      <trkpt lat="40.00387" lon="139.70301">
        <ele>34.2</ele>
      </trkpt>
      <trkpt lat="40.00412" lon="139.70267">
        <ele>34.3</ele>
      </trkpt>
      <trkpt lat="40.00412" lon="139.70267">
        <ele>34.3</ele>
      </trkpt>
      <trkpt lat="40.00369" lon="139.70212">
        <ele>34.3</ele>
      </trkpt>
      <trkpt lat="40.0035" lon="139.70191">
        <ele>33.4</ele>
      </trkpt>
      <trkpt lat="40.003" lon="139.70138">
        <ele>33.0</ele>
      </trkpt>
      <trkpt lat="40.00274" lon="139.7011">
        <ele>33.2</ele>
      </trkpt>
      <trkpt lat="40.00136" lon="139.69962">
        <ele>31.0</ele>
      </trkpt>
      <trkpt lat="40.00103" lon="139.69926">
        <ele>32.0</ele>
      </trkpt>
      <trkpt lat="40.00094" lon="139.69916">
        <ele>32.2</ele>
      </trkpt>
      <trkpt lat="40.00081" lon="139.69903">
        <ele>31.7</ele>
      </trkpt>
      <trkpt lat="40.00065" lon="139.69885">
        <ele>29.8</ele>
      </trkpt>
      <trkpt lat="40.00042" lon="139.69861">
        <ele>28.1</ele>
      </trkpt>
      <trkpt lat="39.99968" lon="139.69783">
        <ele>14.0</ele>
      </trkpt>
      <trkpt lat="39.99955" lon="139.6977">
        <ele>24.0</ele>
      </trkpt>
      <trkpt lat="39.9995" lon="139.69766">
        <ele>24.0</ele>
      </trkpt>
      <trkpt lat="39.99946" lon="139.69764">
        <ele>24.0</ele>
      </trkpt>
      <trkpt lat="39.99941" lon="139.69762">
        <ele>24.0</ele>
      </trkpt>
      <trkpt lat="39.99938" lon="139.69761">
        <ele>24.0</ele>
      </trkpt>
      <trkpt lat="39.99933" lon="139.6976">
        <ele>24.0</ele>
      </trkpt>
      <trkpt lat="39.99927" lon="139.69759">
        <ele>24.0</ele>
      </trkpt>
      <trkpt lat="39.99921" lon="139.6976">
        <ele>24.0</ele>
      </trkpt>
      <trkpt lat="39.99916" lon="139.69762">
        <ele>24.9</ele>
      </trkpt>
      <trkpt lat="39.99907" lon="139.69767">
        <ele>24.5</ele>
      </trkpt>
      <trkpt lat="39.99882" lon="139.6978">
        <ele>23.7</ele>
      </trkpt>
      <trkpt lat="39.99821" lon="139.69814">
        <ele>24.4</ele>
      </trkpt>
      <trkpt lat="39.99776" lon="139.69837">
        <ele>25.8</ele>
      </trkpt>
      <trkpt lat="39.99735" lon="139.69859">
        <ele>26.7</ele>
      </trkpt>
      <trkpt lat="39.99639" lon="139.69911">
        <ele>27.3</ele>
      </trkpt>
      <trkpt lat="39.99619" lon="139.6992">
        <ele>26.8</ele>
      </trkpt>
      <trkpt lat="39.99612" lon="139.69921">
        <ele>26.3</ele>
      </trkpt>
      <trkpt lat="39.99605" lon="139.69923">
        <ele>26.0</ele>
      </trkpt>
      <trkpt lat="39.99595" lon="139.69923">
        <ele>25.2</ele>
      </trkpt>
      <trkpt lat="39.99589" lon="139.69923">
        <ele>24.8</ele>
      </trkpt>
      <trkpt lat="39.99584" lon="139.69923">
        <ele>24.4</ele>
      </trkpt>
      <trkpt lat="39.9957" lon="139.69919">
        <ele>24.3</ele>
      </trkpt>
      <trkpt lat="39.99549" lon="139.69911">
        <ele>24.0</ele>
      </trkpt>
      <trkpt lat="39.99449" lon="139.69871">
        <ele>24.9</ele>
      </trkpt>
      <trkpt lat="39.99368" lon="139.69842">
        <ele>24.7</ele>
      </trkpt>
      <trkpt lat="39.99354" lon="139.69836">
        <ele>24.4</ele>
      </trkpt>
      <trkpt lat="39.99341" lon="139.69831">
        <ele>24.0</ele>
      </trkpt>
      <trkpt lat="39.99337" lon="139.69829">
        <ele>23.8</ele>
      </trkpt>
      <trkpt lat="39.99327" lon="139.69823">
        <ele>23.4</ele>
      </trkpt>
      <trkpt lat="39.99256" lon="139.69766">
        <ele>20.7</ele>
      </trkpt>
      <trkpt lat="39.9921" lon="139.6973">
        <ele>19.5</ele>
      </trkpt>
      <trkpt lat="39.99099" lon="139.69641">
        <ele>15.5</ele>
      </trkpt>
      <trkpt lat="39.99075" lon="139.69621">
        <ele>14.0</ele>
      </trkpt>
      <trkpt lat="39.9907" lon="139.69617">
        <ele>13.5</ele>
      </trkpt>
      <trkpt lat="39.99063" lon="139.69614">
        <ele>13.2</ele>
      </trkpt>
      <trkpt lat="39.99057" lon="139.69612">
        <ele>12.9</ele>
      </trkpt>
      <trkpt lat="39.99053" lon="139.6961">
        <ele>12.6</ele>
      </trkpt>
      <trkpt lat="39.99052" lon="139.6961">
        <ele>12.6</ele>
      </trkpt>
      <trkpt lat="39.99043" lon="139.69611">
        <ele>12.7</ele>
      </trkpt>
      <trkpt lat="39.99038" lon="139.69612">
        <ele>12.7</ele>
      </trkpt>
      <trkpt lat="39.99034" lon="139.69614">
        <ele>12.9</ele>
      </trkpt>
      <trkpt lat="39.99032" lon="139.69615">
        <ele>13.0</ele>
      </trkpt>
      <trkpt lat="39.99026" lon="139.69618">
        <ele>13.3</ele>
      </trkpt>
      <trkpt lat="39.98986" lon="139.69643">
        <ele>15.1</ele>
      </trkpt>
      <trkpt lat="39.9892" lon="139.69684">
        <ele>14.1</ele>
      </trkpt>
      <trkpt lat="39.9892" lon="139.69685">
        <ele>14.2</ele>
      </trkpt>
      <trkpt lat="39.98904" lon="139.69695">
        <ele>14.0</ele>
      </trkpt>
      <trkpt lat="39.98881" lon="139.69709">
        <ele>13.6</ele>
      </trkpt>
      <trkpt lat="39.98872" lon="139.69715">
        <ele>13.6</ele>
      </trkpt>
      <trkpt lat="39.98842" lon="139.69734">
        <ele>13.6</ele>
      </trkpt>
      <trkpt lat="39.98807" lon="139.69755">
        <ele>13.5</ele>
      </trkpt>
      <trkpt lat="39.9875" lon="139.69792">
        <ele>15.6</ele>
      </trkpt>
      <trkpt lat="39.98744" lon="139.69795">
        <ele>15.7</ele>
      </trkpt>
      <trkpt lat="39.98719" lon="139.69811">
        <ele>17.0</ele>
      </trkpt>
      <trkpt lat="39.98708" lon="139.69816">
        <ele>17.1</ele>
      </trkpt>
      <trkpt lat="39.98688" lon="139.69826">
        <ele>17.4</ele>
      </trkpt>
      <trkpt lat="39.98685" lon="139.69828">
        <ele>17.5</ele>
      </trkpt>
      <trkpt lat="39.98676" lon="139.69832">
        <ele>17.5</ele>
      </trkpt>
      <trkpt lat="39.98667" lon="139.69836">
        <ele>17.5</ele>
      </trkpt>
      <trkpt lat="39.98659" lon="139.69839">
        <ele>18.3</ele>
      </trkpt>
      <trkpt lat="39.98633" lon="139.6985">
        <ele>21.2</ele>
      </trkpt>
      <trkpt lat="39.98625" lon="139.69854">
        <ele>22.1</ele>
      </trkpt>
      <trkpt lat="39.98616" lon="139.69858">
        <ele>23.0</ele>
      </trkpt>
      <trkpt lat="39.98601" lon="139.69865">
        <ele>24.6</ele>
      </trkpt>
      <trkpt lat="39.98599" lon="139.69865">
        <ele>24.6</ele>
      </trkpt>
      <trkpt lat="39.98591" lon="139.69869">
        <ele>25.5</ele>
      </trkpt>
      <trkpt lat="39.9857" lon="139.69879">
        <ele>26.8</ele>
      </trkpt>
      <trkpt lat="39.98566" lon="139.69881">
        <ele>27.1</ele>
      </trkpt>
      <trkpt lat="39.98557" lon="139.69885">
        <ele>27.5</ele>
      </trkpt>
      <trkpt lat="39.98547" lon="139.6989">
        <ele>28.2</ele>
      </trkpt>
      <trkpt lat="39.98544" lon="139.69891">
        <ele>28.4</ele>
      </trkpt>
      <trkpt lat="39.98527" lon="139.69899">
        <ele>29.6</ele>
      </trkpt>
      <trkpt lat="39.98519" lon="139.69903">
        <ele>30.3</ele>
      </trkpt>
      <trkpt lat="39.98513" lon="139.69905">
        <ele>30.7</ele>
      </trkpt>
      <trkpt lat="39.98502" lon="139.6991">
        <ele>31.7</ele>
      </trkpt>
      <trkpt lat="39.98495" lon="139.69913">
        <ele>32.0</ele>
      </trkpt>
      <trkpt lat="39.98491" lon="139.69914">
        <ele>32.0</ele>
      </trkpt>
      <trkpt lat="39.98485" lon="139.69916">
        <ele>32.0</ele>
      </trkpt>
      <trkpt lat="39.98476" lon="139.69919">
        <ele>31.8</ele>
      </trkpt>
      <trkpt lat="39.98467" lon="139.69921">
        <ele>31.5</ele>
      </trkpt>
      <trkpt lat="39.98455" lon="139.69923">
        <ele>31.0</ele>
      </trkpt>
      <trkpt lat="39.98446" lon="139.69924">
        <ele>30.6</ele>
      </trkpt>
      <trkpt lat="39.9844" lon="139.69925">
        <ele>30.3</ele>
      </trkpt>
      <trkpt lat="39.98432" lon="139.69926">
        <ele>30.0</ele>
      </trkpt>
      <trkpt lat="39.98388" lon="139.69933">
        <ele>30.3</ele>
      </trkpt>
      <trkpt lat="39.98383" lon="139.69933">
        <ele>30.4</ele>
      </trkpt>
      <trkpt lat="39.98356" lon="139.69936">
        <ele>31.2</ele>
      </trkpt>
      <trkpt lat="39.98333" lon="139.6994">
        <ele>32.0</ele>
      </trkpt>
      <trkpt lat="39.98329" lon="139.6994">
        <ele>32.1</ele>
      </trkpt>
      <trkpt lat="39.98317" lon="139.69942">
        <ele>32.8</ele>
      </trkpt>
      <trkpt lat="39.98298" lon="139.69945">
        <ele>33.8</ele>
      </trkpt>
      <trkpt lat="39.98289" lon="139.69946">
        <ele>34.2</ele>
      </trkpt>
      <trkpt lat="39.9828" lon="139.69947">
        <ele>34.7</ele>
      </trkpt>
      <trkpt lat="39.98271" lon="139.69948">
        <ele>35.2</ele>
      </trkpt>
      <trkpt lat="39.98262" lon="139.69949">
        <ele>35.6</ele>
      </trkpt>
      <trkpt lat="39.98251" lon="139.6995">
        <ele>36.2</ele>
      </trkpt>
      <trkpt lat="39.98242" lon="139.69952">
        <ele>36.3</ele>
      </trkpt>
      <trkpt lat="39.98226" lon="139.69954">
        <ele>36.4</ele>
      </trkpt>
      <trkpt lat="39.98208" lon="139.69956">
        <ele>36.3</ele>
      </trkpt>
      <trkpt lat="39.9818" lon="139.69961">
        <ele>36.3</ele>
      </trkpt>
      <trkpt lat="39.98154" lon="139.69965">
        <ele>36.9</ele>
      </trkpt>
      <trkpt lat="39.98128" lon="139.69968">
        <ele>38.2</ele>
      </trkpt>
      <trkpt lat="39.98116" lon="139.6997">
        <ele>38.8</ele>
      </trkpt>
      <trkpt lat="39.98109" lon="139.69971">
        <ele>39.2</ele>
      </trkpt>
      <trkpt lat="39.98101" lon="139.69972">
        <ele>39.5</ele>
      </trkpt>
      <trkpt lat="39.98096" lon="139.69973">
        <ele>39.8</ele>
      </trkpt>
      <trkpt lat="39.98091" lon="139.69975">
        <ele>40.1</ele>
      </trkpt>
      <trkpt lat="39.98084" lon="139.69977">
        <ele>40.4</ele>
      </trkpt>
      <trkpt lat="39.98078" lon="139.69979">
        <ele>40.2</ele>
      </trkpt>
      <trkpt lat="39.98064" lon="139.69985">
        <ele>39.8</ele>
      </trkpt>
      <trkpt lat="39.98057" lon="139.69988">
        <ele>39.7</ele>
      </trkpt>
      <trkpt lat="39.9805" lon="139.69992">
        <ele>39.7</ele>
      </trkpt>
      <trkpt lat="39.98041" lon="139.69997">
        <ele>39.8</ele>
      </trkpt>
      <trkpt lat="39.98038" lon="139.69999">
        <ele>39.8</ele>
      </trkpt>
      <trkpt lat="39.9803" lon="139.70004">
        <ele>40.4</ele>
      </trkpt>
      <trkpt lat="39.98025" lon="139.70008">
        <ele>40.9</ele>
      </trkpt>
      <trkpt lat="39.98017" lon="139.70015">
        <ele>42.0</ele>
      </trkpt>
      <trkpt lat="39.98003" lon="139.70027">
        <ele>44.2</ele>
      </trkpt>
      <trkpt lat="39.97987" lon="139.70043">
        <ele>47.0</ele>
      </trkpt>
      <trkpt lat="39.97974" lon="139.70053">
        <ele>48.2</ele>
      </trkpt>
      <trkpt lat="39.97966" lon="139.70061">
        <ele>49.1</ele>
      </trkpt>
      <trkpt lat="39.97953" lon="139.70073">
        <ele>49.8</ele>
      </trkpt>
      <trkpt lat="39.97948" lon="139.70078">
        <ele>50.1</ele>
      </trkpt>
      <trkpt lat="39.9793" lon="139.70095">
        <ele>50.7</ele>
      </trkpt>
      <trkpt lat="39.97914" lon="139.70109">
        <ele>50.7</ele>
      </trkpt>
      <trkpt lat="39.97898" lon="139.70125">
        <ele>50.1</ele>
      </trkpt>
      <trkpt lat="39.97884" lon="139.70137">
        <ele>49.3</ele>
      </trkpt>
      <trkpt lat="39.9787" lon="139.7015">
        <ele>48.7</ele>
      </trkpt>
      <trkpt lat="39.97846" lon="139.70172">
        <ele>47.7</ele>
      </trkpt>
      <trkpt lat="39.97831" lon="139.70187">
        <ele>47.4</ele>
      </trkpt>
      <trkpt lat="39.97818" lon="139.70199">
        <ele>47.4</ele>
      </trkpt>
      <trkpt lat="39.97796" lon="139.70219">
        <ele>47.5</ele>
      </trkpt>
      <trkpt lat="39.97788" lon="139.70227">
        <ele>47.8</ele>
      </trkpt>
      <trkpt lat="39.97775" lon="139.70238">
        <ele>47.9</ele>
      </trkpt>
      <trkpt lat="39.97765" lon="139.70248">
        <ele>48.3</ele>
      </trkpt>
      <trkpt lat="39.97757" lon="139.70256">
        <ele>48.6</ele>
      </trkpt>
      <trkpt lat="39.97747" lon="139.70265">
        <ele>48.7</ele>
      </trkpt>
      <trkpt lat="39.97736" lon="139.70275">
        <ele>48.7</ele>
      </trkpt>
      <trkpt lat="39.97729" lon="139.70282">
        <ele>48.9</ele>
      </trkpt>
      <trkpt lat="39.97716" lon="139.70294">
        <ele>49.4</ele>
      </trkpt>
      <trkpt lat="39.97708" lon="139.70301">
        <ele>49.8</ele>
      </trkpt>
      <trkpt lat="39.97698" lon="139.7031">
        <ele>50.5</ele>
      </trkpt>
      <trkpt lat="39.97692" lon="139.70316">
        <ele>51.2</ele>
      </trkpt>
      <trkpt lat="39.97685" lon="139.70323">
        <ele>52.1</ele>
      </trkpt>
      <trkpt lat="39.97664" lon="139.70342">
        <ele>54.2</ele>
      </trkpt>
      <trkpt lat="39.97657" lon="139.70349">
        <ele>54.5</ele>
      </trkpt>
      <trkpt lat="39.9765" lon="139.70354">
        <ele>54.5</ele>
      </trkpt>
      <trkpt lat="39.97643" lon="139.70361">
        <ele>55.1</ele>
      </trkpt>
      <trkpt lat="39.97637" lon="139.70366">
        <ele>55.5</ele>
      </trkpt>
      <trkpt lat="39.9763" lon="139.70371">
        <ele>55.8</ele>
      </trkpt>
      <trkpt lat="39.97627" lon="139.70374">
        <ele>56.2</ele>
      </trkpt>
      <trkpt lat="39.97622" lon="139.70378">
        <ele>56.7</ele>
      </trkpt>
      <trkpt lat="39.97617" lon="139.70381">
        <ele>57.0</ele>
      </trkpt>
      <trkpt lat="39.9761" lon="139.70385">
        <ele>57.4</ele>
      </trkpt>
      <trkpt lat="39.97603" lon="139.70388">
        <ele>57.6</ele>
      </trkpt>
      <trkpt lat="39.97596" lon="139.7039">
        <ele>57.5</ele>
      </trkpt>
      <trkpt lat="39.97591" lon="139.70391">
        <ele>57.4</ele>
      </trkpt>
      <trkpt lat="39.97587" lon="139.70393">
        <ele>57.7</ele>
      </trkpt>
      <trkpt lat="39.97581" lon="139.70394">
        <ele>57.6</ele>
      </trkpt>
      <trkpt lat="39.97554" lon="139.70398">
        <ele>58.0</ele>
      </trkpt>
      <trkpt lat="39.97534" lon="139.704">
        <ele>57.9</ele>
      </trkpt>
      <trkpt lat="39.97523" lon="139.704">
        <ele>57.6</ele>
      </trkpt>
      <trkpt lat="39.97509" lon="139.70402">
        <ele>57.6</ele>
      </trkpt>
      <trkpt lat="39.97507" lon="139.70403">
        <ele>57.8</ele>
      </trkpt>
      <trkpt lat="39.97496" lon="139.70404">
        <ele>57.9</ele>
      </trkpt>
      <trkpt lat="39.97491" lon="139.70404">
        <ele>58.0</ele>
      </trkpt>
      <trkpt lat="39.97473" lon="139.70406">
        <ele>59.0</ele>
      </trkpt>
      <trkpt lat="39.97472" lon="139.70406">
        <ele>59.0</ele>
      </trkpt>
      <trkpt lat="39.97455" lon="139.70408">
        <ele>59.9</ele>
      </trkpt>
      <trkpt lat="39.97454" lon="139.70408">
        <ele>59.9</ele>
      </trkpt>
      <trkpt lat="39.97443" lon="139.7041">
        <ele>60.7</ele>
      </trkpt>
      <trkpt lat="39.97438" lon="139.7041">
        <ele>60.8</ele>
      </trkpt>
      <trkpt lat="39.97437" lon="139.7041">
        <ele>60.8</ele>
      </trkpt>
      <trkpt lat="39.97421" lon="139.70411">
        <ele>61.5</ele>
      </trkpt>
      <trkpt lat="39.97419" lon="139.70411">
        <ele>61.5</ele>
      </trkpt>
      <trkpt lat="39.97408" lon="139.70412">
        <ele>61.7</ele>
      </trkpt>
      <trkpt lat="39.97401" lon="139.70413">
        <ele>61.9</ele>
      </trkpt>
      <trkpt lat="39.97383" lon="139.70414">
        <ele>62.0</ele>
      </trkpt>
      <trkpt lat="39.97381" lon="139.70415">
        <ele>62.2</ele>
      </trkpt>
      <trkpt lat="39.97365" lon="139.70416">
        <ele>62.2</ele>
      </trkpt>
      <trkpt lat="39.97365" lon="139.70417">
        <ele>62.5</ele>
      </trkpt>
      <trkpt lat="39.97356" lon="139.70418">
        <ele>62.6</ele>
      </trkpt>
      <trkpt lat="39.97349" lon="139.70419">
        <ele>62.7</ele>
      </trkpt>
      <trkpt lat="39.97345" lon="139.7042">
        <ele>62.8</ele>
      </trkpt>
      <trkpt lat="39.97341" lon="139.70421">
        <ele>63.0</ele>
      </trkpt>
      <trkpt lat="39.97339" lon="139.70422">
        <ele>63.1</ele>
      </trkpt>
      <trkpt lat="39.97338" lon="139.70423">
        <ele>63.3</ele>
      </trkpt>
      <trkpt lat="39.97336" lon="139.70424">
        <ele>63.5</ele>
      </trkpt>
      <trkpt lat="39.97333" lon="139.70426">
        <ele>63.8</ele>
      </trkpt>
      <trkpt lat="39.97331" lon="139.70428">
        <ele>63.9</ele>
      </trkpt>
      <trkpt lat="39.9733" lon="139.70428">
        <ele>63.8</ele>
      </trkpt>
      <trkpt lat="39.97328" lon="139.70431">
        <ele>64.2</ele>
      </trkpt>
      <trkpt lat="39.97326" lon="139.70434">
        <ele>64.5</ele>
      </trkpt>
      <trkpt lat="39.97323" lon="139.70438">
        <ele>65.0</ele>
      </trkpt>
      <trkpt lat="39.97321" lon="139.70441">
        <ele>65.4</ele>
      </trkpt>
      <trkpt lat="39.9732" lon="139.70445">
        <ele>66.1</ele>
      </trkpt>
      <trkpt lat="39.97319" lon="139.70448">
        <ele>66.6</ele>
      </trkpt>
      <trkpt lat="39.97318" lon="139.70452">
        <ele>67.3</ele>
      </trkpt>
      <trkpt lat="39.97318" lon="139.70457">
        <ele>68.4</ele>
      </trkpt>
      <trkpt lat="39.97318" lon="139.70462">
        <ele>69.4</ele>
      </trkpt>
      <trkpt lat="39.9732" lon="139.70479">
        <ele>73.0</ele>
      </trkpt>
      <trkpt lat="39.97323" lon="139.70505">
        <ele>77.8</ele>
      </trkpt>
      <trkpt lat="39.97324" lon="139.70515">
        <ele>78.7</ele>
      </trkpt>
      <trkpt lat="39.97325" lon="139.70519">
        <ele>79.0</ele>
      </trkpt>
      <trkpt lat="39.97327" lon="139.70543">
        <ele>81.0</ele>
      </trkpt>
      <trkpt lat="39.97327" lon="139.70548">
        <ele>81.4</ele>
      </trkpt>
      <trkpt lat="39.97327" lon="139.70552">
        <ele>81.7</ele>
      </trkpt>
      <trkpt lat="39.97327" lon="139.70556">
        <ele>82.0</ele>
      </trkpt>
      <trkpt lat="39.97326" lon="139.7056">
        <ele>82.3</ele>
      </trkpt>
      <trkpt lat="39.97325" lon="139.70563">
        <ele>82.6</ele>
      </trkpt>
      <trkpt lat="39.97323" lon="139.70566">
        <ele>82.8</ele>
      </trkpt>
      <trkpt lat="39.97321" lon="139.7057">
        <ele>83.2</ele>
      </trkpt>
      <trkpt lat="39.97319" lon="139.70572">
        <ele>83.4</ele>
      </trkpt>
      <trkpt lat="39.97317" lon="139.70574">
        <ele>83.6</ele>
      </trkpt>
      <trkpt lat="39.97314" lon="139.70575">
        <ele>83.7</ele>
      </trkpt>
      <trkpt lat="39.97312" lon="139.70576">
        <ele>83.8</ele>
      </trkpt>
      <trkpt lat="39.97311" lon="139.70577">
        <ele>83.9</ele>
      </trkpt>
      <trkpt lat="39.97307" lon="139.70578">
        <ele>84.1</ele>
      </trkpt>
      <trkpt lat="39.97304" lon="139.70578">
        <ele>84.2</ele>
      </trkpt>
      <trkpt lat="39.973" lon="139.70577">
        <ele>84.1</ele>
      </trkpt>
      <trkpt lat="39.97283" lon="139.70572">
        <ele>83.8</ele>
      </trkpt>
      <trkpt lat="39.97264" lon="139.70564">
        <ele>82.9</ele>
      </trkpt>
      <trkpt lat="39.97242" lon="139.70556">
        <ele>82.3</ele>
      </trkpt>
      <trkpt lat="39.97235" lon="139.70553">
        <ele>82.2</ele>
      </trkpt>
      <trkpt lat="39.97225" lon="139.7055">
        <ele>82.4</ele>
      </trkpt>
      <trkpt lat="39.97216" lon="139.70546">
        <ele>82.3</ele>
      </trkpt>
      <trkpt lat="39.97199" lon="139.7054">
        <ele>82.3</ele>
      </trkpt>
      <trkpt lat="39.97192" lon="139.70537">
        <ele>82.2</ele>
      </trkpt>
      <trkpt lat="39.97187" lon="139.70536">
        <ele>82.3</ele>
      </trkpt>
      <trkpt lat="39.97184" lon="139.70535">
        <ele>82.3</ele>
      </trkpt>
      <trkpt lat="39.97182" lon="139.70534">
        <ele>82.2</ele>
      </trkpt>
      <trkpt lat="39.97178" lon="139.70534">
        <ele>82.5</ele>
      </trkpt>
      <trkpt lat="39.97175" lon="139.70534">
        <ele>82.6</ele>
      </trkpt>
      <trkpt lat="39.97171" lon="139.70535">
        <ele>83.1</ele>
      </trkpt>
      <trkpt lat="39.97168" lon="139.70535">
        <ele>83.2</ele>
      </trkpt>
      <trkpt lat="39.97165" lon="139.70537">
        <ele>83.5</ele>
      </trkpt>
      <trkpt lat="39.97162" lon="139.70538">
        <ele>83.3</ele>
      </trkpt>
      <trkpt lat="39.97159" lon="139.70539">
        <ele>83.2</ele>
      </trkpt>
      <trkpt lat="39.97154" lon="139.70543">
        <ele>83.4</ele>
      </trkpt>
      <trkpt lat="39.97126" lon="139.70563">
        <ele>85.0</ele>
      </trkpt>
      <trkpt lat="39.97099" lon="139.70582">
        <ele>87.6</ele>
      </trkpt>
      <trkpt lat="39.97084" lon="139.70593">
        <ele>89.6</ele>
      </trkpt>
      <trkpt lat="39.97077" lon="139.70599">
        <ele>89.9</ele>
      </trkpt>
      <trkpt lat="39.97075" lon="139.70601">
        <ele>90.0</ele>
      </trkpt>
      <trkpt lat="39.97071" lon="139.70605">
        <ele>90.2</ele>
      </trkpt>
      <trkpt lat="39.97069" lon="139.70608">
        <ele>90.5</ele>
      </trkpt>
      <trkpt lat="39.97068" lon="139.7061">
        <ele>90.8</ele>
      </trkpt>
      <trkpt lat="39.97066" lon="139.70611">
        <ele>90.6</ele>
      </trkpt>
      <trkpt lat="39.97065" lon="139.70614">
        <ele>91.2</ele>
      </trkpt>
      <trkpt lat="39.97063" lon="139.70618">
        <ele>91.7</ele>
      </trkpt>
      <trkpt lat="39.97061" lon="139.70621">
        <ele>92.1</ele>
      </trkpt>
      <trkpt lat="39.97059" lon="139.70625">
        <ele>92.6</ele>
      </trkpt>
      <trkpt lat="39.97058" lon="139.70628">
        <ele>93.1</ele>
      </trkpt>
      <trkpt lat="39.97058" lon="139.70629">
        <ele>93.4</ele>
      </trkpt>
      <trkpt lat="39.97054" lon="139.7064">
        <ele>95.1</ele>
      </trkpt>
      <trkpt lat="39.97047" lon="139.7067">
        <ele>100.6</ele>
      </trkpt>
      <trkpt lat="39.97041" lon="139.70693">
        <ele>104.2</ele>
      </trkpt>
      <trkpt lat="39.97037" lon="139.70711">
        <ele>107.2</ele>
      </trkpt>
      <trkpt lat="39.97034" lon="139.70721">
        <ele>108.7</ele>
      </trkpt>
      <trkpt lat="39.97032" lon="139.70727">
        <ele>109.6</ele>
      </trkpt>
      <trkpt lat="39.97029" lon="139.70734">
        <ele>110.4</ele>
      </trkpt>
      <trkpt lat="39.97027" lon="139.70739">
        <ele>111.0</ele>
      </trkpt>
      <trkpt lat="39.97024" lon="139.70742">
        <ele>111.0</ele>
      </trkpt>
      <trkpt lat="39.97021" lon="139.70746">
        <ele>111.1</ele>
      </trkpt>
      <trkpt lat="39.97017" lon="139.70751">
        <ele>111.3</ele>
      </trkpt>
      <trkpt lat="39.97008" lon="139.70758">
        <ele>111.1</ele>
      </trkpt>
      <trkpt lat="39.97002" lon="139.70764">
        <ele>111.5</ele>
      </trkpt>
      <trkpt lat="39.96984" lon="139.70779">
        <ele>111.8</ele>
      </trkpt>
      <trkpt lat="39.96983" lon="139.70779">
        <ele>111.5</ele>
      </trkpt>
      <trkpt lat="39.96977" lon="139.70784">
        <ele>111.5</ele>
      </trkpt>
      <trkpt lat="39.96973" lon="139.70788">
        <ele>111.7</ele>
      </trkpt>
      <trkpt lat="39.9697" lon="139.7079">
        <ele>111.5</ele>
      </trkpt>
      <trkpt lat="39.96969" lon="139.70792">
        <ele>111.8</ele>
      </trkpt>
      <trkpt lat="39.96966" lon="139.70794">
        <ele>111.7</ele>
      </trkpt>
      <trkpt lat="39.96962" lon="139.70798">
        <ele>111.8</ele>
      </trkpt>
      <trkpt lat="39.9696" lon="139.70802">
        <ele>112.3</ele>
      </trkpt>
      <trkpt lat="39.96956" lon="139.70807">
        <ele>112.6</ele>
      </trkpt>
      <trkpt lat="39.96947" lon="139.70823">
        <ele>114.4</ele>
      </trkpt>
      <trkpt lat="39.96945" lon="139.70826">
        <ele>114.7</ele>
      </trkpt>
      <trkpt lat="39.96935" lon="139.70845">
        <ele>114.8</ele>
      </trkpt>
      <trkpt lat="39.96934" lon="139.70845">
        <ele>114.6</ele>
      </trkpt>
      <trkpt lat="39.96932" lon="139.70849">
        <ele>114.4</ele>
      </trkpt>
      <trkpt lat="39.9693" lon="139.70854">
        <ele>114.3</ele>
      </trkpt>
      <trkpt lat="39.96928" lon="139.70858">
        <ele>114.1</ele>
      </trkpt>
      <trkpt lat="39.96926" lon="139.70864">
        <ele>114.0</ele>
      </trkpt>
      <trkpt lat="39.96925" lon="139.70867">
        <ele>114.0</ele>
      </trkpt>
      <trkpt lat="39.96924" lon="139.70872">
        <ele>114.2</ele>
      </trkpt>
      <trkpt lat="39.96924" lon="139.70878">
        <ele>114.7</ele>
      </trkpt>
      <trkpt lat="39.96924" lon="139.70884">
        <ele>115.2</ele>
      </trkpt>
      <trkpt lat="39.96926" lon="139.70892">
        <ele>116.4</ele>
      </trkpt>
      <trkpt lat="39.96928" lon="139.70897">
        <ele>117.3</ele>
      </trkpt>
      <trkpt lat="39.96931" lon="139.70903">
        <ele>118.6</ele>
      </trkpt>
      <trkpt lat="39.96935" lon="139.70912">
        <ele>120.5</ele>
      </trkpt>
      <trkpt lat="39.96954" lon="139.70949">
        <ele>126.2</ele>
      </trkpt>
      <trkpt lat="39.96964" lon="139.70968">
        <ele>128.4</ele>
      </trkpt>
      <trkpt lat="39.96974" lon="139.70987">
        <ele>130.1</ele>
      </trkpt>
      <trkpt lat="39.96976" lon="139.7099">
        <ele>130.4</ele>
      </trkpt>
      <trkpt lat="39.96984" lon="139.71006">
        <ele>131.4</ele>
      </trkpt>
      <trkpt lat="39.96987" lon="139.71012">
        <ele>131.8</ele>
      </trkpt>
      <trkpt lat="39.96994" lon="139.71025">
        <ele>132.6</ele>
      </trkpt>
      <trkpt lat="39.96994" lon="139.71026">
        <ele>132.6</ele>
      </trkpt>
      <trkpt lat="39.97003" lon="139.71046">
        <ele>133.1</ele>
      </trkpt>
      <trkpt lat="39.9701" lon="139.71063">
        <ele>133.1</ele>
      </trkpt>
      <trkpt lat="39.97013" lon="139.71072">
        <ele>133.0</ele>
      </trkpt>
      <trkpt lat="39.97016" lon="139.7108">
        <ele>132.9</ele>
      </trkpt>
      <trkpt lat="39.97018" lon="139.71089">
        <ele>132.8</ele>
      </trkpt>
      <trkpt lat="39.9702" lon="139.71097">
        <ele>132.7</ele>
      </trkpt>
      <trkpt lat="39.97022" lon="139.71106">
        <ele>132.6</ele>
      </trkpt>
      <trkpt lat="39.97024" lon="139.71111">
        <ele>132.5</ele>
      </trkpt>
      <trkpt lat="39.97024" lon="139.71115">
        <ele>132.4</ele>
      </trkpt>
      <trkpt lat="39.97026" lon="139.71123">
        <ele>132.3</ele>
      </trkpt>
      <trkpt lat="39.97027" lon="139.71132">
        <ele>132.1</ele>
      </trkpt>
      <trkpt lat="39.97027" lon="139.71134">
        <ele>132.1</ele>
      </trkpt>
      <trkpt lat="39.97028" lon="139.71142">
        <ele>131.9</ele>
      </trkpt>
      <trkpt lat="39.97028" lon="139.71148">
        <ele>131.8</ele>
      </trkpt>
      <trkpt lat="39.97028" lon="139.71157">
        <ele>131.6</ele>
      </trkpt>
      <trkpt lat="39.97028" lon="139.71163">
        <ele>131.4</ele>
      </trkpt>
      <trkpt lat="39.97028" lon="139.71177">
        <ele>130.9</ele>
      </trkpt>
      <trkpt lat="39.97027" lon="139.71191">
        <ele>130.4</ele>
      </trkpt>
      <trkpt lat="39.97025" lon="139.71203">
        <ele>129.9</ele>
      </trkpt>
      <trkpt lat="39.97024" lon="139.71211">
        <ele>129.5</ele>
      </trkpt>
      <trkpt lat="39.97021" lon="139.71227">
        <ele>128.9</ele>
      </trkpt>
      <trkpt lat="39.97021" lon="139.71231">
        <ele>128.7</ele>
      </trkpt>
      <trkpt lat="39.9702" lon="139.71233">
        <ele>128.7</ele>
      </trkpt>
      <trkpt lat="39.97017" lon="139.71243">
        <ele>128.3</ele>
      </trkpt>
      <trkpt lat="39.97013" lon="139.71255">
        <ele>127.7</ele>
      </trkpt>
      <trkpt lat="39.97012" lon="139.71257">
        <ele>127.7</ele>
      </trkpt>
      <trkpt lat="39.97009" lon="139.71267">
        <ele>127.2</ele>
      </trkpt>
      <trkpt lat="39.96983" lon="139.71334">
        <ele>122.4</ele>
      </trkpt>
      <trkpt lat="39.96983" lon="139.71336">
        <ele>122.4</ele>
      </trkpt>
      <trkpt lat="39.96981" lon="139.71339">
        <ele>122.3</ele>
      </trkpt>
      <trkpt lat="39.96974" lon="139.71357">
        <ele>122.1</ele>
      </trkpt>
      <trkpt lat="39.96973" lon="139.7136">
        <ele>122.1</ele>
      </trkpt>
      <trkpt lat="39.96968" lon="139.71372">
        <ele>122.2</ele>
      </trkpt>
      <trkpt lat="39.96966" lon="139.71377">
        <ele>122.4</ele>
      </trkpt>
      <trkpt lat="39.96965" lon="139.71381">
        <ele>122.5</ele>
      </trkpt>
      <trkpt lat="39.96958" lon="139.71398">
        <ele>123.1</ele>
      </trkpt>
      <trkpt lat="39.96956" lon="139.71402">
        <ele>123.3</ele>
      </trkpt>
      <trkpt lat="39.96949" lon="139.71419">
        <ele>124.2</ele>
      </trkpt>
      <trkpt lat="39.96937" lon="139.71448">
        <ele>124.7</ele>
      </trkpt>
      <trkpt lat="39.96929" lon="139.7147">
        <ele>125.2</ele>
      </trkpt>
      <trkpt lat="39.96916" lon="139.71502">
        <ele>125.9</ele>
      </trkpt>
      <trkpt lat="39.96916" lon="139.71504">
        <ele>125.8</ele>
      </trkpt>
      <trkpt lat="39.96908" lon="139.71524">
        <ele>124.6</ele>
      </trkpt>
      <trkpt lat="39.96903" lon="139.71539">
        <ele>123.8</ele>
      </trkpt>
      <trkpt lat="39.96898" lon="139.71562">
        <ele>122.7</ele>
      </trkpt>
      <trkpt lat="39.9689" lon="139.71594">
        <ele>122.3</ele>
      </trkpt>
      <trkpt lat="39.96886" lon="139.71613">
        <ele>123.5</ele>
      </trkpt>
      <trkpt lat="39.96881" lon="139.71635">
        <ele>125.0</ele>
      </trkpt>
      <trkpt lat="39.9688" lon="139.71638">
        <ele>125.2</ele>
      </trkpt>
      <trkpt lat="39.9688" lon="139.71639">
        <ele>125.3</ele>
      </trkpt>
      <trkpt lat="39.96875" lon="139.71661">
        <ele>127.0</ele>
      </trkpt>
      <trkpt lat="39.96871" lon="139.71683">
        <ele>127.4</ele>
      </trkpt>
      <trkpt lat="39.96867" lon="139.71703">
        <ele>127.2</ele>
      </trkpt>
      <trkpt lat="39.96859" lon="139.71741">
        <ele>126.9</ele>
      </trkpt>
      <trkpt lat="39.96856" lon="139.71756">
        <ele>126.9</ele>
      </trkpt>
      <trkpt lat="39.96853" lon="139.71767">
        <ele>126.9</ele>
      </trkpt>
      <trkpt lat="39.96851" lon="139.71774">
        <ele>127.0</ele>
      </trkpt>
      <trkpt lat="39.96849" lon="139.71778">
        <ele>127.0</ele>
      </trkpt>
      <trkpt lat="39.96846" lon="139.71787">
        <ele>127.1</ele>
      </trkpt>
      <trkpt lat="39.96841" lon="139.71799">
        <ele>127.2</ele>
      </trkpt>
      <trkpt lat="39.96837" lon="139.71809">
        <ele>127.4</ele>
      </trkpt>
      <trkpt lat="39.96832" lon="139.7182">
        <ele>127.6</ele>
      </trkpt>
      <trkpt lat="39.96828" lon="139.71827">
        <ele>127.5</ele>
      </trkpt>
      <trkpt lat="39.96821" lon="139.71839">
        <ele>127.4</ele>
      </trkpt>
      <trkpt lat="39.96808" lon="139.71857">
        <ele>127.4</ele>
      </trkpt>
      <trkpt lat="39.96801" lon="139.71866">
        <ele>127.5</ele>
      </trkpt>
      <trkpt lat="39.96799" lon="139.71868">
        <ele>127.6</ele>
      </trkpt>
      <trkpt lat="39.9679" lon="139.71877">
        <ele>127.8</ele>
      </trkpt>
      <trkpt lat="39.96785" lon="139.71882">
        <ele>128.1</ele>
      </trkpt>
      <trkpt lat="39.96779" lon="139.71887">
        <ele>128.3</ele>
      </trkpt>
      <trkpt lat="39.96775" lon="139.7189">
        <ele>128.5</ele>
      </trkpt>
      <trkpt lat="39.96769" lon="139.71895">
        <ele>128.9</ele>
      </trkpt>
      <trkpt lat="39.9676" lon="139.71901">
        <ele>129.4</ele>
      </trkpt>
      <trkpt lat="39.96758" lon="139.71902">
        <ele>129.5</ele>
      </trkpt>
      <trkpt lat="39.96753" lon="139.71905">
        <ele>129.8</ele>
      </trkpt>
      <trkpt lat="39.96749" lon="139.71908">
        <ele>130.2</ele>
      </trkpt>
      <trkpt lat="39.96736" lon="139.71913">
        <ele>131.6</ele>
      </trkpt>
      <trkpt lat="39.96732" lon="139.71915">
        <ele>132.1</ele>
      </trkpt>
      <trkpt lat="39.96729" lon="139.71916">
        <ele>132.4</ele>
      </trkpt>
      <trkpt lat="39.96698" lon="139.71929">
        <ele>135.0</ele>
      </trkpt>
      <trkpt lat="39.96667" lon="139.71942">
        <ele>137.9</ele>
      </trkpt>
      <trkpt lat="39.96662" lon="139.71944">
        <ele>138.0</ele>
      </trkpt>
      <trkpt lat="39.9665" lon="139.71949">
        <ele>138.4</ele>
      </trkpt>
      <trkpt lat="39.96641" lon="139.71954">
        <ele>138.7</ele>
      </trkpt>
      <trkpt lat="39.96634" lon="139.71958">
        <ele>139.1</ele>
      </trkpt>
      <trkpt lat="39.96634" lon="139.71959">
        <ele>139.1</ele>
      </trkpt>
      <trkpt lat="39.96632" lon="139.7196">
        <ele>139.2</ele>
      </trkpt>
      <trkpt lat="39.96625" lon="139.71966">
        <ele>139.8</ele>
      </trkpt>
      <trkpt lat="39.96619" lon="139.71973">
        <ele>140.4</ele>
      </trkpt>
      <trkpt lat="39.96618" lon="139.71974">
        <ele>140.5</ele>
      </trkpt>
      <trkpt lat="39.96607" lon="139.71989">
        <ele>142.0</ele>
      </trkpt>
      <trkpt lat="39.96596" lon="139.72007">
        <ele>143.3</ele>
      </trkpt>
      <trkpt lat="39.96595" lon="139.72007">
        <ele>143.4</ele>
      </trkpt>
      <trkpt lat="39.96584" lon="139.72025">
        <ele>143.7</ele>
      </trkpt>
      <trkpt lat="39.96584" lon="139.72026">
        <ele>143.7</ele>
      </trkpt>
      <trkpt lat="39.96578" lon="139.72036">
        <ele>142.6</ele>
      </trkpt>
      <trkpt lat="39.96568" lon="139.72051">
        <ele>140.4</ele>
      </trkpt>
      <trkpt lat="39.96565" lon="139.72056">
        <ele>139.6</ele>
      </trkpt>
      <trkpt lat="39.96564" lon="139.72061">
        <ele>139.2</ele>
      </trkpt>
      <trkpt lat="39.96562" lon="139.72068">
        <ele>138.5</ele>
      </trkpt>
      <trkpt lat="39.96561" lon="139.72076">
        <ele>137.9</ele>
      </trkpt>
      <trkpt lat="39.9656" lon="139.72087">
        <ele>137.2</ele>
      </trkpt>
      <trkpt lat="39.9656" lon="139.72093">
        <ele>136.8</ele>
      </trkpt>
      <trkpt lat="39.96561" lon="139.72096">
        <ele>136.9</ele>
      </trkpt>
      <trkpt lat="39.96562" lon="139.72101">
        <ele>136.8</ele>
      </trkpt>
      <trkpt lat="39.96562" lon="139.72106">
        <ele>136.5</ele>
      </trkpt>
      <trkpt lat="39.96563" lon="139.72111">
        <ele>136.5</ele>
      </trkpt>
      <trkpt lat="39.96566" lon="139.7212">
        <ele>136.7</ele>
      </trkpt>
      <trkpt lat="39.96569" lon="139.72132">
        <ele>136.8</ele>
      </trkpt>
      <trkpt lat="39.96572" lon="139.72144">
        <ele>137.0</ele>
      </trkpt>
      <trkpt lat="39.96575" lon="139.72154">
        <ele>137.3</ele>
      </trkpt>
      <trkpt lat="39.96596" lon="139.72228">
        <ele>128.9</ele>
      </trkpt>
      <trkpt lat="39.96606" lon="139.72264">
        <ele>124.3</ele>
      </trkpt>
      <trkpt lat="39.96613" lon="139.72286">
        <ele>123.3</ele>
      </trkpt>
      <trkpt lat="39.96616" lon="139.72299">
        <ele>122.9</ele>
      </trkpt>
      <trkpt lat="39.96617" lon="139.72301">
        <ele>122.8</ele>
      </trkpt>
      <trkpt lat="39.96619" lon="139.7231">
        <ele>122.5</ele>
      </trkpt>
      <trkpt lat="39.9662" lon="139.72315">
        <ele>122.4</ele>
      </trkpt>
      <trkpt lat="39.9662" lon="139.72319">
        <ele>122.4</ele>
      </trkpt>
      <trkpt lat="39.96621" lon="139.72326">
        <ele>122.3</ele>
      </trkpt>
      <trkpt lat="39.96621" lon="139.72331">
        <ele>122.2</ele>
      </trkpt>
      <trkpt lat="39.9662" lon="139.72335">
        <ele>122.3</ele>
      </trkpt>
      <trkpt lat="39.9662" lon="139.72338">
        <ele>122.3</ele>
      </trkpt>
      <trkpt lat="39.96619" lon="139.72342">
        <ele>122.5</ele>
      </trkpt>
      <trkpt lat="39.96618" lon="139.72346">
        <ele>122.6</ele>
      </trkpt>
      <trkpt lat="39.96616" lon="139.72349">
        <ele>122.8</ele>
      </trkpt>
      <trkpt lat="39.96612" lon="139.72356">
        <ele>123.3</ele>
      </trkpt>
      <trkpt lat="39.96607" lon="139.72364">
        <ele>124.0</ele>
      </trkpt>
      <trkpt lat="39.96602" lon="139.7237">
        <ele>124.8</ele>
      </trkpt>
      <trkpt lat="39.96598" lon="139.72373">
        <ele>125.3</ele>
      </trkpt>
      <trkpt lat="39.96594" lon="139.72376">
        <ele>125.9</ele>
      </trkpt>
      <trkpt lat="39.96589" lon="139.72379">
        <ele>126.6</ele>
      </trkpt>
      <trkpt lat="39.96586" lon="139.72381">
        <ele>127.1</ele>
      </trkpt>
      <trkpt lat="39.96567" lon="139.72392">
        <ele>126.5</ele>
      </trkpt>
      <trkpt lat="39.96559" lon="139.72397">
        <ele>126.2</ele>
      </trkpt>
      <trkpt lat="39.9655" lon="139.72403">
        <ele>126.0</ele>
      </trkpt>
      <trkpt lat="39.9655" lon="139.72403">
        <ele>126.0</ele>
      </trkpt>
      <trkpt lat="39.96548" lon="139.72419">
        <ele>127.3</ele>
      </trkpt>
      <trkpt lat="39.96545" lon="139.72442">
        <ele>125.9</ele>
      </trkpt>
      <trkpt lat="39.96542" lon="139.72456">
        <ele>125.1</ele>
      </trkpt>
      <trkpt lat="39.9654" lon="139.72464">
        <ele>124.7</ele>
      </trkpt>
      <trkpt lat="39.9654" lon="139.72465">
        <ele>124.7</ele>
      </trkpt>
      <trkpt lat="39.9654" lon="139.72472">
        <ele>124.4</ele>
      </trkpt>
      <trkpt lat="39.9654" lon="139.72477">
        <ele>124.1</ele>
      </trkpt>
      <trkpt lat="39.96541" lon="139.72482">
        <ele>123.9</ele>
      </trkpt>
      <trkpt lat="39.96543" lon="139.72487">
        <ele>123.6</ele>
      </trkpt>
      <trkpt lat="39.96543" lon="139.72489">
        <ele>123.5</ele>
      </trkpt>
      <trkpt lat="39.9655" lon="139.72502">
        <ele>122.5</ele>
      </trkpt>
      <trkpt lat="39.96553" lon="139.72506">
        <ele>122.0</ele>
      </trkpt>
      <trkpt lat="39.96557" lon="139.72515">
        <ele>121.1</ele>
      </trkpt>
      <trkpt lat="39.9656" lon="139.72521">
        <ele>120.5</ele>
      </trkpt>
      <trkpt lat="39.96562" lon="139.72526">
        <ele>119.9</ele>
      </trkpt>
      <trkpt lat="39.96562" lon="139.72527">
        <ele>119.8</ele>
      </trkpt>
      <trkpt lat="39.96563" lon="139.72531">
        <ele>119.5</ele>
      </trkpt>
      <trkpt lat="39.96564" lon="139.72534">
        <ele>119.1</ele>
      </trkpt>
      <trkpt lat="39.96564" lon="139.72537">
        <ele>118.9</ele>
      </trkpt>
      <trkpt lat="39.96563" lon="139.72539">
        <ele>118.8</ele>
      </trkpt>
      <trkpt lat="39.96563" lon="139.72541">
        <ele>118.6</ele>
      </trkpt>
      <trkpt lat="39.96562" lon="139.72543">
        <ele>118.6</ele>
      </trkpt>
      <trkpt lat="39.96561" lon="139.72546">
        <ele>118.4</ele>
      </trkpt>
      <trkpt lat="39.9656" lon="139.72547">
        <ele>118.4</ele>
      </trkpt>
      <trkpt lat="39.96557" lon="139.7255">
        <ele>118.4</ele>
      </trkpt>
      <trkpt lat="39.9655" lon="139.72556">
        <ele>118.6</ele>
      </trkpt>
      <trkpt lat="39.96548" lon="139.72559">
        <ele>118.5</ele>
      </trkpt>
      <trkpt lat="39.96546" lon="139.7256">
        <ele>118.6</ele>
      </trkpt>
      <trkpt lat="39.96545" lon="139.72562">
        <ele>118.6</ele>
      </trkpt>
      <trkpt lat="39.96545" lon="139.72563">
        <ele>118.5</ele>
      </trkpt>
      <trkpt lat="39.96543" lon="139.72568">
        <ele>118.4</ele>
      </trkpt>
      <trkpt lat="39.96543" lon="139.7257">
        <ele>118.2</ele>
      </trkpt>
      <trkpt lat="39.96543" lon="139.72573">
        <ele>118.0</ele>
      </trkpt>
      <trkpt lat="39.96543" lon="139.72577">
        <ele>117.8</ele>
      </trkpt>
      <trkpt lat="39.96543" lon="139.72581">
        <ele>117.5</ele>
      </trkpt>
      <trkpt lat="39.96545" lon="139.72585">
        <ele>117.0</ele>
      </trkpt>
      <trkpt lat="39.96546" lon="139.72587">
        <ele>116.8</ele>
      </trkpt>
      <trkpt lat="39.96552" lon="139.72596">
        <ele>115.7</ele>
      </trkpt>
      <trkpt lat="39.96554" lon="139.72601">
        <ele>115.2</ele>
      </trkpt>
      <trkpt lat="39.96556" lon="139.72605">
        <ele>114.7</ele>
      </trkpt>
      <trkpt lat="39.96557" lon="139.72609">
        <ele>114.4</ele>
      </trkpt>
      <trkpt lat="39.96559" lon="139.72614">
        <ele>113.9</ele>
      </trkpt>
      <trkpt lat="39.9656" lon="139.72621">
        <ele>113.4</ele>
      </trkpt>
      <trkpt lat="39.96561" lon="139.72626">
        <ele>113.0</ele>
      </trkpt>
      <trkpt lat="39.96562" lon="139.72628">
        <ele>112.8</ele>
      </trkpt>
      <trkpt lat="39.96562" lon="139.72633">
        <ele>112.5</ele>
      </trkpt>
      <trkpt lat="39.96563" lon="139.72637">
        <ele>112.1</ele>
      </trkpt>
      <trkpt lat="39.96563" lon="139.72644">
        <ele>111.7</ele>
      </trkpt>
      <trkpt lat="39.96563" lon="139.72649">
        <ele>111.4</ele>
      </trkpt>
      <trkpt lat="39.96563" lon="139.7265">
        <ele>111.4</ele>
      </trkpt>
      <trkpt lat="39.96562" lon="139.72658">
        <ele>111.0</ele>
      </trkpt>
      <trkpt lat="39.96562" lon="139.72663">
        <ele>110.8</ele>
      </trkpt>
      <trkpt lat="39.96561" lon="139.72668">
        <ele>110.5</ele>
      </trkpt>
      <trkpt lat="39.9656" lon="139.72672">
        <ele>110.2</ele>
      </trkpt>
      <trkpt lat="39.96559" lon="139.72674">
        <ele>110.1</ele>
      </trkpt>
      <trkpt lat="39.96558" lon="139.72678">
        <ele>109.8</ele>
      </trkpt>
      <trkpt lat="39.96555" lon="139.72683">
        <ele>109.6</ele>
      </trkpt>
      <trkpt lat="39.96553" lon="139.72687">
        <ele>109.4</ele>
      </trkpt>
      <trkpt lat="39.9655" lon="139.7269">
        <ele>109.4</ele>
      </trkpt>
      <trkpt lat="39.96549" lon="139.7269">
        <ele>109.5</ele>
      </trkpt>
      <trkpt lat="39.96546" lon="139.72693">
        <ele>109.5</ele>
      </trkpt>
      <trkpt lat="39.9654" lon="139.72696">
        <ele>109.8</ele>
      </trkpt>
      <trkpt lat="39.96521" lon="139.72708">
        <ele>110.4</ele>
      </trkpt>
      <trkpt lat="39.96518" lon="139.72711">
        <ele>110.3</ele>
      </trkpt>
      <trkpt lat="39.96517" lon="139.72711">
        <ele>110.4</ele>
      </trkpt>
      <trkpt lat="39.96515" lon="139.72714">
        <ele>110.3</ele>
      </trkpt>
      <trkpt lat="39.96513" lon="139.72716">
        <ele>110.2</ele>
      </trkpt>
      <trkpt lat="39.96511" lon="139.72719">
        <ele>110.0</ele>
      </trkpt>
      <trkpt lat="39.96511" lon="139.72722">
        <ele>109.6</ele>
      </trkpt>
      <trkpt lat="39.9651" lon="139.72725">
        <ele>109.3</ele>
      </trkpt>
      <trkpt lat="39.9651" lon="139.72729">
        <ele>108.8</ele>
      </trkpt>
      <trkpt lat="39.9651" lon="139.72732">
        <ele>108.5</ele>
      </trkpt>
      <trkpt lat="39.9651" lon="139.72733">
        <ele>108.3</ele>
      </trkpt>
      <trkpt lat="39.96511" lon="139.72736">
        <ele>107.9</ele>
      </trkpt>
      <trkpt lat="39.96513" lon="139.72741">
        <ele>107.0</ele>
      </trkpt>
      <trkpt lat="39.96516" lon="139.72749">
        <ele>105.8</ele>
      </trkpt>
      <trkpt lat="39.96517" lon="139.72753">
        <ele>105.0</ele>
      </trkpt>
      <trkpt lat="39.96518" lon="139.72755">
        <ele>104.6</ele>
      </trkpt>
      <trkpt lat="39.96519" lon="139.72759">
        <ele>103.8</ele>
      </trkpt>
      <trkpt lat="39.96519" lon="139.72762">
        <ele>103.3</ele>
      </trkpt>
      <trkpt lat="39.96519" lon="139.72765">
        <ele>102.8</ele>
      </trkpt>
      <trkpt lat="39.96518" lon="139.72768">
        <ele>102.3</ele>
      </trkpt>
      <trkpt lat="39.96517" lon="139.72772">
        <ele>101.7</ele>
      </trkpt>
      <trkpt lat="39.96515" lon="139.72775">
        <ele>101.2</ele>
      </trkpt>
      <trkpt lat="39.96515" lon="139.72775">
        <ele>101.2</ele>
      </trkpt>
      <trkpt lat="39.96506" lon="139.72755">
        <ele>105.5</ele>
      </trkpt>
      <trkpt lat="39.96501" lon="139.72744">
        <ele>107.7</ele>
      </trkpt>
      <trkpt lat="39.96497" lon="139.72737">
        <ele>108.9</ele>
      </trkpt>
      <trkpt lat="39.96497" lon="139.72735">
        <ele>109.2</ele>
      </trkpt>
      <trkpt lat="39.96494" lon="139.7273">
        <ele>110.1</ele>
      </trkpt>
      <trkpt lat="39.96486" lon="139.72716">
        <ele>112.5</ele>
      </trkpt>
      <trkpt lat="39.96479" lon="139.72705">
        <ele>114.4</ele>
      </trkpt>
      <trkpt lat="39.96476" lon="139.72699">
        <ele>115.5</ele>
      </trkpt>
      <trkpt lat="39.96475" lon="139.72697">
        <ele>115.8</ele>
      </trkpt>
      <trkpt lat="39.96474" lon="139.72695">
        <ele>116.1</ele>
      </trkpt>
      <trkpt lat="39.96473" lon="139.7269">
        <ele>116.9</ele>
      </trkpt>
      <trkpt lat="39.96472" lon="139.72686">
        <ele>117.5</ele>
      </trkpt>
      <trkpt lat="39.96471" lon="139.72681">
        <ele>118.2</ele>
      </trkpt>
      <trkpt lat="39.96471" lon="139.72675">
        <ele>119.0</ele>
      </trkpt>
      <trkpt lat="39.96471" lon="139.72673">
        <ele>119.2</ele>
      </trkpt>
      <trkpt lat="39.9647" lon="139.72654">
        <ele>120.2</ele>
      </trkpt>
      <trkpt lat="39.9647" lon="139.72651">
        <ele>120.2</ele>
      </trkpt>
      <trkpt lat="39.9647" lon="139.72628">
        <ele>120.1</ele>
      </trkpt>
      <trkpt lat="39.9647" lon="139.72625">
        <ele>120.1</ele>
      </trkpt>
      <trkpt lat="39.9647" lon="139.72612">
        <ele>120.0</ele>
      </trkpt>
      <trkpt lat="39.96469" lon="139.72604">
        <ele>120.0</ele>
      </trkpt>
      <trkpt lat="39.96469" lon="139.72588">
        <ele>120.0</ele>
      </trkpt>
      <trkpt lat="39.96469" lon="139.72581">
        <ele>120.0</ele>
      </trkpt>
      <trkpt lat="39.96469" lon="139.72579">
        <ele>120.0</ele>
      </trkpt>
      <trkpt lat="39.96468" lon="139.72574">
        <ele>119.7</ele>
      </trkpt>
      <trkpt lat="39.96467" lon="139.72567">
        <ele>119.4</ele>
      </trkpt>
      <trkpt lat="39.96465" lon="139.72559">
        <ele>118.8</ele>
      </trkpt>
      <trkpt lat="39.96465" lon="139.72558">
        <ele>118.8</ele>
      </trkpt>
      <trkpt lat="39.96463" lon="139.72554">
        <ele>118.3</ele>
      </trkpt>
      <trkpt lat="39.96461" lon="139.72548">
        <ele>117.8</ele>
      </trkpt>
      <trkpt lat="39.96458" lon="139.72541">
        <ele>116.9</ele>
      </trkpt>
      <trkpt lat="39.96456" lon="139.72537">
        <ele>116.3</ele>
      </trkpt>
      <trkpt lat="39.96453" lon="139.7253">
        <ele>115.3</ele>
      </trkpt>
      <trkpt lat="39.9645" lon="139.72524">
        <ele>114.3</ele>
      </trkpt>
      <trkpt lat="39.96446" lon="139.72518">
        <ele>113.0</ele>
      </trkpt>
      <trkpt lat="39.96445" lon="139.72518">
        <ele>112.8</ele>
      </trkpt>
      <trkpt lat="39.96442" lon="139.72512">
        <ele>111.6</ele>
      </trkpt>
      <trkpt lat="39.96434" lon="139.72504">
        <ele>108.8</ele>
      </trkpt>
      <trkpt lat="39.96433" lon="139.72502">
        <ele>108.4</ele>
      </trkpt>
      <trkpt lat="39.96424" lon="139.72492">
        <ele>105.4</ele>
      </trkpt>
      <trkpt lat="39.9642" lon="139.72488">
        <ele>104.1</ele>
      </trkpt>
      <trkpt lat="39.96419" lon="139.72487">
        <ele>103.8</ele>
      </trkpt>
      <trkpt lat="39.96417" lon="139.72484">
        <ele>103.1</ele>
      </trkpt>
      <trkpt lat="39.96414" lon="139.72481">
        <ele>102.6</ele>
      </trkpt>
      <trkpt lat="39.96412" lon="139.72475">
        <ele>102.0</ele>
      </trkpt>
      <trkpt lat="39.96409" lon="139.72469">
        <ele>101.2</ele>
      </trkpt>
      <trkpt lat="39.96408" lon="139.72468">
        <ele>101.0</ele>
      </trkpt>
      <trkpt lat="39.96408" lon="139.72465">
        <ele>100.8</ele>
      </trkpt>
      <trkpt lat="39.96407" lon="139.72459">
        <ele>100.2</ele>
      </trkpt>
      <trkpt lat="39.96406" lon="139.72451">
        <ele>99.5</ele>
      </trkpt>
      <trkpt lat="39.96405" lon="139.72445">
        <ele>98.9</ele>
      </trkpt>
      <trkpt lat="39.96405" lon="139.72438">
        <ele>98.4</ele>
      </trkpt>
      <trkpt lat="39.96404" lon="139.72429">
        <ele>97.5</ele>
      </trkpt>
      <trkpt lat="39.96402" lon="139.72422">
        <ele>96.6</ele>
      </trkpt>
      <trkpt lat="39.96402" lon="139.72421">
        <ele>96.5</ele>
      </trkpt>
      <trkpt lat="39.96399" lon="139.72412">
        <ele>95.2</ele>
      </trkpt>
      <trkpt lat="39.96396" lon="139.724">
        <ele>93.7</ele>
      </trkpt>
      <trkpt lat="39.96395" lon="139.72398">
        <ele>93.4</ele>
      </trkpt>
      <trkpt lat="39.96391" lon="139.72389">
        <ele>92.0</ele>
      </trkpt>
      <trkpt lat="39.96387" lon="139.7238">
        <ele>90.5</ele>
      </trkpt>
      <trkpt lat="39.96385" lon="139.72375">
        <ele>89.8</ele>
      </trkpt>
      <trkpt lat="39.96378" lon="139.72359">
        <ele>87.4</ele>
      </trkpt>
      <trkpt lat="39.96372" lon="139.72345">
        <ele>85.3</ele>
      </trkpt>
      <trkpt lat="39.96363" lon="139.72325">
        <ele>82.5</ele>
      </trkpt>
      <trkpt lat="39.96354" lon="139.72307">
        <ele>80.1</ele>
      </trkpt>
      <trkpt lat="39.96353" lon="139.72306">
        <ele>79.8</ele>
      </trkpt>
      <trkpt lat="39.9635" lon="139.72298">
        <ele>78.9</ele>
      </trkpt>
      <trkpt lat="39.96343" lon="139.72283">
        <ele>77.1</ele>
      </trkpt>
      <trkpt lat="39.96339" lon="139.72273">
        <ele>76.0</ele>
      </trkpt>
      <trkpt lat="39.96335" lon="139.7226">
        <ele>74.7</ele>
      </trkpt>
      <trkpt lat="39.96332" lon="139.72248">
        <ele>73.8</ele>
      </trkpt>
      <trkpt lat="39.9633" lon="139.72242">
        <ele>73.3</ele>
      </trkpt>
      <trkpt lat="39.96329" lon="139.72241">
        <ele>73.2</ele>
      </trkpt>
      <trkpt lat="39.96327" lon="139.72234">
        <ele>72.5</ele>
      </trkpt>
      <trkpt lat="39.96325" lon="139.7223">
        <ele>72.2</ele>
      </trkpt>
      <trkpt lat="39.96323" lon="139.72226">
        <ele>71.8</ele>
      </trkpt>
      <trkpt lat="39.9632" lon="139.72219">
        <ele>71.3</ele>
      </trkpt>
      <trkpt lat="39.96315" lon="139.72211">
        <ele>70.6</ele>
      </trkpt>
      <trkpt lat="39.96308" lon="139.72201">
        <ele>69.8</ele>
      </trkpt>
      <trkpt lat="39.96301" lon="139.72189">
        <ele>69.0</ele>
      </trkpt>
      <trkpt lat="39.96296" lon="139.72181">
        <ele>68.4</ele>
      </trkpt>
      <trkpt lat="39.96289" lon="139.72172">
        <ele>67.9</ele>
      </trkpt>
      <trkpt lat="39.96286" lon="139.72168">
        <ele>67.7</ele>
      </trkpt>
      <trkpt lat="39.96278" lon="139.72158">
        <ele>67.3</ele>
      </trkpt>
      <trkpt lat="39.96274" lon="139.72152">
        <ele>66.9</ele>
      </trkpt>
      <trkpt lat="39.9627" lon="139.72147">
        <ele>66.5</ele>
      </trkpt>
      <trkpt lat="39.9626" lon="139.72132">
        <ele>64.7</ele>
      </trkpt>
      <trkpt lat="39.96253" lon="139.72123">
        <ele>63.1</ele>
      </trkpt>
      <trkpt lat="39.96249" lon="139.72117">
        <ele>62.0</ele>
      </trkpt>
      <trkpt lat="39.96249" lon="139.72116">
        <ele>61.9</ele>
      </trkpt>
      <trkpt lat="39.96244" lon="139.72109">
        <ele>60.9</ele>
      </trkpt>
      <trkpt lat="39.96238" lon="139.72103">
        <ele>60.0</ele>
      </trkpt>
      <trkpt lat="39.96236" lon="139.72101">
        <ele>59.7</ele>
      </trkpt>
      <trkpt lat="39.96234" lon="139.72099">
        <ele>59.4</ele>
      </trkpt>
      <trkpt lat="39.9623" lon="139.72095">
        <ele>58.8</ele>
      </trkpt>
      <trkpt lat="39.96227" lon="139.72092">
        <ele>58.3</ele>
      </trkpt>
      <trkpt lat="39.96224" lon="139.7209">
        <ele>57.9</ele>
      </trkpt>
      <trkpt lat="39.96222" lon="139.72088">
        <ele>57.6</ele>
      </trkpt>
      <trkpt lat="39.96218" lon="139.72087">
        <ele>57.3</ele>
      </trkpt>
      <trkpt lat="39.96211" lon="139.72085">
        <ele>56.8</ele>
      </trkpt>
      <trkpt lat="39.96206" lon="139.72083">
        <ele>56.4</ele>
      </trkpt>
      <trkpt lat="39.96204" lon="139.72082">
        <ele>56.4</ele>
      </trkpt>
      <trkpt lat="39.96202" lon="139.72082">
        <ele>56.3</ele>
      </trkpt>
      <trkpt lat="39.96199" lon="139.7208">
        <ele>56.2</ele>
      </trkpt>
      <trkpt lat="39.96194" lon="139.72077">
        <ele>56.0</ele>
      </trkpt>
      <trkpt lat="39.96187" lon="139.72073">
        <ele>55.5</ele>
      </trkpt>
      <trkpt lat="39.96183" lon="139.7207">
        <ele>55.2</ele>
      </trkpt>
      <trkpt lat="39.96179" lon="139.72067">
        <ele>54.9</ele>
      </trkpt>
      <trkpt lat="39.96171" lon="139.72062">
        <ele>54.1</ele>
      </trkpt>
      <trkpt lat="39.96155" lon="139.72053">
        <ele>51.7</ele>
      </trkpt>
      <trkpt lat="39.96152" lon="139.72052">
        <ele>51.3</ele>
      </trkpt>
      <trkpt lat="39.96137" lon="139.72043">
        <ele>48.8</ele>
      </trkpt>
      <trkpt lat="39.96124" lon="139.72034">
        <ele>46.7</ele>
      </trkpt>
      <trkpt lat="39.96122" lon="139.72033">
        <ele>46.4</ele>
      </trkpt>
      <trkpt lat="39.96107" lon="139.72022">
        <ele>44.0</ele>
      </trkpt>
      <trkpt lat="39.96101" lon="139.72018">
        <ele>43.0</ele>
      </trkpt>
      <trkpt lat="39.96096" lon="139.72013">
        <ele>42.2</ele>
      </trkpt>
      <trkpt lat="39.96092" lon="139.7201">
        <ele>41.5</ele>
      </trkpt>
      <trkpt lat="39.96091" lon="139.7201">
        <ele>41.4</ele>
      </trkpt>
      <trkpt lat="39.96089" lon="139.72007">
        <ele>41.0</ele>
      </trkpt>
      <trkpt lat="39.96086" lon="139.72004">
        <ele>40.5</ele>
      </trkpt>
      <trkpt lat="39.9608" lon="139.71995">
        <ele>39.6</ele>
      </trkpt>
      <trkpt lat="39.96079" lon="139.71992">
        <ele>39.5</ele>
      </trkpt>
      <trkpt lat="39.96075" lon="139.71986">
        <ele>38.9</ele>
      </trkpt>
      <trkpt lat="39.96068" lon="139.71974">
        <ele>37.9</ele>
      </trkpt>
      <trkpt lat="39.96063" lon="139.71964">
        <ele>37.0</ele>
      </trkpt>
      <trkpt lat="39.96061" lon="139.7196">
        <ele>36.7</ele>
      </trkpt>
      <trkpt lat="39.9606" lon="139.71957">
        <ele>36.5</ele>
      </trkpt>
      <trkpt lat="39.96058" lon="139.71954">
        <ele>36.1</ele>
      </trkpt>
      <trkpt lat="39.96057" lon="139.7195">
        <ele>35.9</ele>
      </trkpt>
      <trkpt lat="39.96055" lon="139.71944">
        <ele>35.5</ele>
      </trkpt>
      <trkpt lat="39.96053" lon="139.71938">
        <ele>35.0</ele>
      </trkpt>
      <trkpt lat="39.96052" lon="139.71933">
        <ele>34.7</ele>
      </trkpt>
      <trkpt lat="39.96049" lon="139.71926">
        <ele>34.1</ele>
      </trkpt>
      <trkpt lat="39.96045" lon="139.71917">
        <ele>33.1</ele>
      </trkpt>
      <trkpt lat="39.96043" lon="139.71912">
        <ele>32.5</ele>
      </trkpt>
      <trkpt lat="39.9604" lon="139.71906">
        <ele>31.6</ele>
      </trkpt>
      <trkpt lat="39.96035" lon="139.71893">
        <ele>29.8</ele>
      </trkpt>
      <trkpt lat="39.96034" lon="139.71891">
        <ele>29.5</ele>
      </trkpt>
      <trkpt lat="39.9603" lon="139.7188">
        <ele>27.9</ele>
      </trkpt>
      <trkpt lat="39.96027" lon="139.71871">
        <ele>26.5</ele>
      </trkpt>
      <trkpt lat="39.96026" lon="139.71869">
        <ele>26.1</ele>
      </trkpt>
      <trkpt lat="39.96024" lon="139.71866">
        <ele>25.4</ele>
      </trkpt>
      <trkpt lat="39.96021" lon="139.7186">
        <ele>24.2</ele>
      </trkpt>
      <trkpt lat="39.96015" lon="139.71852">
        <ele>22.0</ele>
      </trkpt>
      <trkpt lat="39.96013" lon="139.71849">
        <ele>21.2</ele>
      </trkpt>
      <trkpt lat="39.96004" lon="139.71837">
        <ele>17.5</ele>
      </trkpt>
      <trkpt lat="39.96" lon="139.71831">
        <ele>15.9</ele>
      </trkpt>
      <trkpt lat="39.95995" lon="139.71824">
        <ele>14.8</ele>
      </trkpt>
      <trkpt lat="39.95989" lon="139.71812">
        <ele>13.3</ele>
      </trkpt>
      <trkpt lat="39.95988" lon="139.7181">
        <ele>13.0</ele>
      </trkpt>
      <trkpt lat="39.95986" lon="139.71808">
        <ele>12.6</ele>
      </trkpt>
      <trkpt lat="39.95984" lon="139.71807">
        <ele>12.3</ele>
      </trkpt>
      <trkpt lat="39.95983" lon="139.71806">
        <ele>12.1</ele>
      </trkpt>
      <trkpt lat="39.95979" lon="139.71805">
        <ele>11.5</ele>
      </trkpt>
      <trkpt lat="39.95961" lon="139.71805">
        <ele>9.2</ele>
      </trkpt>
      <trkpt lat="39.9594" lon="139.71804">
        <ele>6.3</ele>
      </trkpt>
      <trkpt lat="39.9594" lon="139.71804">
        <ele>6.3</ele>
      </trkpt>
      <trkpt lat="39.95932" lon="139.71814">
        <ele>5.9</ele>
      </trkpt>
      <trkpt lat="39.9593" lon="139.71818">
        <ele>5.8</ele>
      </trkpt>
      <trkpt lat="39.95928" lon="139.71821">
        <ele>5.8</ele>
      </trkpt>
      <trkpt lat="39.95927" lon="139.71825">
        <ele>5.9</ele>
      </trkpt>
      <trkpt lat="39.95927" lon="139.71828">
        <ele>6.0</ele>
      </trkpt>
      <trkpt lat="39.95927" lon="139.7183">
        <ele>6.2</ele>
      </trkpt>
      <trkpt lat="39.95927" lon="139.71833">
        <ele>6.3</ele>
      </trkpt>
      <trkpt lat="39.95929" lon="139.71841">
        <ele>7.1</ele>
      </trkpt>
      <trkpt lat="39.95929" lon="139.71841">
        <ele>7.1</ele>
      </trkpt>
      <trkpt lat="39.95919" lon="139.71849">
        <ele>6.3</ele>
      </trkpt>
      <trkpt lat="39.95913" lon="139.71854">
        <ele>6.1</ele>
      </trkpt>
      <trkpt lat="39.95887" lon="139.71876">
        <ele>6.0</ele>
      </trkpt>
      <trkpt lat="39.9588" lon="139.71884">
        <ele>6.0</ele>
      </trkpt>
      <trkpt lat="39.95872" lon="139.71891">
        <ele>5.9</ele>
      </trkpt>
      <trkpt lat="39.95861" lon="139.71903">
        <ele>6.0</ele>
      </trkpt>
      <trkpt lat="39.95842" lon="139.71923">
        <ele>6.6</ele>
      </trkpt>
      <trkpt lat="39.95828" lon="139.71938">
        <ele>8.1</ele>
      </trkpt>
      <trkpt lat="39.95821" lon="139.71945">
        <ele>8.6</ele>
      </trkpt>
      <trkpt lat="39.95811" lon="139.71955">
        <ele>9.0</ele>
      </trkpt>
      <trkpt lat="39.95792" lon="139.71976">
        <ele>9.3</ele>
      </trkpt>
      <trkpt lat="39.95775" lon="139.71994">
        <ele>8.7</ele>
      </trkpt>
      <trkpt lat="39.95768" lon="139.72002">
        <ele>8.2</ele>
      </trkpt>
      <trkpt lat="39.95763" lon="139.72007">
        <ele>7.9</ele>
      </trkpt>
      <trkpt lat="39.95758" lon="139.72011">
        <ele>7.4</ele>
      </trkpt>
      <trkpt lat="39.95752" lon="139.72016">
        <ele>6.7</ele>
      </trkpt>
      <trkpt lat="39.95738" lon="139.72027">
        <ele>6.5</ele>
      </trkpt>
      <trkpt lat="39.95703" lon="139.72049">
        <ele>6.0</ele>
      </trkpt>
      <trkpt lat="39.95676" lon="139.72066">
        <ele>5.4</ele>
      </trkpt>
      <trkpt lat="39.95653" lon="139.7208">
        <ele>4.8</ele>
      </trkpt>
      <trkpt lat="39.95647" lon="139.72084">
        <ele>4.8</ele>
      </trkpt>
      <trkpt lat="39.95639" lon="139.72089">
        <ele>5.4</ele>
      </trkpt>
      <trkpt lat="39.95629" lon="139.72094">
        <ele>5.7</ele>
      </trkpt>
      <trkpt lat="39.95622" lon="139.72097">
        <ele>5.8</ele>
      </trkpt>
      <trkpt lat="39.95614" lon="139.72101">
        <ele>5.9</ele>
      </trkpt>
      <trkpt lat="39.95605" lon="139.72104">
        <ele>5.6</ele>
      </trkpt>
      <trkpt lat="39.95596" lon="139.72107">
        <ele>5.3</ele>
      </trkpt>
      <trkpt lat="39.95591" lon="139.72109">
        <ele>5.1</ele>
      </trkpt>
      <trkpt lat="39.95586" lon="139.7211">
        <ele>4.8</ele>
      </trkpt>
      <trkpt lat="39.95581" lon="139.72111">
        <ele>4.6</ele>
      </trkpt>
      <trkpt lat="39.95564" lon="139.72113">
        <ele>4.6</ele>
      </trkpt>
      <trkpt lat="39.95557" lon="139.72113">
        <ele>4.4</ele>
      </trkpt>
      <trkpt lat="39.95553" lon="139.72114">
        <ele>4.5</ele>
      </trkpt>
      <trkpt lat="39.9555" lon="139.72115">
        <ele>4.6</ele>
      </trkpt>
      <trkpt lat="39.9554" lon="139.72117">
        <ele>4.6</ele>
      </trkpt>
      <trkpt lat="39.9552" lon="139.7212">
        <ele>4.5</ele>
      </trkpt>
      <trkpt lat="39.95502" lon="139.72124">
        <ele>4.5</ele>
      </trkpt>
      <trkpt lat="39.95482" lon="139.72127">
        <ele>4.3</ele>
      </trkpt>
      <trkpt lat="39.95466" lon="139.72129">
        <ele>4.0</ele>
      </trkpt>
      <trkpt lat="39.9542" lon="139.72137">
        <ele>3.3</ele>
      </trkpt>
      <trkpt lat="39.95408" lon="139.7214">
        <ele>3.3</ele>
      </trkpt>
      <trkpt lat="39.95395" lon="139.72142">
        <ele>3.3</ele>
      </trkpt>
      <trkpt lat="39.95376" lon="139.72146">
        <ele>3.4</ele>
      </trkpt>
      <trkpt lat="39.95357" lon="139.72149">
        <ele>3.4</ele>
      </trkpt>
      <trkpt lat="39.95348" lon="139.7215">
        <ele>3.3</ele>
      </trkpt>
      <trkpt lat="39.95337" lon="139.72152">
        <ele>3.3</ele>
      </trkpt>
      <trkpt lat="39.95324" lon="139.72154">
        <ele>3.3</ele>
      </trkpt>
      <trkpt lat="39.95311" lon="139.72155">
        <ele>3.2</ele>
      </trkpt>
      <trkpt lat="39.9528" lon="139.72158">
        <ele>3.0</ele>
      </trkpt>
      <trkpt lat="39.9526" lon="139.7216">
        <ele>2.9</ele>
      </trkpt>
      <trkpt lat="39.95249" lon="139.72161">
        <ele>2.8</ele>
      </trkpt>
      <trkpt lat="39.95233" lon="139.72163">
        <ele>3.5</ele>
      </trkpt>
      <trkpt lat="39.95211" lon="139.72165">
        <ele>4.3</ele>
      </trkpt>
      <trkpt lat="39.9519" lon="139.72168">
        <ele>5.4</ele>
      </trkpt>
      <trkpt lat="39.95168" lon="139.7217">
        <ele>6.6</ele>
      </trkpt>
      <trkpt lat="39.95162" lon="139.72171">
        <ele>6.8</ele>
      </trkpt>
      <trkpt lat="39.95146" lon="139.72173">
        <ele>6.9</ele>
      </trkpt>
      <trkpt lat="39.95138" lon="139.72173">
        <ele>6.7</ele>
      </trkpt>
      <trkpt lat="39.95113" lon="139.72174">
        <ele>6.4</ele>
      </trkpt>
      <trkpt lat="39.95107" lon="139.72174">
        <ele>6.3</ele>
      </trkpt>
      <trkpt lat="39.95096" lon="139.72175">
        <ele>6.3</ele>
      </trkpt>
      <trkpt lat="39.95088" lon="139.72176">
        <ele>6.3</ele>
      </trkpt>
      <trkpt lat="39.95082" lon="139.72176">
        <ele>6.2</ele>
      </trkpt>
      <trkpt lat="39.95065" lon="139.72175">
        <ele>5.9</ele>
      </trkpt>
      <trkpt lat="39.95053" lon="139.72174">
        <ele>5.6</ele>
      </trkpt>
      <trkpt lat="39.95041" lon="139.72172">
        <ele>5.2</ele>
      </trkpt>
      <trkpt lat="39.95027" lon="139.72169">
        <ele>4.5</ele>
      </trkpt>
      <trkpt lat="39.95023" lon="139.72169">
        <ele>4.5</ele>
      </trkpt>
      <trkpt lat="39.95007" lon="139.72166">
        <ele>4.0</ele>
      </trkpt>
      <trkpt lat="39.94998" lon="139.72164">
        <ele>4.0</ele>
      </trkpt>
      <trkpt lat="39.9498" lon="139.7216">
        <ele>4.6</ele>
      </trkpt>
      <trkpt lat="39.94971" lon="139.72157">
        <ele>4.8</ele>
      </trkpt>
      <trkpt lat="39.94955" lon="139.72153">
        <ele>5.2</ele>
      </trkpt>
      <trkpt lat="39.94945" lon="139.72149">
        <ele>5.2</ele>
      </trkpt>
      <trkpt lat="39.94932" lon="139.72145">
        <ele>5.4</ele>
      </trkpt>
      <trkpt lat="39.94926" lon="139.72143">
        <ele>5.4</ele>
      </trkpt>
      <trkpt lat="39.9492" lon="139.7214">
        <ele>5.3</ele>
      </trkpt>
      <trkpt lat="39.94913" lon="139.72137">
        <ele>5.4</ele>
      </trkpt>
      <trkpt lat="39.94888" lon="139.72124">
        <ele>5.4</ele>
      </trkpt>
      <trkpt lat="39.94879" lon="139.72119">
        <ele>5.4</ele>
      </trkpt>
      <trkpt lat="39.9487" lon="139.72114">
        <ele>5.2</ele>
      </trkpt>
      <trkpt lat="39.94862" lon="139.7211">
        <ele>5.2</ele>
      </trkpt>
      <trkpt lat="39.9484" lon="139.72099">
        <ele>4.8</ele>
      </trkpt>
      <trkpt lat="39.94831" lon="139.72094">
        <ele>4.5</ele>
      </trkpt>
      <trkpt lat="39.94819" lon="139.72088">
        <ele>4.2</ele>
      </trkpt>
      <trkpt lat="39.94806" lon="139.72081">
        <ele>3.9</ele>
      </trkpt>
      <trkpt lat="39.94753" lon="139.72054">
        <ele>3.8</ele>
      </trkpt>
      <trkpt lat="39.94705" lon="139.72029">
        <ele>4.1</ele>
      </trkpt>
      <trkpt lat="39.9466" lon="139.72">
        <ele>3.7</ele>
      </trkpt>
      <trkpt lat="39.94647" lon="139.7199">
        <ele>4.5</ele>
      </trkpt>
      <trkpt lat="39.94641" lon="139.71985">
        <ele>4.7</ele>
      </trkpt>
      <trkpt lat="39.94635" lon="139.7198">
        <ele>4.9</ele>
      </trkpt>
      <trkpt lat="39.9463" lon="139.71976">
        <ele>5.0</ele>
      </trkpt>
      <trkpt lat="39.94624" lon="139.7197">
        <ele>4.9</ele>
      </trkpt>
      <trkpt lat="39.94617" lon="139.71963">
        <ele>4.7</ele>
      </trkpt>
      <trkpt lat="39.94607" lon="139.71952">
        <ele>4.0</ele>
      </trkpt>
      <trkpt lat="39.94597" lon="139.71941">
        <ele>3.1</ele>
      </trkpt>
      <trkpt lat="39.94592" lon="139.71934">
        <ele>2.3</ele>
      </trkpt>
      <trkpt lat="39.94587" lon="139.71928">
        <ele>1.6</ele>
      </trkpt>
      <trkpt lat="39.9458" lon="139.71918">
        <ele>1.3</ele>
      </trkpt>
      <trkpt lat="39.94573" lon="139.71907">
        <ele>3.4</ele>
      </trkpt>
      <trkpt lat="39.94566" lon="139.71898">
        <ele>5.5</ele>
      </trkpt>
      <trkpt lat="39.9456" lon="139.71889">
        <ele>7.2</ele>
      </trkpt>
      <trkpt lat="39.94554" lon="139.7188">
        <ele>8.8</ele>
      </trkpt>
      <trkpt lat="39.9455" lon="139.71875">
        <ele>9.8</ele>
      </trkpt>
      <trkpt lat="39.94547" lon="139.71871">
        <ele>10.5</ele>
      </trkpt>
      <trkpt lat="39.94542" lon="139.71864">
        <ele>11.7</ele>
      </trkpt>
      <trkpt lat="39.94538" lon="139.71857">
        <ele>12.5</ele>
      </trkpt>
      <trkpt lat="39.94536" lon="139.71852">
        <ele>12.8</ele>
      </trkpt>
      <trkpt lat="39.94533" lon="139.71846">
        <ele>13.3</ele>
      </trkpt>
      <trkpt lat="39.94532" lon="139.7184">
        <ele>13.3</ele>
      </trkpt>
      <trkpt lat="39.94529" lon="139.71833">
        <ele>13.7</ele>
      </trkpt>
      <trkpt lat="39.94528" lon="139.71827">
        <ele>14.7</ele>
      </trkpt>
      <trkpt lat="39.94527" lon="139.7182">
        <ele>15.8</ele>
      </trkpt>
      <trkpt lat="39.94525" lon="139.71812">
        <ele>17.4</ele>
      </trkpt>
      <trkpt lat="39.94525" lon="139.71802">
        <ele>18.6</ele>
      </trkpt>
      <trkpt lat="39.94524" lon="139.71797">
        <ele>19.6</ele>
      </trkpt>
      <trkpt lat="39.94524" lon="139.71791">
        <ele>20.4</ele>
      </trkpt>
      <trkpt lat="39.94524" lon="139.71786">
        <ele>21.0</ele>
      </trkpt>
      <trkpt lat="39.94524" lon="139.71779">
        <ele>21.9</ele>
      </trkpt>
      <trkpt lat="39.94525" lon="139.71772">
        <ele>22.4</ele>
      </trkpt>
      <trkpt lat="39.94526" lon="139.71765">
        <ele>22.9</ele>
      </trkpt>
      <trkpt lat="39.94527" lon="139.71759">
        <ele>23.2</ele>
      </trkpt>
      <trkpt lat="39.94529" lon="139.71754">
        <ele>23.0</ele>
      </trkpt>
      <trkpt lat="39.94531" lon="139.71748">
        <ele>22.8</ele>
      </trkpt>
      <trkpt lat="39.94533" lon="139.71744">
        <ele>22.3</ele>
      </trkpt>
      <trkpt lat="39.94537" lon="139.71734">
        <ele>21.3</ele>
      </trkpt>
      <trkpt lat="39.9454" lon="139.71729">
        <ele>20.3</ele>
      </trkpt>
      <trkpt lat="39.94542" lon="139.71724">
        <ele>19.7</ele>
      </trkpt>
      <trkpt lat="39.94547" lon="139.71716">
        <ele>17.8</ele>
      </trkpt>
      <trkpt lat="39.9455" lon="139.71709">
        <ele>16.8</ele>
      </trkpt>
      <trkpt lat="39.94553" lon="139.71702">
        <ele>15.6</ele>
      </trkpt>
      <trkpt lat="39.94555" lon="139.71696">
        <ele>14.9</ele>
      </trkpt>
      <trkpt lat="39.94559" lon="139.71688">
        <ele>13.1</ele>
      </trkpt>
      <trkpt lat="39.9456" lon="139.71683">
        <ele>12.8</ele>
      </trkpt>
      <trkpt lat="39.94562" lon="139.71676">
        <ele>11.9</ele>
      </trkpt>
      <trkpt lat="39.94564" lon="139.7167">
        <ele>11.0</ele>
      </trkpt>
      <trkpt lat="39.94565" lon="139.71666">
        <ele>10.6</ele>
      </trkpt>
      <trkpt lat="39.94565" lon="139.71665">
        <ele>10.6</ele>
      </trkpt>
      <trkpt lat="39.94567" lon="139.71658">
        <ele>9.9</ele>
      </trkpt>
      <trkpt lat="39.94567" lon="139.71655">
        <ele>10.1</ele>
      </trkpt>
      <trkpt lat="39.94568" lon="139.71651">
        <ele>9.8</ele>
      </trkpt>
      <trkpt lat="39.94568" lon="139.71643">
        <ele>10.2</ele>
      </trkpt>
      <trkpt lat="39.94568" lon="139.71633">
        <ele>10.8</ele>
      </trkpt>
      <trkpt lat="39.94568" lon="139.71617">
        <ele>11.8</ele>
      </trkpt>
      <trkpt lat="39.94565" lon="139.71568">
        <ele>15.5</ele>
      </trkpt>
      <trkpt lat="39.94562" lon="139.71528">
        <ele>16.9</ele>
      </trkpt>
      <trkpt lat="39.9456" lon="139.71503">
        <ele>17.8</ele>
      </trkpt>
      <trkpt lat="39.94559" lon="139.71479">
        <ele>17.8</ele>
      </trkpt>
      <trkpt lat="39.94558" lon="139.71467">
        <ele>18.0</ele>
      </trkpt>
      <trkpt lat="39.94557" lon="139.71445">
        <ele>18.0</ele>
      </trkpt>
      <trkpt lat="39.94556" lon="139.71432">
        <ele>18.1</ele>
      </trkpt>
      <trkpt lat="39.94556" lon="139.71423">
        <ele>17.9</ele>
      </trkpt>
      <trkpt lat="39.94556" lon="139.71413">
        <ele>18.0</ele>
      </trkpt>
      <trkpt lat="39.94556" lon="139.71409">
        <ele>18.1</ele>
      </trkpt>
      <trkpt lat="39.94556" lon="139.71406">
        <ele>18.3</ele>
      </trkpt>
      <trkpt lat="39.94557" lon="139.714">
        <ele>18.1</ele>
      </trkpt>
      <trkpt lat="39.94558" lon="139.71392">
        <ele>18.0</ele>
      </trkpt>
      <trkpt lat="39.9456" lon="139.71386">
        <ele>17.3</ele>
      </trkpt>
      <trkpt lat="39.9456" lon="139.71385">
        <ele>17.3</ele>
      </trkpt>
      <trkpt lat="39.94565" lon="139.71365">
        <ele>15.6</ele>
      </trkpt>
      <trkpt lat="39.94571" lon="139.71343">
        <ele>13.3</ele>
      </trkpt>
      <trkpt lat="39.9458" lon="139.71312">
        <ele>11.8</ele>
      </trkpt>
      <trkpt lat="39.9459" lon="139.71278">
        <ele>13.8</ele>
      </trkpt>
      <trkpt lat="39.94597" lon="139.71257">
        <ele>15.0</ele>
      </trkpt>
      <trkpt lat="39.94604" lon="139.71233">
        <ele>15.7</ele>
      </trkpt>
      <trkpt lat="39.94619" lon="139.71179">
        <ele>15.2</ele>
      </trkpt>
      <trkpt lat="39.94624" lon="139.71157">
        <ele>14.3</ele>
      </trkpt>
      <trkpt lat="39.9463" lon="139.71134">
        <ele>12.2</ele>
      </trkpt>
      <trkpt lat="39.94636" lon="139.71111">
        <ele>10.4</ele>
      </trkpt>
      <trkpt lat="39.94639" lon="139.71099">
        <ele>9.6</ele>
      </trkpt>
      <trkpt lat="39.94644" lon="139.71081">
        <ele>8.2</ele>
      </trkpt>
      <trkpt lat="39.94646" lon="139.71073">
        <ele>7.6</ele>
      </trkpt>
      <trkpt lat="39.94647" lon="139.71064">
        <ele>7.2</ele>
      </trkpt>
      <trkpt lat="39.94649" lon="139.71055">
        <ele>6.7</ele>
      </trkpt>
      <trkpt lat="39.9465" lon="139.7105">
        <ele>6.4</ele>
      </trkpt>
      <trkpt lat="39.94652" lon="139.71041">
        <ele>6.0</ele>
      </trkpt>
      <trkpt lat="39.94653" lon="139.71028">
        <ele>5.8</ele>
      </trkpt>
      <trkpt lat="39.94653" lon="139.7102">
        <ele>5.8</ele>
      </trkpt>
      <trkpt lat="39.94654" lon="139.71002">
        <ele>5.7</ele>
      </trkpt>
      <trkpt lat="39.94654" lon="139.70994">
        <ele>5.3</ele>
      </trkpt>
      <trkpt lat="39.94654" lon="139.70991">
        <ele>5.2</ele>
      </trkpt>
      <trkpt lat="39.94653" lon="139.70984">
        <ele>4.9</ele>
      </trkpt>
      <trkpt lat="39.94652" lon="139.70978">
        <ele>4.7</ele>
      </trkpt>
      <trkpt lat="39.94652" lon="139.70974">
        <ele>4.5</ele>
      </trkpt>
      <trkpt lat="39.94651" lon="139.7097">
        <ele>4.4</ele>
      </trkpt>
      <trkpt lat="39.9465" lon="139.70968">
        <ele>4.4</ele>
      </trkpt>
      <trkpt lat="39.94649" lon="139.70965">
        <ele>4.4</ele>
      </trkpt>
      <trkpt lat="39.94647" lon="139.70962">
        <ele>4.4</ele>
      </trkpt>
      <trkpt lat="39.94646" lon="139.7096">
        <ele>4.4</ele>
      </trkpt>
      <trkpt lat="39.94644" lon="139.70957">
        <ele>4.5</ele>
      </trkpt>
      <trkpt lat="39.94641" lon="139.70954">
        <ele>4.7</ele>
      </trkpt>
      <trkpt lat="39.94635" lon="139.70948">
        <ele>5.0</ele>
      </trkpt>
      <trkpt lat="39.94629" lon="139.70943">
        <ele>5.3</ele>
      </trkpt>
      <trkpt lat="39.94625" lon="139.7094">
        <ele>5.5</ele>
      </trkpt>
      <trkpt lat="39.94619" lon="139.70936">
        <ele>5.9</ele>
      </trkpt>
      <trkpt lat="39.9461" lon="139.7093">
        <ele>6.4</ele>
      </trkpt>
      <trkpt lat="39.94601" lon="139.70925">
        <ele>6.9</ele>
      </trkpt>
      <trkpt lat="39.94593" lon="139.70919">
        <ele>7.3</ele>
      </trkpt>
      <trkpt lat="39.94586" lon="139.70914">
        <ele>7.5</ele>
      </trkpt>
      <trkpt lat="39.9458" lon="139.7091">
        <ele>8.1</ele>
      </trkpt>
      <trkpt lat="39.94573" lon="139.70905">
        <ele>9.1</ele>
      </trkpt>
      <trkpt lat="39.94565" lon="139.70898">
        <ele>10.1</ele>
      </trkpt>
      <trkpt lat="39.94559" lon="139.70892">
        <ele>10.7</ele>
      </trkpt>
      <trkpt lat="39.94555" lon="139.70888">
        <ele>11.1</ele>
      </trkpt>
      <trkpt lat="39.94551" lon="139.70883">
        <ele>11.4</ele>
      </trkpt>
      <trkpt lat="39.94546" lon="139.70878">
        <ele>11.8</ele>
      </trkpt>
      <trkpt lat="39.94541" lon="139.7087">
        <ele>11.7</ele>
      </trkpt>
      <trkpt lat="39.94535" lon="139.70861">
        <ele>11.7</ele>
      </trkpt>
      <trkpt lat="39.9453" lon="139.70852">
        <ele>11.5</ele>
      </trkpt>
      <trkpt lat="39.94525" lon="139.70842">
        <ele>11.0</ele>
      </trkpt>
      <trkpt lat="39.94524" lon="139.70841">
        <ele>11.0</ele>
      </trkpt>
      <trkpt lat="39.94519" lon="139.70832">
        <ele>10.7</ele>
      </trkpt>
      <trkpt lat="39.9451" lon="139.70812">
        <ele>10.7</ele>
      </trkpt>
      <trkpt lat="39.94505" lon="139.70802">
        <ele>10.7</ele>
      </trkpt>
      <trkpt lat="39.94504" lon="139.70802">
        <ele>10.8</ele>
      </trkpt>
      <trkpt lat="39.945" lon="139.70792">
        <ele>10.5</ele>
      </trkpt>
      <trkpt lat="39.94497" lon="139.70786">
        <ele>11.1</ele>
      </trkpt>
      <trkpt lat="39.94495" lon="139.70782">
        <ele>11.6</ele>
      </trkpt>
      <trkpt lat="39.94495" lon="139.70781">
        <ele>11.5</ele>
      </trkpt>
      <trkpt lat="39.94491" lon="139.70771">
        <ele>12.1</ele>
      </trkpt>
      <trkpt lat="39.94488" lon="139.7076">
        <ele>12.3</ele>
      </trkpt>
      <trkpt lat="39.94484" lon="139.70749">
        <ele>12.9</ele>
      </trkpt>
      <trkpt lat="39.94481" lon="139.70738">
        <ele>12.9</ele>
      </trkpt>
      <trkpt lat="39.94475" lon="139.70715">
        <ele>12.9</ele>
      </trkpt>
      <trkpt lat="39.94469" lon="139.70692">
        <ele>12.6</ele>
      </trkpt>
      <trkpt lat="39.94463" lon="139.70672">
        <ele>12.5</ele>
      </trkpt>
      <trkpt lat="39.94463" lon="139.7067">
        <ele>12.3</ele>
      </trkpt>
      <trkpt lat="39.94456" lon="139.70641">
        <ele>12.1</ele>
      </trkpt>
      <trkpt lat="39.94453" lon="139.70627">
        <ele>11.7</ele>
      </trkpt>
      <trkpt lat="39.94448" lon="139.70606">
        <ele>10.9</ele>
      </trkpt>
      <trkpt lat="39.94447" lon="139.70605">
        <ele>11.1</ele>
      </trkpt>
      <trkpt lat="39.94443" lon="139.70582">
        <ele>9.5</ele>
      </trkpt>
      <trkpt lat="39.94443" lon="139.70581">
        <ele>9.5</ele>
      </trkpt>
      <trkpt lat="39.94441" lon="139.7057">
        <ele>9.5</ele>
      </trkpt>
      <trkpt lat="39.94437" lon="139.70536">
        <ele>9.0</ele>
      </trkpt>
      <trkpt lat="39.94434" lon="139.70518">
        <ele>8.8</ele>
      </trkpt>
      <trkpt lat="39.94434" lon="139.70513">
        <ele>8.6</ele>
      </trkpt>
      <trkpt lat="39.94433" lon="139.70508">
        <ele>8.5</ele>
      </trkpt>
      <trkpt lat="39.9443" lon="139.70489">
        <ele>8.2</ele>
      </trkpt>
      <trkpt lat="39.94428" lon="139.7048">
        <ele>8.1</ele>
      </trkpt>
      <trkpt lat="39.94426" lon="139.70471">
        <ele>8.0</ele>
      </trkpt>
      <trkpt lat="39.94425" lon="139.70469">
        <ele>8.1</ele>
      </trkpt>
      <trkpt lat="39.94424" lon="139.70465">
        <ele>8.0</ele>
      </trkpt>
      <trkpt lat="39.94422" lon="139.70462">
        <ele>8.1</ele>
      </trkpt>
      <trkpt lat="39.94421" lon="139.7046">
        <ele>8.1</ele>
      </trkpt>
      <trkpt lat="39.94419" lon="139.70457">
        <ele>8.2</ele>
      </trkpt>
      <trkpt lat="39.94417" lon="139.70455">
        <ele>8.3</ele>
      </trkpt>
      <trkpt lat="39.94414" lon="139.70453">
        <ele>8.4</ele>
      </trkpt>
      <trkpt lat="39.94412" lon="139.70451">
        <ele>8.4</ele>
      </trkpt>
      <trkpt lat="39.9441" lon="139.70451">
        <ele>8.4</ele>
      </trkpt>
      <trkpt lat="39.94408" lon="139.7045">
        <ele>8.4</ele>
      </trkpt>
      <trkpt lat="39.94407" lon="139.70449">
        <ele>8.4</ele>
      </trkpt>
      <trkpt lat="39.94406" lon="139.70449">
        <ele>8.4</ele>
      </trkpt>
      <trkpt lat="39.94403" lon="139.70449">
        <ele>8.5</ele>
      </trkpt>
      <trkpt lat="39.94401" lon="139.70449">
        <ele>8.6</ele>
      </trkpt>
      <trkpt lat="39.94398" lon="139.70449">
        <ele>8.6</ele>
      </trkpt>
      <trkpt lat="39.94395" lon="139.7045">
        <ele>8.8</ele>
      </trkpt>
      <trkpt lat="39.94392" lon="139.70451">
        <ele>8.9</ele>
      </trkpt>
      <trkpt lat="39.94388" lon="139.70453">
        <ele>9.2</ele>
      </trkpt>
      <trkpt lat="39.94376" lon="139.70461">
        <ele>10.2</ele>
      </trkpt>
      <trkpt lat="39.94364" lon="139.70469">
        <ele>11.4</ele>
      </trkpt>
      <trkpt lat="39.94356" lon="139.70474">
        <ele>12.3</ele>
      </trkpt>
      <trkpt lat="39.94349" lon="139.70478">
        <ele>13.2</ele>
      </trkpt>
      <trkpt lat="39.94346" lon="139.7048">
        <ele>13.6</ele>
      </trkpt>
      <trkpt lat="39.94341" lon="139.70482">
        <ele>14.1</ele>
      </trkpt>
      <trkpt lat="39.94336" lon="139.70484">
        <ele>14.7</ele>
      </trkpt>
      <trkpt lat="39.94333" lon="139.70485">
        <ele>15.0</ele>
      </trkpt>
      <trkpt lat="39.94329" lon="139.70486">
        <ele>15.1</ele>
      </trkpt>
      <trkpt lat="39.94323" lon="139.70487">
        <ele>15.2</ele>
      </trkpt>
      <trkpt lat="39.94321" lon="139.70488">
        <ele>15.4</ele>
      </trkpt>
      <trkpt lat="39.94312" lon="139.7049">
        <ele>15.6</ele>
      </trkpt>
      <trkpt lat="39.94303" lon="139.70492">
        <ele>15.8</ele>
      </trkpt>
      <trkpt lat="39.94299" lon="139.70492">
        <ele>15.8</ele>
      </trkpt>
      <trkpt lat="39.94295" lon="139.70493">
        <ele>16.0</ele>
      </trkpt>
      <trkpt lat="39.94291" lon="139.70495">
        <ele>16.3</ele>
      </trkpt>
      <trkpt lat="39.94288" lon="139.70495">
        <ele>16.2</ele>
      </trkpt>
      <trkpt lat="39.94287" lon="139.70496">
        <ele>16.4</ele>
      </trkpt>
      <trkpt lat="39.94285" lon="139.70497">
        <ele>16.5</ele>
      </trkpt>
      <trkpt lat="39.94283" lon="139.70498">
        <ele>16.7</ele>
      </trkpt>
      <trkpt lat="39.94282" lon="139.70499">
        <ele>16.8</ele>
      </trkpt>
      <trkpt lat="39.94282" lon="139.705">
        <ele>17.0</ele>
      </trkpt>
      <trkpt lat="39.94281" lon="139.70501">
        <ele>17.2</ele>
      </trkpt>
      <trkpt lat="39.9428" lon="139.70502">
        <ele>17.4</ele>
      </trkpt>
      <trkpt lat="39.9428" lon="139.70504">
        <ele>17.8</ele>
      </trkpt>
      <trkpt lat="39.9428" lon="139.70506">
        <ele>18.2</ele>
      </trkpt>
      <trkpt lat="39.9428" lon="139.70507">
        <ele>18.4</ele>
      </trkpt>
      <trkpt lat="39.9428" lon="139.70509">
        <ele>18.8</ele>
      </trkpt>
      <trkpt lat="39.9428" lon="139.7051">
        <ele>19.1</ele>
      </trkpt>
      <trkpt lat="39.9428" lon="139.70512">
        <ele>19.5</ele>
      </trkpt>
      <trkpt lat="39.94281" lon="139.70513">
        <ele>19.7</ele>
      </trkpt>
      <trkpt lat="39.94282" lon="139.70515">
        <ele>20.1</ele>
      </trkpt>
      <trkpt lat="39.94284" lon="139.70517">
        <ele>20.5</ele>
      </trkpt>
      <trkpt lat="39.94286" lon="139.70518">
        <ele>20.7</ele>
      </trkpt>
      <trkpt lat="39.94288" lon="139.70519">
        <ele>21.0</ele>
      </trkpt>
      <trkpt lat="39.94291" lon="139.7052">
        <ele>21.2</ele>
      </trkpt>
      <trkpt lat="39.94295" lon="139.70521">
        <ele>21.4</ele>
      </trkpt>
      <trkpt lat="39.94299" lon="139.70521">
        <ele>21.5</ele>
      </trkpt>
      <trkpt lat="39.94301" lon="139.70522">
        <ele>21.7</ele>
      </trkpt>
      <trkpt lat="39.94305" lon="139.70521">
        <ele>21.5</ele>
      </trkpt>
      <trkpt lat="39.9431" lon="139.7052">
        <ele>21.4</ele>
      </trkpt>
      <trkpt lat="39.94322" lon="139.70515">
        <ele>20.4</ele>
      </trkpt>
      <trkpt lat="39.94339" lon="139.70511">
        <ele>18.9</ele>
      </trkpt>
      <trkpt lat="39.94357" lon="139.70505">
        <ele>15.9</ele>
      </trkpt>
      <trkpt lat="39.94366" lon="139.70503">
        <ele>14.7</ele>
      </trkpt>
      <trkpt lat="39.94368" lon="139.70502">
        <ele>14.4</ele>
      </trkpt>
      <trkpt lat="39.94373" lon="139.70501">
        <ele>13.8</ele>
      </trkpt>
      <trkpt lat="39.94375" lon="139.705">
        <ele>13.5</ele>
      </trkpt>
      <trkpt lat="39.94378" lon="139.70501">
        <ele>13.4</ele>
      </trkpt>
      <trkpt lat="39.94379" lon="139.70501">
        <ele>13.3</ele>
      </trkpt>
      <trkpt lat="39.9438" lon="139.70501">
        <ele>13.2</ele>
      </trkpt>
      <trkpt lat="39.94382" lon="139.70501">
        <ele>13.0</ele>
      </trkpt>
      <trkpt lat="39.94383" lon="139.70502">
        <ele>13.1</ele>
      </trkpt>
      <trkpt lat="39.94384" lon="139.70503">
        <ele>13.1</ele>
      </trkpt>
      <trkpt lat="39.94386" lon="139.70505">
        <ele>13.1</ele>
      </trkpt>
      <trkpt lat="39.94387" lon="139.70507">
        <ele>13.3</ele>
      </trkpt>
      <trkpt lat="39.94388" lon="139.70509">
        <ele>13.4</ele>
      </trkpt>
      <trkpt lat="39.94389" lon="139.70511">
        <ele>13.5</ele>
      </trkpt>
      <trkpt lat="39.94389" lon="139.70514">
        <ele>13.8</ele>
      </trkpt>
      <trkpt lat="39.9439" lon="139.70516">
        <ele>13.9</ele>
      </trkpt>
      <trkpt lat="39.94389" lon="139.70519">
        <ele>14.4</ele>
      </trkpt>
      <trkpt lat="39.94389" lon="139.70522">
        <ele>14.7</ele>
      </trkpt>
      <trkpt lat="39.94388" lon="139.70523">
        <ele>14.9</ele>
      </trkpt>
      <trkpt lat="39.94387" lon="139.70526">
        <ele>15.4</ele>
      </trkpt>
      <trkpt lat="39.94386" lon="139.70527">
        <ele>15.7</ele>
      </trkpt>
      <trkpt lat="39.94384" lon="139.70529">
        <ele>16.2</ele>
      </trkpt>
      <trkpt lat="39.94383" lon="139.7053">
        <ele>16.4</ele>
      </trkpt>
      <trkpt lat="39.94382" lon="139.70531">
        <ele>16.7</ele>
      </trkpt>
      <trkpt lat="39.94378" lon="139.70532">
        <ele>17.5</ele>
      </trkpt>
      <trkpt lat="39.94374" lon="139.70534">
        <ele>18.3</ele>
      </trkpt>
      <trkpt lat="39.94371" lon="139.70534">
        <ele>18.8</ele>
      </trkpt>
      <trkpt lat="39.94355" lon="139.70539">
        <ele>22.2</ele>
      </trkpt>
      <trkpt lat="39.94354" lon="139.70539">
        <ele>22.4</ele>
      </trkpt>
      <trkpt lat="39.94342" lon="139.70543">
        <ele>25.3</ele>
      </trkpt>
      <trkpt lat="39.94331" lon="139.70546">
        <ele>27.4</ele>
      </trkpt>
      <trkpt lat="39.94328" lon="139.70548">
        <ele>27.8</ele>
      </trkpt>
      <trkpt lat="39.94324" lon="139.70549">
        <ele>28.0</ele>
      </trkpt>
      <trkpt lat="39.9432" lon="139.70551">
        <ele>28.3</ele>
      </trkpt>
      <trkpt lat="39.94316" lon="139.70552">
        <ele>28.5</ele>
      </trkpt>
      <trkpt lat="39.9431" lon="139.70555">
        <ele>29.0</ele>
      </trkpt>
      <trkpt lat="39.94303" lon="139.70558">
        <ele>29.5</ele>
      </trkpt>
      <trkpt lat="39.94289" lon="139.70566">
        <ele>30.8</ele>
      </trkpt>
      <trkpt lat="39.94281" lon="139.70571">
        <ele>31.6</ele>
      </trkpt>
      <trkpt lat="39.94273" lon="139.70577">
        <ele>32.6</ele>
      </trkpt>
      <trkpt lat="39.94266" lon="139.70582">
        <ele>33.3</ele>
      </trkpt>
      <trkpt lat="39.94257" lon="139.70588">
        <ele>34.0</ele>
      </trkpt>
      <trkpt lat="39.94254" lon="139.7059">
        <ele>34.3</ele>
      </trkpt>
      <trkpt lat="39.94242" lon="139.70599">
        <ele>34.2</ele>
      </trkpt>
      <trkpt lat="39.94226" lon="139.70611">
        <ele>34.0</ele>
      </trkpt>
      <trkpt lat="39.94223" lon="139.70614">
        <ele>34.2</ele>
      </trkpt>
      <trkpt lat="39.94217" lon="139.70618">
        <ele>34.3</ele>
      </trkpt>
      <trkpt lat="39.9421" lon="139.70623">
        <ele>34.7</ele>
      </trkpt>
      <trkpt lat="39.94205" lon="139.70627">
        <ele>35.2</ele>
      </trkpt>
      <trkpt lat="39.94194" lon="139.70633">
        <ele>35.7</ele>
      </trkpt>
      <trkpt lat="39.94188" lon="139.70637">
        <ele>36.3</ele>
      </trkpt>
      <trkpt lat="39.94182" lon="139.7064">
        <ele>36.7</ele>
      </trkpt>
      <trkpt lat="39.94175" lon="139.70644">
        <ele>37.5</ele>
      </trkpt>
      <trkpt lat="39.94167" lon="139.70649">
        <ele>38.7</ele>
      </trkpt>
      <trkpt lat="39.94161" lon="139.70652">
        <ele>39.0</ele>
      </trkpt>
      <trkpt lat="39.94157" lon="139.70654">
        <ele>39.2</ele>
      </trkpt>
      <trkpt lat="39.94144" lon="139.7066">
        <ele>39.6</ele>
      </trkpt>
      <trkpt lat="39.94137" lon="139.70663">
        <ele>39.8</ele>
      </trkpt>
      <trkpt lat="39.9413" lon="139.70666">
        <ele>39.9</ele>
      </trkpt>
      <trkpt lat="39.94125" lon="139.70669">
        <ele>40.0</ele>
      </trkpt>
      <trkpt lat="39.94121" lon="139.70671">
        <ele>39.9</ele>
      </trkpt>
      <trkpt lat="39.94118" lon="139.70673">
        <ele>40.0</ele>
      </trkpt>
      <trkpt lat="39.94115" lon="139.70674">
        <ele>39.9</ele>
      </trkpt>
      <trkpt lat="39.9411" lon="139.70677">
        <ele>40.0</ele>
      </trkpt>
      <trkpt lat="39.94103" lon="139.7068">
        <ele>40.1</ele>
      </trkpt>
      <trkpt lat="39.94091" lon="139.70686">
        <ele>40.7</ele>
      </trkpt>
      <trkpt lat="39.94085" lon="139.70689">
        <ele>41.1</ele>
      </trkpt>
      <trkpt lat="39.94068" lon="139.70696">
        <ele>42.4</ele>
      </trkpt>
      <trkpt lat="39.94053" lon="139.70703">
        <ele>44.0</ele>
      </trkpt>
      <trkpt lat="39.94042" lon="139.70707">
        <ele>44.8</ele>
      </trkpt>
      <trkpt lat="39.94039" lon="139.70709">
        <ele>45.4</ele>
      </trkpt>
      <trkpt lat="39.94031" lon="139.70713">
        <ele>46.4</ele>
      </trkpt>
      <trkpt lat="39.94026" lon="139.70715">
        <ele>47.0</ele>
      </trkpt>
      <trkpt lat="39.94023" lon="139.70717">
        <ele>47.6</ele>
      </trkpt>
      <trkpt lat="39.94014" lon="139.70721">
        <ele>48.7</ele>
      </trkpt>
      <trkpt lat="39.94009" lon="139.70724">
        <ele>49.6</ele>
      </trkpt>
      <trkpt lat="39.94006" lon="139.70726">
        <ele>50.3</ele>
      </trkpt>
      <trkpt lat="39.93998" lon="139.7073">
        <ele>51.4</ele>
      </trkpt>
      <trkpt lat="39.93991" lon="139.70733">
        <ele>52.1</ele>
      </trkpt>
      <trkpt lat="39.93984" lon="139.70736">
        <ele>52.8</ele>
      </trkpt>
      <trkpt lat="39.93978" lon="139.70739">
        <ele>53.6</ele>
      </trkpt>
      <trkpt lat="39.93971" lon="139.70741">
        <ele>53.8</ele>
      </trkpt>
      <trkpt lat="39.93966" lon="139.70743">
        <ele>54.1</ele>
      </trkpt>
      <trkpt lat="39.93961" lon="139.70744">
        <ele>54.3</ele>
      </trkpt>
      <trkpt lat="39.93957" lon="139.70745">
        <ele>54.4</ele>
      </trkpt>
      <trkpt lat="39.93954" lon="139.70746">
        <ele>54.6</ele>
      </trkpt>
      <trkpt lat="39.93948" lon="139.70747">
        <ele>54.8</ele>
      </trkpt>
      <trkpt lat="39.93939" lon="139.70749">
        <ele>55.2</ele>
      </trkpt>
      <trkpt lat="39.9393" lon="139.70749">
        <ele>55.6</ele>
      </trkpt>
      <trkpt lat="39.93923" lon="139.70749">
        <ele>55.9</ele>
      </trkpt>
      <trkpt lat="39.93918" lon="139.70749">
        <ele>56.1</ele>
      </trkpt>
      <trkpt lat="39.9391" lon="139.70748">
        <ele>56.4</ele>
      </trkpt>
      <trkpt lat="39.939" lon="139.70747">
        <ele>56.8</ele>
      </trkpt>
      <trkpt lat="39.93899" lon="139.70747">
        <ele>56.9</ele>
      </trkpt>
      <trkpt lat="39.93892" lon="139.70745">
        <ele>57.2</ele>
      </trkpt>
      <trkpt lat="39.93881" lon="139.70743">
        <ele>58.7</ele>
      </trkpt>
      <trkpt lat="39.93879" lon="139.70742">
        <ele>58.8</ele>
      </trkpt>
      <trkpt lat="39.93866" lon="139.7074">
        <ele>60.8</ele>
      </trkpt>
      <trkpt lat="39.93852" lon="139.70736">
        <ele>62.3</ele>
      </trkpt>
      <trkpt lat="39.93842" lon="139.70734">
        <ele>63.8</ele>
      </trkpt>
      <trkpt lat="39.93832" lon="139.70731">
        <ele>64.9</ele>
      </trkpt>
      <trkpt lat="39.93824" lon="139.70729">
        <ele>65.6</ele>
      </trkpt>
      <trkpt lat="39.93818" lon="139.70726">
        <ele>65.8</ele>
      </trkpt>
      <trkpt lat="39.93812" lon="139.70723">
        <ele>66.0</ele>
      </trkpt>
      <trkpt lat="39.93811" lon="139.70722">
        <ele>65.9</ele>
      </trkpt>
      <trkpt lat="39.93804" lon="139.70718">
        <ele>66.1</ele>
      </trkpt>
      <trkpt lat="39.93796" lon="139.70714">
        <ele>66.6</ele>
      </trkpt>
      <trkpt lat="39.93792" lon="139.70711">
        <ele>66.6</ele>
      </trkpt>
      <trkpt lat="39.93788" lon="139.70708">
        <ele>66.7</ele>
      </trkpt>
      <trkpt lat="39.93784" lon="139.70705">
        <ele>66.8</ele>
      </trkpt>
      <trkpt lat="39.93777" lon="139.70698">
        <ele>66.7</ele>
      </trkpt>
      <trkpt lat="39.93769" lon="139.70692">
        <ele>67.2</ele>
      </trkpt>
      <trkpt lat="39.93766" lon="139.70689">
        <ele>67.3</ele>
      </trkpt>
      <trkpt lat="39.93765" lon="139.70688">
        <ele>67.3</ele>
      </trkpt>
      <trkpt lat="39.93762" lon="139.70685">
        <ele>67.4</ele>
      </trkpt>
      <trkpt lat="39.93758" lon="139.70682">
        <ele>67.9</ele>
      </trkpt>
      <trkpt lat="39.93754" lon="139.70679">
        <ele>68.3</ele>
      </trkpt>
      <trkpt lat="39.9375" lon="139.70676">
        <ele>68.8</ele>
      </trkpt>
      <trkpt lat="39.93749" lon="139.70675">
        <ele>68.6</ele>
      </trkpt>
      <trkpt lat="39.93747" lon="139.70674">
        <ele>68.4</ele>
      </trkpt>
      <trkpt lat="39.93743" lon="139.70671">
        <ele>67.7</ele>
      </trkpt>
      <trkpt lat="39.93738" lon="139.7067">
        <ele>67.4</ele>
      </trkpt>
      <trkpt lat="39.93734" lon="139.70668">
        <ele>66.9</ele>
      </trkpt>
      <trkpt lat="39.93729" lon="139.70667">
        <ele>66.6</ele>
      </trkpt>
      <trkpt lat="39.93724" lon="139.70666">
        <ele>66.1</ele>
      </trkpt>
      <trkpt lat="39.93719" lon="139.70665">
        <ele>65.5</ele>
      </trkpt>
      <trkpt lat="39.93714" lon="139.70665">
        <ele>65.4</ele>
      </trkpt>
      <trkpt lat="39.93708" lon="139.70666">
        <ele>65.7</ele>
      </trkpt>
      <trkpt lat="39.93702" lon="139.70668">
        <ele>66.2</ele>
      </trkpt>
      <trkpt lat="39.93699" lon="139.70669">
        <ele>66.4</ele>
      </trkpt>
      <trkpt lat="39.93697" lon="139.70669">
        <ele>66.4</ele>
      </trkpt>
      <trkpt lat="39.93694" lon="139.7067">
        <ele>66.6</ele>
      </trkpt>
      <trkpt lat="39.93688" lon="139.70673">
        <ele>67.3</ele>
      </trkpt>
      <trkpt lat="39.93683" lon="139.70675">
        <ele>67.8</ele>
      </trkpt>
      <trkpt lat="39.9368" lon="139.70677">
        <ele>68.4</ele>
      </trkpt>
      <trkpt lat="39.93677" lon="139.70679">
        <ele>68.9</ele>
      </trkpt>
      <trkpt lat="39.93665" lon="139.70691">
        <ele>72.1</ele>
      </trkpt>
      <trkpt lat="39.93653" lon="139.70702">
        <ele>72.3</ele>
      </trkpt>
      <trkpt lat="39.93638" lon="139.70718">
        <ele>74.3</ele>
      </trkpt>
      <trkpt lat="39.93632" lon="139.70724">
        <ele>75.3</ele>
      </trkpt>
      <trkpt lat="39.93617" lon="139.70738">
        <ele>78.1</ele>
      </trkpt>
      <trkpt lat="39.93601" lon="139.70753">
        <ele>81.7</ele>
      </trkpt>
      <trkpt lat="39.93586" lon="139.70767">
        <ele>83.5</ele>
      </trkpt>
      <trkpt lat="39.9358" lon="139.70773">
        <ele>84.6</ele>
      </trkpt>
      <trkpt lat="39.93571" lon="139.70781">
        <ele>86.2</ele>
      </trkpt>
      <trkpt lat="39.93565" lon="139.70787">
        <ele>87.3</ele>
      </trkpt>
      <trkpt lat="39.93559" lon="139.70793">
        <ele>88.2</ele>
      </trkpt>
      <trkpt lat="39.93537" lon="139.70816">
        <ele>91.2</ele>
      </trkpt>
      <trkpt lat="39.93535" lon="139.70817">
        <ele>91.1</ele>
      </trkpt>
      <trkpt lat="39.93514" lon="139.70838">
        <ele>93.2</ele>
      </trkpt>
      <trkpt lat="39.935" lon="139.70853">
        <ele>97.0</ele>
      </trkpt>
      <trkpt lat="39.93493" lon="139.7086">
        <ele>99.3</ele>
      </trkpt>
      <trkpt lat="39.93479" lon="139.70872">
        <ele>102.9</ele>
      </trkpt>
      <trkpt lat="39.93471" lon="139.70879">
        <ele>104.9</ele>
      </trkpt>
      <trkpt lat="39.93466" lon="139.70883">
        <ele>106.0</ele>
      </trkpt>
      <trkpt lat="39.93464" lon="139.70884">
        <ele>106.2</ele>
      </trkpt>
      <trkpt lat="39.93461" lon="139.70886">
        <ele>106.7</ele>
      </trkpt>
      <trkpt lat="39.93458" lon="139.70888">
        <ele>107.1</ele>
      </trkpt>
      <trkpt lat="39.93451" lon="139.70891">
        <ele>107.6</ele>
      </trkpt>
      <trkpt lat="39.93447" lon="139.70893">
        <ele>107.9</ele>
      </trkpt>
      <trkpt lat="39.93444" lon="139.70894">
        <ele>108.0</ele>
      </trkpt>
      <trkpt lat="39.93438" lon="139.70895">
        <ele>107.7</ele>
      </trkpt>
      <trkpt lat="39.93434" lon="139.70896">
        <ele>107.6</ele>
      </trkpt>
      <trkpt lat="39.93431" lon="139.70897">
        <ele>107.7</ele>
      </trkpt>
      <trkpt lat="39.93429" lon="139.70897">
        <ele>107.5</ele>
      </trkpt>
      <trkpt lat="39.93426" lon="139.70897">
        <ele>107.2</ele>
      </trkpt>
      <trkpt lat="39.93419" lon="139.70897">
        <ele>106.4</ele>
      </trkpt>
      <trkpt lat="39.93414" lon="139.70896">
        <ele>106.0</ele>
      </trkpt>
      <trkpt lat="39.93411" lon="139.70896">
        <ele>106.2</ele>
      </trkpt>
      <trkpt lat="39.93408" lon="139.70895">
        <ele>106.1</ele>
      </trkpt>
      <trkpt lat="39.93403" lon="139.70893">
        <ele>105.7</ele>
      </trkpt>
      <trkpt lat="39.93395" lon="139.70891">
        <ele>105.5</ele>
      </trkpt>
      <trkpt lat="39.93394" lon="139.7089">
        <ele>105.2</ele>
      </trkpt>
      <trkpt lat="39.93385" lon="139.70887">
        <ele>104.6</ele>
      </trkpt>
      <trkpt lat="39.93377" lon="139.70883">
        <ele>103.5</ele>
      </trkpt>
      <trkpt lat="39.93369" lon="139.7088">
        <ele>102.6</ele>
      </trkpt>
      <trkpt lat="39.93358" lon="139.70875">
        <ele>101.0</ele>
      </trkpt>
      <trkpt lat="39.93341" lon="139.70867">
        <ele>97.9</ele>
      </trkpt>
      <trkpt lat="39.93332" lon="139.70863">
        <ele>96.2</ele>
      </trkpt>
      <trkpt lat="39.93318" lon="139.70857">
        <ele>92.4</ele>
      </trkpt>
      <trkpt lat="39.93309" lon="139.70852">
        <ele>89.3</ele>
      </trkpt>
      <trkpt lat="39.93307" lon="139.70852">
        <ele>89.2</ele>
      </trkpt>
      <trkpt lat="39.93303" lon="139.7085">
        <ele>88.0</ele>
      </trkpt>
      <trkpt lat="39.93298" lon="139.70848">
        <ele>86.7</ele>
      </trkpt>
      <trkpt lat="39.93293" lon="139.70847">
        <ele>85.8</ele>
      </trkpt>
      <trkpt lat="39.93289" lon="139.70846">
        <ele>85.1</ele>
      </trkpt>
      <trkpt lat="39.93284" lon="139.70845">
        <ele>84.2</ele>
      </trkpt>
      <trkpt lat="39.93276" lon="139.70845">
        <ele>83.7</ele>
      </trkpt>
      <trkpt lat="39.93273" lon="139.70845">
        <ele>83.5</ele>
      </trkpt>
      <trkpt lat="39.93271" lon="139.70846">
        <ele>83.8</ele>
      </trkpt>
      <trkpt lat="39.93268" lon="139.70846">
        <ele>83.6</ele>
      </trkpt>
      <trkpt lat="39.93263" lon="139.70848">
        <ele>84.3</ele>
      </trkpt>
      <trkpt lat="39.93261" lon="139.7085">
        <ele>85.1</ele>
      </trkpt>
      <trkpt lat="39.93258" lon="139.70852">
        <ele>86.0</ele>
      </trkpt>
      <trkpt lat="39.93257" lon="139.70853">
        <ele>86.4</ele>
      </trkpt>
      <trkpt lat="39.93256" lon="139.70853">
        <ele>86.3</ele>
      </trkpt>
      <trkpt lat="39.93254" lon="139.70856">
        <ele>87.7</ele>
      </trkpt>
      <trkpt lat="39.93252" lon="139.7086">
        <ele>89.6</ele>
      </trkpt>
      <trkpt lat="39.93249" lon="139.70863">
        <ele>90.6</ele>
      </trkpt>
      <trkpt lat="39.93245" lon="139.70871">
        <ele>93.0</ele>
      </trkpt>
      <trkpt lat="39.93244" lon="139.70872">
        <ele>93.1</ele>
      </trkpt>
      <trkpt lat="39.93239" lon="139.70881">
        <ele>95.6</ele>
      </trkpt>
      <trkpt lat="39.93234" lon="139.7089">
        <ele>98.0</ele>
      </trkpt>
      <trkpt lat="39.93232" lon="139.70893">
        <ele>98.7</ele>
      </trkpt>
      <trkpt lat="39.93228" lon="139.709">
        <ele>100.5</ele>
      </trkpt>
      <trkpt lat="39.93226" lon="139.70904">
        <ele>101.7</ele>
      </trkpt>
      <trkpt lat="39.93223" lon="139.70908">
        <ele>102.4</ele>
      </trkpt>
      <trkpt lat="39.9322" lon="139.70911">
        <ele>102.6</ele>
      </trkpt>
      <trkpt lat="39.93217" lon="139.70914">
        <ele>102.9</ele>
      </trkpt>
      <trkpt lat="39.93214" lon="139.70917">
        <ele>103.0</ele>
      </trkpt>
      <trkpt lat="39.93211" lon="139.70919">
        <ele>102.6</ele>
      </trkpt>
      <trkpt lat="39.93209" lon="139.70921">
        <ele>102.5</ele>
      </trkpt>
      <trkpt lat="39.93208" lon="139.70921">
        <ele>102.1</ele>
      </trkpt>
      <trkpt lat="39.93207" lon="139.70922">
        <ele>102.1</ele>
      </trkpt>
      <trkpt lat="39.93202" lon="139.70925">
        <ele>101.2</ele>
      </trkpt>
      <trkpt lat="39.932" lon="139.70926">
        <ele>100.8</ele>
      </trkpt>
      <trkpt lat="39.93196" lon="139.70928">
        <ele>100.0</ele>
      </trkpt>
      <trkpt lat="39.93192" lon="139.7093">
        <ele>99.2</ele>
      </trkpt>
      <trkpt lat="39.93191" lon="139.7093">
        <ele>98.8</ele>
      </trkpt>
      <trkpt lat="39.93174" lon="139.70935">
        <ele>93.9</ele>
      </trkpt>
      <trkpt lat="39.93168" lon="139.70937">
        <ele>92.3</ele>
      </trkpt>
      <trkpt lat="39.93156" lon="139.70941">
        <ele>91.5</ele>
      </trkpt>
      <trkpt lat="39.93147" lon="139.70944">
        <ele>91.1</ele>
      </trkpt>
      <trkpt lat="39.93141" lon="139.70946">
        <ele>90.7</ele>
      </trkpt>
      <trkpt lat="39.93138" lon="139.70947">
        <ele>90.5</ele>
      </trkpt>
      <trkpt lat="39.93129" lon="139.70949">
        <ele>89.5</ele>
      </trkpt>
      <trkpt lat="39.93122" lon="139.70951">
        <ele>88.8</ele>
      </trkpt>
      <trkpt lat="39.93119" lon="139.70952">
        <ele>88.5</ele>
      </trkpt>
      <trkpt lat="39.93106" lon="139.70956">
        <ele>87.1</ele>
      </trkpt>
      <trkpt lat="39.93094" lon="139.7096">
        <ele>85.8</ele>
      </trkpt>
      <trkpt lat="39.93087" lon="139.70962">
        <ele>84.9</ele>
      </trkpt>
      <trkpt lat="39.93079" lon="139.70965">
        <ele>83.9</ele>
      </trkpt>
      <trkpt lat="39.9307" lon="139.70968">
        <ele>82.6</ele>
      </trkpt>
      <trkpt lat="39.93059" lon="139.70972">
        <ele>81.0</ele>
      </trkpt>
      <trkpt lat="39.93054" lon="139.70974">
        <ele>80.3</ele>
      </trkpt>
      <trkpt lat="39.9305" lon="139.70975">
        <ele>79.5</ele>
      </trkpt>
      <trkpt lat="39.93048" lon="139.70976">
        <ele>79.3</ele>
      </trkpt>
      <trkpt lat="39.93046" lon="139.70977">
        <ele>79.0</ele>
      </trkpt>
      <trkpt lat="39.93044" lon="139.70979">
        <ele>78.9</ele>
      </trkpt>
      <trkpt lat="39.93041" lon="139.7098">
        <ele>78.4</ele>
      </trkpt>
      <trkpt lat="39.93038" lon="139.70982">
        <ele>78.1</ele>
      </trkpt>
      <trkpt lat="39.93035" lon="139.70985">
        <ele>77.9</ele>
      </trkpt>
      <trkpt lat="39.93032" lon="139.70989">
        <ele>78.0</ele>
      </trkpt>
      <trkpt lat="39.93029" lon="139.70992">
        <ele>77.7</ele>
      </trkpt>
      <trkpt lat="39.93026" lon="139.70997">
        <ele>77.9</ele>
      </trkpt>
      <trkpt lat="39.93023" lon="139.71001">
        <ele>77.7</ele>
      </trkpt>
      <trkpt lat="39.93021" lon="139.71006">
        <ele>77.7</ele>
      </trkpt>
      <trkpt lat="39.93018" lon="139.71012">
        <ele>77.5</ele>
      </trkpt>
      <trkpt lat="39.93005" lon="139.71042">
        <ele>77.0</ele>
      </trkpt>
      <trkpt lat="39.92997" lon="139.71063">
        <ele>77.2</ele>
      </trkpt>
      <trkpt lat="39.92996" lon="139.71064">
        <ele>77.0</ele>
      </trkpt>
      <trkpt lat="39.92988" lon="139.71083">
        <ele>77.2</ele>
      </trkpt>
      <trkpt lat="39.9298" lon="139.71102">
        <ele>78.1</ele>
      </trkpt>
      <trkpt lat="39.92979" lon="139.71104">
        <ele>78.2</ele>
      </trkpt>
      <trkpt lat="39.92971" lon="139.71124">
        <ele>79.6</ele>
      </trkpt>
      <trkpt lat="39.92968" lon="139.71132">
        <ele>80.3</ele>
      </trkpt>
      <trkpt lat="39.92954" lon="139.71166">
        <ele>83.8</ele>
      </trkpt>
      <trkpt lat="39.92951" lon="139.71172">
        <ele>84.6</ele>
      </trkpt>
      <trkpt lat="39.92939" lon="139.71202">
        <ele>88.9</ele>
      </trkpt>
      <trkpt lat="39.92934" lon="139.71215">
        <ele>90.7</ele>
      </trkpt>
      <trkpt lat="39.92931" lon="139.7122">
        <ele>91.2</ele>
      </trkpt>
      <trkpt lat="39.92929" lon="139.71225">
        <ele>91.9</ele>
      </trkpt>
      <trkpt lat="39.92924" lon="139.71233">
        <ele>92.8</ele>
      </trkpt>
      <trkpt lat="39.9292" lon="139.71239">
        <ele>93.4</ele>
      </trkpt>
      <trkpt lat="39.92916" lon="139.71245">
        <ele>94.0</ele>
      </trkpt>
      <trkpt lat="39.9291" lon="139.7125">
        <ele>94.6</ele>
      </trkpt>
      <trkpt lat="39.92903" lon="139.71257">
        <ele>95.6</ele>
      </trkpt>
      <trkpt lat="39.92901" lon="139.71258">
        <ele>95.7</ele>
      </trkpt>
      <trkpt lat="39.929" lon="139.71259">
        <ele>95.8</ele>
      </trkpt>
      <trkpt lat="39.92895" lon="139.71262">
        <ele>96.1</ele>
      </trkpt>
      <trkpt lat="39.92887" lon="139.71267">
        <ele>96.6</ele>
      </trkpt>
      <trkpt lat="39.92885" lon="139.71268">
        <ele>96.7</ele>
      </trkpt>
      <trkpt lat="39.92881" lon="139.7127">
        <ele>96.8</ele>
      </trkpt>
      <trkpt lat="39.92873" lon="139.71273">
        <ele>96.9</ele>
      </trkpt>
      <trkpt lat="39.92867" lon="139.71274">
        <ele>96.7</ele>
      </trkpt>
      <trkpt lat="39.92866" lon="139.71275">
        <ele>96.9</ele>
      </trkpt>
      <trkpt lat="39.92862" lon="139.71275">
        <ele>96.6</ele>
      </trkpt>
      <trkpt lat="39.92857" lon="139.71276">
        <ele>96.5</ele>
      </trkpt>
      <trkpt lat="39.9285" lon="139.71277">
        <ele>96.3</ele>
      </trkpt>
      <trkpt lat="39.92849" lon="139.71277">
        <ele>96.2</ele>
      </trkpt>
      <trkpt lat="39.92841" lon="139.71277">
        <ele>95.7</ele>
      </trkpt>
      <trkpt lat="39.92832" lon="139.71276">
        <ele>94.9</ele>
      </trkpt>
      <trkpt lat="39.92825" lon="139.71276">
        <ele>94.1</ele>
      </trkpt>
      <trkpt lat="39.92814" lon="139.71276">
        <ele>93.0</ele>
      </trkpt>
      <trkpt lat="39.92806" lon="139.71276">
        <ele>92.2</ele>
      </trkpt>
      <trkpt lat="39.92796" lon="139.71275">
        <ele>91.0</ele>
      </trkpt>
      <trkpt lat="39.92783" lon="139.71275">
        <ele>89.6</ele>
      </trkpt>
      <trkpt lat="39.92771" lon="139.71274">
        <ele>88.1</ele>
      </trkpt>
      <trkpt lat="39.92752" lon="139.71275">
        <ele>86.4</ele>
      </trkpt>
      <trkpt lat="39.92735" lon="139.71275">
        <ele>83.9</ele>
      </trkpt>
      <trkpt lat="39.92722" lon="139.71275">
        <ele>81.9</ele>
      </trkpt>
      <trkpt lat="39.92707" lon="139.71275">
        <ele>79.6</ele>
      </trkpt>
      <trkpt lat="39.92696" lon="139.71275">
        <ele>77.9</ele>
      </trkpt>
      <trkpt lat="39.92673" lon="139.71274">
        <ele>73.9</ele>
      </trkpt>
      <trkpt lat="39.92662" lon="139.71273">
        <ele>72.6</ele>
      </trkpt>
      <trkpt lat="39.92652" lon="139.71272">
        <ele>72.4</ele>
      </trkpt>
      <trkpt lat="39.92643" lon="139.71271">
        <ele>72.2</ele>
      </trkpt>
      <trkpt lat="39.92635" lon="139.7127">
        <ele>71.9</ele>
      </trkpt>
      <trkpt lat="39.92627" lon="139.71268">
        <ele>71.4</ele>
      </trkpt>
      <trkpt lat="39.92618" lon="139.71266">
        <ele>70.9</ele>
      </trkpt>
      <trkpt lat="39.92608" lon="139.71263">
        <ele>70.2</ele>
      </trkpt>
      <trkpt lat="39.92601" lon="139.71261">
        <ele>69.7</ele>
      </trkpt>
      <trkpt lat="39.92599" lon="139.7126">
        <ele>69.5</ele>
      </trkpt>
      <trkpt lat="39.92594" lon="139.71259">
        <ele>69.3</ele>
      </trkpt>
      <trkpt lat="39.92584" lon="139.71255">
        <ele>68.4</ele>
      </trkpt>
      <trkpt lat="39.92581" lon="139.71254">
        <ele>68.2</ele>
      </trkpt>
      <trkpt lat="39.92568" lon="139.71248">
        <ele>66.7</ele>
      </trkpt>
      <trkpt lat="39.92564" lon="139.71247">
        <ele>66.5</ele>
      </trkpt>
      <trkpt lat="39.92547" lon="139.71239">
        <ele>64.4</ele>
      </trkpt>
      <trkpt lat="39.9253" lon="139.71232">
        <ele>63.3</ele>
      </trkpt>
      <trkpt lat="39.9252" lon="139.71229">
        <ele>63.3</ele>
      </trkpt>
      <trkpt lat="39.92512" lon="139.71225">
        <ele>63.1</ele>
      </trkpt>
      <trkpt lat="39.92503" lon="139.71222">
        <ele>63.3</ele>
      </trkpt>
      <trkpt lat="39.92498" lon="139.7122">
        <ele>63.0</ele>
      </trkpt>
      <trkpt lat="39.92494" lon="139.71219">
        <ele>62.4</ele>
      </trkpt>
      <trkpt lat="39.92488" lon="139.71217">
        <ele>61.4</ele>
      </trkpt>
      <trkpt lat="39.92483" lon="139.71216">
        <ele>60.7</ele>
      </trkpt>
      <trkpt lat="39.92479" lon="139.71215">
        <ele>60.1</ele>
      </trkpt>
      <trkpt lat="39.92469" lon="139.71214">
        <ele>58.9</ele>
      </trkpt>
      <trkpt lat="39.92464" lon="139.71214">
        <ele>58.5</ele>
      </trkpt>
      <trkpt lat="39.9246" lon="139.71214">
        <ele>58.1</ele>
      </trkpt>
      <trkpt lat="39.92457" lon="139.71214">
        <ele>57.8</ele>
      </trkpt>
      <trkpt lat="39.92449" lon="139.71215">
        <ele>57.3</ele>
      </trkpt>
      <trkpt lat="39.92442" lon="139.71216">
        <ele>56.8</ele>
      </trkpt>
      <trkpt lat="39.92437" lon="139.71218">
        <ele>56.8</ele>
      </trkpt>
      <trkpt lat="39.92431" lon="139.7122">
        <ele>56.6</ele>
      </trkpt>
      <trkpt lat="39.92427" lon="139.71222">
        <ele>56.6</ele>
      </trkpt>
      <trkpt lat="39.92425" lon="139.71223">
        <ele>56.6</ele>
      </trkpt>
      <trkpt lat="39.92424" lon="139.71223">
        <ele>56.5</ele>
      </trkpt>
      <trkpt lat="39.92419" lon="139.71225">
        <ele>56.4</ele>
      </trkpt>
      <trkpt lat="39.92413" lon="139.71229">
        <ele>56.0</ele>
      </trkpt>
      <trkpt lat="39.92408" lon="139.71233">
        <ele>55.4</ele>
      </trkpt>
      <trkpt lat="39.92406" lon="139.71234">
        <ele>55.0</ele>
      </trkpt>
      <trkpt lat="39.92397" lon="139.71242">
        <ele>54.3</ele>
      </trkpt>
      <trkpt lat="39.92394" lon="139.71245">
        <ele>54.2</ele>
      </trkpt>
      <trkpt lat="39.92394" lon="139.71246">
        <ele>54.4</ele>
      </trkpt>
      <trkpt lat="39.9239" lon="139.71249">
        <ele>54.1</ele>
      </trkpt>
      <trkpt lat="39.92386" lon="139.71254">
        <ele>54.1</ele>
      </trkpt>
      <trkpt lat="39.9238" lon="139.71261">
        <ele>54.0</ele>
      </trkpt>
      <trkpt lat="39.92379" lon="139.71262">
        <ele>54.0</ele>
      </trkpt>
      <trkpt lat="39.92375" lon="139.71268">
        <ele>54.3</ele>
      </trkpt>
      <trkpt lat="39.92371" lon="139.71274">
        <ele>54.7</ele>
      </trkpt>
      <trkpt lat="39.92356" lon="139.71296">
        <ele>56.5</ele>
      </trkpt>
      <trkpt lat="39.92333" lon="139.71331">
        <ele>61.4</ele>
      </trkpt>
      <trkpt lat="39.92329" lon="139.71337">
        <ele>62.3</ele>
      </trkpt>
      <trkpt lat="39.92323" lon="139.71344">
        <ele>63.0</ele>
      </trkpt>
      <trkpt lat="39.92315" lon="139.71352">
        <ele>63.9</ele>
      </trkpt>
      <trkpt lat="39.9231" lon="139.71357">
        <ele>64.4</ele>
      </trkpt>
      <trkpt lat="39.92306" lon="139.7136">
        <ele>64.7</ele>
      </trkpt>
      <trkpt lat="39.92294" lon="139.71369">
        <ele>65.6</ele>
      </trkpt>
      <trkpt lat="39.92289" lon="139.71372">
        <ele>65.9</ele>
      </trkpt>
      <trkpt lat="39.92287" lon="139.71373">
        <ele>65.9</ele>
      </trkpt>
      <trkpt lat="39.92284" lon="139.71375">
        <ele>66.2</ele>
      </trkpt>
      <trkpt lat="39.92278" lon="139.71377">
        <ele>66.2</ele>
      </trkpt>
      <trkpt lat="39.92271" lon="139.7138">
        <ele>66.3</ele>
      </trkpt>
      <trkpt lat="39.92262" lon="139.71383">
        <ele>66.4</ele>
      </trkpt>
      <trkpt lat="39.92256" lon="139.71385">
        <ele>66.5</ele>
      </trkpt>
      <trkpt lat="39.92247" lon="139.71387">
        <ele>66.1</ele>
      </trkpt>
      <trkpt lat="39.92239" lon="139.71388">
        <ele>65.3</ele>
      </trkpt>
      <trkpt lat="39.92227" lon="139.7139">
        <ele>64.3</ele>
      </trkpt>
      <trkpt lat="39.92219" lon="139.71391">
        <ele>63.7</ele>
      </trkpt>
      <trkpt lat="39.92215" lon="139.71391">
        <ele>63.2</ele>
      </trkpt>
      <trkpt lat="39.92204" lon="139.71393">
        <ele>62.6</ele>
      </trkpt>
      <trkpt lat="39.92195" lon="139.71394">
        <ele>62.0</ele>
      </trkpt>
      <trkpt lat="39.92189" lon="139.71395">
        <ele>61.8</ele>
      </trkpt>
      <trkpt lat="39.92185" lon="139.71396">
        <ele>61.8</ele>
      </trkpt>
      <trkpt lat="39.92183" lon="139.71396">
        <ele>61.6</ele>
      </trkpt>
      <trkpt lat="39.9218" lon="139.71397">
        <ele>61.8</ele>
      </trkpt>
      <trkpt lat="39.92175" lon="139.71399">
        <ele>62.3</ele>
      </trkpt>
      <trkpt lat="39.92168" lon="139.71401">
        <ele>62.7</ele>
      </trkpt>
      <trkpt lat="39.92163" lon="139.71403">
        <ele>62.9</ele>
      </trkpt>
      <trkpt lat="39.92157" lon="139.71406">
        <ele>63.4</ele>
      </trkpt>
      <trkpt lat="39.92152" lon="139.71408">
        <ele>63.5</ele>
      </trkpt>
      <trkpt lat="39.92146" lon="139.71412">
        <ele>64.5</ele>
      </trkpt>
      <trkpt lat="39.92138" lon="139.71418">
        <ele>66.0</ele>
      </trkpt>
      <trkpt lat="39.92129" lon="139.71424">
        <ele>66.5</ele>
      </trkpt>
      <trkpt lat="39.92111" lon="139.71437">
        <ele>68.0</ele>
      </trkpt>
      <trkpt lat="39.92102" lon="139.71445">
        <ele>69.3</ele>
      </trkpt>
      <trkpt lat="39.92086" lon="139.71457">
        <ele>71.0</ele>
      </trkpt>
      <trkpt lat="39.92084" lon="139.71459">
        <ele>71.4</ele>
      </trkpt>
      <trkpt lat="39.92072" lon="139.71467">
        <ele>72.2</ele>
      </trkpt>
      <trkpt lat="39.9207" lon="139.71468">
        <ele>72.2</ele>
      </trkpt>
      <trkpt lat="39.92066" lon="139.71471">
        <ele>72.6</ele>
      </trkpt>
      <trkpt lat="39.92056" lon="139.71478">
        <ele>73.5</ele>
      </trkpt>
      <trkpt lat="39.92055" lon="139.71479">
        <ele>73.7</ele>
      </trkpt>
      <trkpt lat="39.92037" lon="139.71494">
        <ele>76.3</ele>
      </trkpt>
      <trkpt lat="39.92023" lon="139.71505">
        <ele>77.3</ele>
      </trkpt>
      <trkpt lat="39.92011" lon="139.71515">
        <ele>77.2</ele>
      </trkpt>
      <trkpt lat="39.91998" lon="139.71524">
        <ele>76.5</ele>
      </trkpt>
      <trkpt lat="39.91993" lon="139.71528">
        <ele>76.3</ele>
      </trkpt>
      <trkpt lat="39.91989" lon="139.71531">
        <ele>76.2</ele>
      </trkpt>
      <trkpt lat="39.91981" lon="139.71538">
        <ele>76.3</ele>
      </trkpt>
      <trkpt lat="39.91974" lon="139.71542">
        <ele>75.9</ele>
      </trkpt>
      <trkpt lat="39.91969" lon="139.71546">
        <ele>76.0</ele>
      </trkpt>
      <trkpt lat="39.91966" lon="139.7155">
        <ele>76.4</ele>
      </trkpt>
      <trkpt lat="39.91963" lon="139.71553">
        <ele>76.6</ele>
      </trkpt>
      <trkpt lat="39.91962" lon="139.71553">
        <ele>76.5</ele>
      </trkpt>
      <trkpt lat="39.9196" lon="139.71556">
        <ele>76.9</ele>
      </trkpt>
      <trkpt lat="39.91955" lon="139.71563">
        <ele>77.9</ele>
      </trkpt>
      <trkpt lat="39.91953" lon="139.71568">
        <ele>78.8</ele>
      </trkpt>
      <trkpt lat="39.91951" lon="139.71571">
        <ele>79.3</ele>
      </trkpt>
      <trkpt lat="39.91951" lon="139.71572">
        <ele>79.6</ele>
      </trkpt>
      <trkpt lat="39.91948" lon="139.71579">
        <ele>81.0</ele>
      </trkpt>
      <trkpt lat="39.91941" lon="139.71602">
        <ele>82.8</ele>
      </trkpt>
      <trkpt lat="39.91937" lon="139.71614">
        <ele>83.1</ele>
      </trkpt>
      <trkpt lat="39.91932" lon="139.71633">
        <ele>83.5</ele>
      </trkpt>
      <trkpt lat="39.91927" lon="139.71653">
        <ele>83.8</ele>
      </trkpt>
      <trkpt lat="39.91922" lon="139.71672">
        <ele>84.1</ele>
      </trkpt>
      <trkpt lat="39.91916" lon="139.71692">
        <ele>85.2</ele>
      </trkpt>
      <trkpt lat="39.91913" lon="139.71702">
        <ele>86.0</ele>
      </trkpt>
      <trkpt lat="39.9191" lon="139.71712">
        <ele>86.9</ele>
      </trkpt>
      <trkpt lat="39.91908" lon="139.71719">
        <ele>87.6</ele>
      </trkpt>
      <trkpt lat="39.91905" lon="139.71726">
        <ele>88.1</ele>
      </trkpt>
      <trkpt lat="39.91903" lon="139.7173">
        <ele>88.5</ele>
      </trkpt>
      <trkpt lat="39.91902" lon="139.71733">
        <ele>88.8</ele>
      </trkpt>
      <trkpt lat="39.91899" lon="139.71736">
        <ele>88.9</ele>
      </trkpt>
      <trkpt lat="39.91896" lon="139.7174">
        <ele>89.1</ele>
      </trkpt>
      <trkpt lat="39.9189" lon="139.71745">
        <ele>89.3</ele>
      </trkpt>
      <trkpt lat="39.91887" lon="139.71748">
        <ele>89.4</ele>
      </trkpt>
      <trkpt lat="39.91885" lon="139.7175">
        <ele>89.6</ele>
      </trkpt>
      <trkpt lat="39.91883" lon="139.71751">
        <ele>89.7</ele>
      </trkpt>
      <trkpt lat="39.91878" lon="139.71754">
        <ele>90.2</ele>
      </trkpt>
      <trkpt lat="39.91868" lon="139.71759">
        <ele>90.9</ele>
      </trkpt>
      <trkpt lat="39.91866" lon="139.7176">
        <ele>91.0</ele>
      </trkpt>
      <trkpt lat="39.91856" lon="139.71766">
        <ele>92.1</ele>
      </trkpt>
      <trkpt lat="39.91852" lon="139.71768">
        <ele>92.4</ele>
      </trkpt>
      <trkpt lat="39.91844" lon="139.71772">
        <ele>93.0</ele>
      </trkpt>
      <trkpt lat="39.91835" lon="139.71777">
        <ele>93.9</ele>
      </trkpt>
      <trkpt lat="39.91835" lon="139.71778">
        <ele>94.3</ele>
      </trkpt>
      <trkpt lat="39.91819" lon="139.71787">
        <ele>95.6</ele>
      </trkpt>
      <trkpt lat="39.91809" lon="139.71793">
        <ele>96.6</ele>
      </trkpt>
      <trkpt lat="39.91802" lon="139.71797">
        <ele>97.2</ele>
      </trkpt>
      <trkpt lat="39.91796" lon="139.718">
        <ele>97.6</ele>
      </trkpt>
      <trkpt lat="39.91792" lon="139.71802">
        <ele>97.9</ele>
      </trkpt>
      <trkpt lat="39.91788" lon="139.71804">
        <ele>98.2</ele>
      </trkpt>
      <trkpt lat="39.91786" lon="139.71805">
        <ele>98.3</ele>
      </trkpt>
      <trkpt lat="39.91784" lon="139.71806">
        <ele>98.5</ele>
      </trkpt>
      <trkpt lat="39.91781" lon="139.71807">
        <ele>98.5</ele>
      </trkpt>
      <trkpt lat="39.91777" lon="139.71808">
        <ele>98.4</ele>
      </trkpt>
      <trkpt lat="39.91773" lon="139.71808">
        <ele>97.9</ele>
      </trkpt>
      <trkpt lat="39.9177" lon="139.71809">
        <ele>98.0</ele>
      </trkpt>
      <trkpt lat="39.91765" lon="139.71809">
        <ele>97.4</ele>
      </trkpt>
      <trkpt lat="39.91761" lon="139.71808">
        <ele>96.5</ele>
      </trkpt>
      <trkpt lat="39.91757" lon="139.71807">
        <ele>95.7</ele>
      </trkpt>
      <trkpt lat="39.91751" lon="139.71806">
        <ele>94.6</ele>
      </trkpt>
      <trkpt lat="39.91739" lon="139.71802">
        <ele>91.5</ele>
      </trkpt>
      <trkpt lat="39.91731" lon="139.71799">
        <ele>89.2</ele>
      </trkpt>
      <trkpt lat="39.91722" lon="139.71797">
        <ele>87.2</ele>
      </trkpt>
      <trkpt lat="39.91717" lon="139.71796">
        <ele>86.1</ele>
      </trkpt>
      <trkpt lat="39.91713" lon="139.71795">
        <ele>85.2</ele>
      </trkpt>
      <trkpt lat="39.91708" lon="139.71795">
        <ele>84.5</ele>
      </trkpt>
      <trkpt lat="39.91703" lon="139.71795">
        <ele>83.8</ele>
      </trkpt>
      <trkpt lat="39.91699" lon="139.71795">
        <ele>83.3</ele>
      </trkpt>
      <trkpt lat="39.91695" lon="139.71796">
        <ele>83.1</ele>
      </trkpt>
      <trkpt lat="39.91692" lon="139.71797">
        <ele>83.1</ele>
      </trkpt>
      <trkpt lat="39.91691" lon="139.71798">
        <ele>83.4</ele>
      </trkpt>
      <trkpt lat="39.91686" lon="139.71801">
        <ele>83.8</ele>
      </trkpt>
      <trkpt lat="39.91683" lon="139.71804">
        <ele>84.6</ele>
      </trkpt>
      <trkpt lat="39.91681" lon="139.71806">
        <ele>85.1</ele>
      </trkpt>
      <trkpt lat="39.91679" lon="139.71808">
        <ele>85.7</ele>
      </trkpt>
      <trkpt lat="39.91674" lon="139.71812">
        <ele>86.6</ele>
      </trkpt>
      <trkpt lat="39.91669" lon="139.7182">
        <ele>89.0</ele>
      </trkpt>
      <trkpt lat="39.91668" lon="139.71821">
        <ele>89.3</ele>
      </trkpt>
      <trkpt lat="39.91661" lon="139.71832">
        <ele>91.7</ele>
      </trkpt>
      <trkpt lat="39.91657" lon="139.7184">
        <ele>91.4</ele>
      </trkpt>
      <trkpt lat="39.91656" lon="139.7184">
        <ele>91.1</ele>
      </trkpt>
      <trkpt lat="39.91644" lon="139.71863">
        <ele>88.8</ele>
      </trkpt>
      <trkpt lat="39.91637" lon="139.71875">
        <ele>87.4</ele>
      </trkpt>
      <trkpt lat="39.91633" lon="139.71884">
        <ele>86.8</ele>
      </trkpt>
      <trkpt lat="39.91629" lon="139.71896">
        <ele>86.4</ele>
      </trkpt>
      <trkpt lat="39.91627" lon="139.71904">
        <ele>86.3</ele>
      </trkpt>
      <trkpt lat="39.91625" lon="139.71911">
        <ele>86.1</ele>
      </trkpt>
      <trkpt lat="39.91624" lon="139.71919">
        <ele>86.1</ele>
      </trkpt>
      <trkpt lat="39.91623" lon="139.71931">
        <ele>85.0</ele>
      </trkpt>
      <trkpt lat="39.91622" lon="139.71945">
        <ele>83.9</ele>
      </trkpt>
      <trkpt lat="39.91621" lon="139.71984">
        <ele>81.1</ele>
      </trkpt>
      <trkpt lat="39.91621" lon="139.71992">
        <ele>80.6</ele>
      </trkpt>
      <trkpt lat="39.9162" lon="139.72007">
        <ele>80.5</ele>
      </trkpt>
      <trkpt lat="39.9162" lon="139.72016">
        <ele>81.4</ele>
      </trkpt>
      <trkpt lat="39.91619" lon="139.72028">
        <ele>82.3</ele>
      </trkpt>
      <trkpt lat="39.91618" lon="139.72038">
        <ele>83.0</ele>
      </trkpt>
      <trkpt lat="39.91618" lon="139.72039">
        <ele>83.1</ele>
      </trkpt>
      <trkpt lat="39.91617" lon="139.72045">
        <ele>83.5</ele>
      </trkpt>
      <trkpt lat="39.91616" lon="139.7205">
        <ele>83.7</ele>
      </trkpt>
      <trkpt lat="39.91613" lon="139.72056">
        <ele>83.5</ele>
      </trkpt>
      <trkpt lat="39.91611" lon="139.72061">
        <ele>83.5</ele>
      </trkpt>
      <trkpt lat="39.91608" lon="139.72065">
        <ele>83.1</ele>
      </trkpt>
      <trkpt lat="39.91603" lon="139.7207">
        <ele>82.3</ele>
      </trkpt>
      <trkpt lat="39.91599" lon="139.72073">
        <ele>81.7</ele>
      </trkpt>
      <trkpt lat="39.91597" lon="139.72075">
        <ele>81.4</ele>
      </trkpt>
      <trkpt lat="39.91593" lon="139.72077">
        <ele>80.6</ele>
      </trkpt>
      <trkpt lat="39.91589" lon="139.7208">
        <ele>80.0</ele>
      </trkpt>
      <trkpt lat="39.91586" lon="139.72081">
        <ele>79.4</ele>
      </trkpt>
      <trkpt lat="39.91582" lon="139.72082">
        <ele>78.9</ele>
      </trkpt>
      <trkpt lat="39.91579" lon="139.72083">
        <ele>79.4</ele>
      </trkpt>
      <trkpt lat="39.91577" lon="139.72083">
        <ele>79.6</ele>
      </trkpt>
      <trkpt lat="39.91574" lon="139.72083">
        <ele>80.0</ele>
      </trkpt>
      <trkpt lat="39.9157" lon="139.72082">
        <ele>80.2</ele>
      </trkpt>
      <trkpt lat="39.91566" lon="139.7208">
        <ele>80.3</ele>
      </trkpt>
      <trkpt lat="39.91563" lon="139.72077">
        <ele>80.0</ele>
      </trkpt>
      <trkpt lat="39.91561" lon="139.72076">
        <ele>80.1</ele>
      </trkpt>
      <trkpt lat="39.91554" lon="139.72071">
        <ele>79.7</ele>
      </trkpt>
      <trkpt lat="39.91548" lon="139.72066">
        <ele>79.2</ele>
      </trkpt>
      <trkpt lat="39.91544" lon="139.72063">
        <ele>78.8</ele>
      </trkpt>
      <trkpt lat="39.91535" lon="139.72054">
        <ele>77.3</ele>
      </trkpt>
      <trkpt lat="39.91529" lon="139.72048">
        <ele>76.2</ele>
      </trkpt>
      <trkpt lat="39.91518" lon="139.72039">
        <ele>74.3</ele>
      </trkpt>
      <trkpt lat="39.91508" lon="139.7203">
        <ele>71.9</ele>
      </trkpt>
      <trkpt lat="39.91499" lon="139.72021">
        <ele>69.3</ele>
      </trkpt>
      <trkpt lat="39.91494" lon="139.72017">
        <ele>68.1</ele>
      </trkpt>
      <trkpt lat="39.91489" lon="139.72012">
        <ele>66.6</ele>
      </trkpt>
      <trkpt lat="39.91489" lon="139.72011">
        <ele>66.4</ele>
      </trkpt>
      <trkpt lat="39.91485" lon="139.72008">
        <ele>65.5</ele>
      </trkpt>
      <trkpt lat="39.91482" lon="139.72005">
        <ele>64.7</ele>
      </trkpt>
      <trkpt lat="39.91477" lon="139.72001">
        <ele>63.6</ele>
      </trkpt>
      <trkpt lat="39.91474" lon="139.71999">
        <ele>63.2</ele>
      </trkpt>
      <trkpt lat="39.91473" lon="139.71999">
        <ele>63.2</ele>
      </trkpt>
      <trkpt lat="39.91468" lon="139.71995">
        <ele>62.6</ele>
      </trkpt>
      <trkpt lat="39.91465" lon="139.71992">
        <ele>62.1</ele>
      </trkpt>
      <trkpt lat="39.91461" lon="139.7199">
        <ele>61.7</ele>
      </trkpt>
      <trkpt lat="39.91455" lon="139.71987">
        <ele>61.0</ele>
      </trkpt>
      <trkpt lat="39.91452" lon="139.71986">
        <ele>60.8</ele>
      </trkpt>
      <trkpt lat="39.91447" lon="139.71984">
        <ele>60.3</ele>
      </trkpt>
      <trkpt lat="39.91441" lon="139.71982">
        <ele>59.7</ele>
      </trkpt>
      <trkpt lat="39.9144" lon="139.71982">
        <ele>59.7</ele>
      </trkpt>
      <trkpt lat="39.91436" lon="139.71981">
        <ele>59.3</ele>
      </trkpt>
      <trkpt lat="39.91423" lon="139.71979">
        <ele>58.4</ele>
      </trkpt>
      <trkpt lat="39.91414" lon="139.71977">
        <ele>57.3</ele>
      </trkpt>
      <trkpt lat="39.91403" lon="139.71976">
        <ele>55.6</ele>
      </trkpt>
      <trkpt lat="39.91394" lon="139.71975">
        <ele>54.1</ele>
      </trkpt>
      <trkpt lat="39.91384" lon="139.71973">
        <ele>52.3</ele>
      </trkpt>
      <trkpt lat="39.91369" lon="139.71972">
        <ele>50.0</ele>
      </trkpt>
      <trkpt lat="39.91358" lon="139.71969">
        <ele>47.6</ele>
      </trkpt>
      <trkpt lat="39.91351" lon="139.71968">
        <ele>46.4</ele>
      </trkpt>
      <trkpt lat="39.91344" lon="139.71966">
        <ele>44.8</ele>
      </trkpt>
      <trkpt lat="39.91333" lon="139.71964">
        <ele>42.8</ele>
      </trkpt>
      <trkpt lat="39.91321" lon="139.71962">
        <ele>41.8</ele>
      </trkpt>
      <trkpt lat="39.91307" lon="139.7196">
        <ele>40.7</ele>
      </trkpt>
      <trkpt lat="39.91297" lon="139.71959">
        <ele>40.1</ele>
      </trkpt>
      <trkpt lat="39.9129" lon="139.71959">
        <ele>39.9</ele>
      </trkpt>
      <trkpt lat="39.9128" lon="139.71958">
        <ele>39.3</ele>
      </trkpt>
      <trkpt lat="39.91272" lon="139.71957">
        <ele>38.8</ele>
      </trkpt>
      <trkpt lat="39.91263" lon="139.71958">
        <ele>38.8</ele>
      </trkpt>
      <trkpt lat="39.91258" lon="139.71958">
        <ele>38.7</ele>
      </trkpt>
      <trkpt lat="39.91252" lon="139.71959">
        <ele>38.8</ele>
      </trkpt>
      <trkpt lat="39.91245" lon="139.7196">
        <ele>38.7</ele>
      </trkpt>
      <trkpt lat="39.91236" lon="139.71963">
        <ele>39.0</ele>
      </trkpt>
      <trkpt lat="39.91235" lon="139.71964">
        <ele>39.2</ele>
      </trkpt>
      <trkpt lat="39.91226" lon="139.71966">
        <ele>39.2</ele>
      </trkpt>
      <trkpt lat="39.91219" lon="139.71969">
        <ele>39.4</ele>
      </trkpt>
      <trkpt lat="39.91214" lon="139.71971">
        <ele>39.5</ele>
      </trkpt>
      <trkpt lat="39.91209" lon="139.71974">
        <ele>39.8</ele>
      </trkpt>
      <trkpt lat="39.91202" lon="139.71978">
        <ele>40.0</ele>
      </trkpt>
      <trkpt lat="39.91195" lon="139.71982">
        <ele>40.1</ele>
      </trkpt>
      <trkpt lat="39.91189" lon="139.71987">
        <ele>40.5</ele>
      </trkpt>
      <trkpt lat="39.91184" lon="139.71992">
        <ele>40.8</ele>
      </trkpt>
      <trkpt lat="39.91178" lon="139.71997">
        <ele>40.9</ele>
      </trkpt>
      <trkpt lat="39.91173" lon="139.72003">
        <ele>41.3</ele>
      </trkpt>
      <trkpt lat="39.91172" lon="139.72003">
        <ele>41.2</ele>
      </trkpt>
      <trkpt lat="39.91167" lon="139.7201">
        <ele>41.8</ele>
      </trkpt>
      <trkpt lat="39.91162" lon="139.72016">
        <ele>42.1</ele>
      </trkpt>
      <trkpt lat="39.91159" lon="139.7202">
        <ele>42.4</ele>
      </trkpt>
      <trkpt lat="39.91156" lon="139.72025">
        <ele>42.8</ele>
      </trkpt>
      <trkpt lat="39.91145" lon="139.72041">
        <ele>43.9</ele>
      </trkpt>
      <trkpt lat="39.91125" lon="139.72074">
        <ele>46.4</ele>
      </trkpt>
      <trkpt lat="39.91105" lon="139.72104">
        <ele>46.8</ele>
      </trkpt>
      <trkpt lat="39.91085" lon="139.72133">
        <ele>45.0</ele>
      </trkpt>
      <trkpt lat="39.91074" lon="139.7215">
        <ele>44.5</ele>
      </trkpt>
      <trkpt lat="39.91049" lon="139.72188">
        <ele>45.7</ele>
      </trkpt>
      <trkpt lat="39.91033" lon="139.72212">
        <ele>46.0</ele>
      </trkpt>
      <trkpt lat="39.9103" lon="139.72216">
        <ele>45.9</ele>
      </trkpt>
      <trkpt lat="39.91021" lon="139.72229">
        <ele>45.3</ele>
      </trkpt>
      <trkpt lat="39.91019" lon="139.72233">
        <ele>45.3</ele>
      </trkpt>
      <trkpt lat="39.91016" lon="139.72238">
        <ele>45.1</ele>
      </trkpt>
      <trkpt lat="39.91013" lon="139.72242">
        <ele>44.7</ele>
      </trkpt>
      <trkpt lat="39.91011" lon="139.72247">
        <ele>44.6</ele>
      </trkpt>
      <trkpt lat="39.91008" lon="139.72252">
        <ele>44.4</ele>
      </trkpt>
      <trkpt lat="39.91008" lon="139.72253">
        <ele>44.6</ele>
      </trkpt>
      <trkpt lat="39.91004" lon="139.7226">
        <ele>44.6</ele>
      </trkpt>
      <trkpt lat="39.91002" lon="139.72266">
        <ele>45.0</ele>
      </trkpt>
      <trkpt lat="39.90999" lon="139.72273">
        <ele>45.3</ele>
      </trkpt>
      <trkpt lat="39.90992" lon="139.72296">
        <ele>46.2</ele>
      </trkpt>
      <trkpt lat="39.90985" lon="139.72316">
        <ele>46.2</ele>
      </trkpt>
      <trkpt lat="39.90984" lon="139.72319">
        <ele>46.2</ele>
      </trkpt>
      <trkpt lat="39.9098" lon="139.7233">
        <ele>45.9</ele>
      </trkpt>
      <trkpt lat="39.90978" lon="139.72337">
        <ele>45.7</ele>
      </trkpt>
      <trkpt lat="39.90974" lon="139.72346">
        <ele>44.5</ele>
      </trkpt>
      <trkpt lat="39.9097" lon="139.72358">
        <ele>43.6</ele>
      </trkpt>
      <trkpt lat="39.90956" lon="139.72399">
        <ele>40.4</ele>
      </trkpt>
      <trkpt lat="39.90946" lon="139.72431">
        <ele>38.6</ele>
      </trkpt>
      <trkpt lat="39.90943" lon="139.72441">
        <ele>38.2</ele>
      </trkpt>
      <trkpt lat="39.90939" lon="139.72453">
        <ele>37.6</ele>
      </trkpt>
      <trkpt lat="39.90936" lon="139.72463">
        <ele>37.3</ele>
      </trkpt>
      <trkpt lat="39.90934" lon="139.7247">
        <ele>37.2</ele>
      </trkpt>
      <trkpt lat="39.90932" lon="139.72475">
        <ele>36.9</ele>
      </trkpt>
      <trkpt lat="39.90931" lon="139.7248">
        <ele>37.0</ele>
      </trkpt>
      <trkpt lat="39.9093" lon="139.72484">
        <ele>37.0</ele>
      </trkpt>
      <trkpt lat="39.90929" lon="139.72488">
        <ele>37.0</ele>
      </trkpt>
      <trkpt lat="39.90929" lon="139.72493">
        <ele>37.4</ele>
      </trkpt>
      <trkpt lat="39.90928" lon="139.72498">
        <ele>37.5</ele>
      </trkpt>
      <trkpt lat="39.90928" lon="139.72502">
        <ele>37.4</ele>
      </trkpt>
      <trkpt lat="39.90928" lon="139.72508">
        <ele>36.5</ele>
      </trkpt>
      <trkpt lat="39.90928" lon="139.72514">
        <ele>35.6</ele>
      </trkpt>
      <trkpt lat="39.90928" lon="139.72518">
        <ele>35.0</ele>
      </trkpt>
      <trkpt lat="39.90929" lon="139.72523">
        <ele>34.5</ele>
      </trkpt>
      <trkpt lat="39.9093" lon="139.72528">
        <ele>34.1</ele>
      </trkpt>
      <trkpt lat="39.90931" lon="139.72534">
        <ele>33.5</ele>
      </trkpt>
      <trkpt lat="39.90932" lon="139.72535">
        <ele>33.6</ele>
      </trkpt>
      <trkpt lat="39.90933" lon="139.7254">
        <ele>33.2</ele>
      </trkpt>
      <trkpt lat="39.90935" lon="139.72545">
        <ele>33.0</ele>
      </trkpt>
      <trkpt lat="39.90938" lon="139.72552">
        <ele>32.8</ele>
      </trkpt>
      <trkpt lat="39.90939" lon="139.72556">
        <ele>32.5</ele>
      </trkpt>
      <trkpt lat="39.9094" lon="139.72557">
        <ele>32.6</ele>
      </trkpt>
      <trkpt lat="39.90942" lon="139.72562">
        <ele>32.4</ele>
      </trkpt>
      <trkpt lat="39.90945" lon="139.72566">
        <ele>32.6</ele>
      </trkpt>
      <trkpt lat="39.90948" lon="139.7257">
        <ele>32.8</ele>
      </trkpt>
      <trkpt lat="39.90951" lon="139.72573">
        <ele>33.2</ele>
      </trkpt>
      <trkpt lat="39.90952" lon="139.72575">
        <ele>33.1</ele>
      </trkpt>
      <trkpt lat="39.90957" lon="139.72579">
        <ele>33.9</ele>
      </trkpt>
      <trkpt lat="39.90961" lon="139.72583">
        <ele>34.3</ele>
      </trkpt>
      <trkpt lat="39.90965" lon="139.72586">
        <ele>34.7</ele>
      </trkpt>
      <trkpt lat="39.90971" lon="139.7259">
        <ele>35.3</ele>
      </trkpt>
      <trkpt lat="39.90974" lon="139.72592">
        <ele>35.6</ele>
      </trkpt>
      <trkpt lat="39.90979" lon="139.72594">
        <ele>36.4</ele>
      </trkpt>
      <trkpt lat="39.90985" lon="139.72597">
        <ele>37.1</ele>
      </trkpt>
      <trkpt lat="39.90989" lon="139.72599">
        <ele>37.5</ele>
      </trkpt>
      <trkpt lat="39.90994" lon="139.726">
        <ele>38.5</ele>
      </trkpt>
      <trkpt lat="39.91" lon="139.72601">
        <ele>39.7</ele>
      </trkpt>
      <trkpt lat="39.91007" lon="139.72603">
        <ele>40.4</ele>
      </trkpt>
      <trkpt lat="39.91015" lon="139.72605">
        <ele>41.3</ele>
      </trkpt>
      <trkpt lat="39.91023" lon="139.72607">
        <ele>42.2</ele>
      </trkpt>
      <trkpt lat="39.91028" lon="139.72608">
        <ele>42.9</ele>
      </trkpt>
      <trkpt lat="39.91033" lon="139.72609">
        <ele>43.5</ele>
      </trkpt>
      <trkpt lat="39.91035" lon="139.7261">
        <ele>43.6</ele>
      </trkpt>
      <trkpt lat="39.91036" lon="139.7261">
        <ele>43.8</ele>
      </trkpt>
      <trkpt lat="39.91039" lon="139.72611">
        <ele>44.0</ele>
      </trkpt>
      <trkpt lat="39.91042" lon="139.72613">
        <ele>44.0</ele>
      </trkpt>
      <trkpt lat="39.91046" lon="139.72615">
        <ele>43.5</ele>
      </trkpt>
      <trkpt lat="39.9105" lon="139.72618">
        <ele>42.9</ele>
      </trkpt>
      <trkpt lat="39.91053" lon="139.72621">
        <ele>42.5</ele>
      </trkpt>
      <trkpt lat="39.91056" lon="139.72625">
        <ele>42.0</ele>
      </trkpt>
      <trkpt lat="39.91058" lon="139.72627">
        <ele>41.7</ele>
      </trkpt>
      <trkpt lat="39.91059" lon="139.72628">
        <ele>41.5</ele>
      </trkpt>
      <trkpt lat="39.9106" lon="139.72629">
        <ele>41.4</ele>
      </trkpt>
      <trkpt lat="39.91063" lon="139.72635">
        <ele>40.8</ele>
      </trkpt>
      <trkpt lat="39.91081" lon="139.72665">
        <ele>37.4</ele>
      </trkpt>
      <trkpt lat="39.91083" lon="139.72669">
        <ele>36.9</ele>
      </trkpt>
      <trkpt lat="39.91087" lon="139.72677">
        <ele>36.1</ele>
      </trkpt>
      <trkpt lat="39.9109" lon="139.72683">
        <ele>35.4</ele>
      </trkpt>
      <trkpt lat="39.91099" lon="139.72702">
        <ele>33.5</ele>
      </trkpt>
      <trkpt lat="39.91105" lon="139.72712">
        <ele>33.7</ele>
      </trkpt>
      <trkpt lat="39.91106" lon="139.72715">
        <ele>33.7</ele>
      </trkpt>
      <trkpt lat="39.91116" lon="139.72732">
        <ele>34.7</ele>
      </trkpt>
      <trkpt lat="39.91126" lon="139.7275">
        <ele>36.3</ele>
      </trkpt>
      <trkpt lat="39.9113" lon="139.72756">
        <ele>36.3</ele>
      </trkpt>
      <trkpt lat="39.91134" lon="139.72762">
        <ele>36.3</ele>
      </trkpt>
      <trkpt lat="39.91138" lon="139.72767">
        <ele>36.4</ele>
      </trkpt>
      <trkpt lat="39.9114" lon="139.72769">
        <ele>36.5</ele>
      </trkpt>
      <trkpt lat="39.91142" lon="139.72771">
        <ele>36.7</ele>
      </trkpt>
      <trkpt lat="39.91146" lon="139.72777">
        <ele>36.5</ele>
      </trkpt>
      <trkpt lat="39.91151" lon="139.72781">
        <ele>37.0</ele>
      </trkpt>
      <trkpt lat="39.91156" lon="139.72786">
        <ele>37.2</ele>
      </trkpt>
      <trkpt lat="39.9116" lon="139.7279">
        <ele>37.3</ele>
      </trkpt>
      <trkpt lat="39.91162" lon="139.72792">
        <ele>37.4</ele>
      </trkpt>
      <trkpt lat="39.91165" lon="139.72794">
        <ele>37.6</ele>
      </trkpt>
      <trkpt lat="39.9117" lon="139.72796">
        <ele>38.3</ele>
      </trkpt>
      <trkpt lat="39.91174" lon="139.72798">
        <ele>38.8</ele>
      </trkpt>
      <trkpt lat="39.91178" lon="139.728">
        <ele>39.2</ele>
      </trkpt>
      <trkpt lat="39.91182" lon="139.72801">
        <ele>39.8</ele>
      </trkpt>
      <trkpt lat="39.91189" lon="139.72804">
        <ele>40.5</ele>
      </trkpt>
      <trkpt lat="39.91192" lon="139.72805">
        <ele>40.9</ele>
      </trkpt>
      <trkpt lat="39.91195" lon="139.72806">
        <ele>41.2</ele>
      </trkpt>
      <trkpt lat="39.91199" lon="139.72807">
        <ele>41.8</ele>
      </trkpt>
      <trkpt lat="39.91202" lon="139.72807">
        <ele>42.4</ele>
      </trkpt>
      <trkpt lat="39.91207" lon="139.72808">
        <ele>43.1</ele>
      </trkpt>
      <trkpt lat="39.91212" lon="139.72808">
        <ele>44.1</ele>
      </trkpt>
      <trkpt lat="39.91217" lon="139.72808">
        <ele>45.0</ele>
      </trkpt>
      <trkpt lat="39.91222" lon="139.72808">
        <ele>46.0</ele>
      </trkpt>
      <trkpt lat="39.91229" lon="139.72807">
        <ele>47.7</ele>
      </trkpt>
      <trkpt lat="39.91237" lon="139.72806">
        <ele>49.6</ele>
      </trkpt>
      <trkpt lat="39.91252" lon="139.72804">
        <ele>53.2</ele>
      </trkpt>
      <trkpt lat="39.9126" lon="139.72803">
        <ele>55.2</ele>
      </trkpt>
      <trkpt lat="39.91267" lon="139.72804">
        <ele>56.2</ele>
      </trkpt>
      <trkpt lat="39.91269" lon="139.72804">
        <ele>56.6</ele>
      </trkpt>
      <trkpt lat="39.91274" lon="139.72805">
        <ele>57.2</ele>
      </trkpt>
      <trkpt lat="39.91277" lon="139.72807">
        <ele>57.1</ele>
      </trkpt>
      <trkpt lat="39.9128" lon="139.72808">
        <ele>57.3</ele>
      </trkpt>
      <trkpt lat="39.91283" lon="139.7281">
        <ele>57.2</ele>
      </trkpt>
      <trkpt lat="39.91285" lon="139.72812">
        <ele>56.9</ele>
      </trkpt>
      <trkpt lat="39.91289" lon="139.72815">
        <ele>56.6</ele>
      </trkpt>
      <trkpt lat="39.91291" lon="139.72818">
        <ele>55.9</ele>
      </trkpt>
      <trkpt lat="39.91294" lon="139.72821">
        <ele>55.4</ele>
      </trkpt>
      <trkpt lat="39.913" lon="139.72826">
        <ele>54.7</ele>
      </trkpt>
      <trkpt lat="39.91306" lon="139.72831">
        <ele>53.9</ele>
      </trkpt>
      <trkpt lat="39.91313" lon="139.72839">
        <ele>53.7</ele>
      </trkpt>
      <trkpt lat="39.91317" lon="139.72843">
        <ele>53.8</ele>
      </trkpt>
      <trkpt lat="39.91322" lon="139.72847">
        <ele>54.0</ele>
      </trkpt>
      <trkpt lat="39.91325" lon="139.72851">
        <ele>53.8</ele>
      </trkpt>
      <trkpt lat="39.91327" lon="139.72854">
        <ele>53.6</ele>
      </trkpt>
      <trkpt lat="39.91331" lon="139.72859">
        <ele>53.1</ele>
      </trkpt>
      <trkpt lat="39.91333" lon="139.72862">
        <ele>52.8</ele>
      </trkpt>
      <trkpt lat="39.91335" lon="139.72866">
        <ele>52.6</ele>
      </trkpt>
      <trkpt lat="39.91338" lon="139.7287">
        <ele>52.7</ele>
      </trkpt>
      <trkpt lat="39.9134" lon="139.72875">
        <ele>52.3</ele>
      </trkpt>
      <trkpt lat="39.91343" lon="139.72882">
        <ele>51.8</ele>
      </trkpt>
      <trkpt lat="39.91345" lon="139.72886">
        <ele>51.7</ele>
      </trkpt>
      <trkpt lat="39.91351" lon="139.729">
        <ele>50.7</ele>
      </trkpt>
      <trkpt lat="39.91356" lon="139.72911">
        <ele>50.0</ele>
      </trkpt>
      <trkpt lat="39.91359" lon="139.72918">
        <ele>50.0</ele>
      </trkpt>
      <trkpt lat="39.91361" lon="139.72924">
        <ele>51.2</ele>
      </trkpt>
      <trkpt lat="39.91362" lon="139.72928">
        <ele>51.9</ele>
      </trkpt>
      <trkpt lat="39.91363" lon="139.72931">
        <ele>52.4</ele>
      </trkpt>
      <trkpt lat="39.91364" lon="139.72935">
        <ele>53.1</ele>
      </trkpt>
      <trkpt lat="39.91365" lon="139.72939">
        <ele>53.7</ele>
      </trkpt>
      <trkpt lat="39.91365" lon="139.72942">
        <ele>54.0</ele>
      </trkpt>
      <trkpt lat="39.91365" lon="139.72945">
        <ele>54.3</ele>
      </trkpt>
      <trkpt lat="39.91364" lon="139.72948">
        <ele>54.5</ele>
      </trkpt>
      <trkpt lat="39.91363" lon="139.72951">
        <ele>54.7</ele>
      </trkpt>
      <trkpt lat="39.91362" lon="139.72955">
        <ele>55.0</ele>
      </trkpt>
      <trkpt lat="39.91361" lon="139.72958">
        <ele>55.3</ele>
      </trkpt>
      <trkpt lat="39.9136" lon="139.72962">
        <ele>55.7</ele>
      </trkpt>
      <trkpt lat="39.91359" lon="139.72966">
        <ele>56.1</ele>
      </trkpt>
      <trkpt lat="39.91359" lon="139.72969">
        <ele>56.5</ele>
      </trkpt>
      <trkpt lat="39.91357" lon="139.72971">
        <ele>56.7</ele>
      </trkpt>
      <trkpt lat="39.91355" lon="139.72974">
        <ele>57.1</ele>
      </trkpt>
      <trkpt lat="39.91354" lon="139.72976">
        <ele>57.4</ele>
      </trkpt>
      <trkpt lat="39.91352" lon="139.72978">
        <ele>57.7</ele>
      </trkpt>
      <trkpt lat="39.9135" lon="139.72979">
        <ele>57.9</ele>
      </trkpt>
      <trkpt lat="39.91349" lon="139.72981">
        <ele>58.2</ele>
      </trkpt>
      <trkpt lat="39.91346" lon="139.72983">
        <ele>58.6</ele>
      </trkpt>
      <trkpt lat="39.91344" lon="139.72984">
        <ele>58.9</ele>
      </trkpt>
      <trkpt lat="39.9134" lon="139.72986">
        <ele>59.4</ele>
      </trkpt>
      <trkpt lat="39.91339" lon="139.72987">
        <ele>59.7</ele>
      </trkpt>
      <trkpt lat="39.91336" lon="139.72987">
        <ele>59.8</ele>
      </trkpt>
      <trkpt lat="39.91333" lon="139.72988">
        <ele>60.2</ele>
      </trkpt>
      <trkpt lat="39.9133" lon="139.72988">
        <ele>61.0</ele>
      </trkpt>
      <trkpt lat="39.91327" lon="139.72988">
        <ele>61.9</ele>
      </trkpt>
      <trkpt lat="39.91325" lon="139.72987">
        <ele>62.2</ele>
      </trkpt>
      <trkpt lat="39.91322" lon="139.72986">
        <ele>62.7</ele>
      </trkpt>
      <trkpt lat="39.91319" lon="139.72985">
        <ele>63.3</ele>
      </trkpt>
      <trkpt lat="39.91316" lon="139.72983">
        <ele>63.5</ele>
      </trkpt>
      <trkpt lat="39.91314" lon="139.72982">
        <ele>63.8</ele>
      </trkpt>
      <trkpt lat="39.91311" lon="139.7298">
        <ele>63.9</ele>
      </trkpt>
      <trkpt lat="39.91308" lon="139.72975">
        <ele>63.2</ele>
      </trkpt>
      <trkpt lat="39.91306" lon="139.72972">
        <ele>62.7</ele>
      </trkpt>
      <trkpt lat="39.91302" lon="139.72966">
        <ele>61.7</ele>
      </trkpt>
      <trkpt lat="39.91298" lon="139.72958">
        <ele>59.9</ele>
      </trkpt>
      <trkpt lat="39.91295" lon="139.72954">
        <ele>59.1</ele>
      </trkpt>
      <trkpt lat="39.91293" lon="139.72949">
        <ele>57.7</ele>
      </trkpt>
      <trkpt lat="39.9129" lon="139.72945">
        <ele>56.8</ele>
      </trkpt>
      <trkpt lat="39.91288" lon="139.72942">
        <ele>56.0</ele>
      </trkpt>
      <trkpt lat="39.91286" lon="139.72939">
        <ele>55.2</ele>
      </trkpt>
      <trkpt lat="39.91284" lon="139.72935">
        <ele>54.0</ele>
      </trkpt>
      <trkpt lat="39.91281" lon="139.72932">
        <ele>53.3</ele>
      </trkpt>
      <trkpt lat="39.91279" lon="139.7293">
        <ele>52.8</ele>
      </trkpt>
      <trkpt lat="39.91277" lon="139.72929">
        <ele>52.6</ele>
      </trkpt>
      <trkpt lat="39.91275" lon="139.72927">
        <ele>52.0</ele>
      </trkpt>
      <trkpt lat="39.91273" lon="139.72925">
        <ele>51.4</ele>
      </trkpt>
      <trkpt lat="39.91271" lon="139.72924">
        <ele>51.3</ele>
      </trkpt>
      <trkpt lat="39.91268" lon="139.72923">
        <ele>51.1</ele>
      </trkpt>
      <trkpt lat="39.91266" lon="139.72922">
        <ele>50.9</ele>
      </trkpt>
      <trkpt lat="39.91264" lon="139.72921">
        <ele>50.7</ele>
      </trkpt>
      <trkpt lat="39.91262" lon="139.7292">
        <ele>50.4</ele>
      </trkpt>
      <trkpt lat="39.91259" lon="139.72919">
        <ele>50.3</ele>
      </trkpt>
      <trkpt lat="39.91256" lon="139.72918">
        <ele>50.1</ele>
      </trkpt>
      <trkpt lat="39.91254" lon="139.72918">
        <ele>50.3</ele>
      </trkpt>
      <trkpt lat="39.91252" lon="139.72918">
        <ele>50.5</ele>
      </trkpt>
      <trkpt lat="39.91246" lon="139.72919">
        <ele>50.6</ele>
      </trkpt>
      <trkpt lat="39.91241" lon="139.72919">
        <ele>50.0</ele>
      </trkpt>
      <trkpt lat="39.91238" lon="139.72919">
        <ele>49.6</ele>
      </trkpt>
      <trkpt lat="39.9123" lon="139.7292">
        <ele>49.1</ele>
      </trkpt>
      <trkpt lat="39.91223" lon="139.72922">
        <ele>49.1</ele>
      </trkpt>
      <trkpt lat="39.91221" lon="139.72922">
        <ele>48.8</ele>
      </trkpt>
      <trkpt lat="39.91217" lon="139.72923">
        <ele>48.7</ele>
      </trkpt>
      <trkpt lat="39.91214" lon="139.72924">
        <ele>48.8</ele>
      </trkpt>
      <trkpt lat="39.91212" lon="139.72924">
        <ele>48.5</ele>
      </trkpt>
      <trkpt lat="39.91209" lon="139.72926">
        <ele>49.0</ele>
      </trkpt>
      <trkpt lat="39.91206" lon="139.72927">
        <ele>49.0</ele>
      </trkpt>
      <trkpt lat="39.91203" lon="139.72929">
        <ele>49.4</ele>
      </trkpt>
      <trkpt lat="39.91199" lon="139.72931">
        <ele>49.7</ele>
      </trkpt>
      <trkpt lat="39.91196" lon="139.72934">
        <ele>50.4</ele>
      </trkpt>
      <trkpt lat="39.91192" lon="139.72937">
        <ele>51.0</ele>
      </trkpt>
      <trkpt lat="39.9119" lon="139.7294">
        <ele>51.9</ele>
      </trkpt>
      <trkpt lat="39.91186" lon="139.72944">
        <ele>52.9</ele>
      </trkpt>
      <trkpt lat="39.91182" lon="139.72949">
        <ele>54.1</ele>
      </trkpt>
      <trkpt lat="39.91179" lon="139.72952">
        <ele>54.8</ele>
      </trkpt>
      <trkpt lat="39.91177" lon="139.72955">
        <ele>55.6</ele>
      </trkpt>
      <trkpt lat="39.91175" lon="139.72959">
        <ele>56.7</ele>
      </trkpt>
      <trkpt lat="39.91167" lon="139.72971">
        <ele>59.6</ele>
      </trkpt>
      <trkpt lat="39.91165" lon="139.72975">
        <ele>60.4</ele>
      </trkpt>
      <trkpt lat="39.91162" lon="139.72979">
        <ele>60.6</ele>
      </trkpt>
      <trkpt lat="39.9116" lon="139.72982">
        <ele>60.8</ele>
      </trkpt>
      <trkpt lat="39.91156" lon="139.72986">
        <ele>60.5</ele>
      </trkpt>
      <trkpt lat="39.91151" lon="139.72992">
        <ele>60.4</ele>
      </trkpt>
      <trkpt lat="39.91147" lon="139.72996">
        <ele>60.0</ele>
      </trkpt>
      <trkpt lat="39.91139" lon="139.73002">
        <ele>58.1</ele>
      </trkpt>
      <trkpt lat="39.91132" lon="139.73007">
        <ele>56.0</ele>
      </trkpt>
      <trkpt lat="39.91127" lon="139.7301">
        <ele>54.4</ele>
      </trkpt>
      <trkpt lat="39.91124" lon="139.73013">
        <ele>53.6</ele>
      </trkpt>
      <trkpt lat="39.91121" lon="139.73014">
        <ele>52.5</ele>
      </trkpt>
      <trkpt lat="39.91119" lon="139.73016">
        <ele>51.9</ele>
      </trkpt>
      <trkpt lat="39.91117" lon="139.73018">
        <ele>51.4</ele>
      </trkpt>
      <trkpt lat="39.91114" lon="139.73023">
        <ele>51.0</ele>
      </trkpt>
      <trkpt lat="39.91112" lon="139.73025">
        <ele>50.5</ele>
      </trkpt>
      <trkpt lat="39.91112" lon="139.73026">
        <ele>50.6</ele>
      </trkpt>
      <trkpt lat="39.91111" lon="139.73027">
        <ele>50.4</ele>
      </trkpt>
      <trkpt lat="39.91111" lon="139.73028">
        <ele>50.6</ele>
      </trkpt>
      <trkpt lat="39.91109" lon="139.73031">
        <ele>50.2</ele>
      </trkpt>
      <trkpt lat="39.91108" lon="139.73034">
        <ele>50.3</ele>
      </trkpt>
      <trkpt lat="39.91107" lon="139.73037">
        <ele>50.4</ele>
      </trkpt>
      <trkpt lat="39.91107" lon="139.73041">
        <ele>51.1</ele>
      </trkpt>
      <trkpt lat="39.91106" lon="139.73044">
        <ele>51.2</ele>
      </trkpt>
      <trkpt lat="39.91106" lon="139.73047">
        <ele>51.7</ele>
      </trkpt>
      <trkpt lat="39.91106" lon="139.73049">
        <ele>52.1</ele>
      </trkpt>
      <trkpt lat="39.91106" lon="139.73051">
        <ele>52.5</ele>
      </trkpt>
      <trkpt lat="39.91106" lon="139.73055">
        <ele>53.2</ele>
      </trkpt>
      <trkpt lat="39.91107" lon="139.73058">
        <ele>54.3</ele>
      </trkpt>
      <trkpt lat="39.91108" lon="139.73063">
        <ele>55.7</ele>
      </trkpt>
      <trkpt lat="39.91109" lon="139.73067">
        <ele>56.9</ele>
      </trkpt>
      <trkpt lat="39.9111" lon="139.73071">
        <ele>58.1</ele>
      </trkpt>
      <trkpt lat="39.9111" lon="139.73072">
        <ele>58.3</ele>
      </trkpt>
      <trkpt lat="39.91116" lon="139.73089">
        <ele>64.1</ele>
      </trkpt>
      <trkpt lat="39.91118" lon="139.73095">
        <ele>65.8</ele>
      </trkpt>
      <trkpt lat="39.91119" lon="139.731">
        <ele>66.8</ele>
      </trkpt>
      <trkpt lat="39.9112" lon="139.73105">
        <ele>67.9</ele>
      </trkpt>
      <trkpt lat="39.91121" lon="139.73109">
        <ele>68.9</ele>
      </trkpt>
      <trkpt lat="39.91121" lon="139.73114">
        <ele>69.4</ele>
      </trkpt>
      <trkpt lat="39.91122" lon="139.73118">
        <ele>70.4</ele>
      </trkpt>
      <trkpt lat="39.91121" lon="139.73122">
        <ele>70.3</ele>
      </trkpt>
      <trkpt lat="39.91121" lon="139.73126">
        <ele>70.8</ele>
      </trkpt>
      <trkpt lat="39.9112" lon="139.73131">
        <ele>70.8</ele>
      </trkpt>
      <trkpt lat="39.91118" lon="139.73138">
        <ele>70.6</ele>
      </trkpt>
      <trkpt lat="39.91115" lon="139.73145">
        <ele>69.7</ele>
      </trkpt>
      <trkpt lat="39.91111" lon="139.73157">
        <ele>68.9</ele>
      </trkpt>
      <trkpt lat="39.91109" lon="139.73163">
        <ele>68.5</ele>
      </trkpt>
      <trkpt lat="39.91107" lon="139.73169">
        <ele>67.7</ele>
      </trkpt>
      <trkpt lat="39.91106" lon="139.73173">
        <ele>66.9</ele>
      </trkpt>
      <trkpt lat="39.91105" lon="139.73176">
        <ele>66.3</ele>
      </trkpt>
      <trkpt lat="39.91104" lon="139.73179">
        <ele>65.6</ele>
      </trkpt>
      <trkpt lat="39.91104" lon="139.73182">
        <ele>65.5</ele>
      </trkpt>
      <trkpt lat="39.91103" lon="139.73185">
        <ele>64.8</ele>
      </trkpt>
      <trkpt lat="39.91104" lon="139.73187">
        <ele>65.3</ele>
      </trkpt>
      <trkpt lat="39.91104" lon="139.7319">
        <ele>65.1</ele>
      </trkpt>
      <trkpt lat="39.91104" lon="139.73193">
        <ele>65.0</ele>
      </trkpt>
      <trkpt lat="39.91106" lon="139.73197">
        <ele>65.8</ele>
      </trkpt>
      <trkpt lat="39.91107" lon="139.73201">
        <ele>66.1</ele>
      </trkpt>
      <trkpt lat="39.91108" lon="139.73205">
        <ele>66.4</ele>
      </trkpt>
      <trkpt lat="39.91112" lon="139.73212">
        <ele>67.9</ele>
      </trkpt>
      <trkpt lat="39.91115" lon="139.73216">
        <ele>69.0</ele>
      </trkpt>
      <trkpt lat="39.91118" lon="139.7322">
        <ele>70.2</ele>
      </trkpt>
      <trkpt lat="39.91123" lon="139.73228">
        <ele>71.8</ele>
      </trkpt>
      <trkpt lat="39.91127" lon="139.73233">
        <ele>73.2</ele>
      </trkpt>
      <trkpt lat="39.91131" lon="139.73238">
        <ele>74.5</ele>
      </trkpt>
      <trkpt lat="39.91133" lon="139.73241">
        <ele>75.1</ele>
      </trkpt>
      <trkpt lat="39.91139" lon="139.73248">
        <ele>76.9</ele>
      </trkpt>
      <trkpt lat="39.91145" lon="139.73256">
        <ele>78.5</ele>
      </trkpt>
      <trkpt lat="39.91152" lon="139.73264">
        <ele>80.3</ele>
      </trkpt>
      <trkpt lat="39.91159" lon="139.73273">
        <ele>81.7</ele>
      </trkpt>
      <trkpt lat="39.91163" lon="139.73279">
        <ele>82.2</ele>
      </trkpt>
      <trkpt lat="39.91169" lon="139.73285">
        <ele>83.4</ele>
      </trkpt>
      <trkpt lat="39.9117" lon="139.73287">
        <ele>83.5</ele>
      </trkpt>
      <trkpt lat="39.91171" lon="139.73288">
        <ele>83.7</ele>
      </trkpt>
      <trkpt lat="39.91172" lon="139.7329">
        <ele>83.7</ele>
      </trkpt>
      <trkpt lat="39.91174" lon="139.73293">
        <ele>83.9</ele>
      </trkpt>
      <trkpt lat="39.91177" lon="139.73297">
        <ele>84.3</ele>
      </trkpt>
      <trkpt lat="39.91179" lon="139.73301">
        <ele>84.3</ele>
      </trkpt>
      <trkpt lat="39.9118" lon="139.73305">
        <ele>84.0</ele>
      </trkpt>
      <trkpt lat="39.91182" lon="139.73307">
        <ele>84.3</ele>
      </trkpt>
      <trkpt lat="39.91183" lon="139.7331">
        <ele>84.1</ele>
      </trkpt>
      <trkpt lat="39.91183" lon="139.73314">
        <ele>83.4</ele>
      </trkpt>
      <trkpt lat="39.91184" lon="139.73318">
        <ele>83.0</ele>
      </trkpt>
      <trkpt lat="39.91184" lon="139.73321">
        <ele>82.4</ele>
      </trkpt>
      <trkpt lat="39.91184" lon="139.73325">
        <ele>81.7</ele>
      </trkpt>
      <trkpt lat="39.91184" lon="139.73328">
        <ele>81.2</ele>
      </trkpt>
      <trkpt lat="39.91184" lon="139.73332">
        <ele>80.4</ele>
      </trkpt>
      <trkpt lat="39.91183" lon="139.73337">
        <ele>80.3</ele>
      </trkpt>
      <trkpt lat="39.91182" lon="139.7334">
        <ele>80.3</ele>
      </trkpt>
      <trkpt lat="39.9118" lon="139.73344">
        <ele>80.1</ele>
      </trkpt>
      <trkpt lat="39.91179" lon="139.73347">
        <ele>80.1</ele>
      </trkpt>
      <trkpt lat="39.91177" lon="139.7335">
        <ele>79.9</ele>
      </trkpt>
      <trkpt lat="39.91175" lon="139.73352">
        <ele>79.6</ele>
      </trkpt>
      <trkpt lat="39.91174" lon="139.73354">
        <ele>79.6</ele>
      </trkpt>
      <trkpt lat="39.91171" lon="139.73356">
        <ele>79.1</ele>
      </trkpt>
      <trkpt lat="39.91169" lon="139.73358">
        <ele>78.8</ele>
      </trkpt>
      <trkpt lat="39.91167" lon="139.7336">
        <ele>78.6</ele>
      </trkpt>
      <trkpt lat="39.91164" lon="139.73361">
        <ele>78.2</ele>
      </trkpt>
      <trkpt lat="39.91163" lon="139.73362">
        <ele>78.2</ele>
      </trkpt>
      <trkpt lat="39.9116" lon="139.73363">
        <ele>77.9</ele>
      </trkpt>
      <trkpt lat="39.91145" lon="139.73368">
        <ele>76.4</ele>
      </trkpt>
      <trkpt lat="39.91144" lon="139.73368">
        <ele>76.2</ele>
      </trkpt>
      <trkpt lat="39.91142" lon="139.73369">
        <ele>76.1</ele>
      </trkpt>
      <trkpt lat="39.91129" lon="139.73374">
        <ele>75.1</ele>
      </trkpt>
      <trkpt lat="39.91123" lon="139.73376">
        <ele>74.7</ele>
      </trkpt>
      <trkpt lat="39.91119" lon="139.73378">
        <ele>74.6</ele>
      </trkpt>
      <trkpt lat="39.91114" lon="139.7338">
        <ele>74.3</ele>
      </trkpt>
      <trkpt lat="39.91106" lon="139.73385">
        <ele>74.4</ele>
      </trkpt>
      <trkpt lat="39.91103" lon="139.73387">
        <ele>74.5</ele>
      </trkpt>
      <trkpt lat="39.91098" lon="139.7339">
        <ele>74.6</ele>
      </trkpt>
      <trkpt lat="39.91095" lon="139.73393">
        <ele>75.0</ele>
      </trkpt>
      <trkpt lat="39.9109" lon="139.73398">
        <ele>75.8</ele>
      </trkpt>
      <trkpt lat="39.91087" lon="139.73401">
        <ele>76.2</ele>
      </trkpt>
      <trkpt lat="39.91084" lon="139.73405">
        <ele>77.0</ele>
      </trkpt>
      <trkpt lat="39.91077" lon="139.73412">
        <ele>77.1</ele>
      </trkpt>
      <trkpt lat="39.91074" lon="139.73417">
        <ele>77.6</ele>
      </trkpt>
      <trkpt lat="39.91071" lon="139.73422">
        <ele>77.3</ele>
      </trkpt>
      <trkpt lat="39.91069" lon="139.73426">
        <ele>77.2</ele>
      </trkpt>
      <trkpt lat="39.91067" lon="139.7343">
        <ele>77.1</ele>
      </trkpt>
      <trkpt lat="39.91062" lon="139.73442">
        <ele>77.0</ele>
      </trkpt>
      <trkpt lat="39.9106" lon="139.73446">
        <ele>77.0</ele>
      </trkpt>
      <trkpt lat="39.9106" lon="139.73447">
        <ele>77.1</ele>
      </trkpt>
      <trkpt lat="39.91059" lon="139.73449">
        <ele>77.0</ele>
      </trkpt>
      <trkpt lat="39.91058" lon="139.73453">
        <ele>77.2</ele>
      </trkpt>
      <trkpt lat="39.91056" lon="139.73459">
        <ele>77.4</ele>
      </trkpt>
      <trkpt lat="39.91055" lon="139.73465">
        <ele>77.8</ele>
      </trkpt>
      <trkpt lat="39.91053" lon="139.73475">
        <ele>78.4</ele>
      </trkpt>
      <trkpt lat="39.91052" lon="139.73485">
        <ele>79.2</ele>
      </trkpt>
      <trkpt lat="39.91051" lon="139.73492">
        <ele>79.8</ele>
      </trkpt>
      <trkpt lat="39.91051" lon="139.73493">
        <ele>79.9</ele>
      </trkpt>
      <trkpt lat="39.91051" lon="139.73504">
        <ele>81.0</ele>
      </trkpt>
      <trkpt lat="39.9105" lon="139.73515">
        <ele>82.0</ele>
      </trkpt>
      <trkpt lat="39.9105" lon="139.73516">
        <ele>82.1</ele>
      </trkpt>
      <trkpt lat="39.91049" lon="139.73527">
        <ele>83.0</ele>
      </trkpt>
      <trkpt lat="39.91049" lon="139.73538">
        <ele>84.2</ele>
      </trkpt>
      <trkpt lat="39.91048" lon="139.73545">
        <ele>84.8</ele>
      </trkpt>
      <trkpt lat="39.91048" lon="139.73563">
        <ele>86.7</ele>
      </trkpt>
      <trkpt lat="39.91047" lon="139.73574">
        <ele>87.8</ele>
      </trkpt>
      <trkpt lat="39.91046" lon="139.73581">
        <ele>88.5</ele>
      </trkpt>
      <trkpt lat="39.91046" lon="139.73585">
        <ele>89.2</ele>
      </trkpt>
      <trkpt lat="39.91046" lon="139.73586">
        <ele>89.4</ele>
      </trkpt>
      <trkpt lat="39.91046" lon="139.73587">
        <ele>89.7</ele>
      </trkpt>
      <trkpt lat="39.91045" lon="139.73592">
        <ele>90.9</ele>
      </trkpt>
      <trkpt lat="39.91044" lon="139.73595">
        <ele>91.6</ele>
      </trkpt>
      <trkpt lat="39.91043" lon="139.73599">
        <ele>92.6</ele>
      </trkpt>
      <trkpt lat="39.91041" lon="139.73602">
        <ele>93.3</ele>
      </trkpt>
      <trkpt lat="39.91039" lon="139.73606">
        <ele>94.3</ele>
      </trkpt>
      <trkpt lat="39.91037" lon="139.73609">
        <ele>95.0</ele>
      </trkpt>
      <trkpt lat="39.91035" lon="139.73611">
        <ele>95.5</ele>
      </trkpt>
      <trkpt lat="39.91034" lon="139.73614">
        <ele>96.3</ele>
      </trkpt>
      <trkpt lat="39.9103" lon="139.73617">
        <ele>97.0</ele>
      </trkpt>
      <trkpt lat="39.91027" lon="139.73619">
        <ele>97.5</ele>
      </trkpt>
      <trkpt lat="39.91025" lon="139.7362">
        <ele>97.8</ele>
      </trkpt>
      <trkpt lat="39.91023" lon="139.73621">
        <ele>98.0</ele>
      </trkpt>
      <trkpt lat="39.91019" lon="139.73622">
        <ele>98.3</ele>
      </trkpt>
      <trkpt lat="39.91015" lon="139.73623">
        <ele>98.5</ele>
      </trkpt>
      <trkpt lat="39.91011" lon="139.73623">
        <ele>98.5</ele>
      </trkpt>
      <trkpt lat="39.91007" lon="139.73622">
        <ele>98.1</ele>
      </trkpt>
      <trkpt lat="39.91003" lon="139.73621">
        <ele>97.8</ele>
      </trkpt>
      <trkpt lat="39.90998" lon="139.73619">
        <ele>97.4</ele>
      </trkpt>
      <trkpt lat="39.90991" lon="139.73616">
        <ele>97.4</ele>
      </trkpt>
      <trkpt lat="39.90983" lon="139.73613">
        <ele>97.5</ele>
      </trkpt>
      <trkpt lat="39.90976" lon="139.73611">
        <ele>97.8</ele>
      </trkpt>
      <trkpt lat="39.90972" lon="139.7361">
        <ele>98.0</ele>
      </trkpt>
      <trkpt lat="39.90963" lon="139.73606">
        <ele>97.8</ele>
      </trkpt>
      <trkpt lat="39.90953" lon="139.73601">
        <ele>97.3</ele>
      </trkpt>
      <trkpt lat="39.90937" lon="139.73594">
        <ele>96.7</ele>
      </trkpt>
      <trkpt lat="39.90924" lon="139.73588">
        <ele>96.0</ele>
      </trkpt>
      <trkpt lat="39.90922" lon="139.73586">
        <ele>95.4</ele>
      </trkpt>
      <trkpt lat="39.9092" lon="139.73585">
        <ele>95.3</ele>
      </trkpt>
      <trkpt lat="39.90915" lon="139.73583">
        <ele>94.9</ele>
      </trkpt>
      <trkpt lat="39.90911" lon="139.73582">
        <ele>94.5</ele>
      </trkpt>
      <trkpt lat="39.90906" lon="139.7358">
        <ele>93.7</ele>
      </trkpt>
      <trkpt lat="39.90904" lon="139.7358">
        <ele>93.7</ele>
      </trkpt>
      <trkpt lat="39.90903" lon="139.73579">
        <ele>93.3</ele>
      </trkpt>
      <trkpt lat="39.90899" lon="139.73579">
        <ele>93.3</ele>
      </trkpt>
      <trkpt lat="39.90896" lon="139.73579">
        <ele>93.4</ele>
      </trkpt>
      <trkpt lat="39.90894" lon="139.73579">
        <ele>93.4</ele>
      </trkpt>
      <trkpt lat="39.90892" lon="139.73579">
        <ele>93.4</ele>
      </trkpt>
      <trkpt lat="39.90889" lon="139.73579">
        <ele>93.5</ele>
      </trkpt>
      <trkpt lat="39.90886" lon="139.7358">
        <ele>93.9</ele>
      </trkpt>
      <trkpt lat="39.90883" lon="139.73581">
        <ele>94.4</ele>
      </trkpt>
      <trkpt lat="39.9088" lon="139.73582">
        <ele>94.9</ele>
      </trkpt>
      <trkpt lat="39.90877" lon="139.73583">
        <ele>95.3</ele>
      </trkpt>
      <trkpt lat="39.90873" lon="139.73586">
        <ele>96.6</ele>
      </trkpt>
      <trkpt lat="39.9087" lon="139.73588">
        <ele>97.5</ele>
      </trkpt>
      <trkpt lat="39.90856" lon="139.73596">
        <ele>101.0</ele>
      </trkpt>
      <trkpt lat="39.90853" lon="139.73598">
        <ele>101.9</ele>
      </trkpt>
      <trkpt lat="39.90851" lon="139.73599">
        <ele>102.4</ele>
      </trkpt>
      <trkpt lat="39.90844" lon="139.73601">
        <ele>103.4</ele>
      </trkpt>
      <trkpt lat="39.90839" lon="139.73602">
        <ele>103.9</ele>
      </trkpt>
      <trkpt lat="39.90833" lon="139.73603">
        <ele>104.5</ele>
      </trkpt>
      <trkpt lat="39.90827" lon="139.73604">
        <ele>104.5</ele>
      </trkpt>
      <trkpt lat="39.90815" lon="139.73603">
        <ele>103.2</ele>
      </trkpt>
      <trkpt lat="39.90796" lon="139.73602">
        <ele>101.5</ele>
      </trkpt>
      <trkpt lat="39.90783" lon="139.73601">
        <ele>100.3</ele>
      </trkpt>
      <trkpt lat="39.90778" lon="139.73601">
        <ele>100.0</ele>
      </trkpt>
      <trkpt lat="39.90775" lon="139.73601">
        <ele>99.8</ele>
      </trkpt>
      <trkpt lat="39.90773" lon="139.73602">
        <ele>99.9</ele>
      </trkpt>
      <trkpt lat="39.9077" lon="139.73602">
        <ele>99.7</ele>
      </trkpt>
      <trkpt lat="39.90768" lon="139.73603">
        <ele>99.8</ele>
      </trkpt>
      <trkpt lat="39.90766" lon="139.73604">
        <ele>99.9</ele>
      </trkpt>
      <trkpt lat="39.90764" lon="139.73605">
        <ele>100.0</ele>
      </trkpt>
      <trkpt lat="39.90763" lon="139.73606">
        <ele>100.1</ele>
      </trkpt>
      <trkpt lat="39.90761" lon="139.73608">
        <ele>100.4</ele>
      </trkpt>
      <trkpt lat="39.90758" lon="139.73611">
        <ele>100.8</ele>
      </trkpt>
      <trkpt lat="39.90756" lon="139.73614">
        <ele>101.2</ele>
      </trkpt>
      <trkpt lat="39.90755" lon="139.73616">
        <ele>101.4</ele>
      </trkpt>
      <trkpt lat="39.90753" lon="139.7362">
        <ele>102.0</ele>
      </trkpt>
      <trkpt lat="39.90752" lon="139.73622">
        <ele>102.2</ele>
      </trkpt>
      <trkpt lat="39.90752" lon="139.73625">
        <ele>102.8</ele>
      </trkpt>
      <trkpt lat="39.9075" lon="139.73629">
        <ele>103.2</ele>
      </trkpt>
      <trkpt lat="39.9075" lon="139.73632">
        <ele>103.8</ele>
      </trkpt>
      <trkpt lat="39.90749" lon="139.73636">
        <ele>104.1</ele>
      </trkpt>
      <trkpt lat="39.90749" lon="139.7364">
        <ele>104.9</ele>
      </trkpt>
      <trkpt lat="39.90749" lon="139.73645">
        <ele>105.8</ele>
      </trkpt>
      <trkpt lat="39.90749" lon="139.73649">
        <ele>106.5</ele>
      </trkpt>
      <trkpt lat="39.9075" lon="139.73654">
        <ele>107.7</ele>
      </trkpt>
      <trkpt lat="39.90751" lon="139.73662">
        <ele>109.4</ele>
      </trkpt>
      <trkpt lat="39.90752" lon="139.73668">
        <ele>110.9</ele>
      </trkpt>
      <trkpt lat="39.90753" lon="139.73672">
        <ele>112.3</ele>
      </trkpt>
      <trkpt lat="39.90754" lon="139.73682">
        <ele>115.3</ele>
      </trkpt>
      <trkpt lat="39.90754" lon="139.73685">
        <ele>116.1</ele>
      </trkpt>
      <trkpt lat="39.90754" lon="139.73688">
        <ele>117.0</ele>
      </trkpt>
      <trkpt lat="39.90754" lon="139.73692">
        <ele>118.1</ele>
      </trkpt>
      <trkpt lat="39.90753" lon="139.73696">
        <ele>118.9</ele>
      </trkpt>
      <trkpt lat="39.90753" lon="139.73698">
        <ele>119.5</ele>
      </trkpt>
      <trkpt lat="39.90752" lon="139.73701">
        <ele>120.0</ele>
      </trkpt>
      <trkpt lat="39.90751" lon="139.73704">
        <ele>120.6</ele>
      </trkpt>
      <trkpt lat="39.90748" lon="139.73709">
        <ele>121.2</ele>
      </trkpt>
      <trkpt lat="39.90744" lon="139.73716">
        <ele>122.1</ele>
      </trkpt>
      <trkpt lat="39.90738" lon="139.73723">
        <ele>122.6</ele>
      </trkpt>
      <trkpt lat="39.90734" lon="139.73728">
        <ele>123.2</ele>
      </trkpt>
      <trkpt lat="39.90731" lon="139.73732">
        <ele>123.8</ele>
      </trkpt>
      <trkpt lat="39.90721" lon="139.73744">
        <ele>125.5</ele>
      </trkpt>
      <trkpt lat="39.90714" lon="139.73753">
        <ele>127.0</ele>
      </trkpt>
      <trkpt lat="39.90707" lon="139.7376">
        <ele>127.8</ele>
      </trkpt>
      <trkpt lat="39.907" lon="139.73767">
        <ele>128.6</ele>
      </trkpt>
      <trkpt lat="39.90697" lon="139.7377">
        <ele>128.9</ele>
      </trkpt>
      <trkpt lat="39.90694" lon="139.73772">
        <ele>128.9</ele>
      </trkpt>
      <trkpt lat="39.90692" lon="139.73773">
        <ele>128.9</ele>
      </trkpt>
      <trkpt lat="39.90686" lon="139.73777">
        <ele>128.9</ele>
      </trkpt>
      <trkpt lat="39.90676" lon="139.73783">
        <ele>128.7</ele>
      </trkpt>
      <trkpt lat="39.90674" lon="139.73784">
        <ele>128.7</ele>
      </trkpt>
      <trkpt lat="39.90667" lon="139.73788">
        <ele>128.5</ele>
      </trkpt>
      <trkpt lat="39.90657" lon="139.73793">
        <ele>127.9</ele>
      </trkpt>
      <trkpt lat="39.9065" lon="139.73797">
        <ele>127.6</ele>
      </trkpt>
      <trkpt lat="39.90643" lon="139.73801">
        <ele>127.3</ele>
      </trkpt>
      <trkpt lat="39.90626" lon="139.73808">
        <ele>125.8</ele>
      </trkpt>
      <trkpt lat="39.90613" lon="139.73814">
        <ele>124.8</ele>
      </trkpt>
      <trkpt lat="39.90609" lon="139.73816">
        <ele>124.5</ele>
      </trkpt>
      <trkpt lat="39.90605" lon="139.73818">
        <ele>124.2</ele>
      </trkpt>
      <trkpt lat="39.90599" lon="139.7382">
        <ele>123.5</ele>
      </trkpt>
      <trkpt lat="39.90597" lon="139.73822">
        <ele>123.7</ele>
      </trkpt>
      <trkpt lat="39.90593" lon="139.73824">
        <ele>123.4</ele>
      </trkpt>
      <trkpt lat="39.90589" lon="139.73826">
        <ele>123.1</ele>
      </trkpt>
      <trkpt lat="39.90585" lon="139.73829">
        <ele>123.1</ele>
      </trkpt>
      <trkpt lat="39.90581" lon="139.73833">
        <ele>123.7</ele>
      </trkpt>
      <trkpt lat="39.90577" lon="139.73836">
        <ele>124.6</ele>
      </trkpt>
      <trkpt lat="39.90572" lon="139.73841">
        <ele>126.3</ele>
      </trkpt>
      <trkpt lat="39.90566" lon="139.73846">
        <ele>128.0</ele>
      </trkpt>
      <trkpt lat="39.9056" lon="139.73852">
        <ele>130.0</ele>
      </trkpt>
      <trkpt lat="39.90556" lon="139.73856">
        <ele>131.3</ele>
      </trkpt>
      <trkpt lat="39.90547" lon="139.73864">
        <ele>133.9</ele>
      </trkpt>
      <trkpt lat="39.90539" lon="139.73871">
        <ele>136.1</ele>
      </trkpt>
      <trkpt lat="39.90533" lon="139.73877">
        <ele>138.0</ele>
      </trkpt>
      <trkpt lat="39.90531" lon="139.73879">
        <ele>138.7</ele>
      </trkpt>
      <trkpt lat="39.90524" lon="139.73886">
        <ele>140.9</ele>
      </trkpt>
      <trkpt lat="39.90518" lon="139.7389">
        <ele>141.9</ele>
      </trkpt>
      <trkpt lat="39.90514" lon="139.73893">
        <ele>142.8</ele>
      </trkpt>
      <trkpt lat="39.90511" lon="139.73895">
        <ele>143.3</ele>
      </trkpt>
      <trkpt lat="39.90508" lon="139.73897">
        <ele>143.8</ele>
      </trkpt>
      <trkpt lat="39.90505" lon="139.73898">
        <ele>143.9</ele>
      </trkpt>
      <trkpt lat="39.90503" lon="139.73899">
        <ele>144.1</ele>
      </trkpt>
      <trkpt lat="39.90501" lon="139.73899">
        <ele>143.9</ele>
      </trkpt>
      <trkpt lat="39.90499" lon="139.739">
        <ele>144.2</ele>
      </trkpt>
      <trkpt lat="39.90496" lon="139.739">
        <ele>144.3</ele>
      </trkpt>
      <trkpt lat="39.90494" lon="139.739">
        <ele>144.4</ele>
      </trkpt>
      <trkpt lat="39.9049" lon="139.73899">
        <ele>144.1</ele>
      </trkpt>
      <trkpt lat="39.90487" lon="139.73898">
        <ele>143.8</ele>
      </trkpt>
      <trkpt lat="39.90484" lon="139.73896">
        <ele>143.1</ele>
      </trkpt>
      <trkpt lat="39.9048" lon="139.73893">
        <ele>142.0</ele>
      </trkpt>
      <trkpt lat="39.90476" lon="139.7389">
        <ele>140.9</ele>
      </trkpt>
      <trkpt lat="39.90472" lon="139.73888">
        <ele>140.2</ele>
      </trkpt>
      <trkpt lat="39.90468" lon="139.73885">
        <ele>139.1</ele>
      </trkpt>
      <trkpt lat="39.90463" lon="139.73883">
        <ele>138.5</ele>
      </trkpt>
      <trkpt lat="39.90458" lon="139.7388">
        <ele>137.5</ele>
      </trkpt>
      <trkpt lat="39.90454" lon="139.73879">
        <ele>137.2</ele>
      </trkpt>
      <trkpt lat="39.90451" lon="139.73878">
        <ele>137.0</ele>
      </trkpt>
      <trkpt lat="39.90447" lon="139.73876">
        <ele>136.3</ele>
      </trkpt>
      <trkpt lat="39.90444" lon="139.73876">
        <ele>136.4</ele>
      </trkpt>
      <trkpt lat="39.90439" lon="139.73876">
        <ele>136.6</ele>
      </trkpt>
      <trkpt lat="39.90435" lon="139.73876">
        <ele>136.7</ele>
      </trkpt>
      <trkpt lat="39.90431" lon="139.73875">
        <ele>136.5</ele>
      </trkpt>
      <trkpt lat="39.90429" lon="139.73874">
        <ele>136.2</ele>
      </trkpt>
      <trkpt lat="39.90423" lon="139.73872">
        <ele>135.6</ele>
      </trkpt>
      <trkpt lat="39.90417" lon="139.7387">
        <ele>135.1</ele>
      </trkpt>
      <trkpt lat="39.90416" lon="139.73869">
        <ele>134.7</ele>
      </trkpt>
      <trkpt lat="39.90412" lon="139.73868">
        <ele>134.5</ele>
      </trkpt>
      <trkpt lat="39.90407" lon="139.73866">
        <ele>134.0</ele>
      </trkpt>
      <trkpt lat="39.90403" lon="139.73865">
        <ele>133.8</ele>
      </trkpt>
      <trkpt lat="39.90398" lon="139.73864">
        <ele>133.6</ele>
      </trkpt>
      <trkpt lat="39.90394" lon="139.73863">
        <ele>133.3</ele>
      </trkpt>
      <trkpt lat="39.90388" lon="139.73862">
        <ele>133.2</ele>
      </trkpt>
      <trkpt lat="39.90383" lon="139.73862">
        <ele>133.4</ele>
      </trkpt>
      <trkpt lat="39.90379" lon="139.73862">
        <ele>133.6</ele>
      </trkpt>
      <trkpt lat="39.90373" lon="139.73862">
        <ele>133.8</ele>
      </trkpt>
      <trkpt lat="39.90364" lon="139.73862">
        <ele>134.2</ele>
      </trkpt>
      <trkpt lat="39.90353" lon="139.73863">
        <ele>135.1</ele>
      </trkpt>
      <trkpt lat="39.90345" lon="139.73864">
        <ele>135.9</ele>
      </trkpt>
      <trkpt lat="39.90335" lon="139.73865">
        <ele>136.8</ele>
      </trkpt>
      <trkpt lat="39.90325" lon="139.73866">
        <ele>136.7</ele>
      </trkpt>
      <trkpt lat="39.90314" lon="139.73868">
        <ele>136.7</ele>
      </trkpt>
      <trkpt lat="39.90306" lon="139.73869">
        <ele>136.5</ele>
      </trkpt>
      <trkpt lat="39.90302" lon="139.7387">
        <ele>136.6</ele>
      </trkpt>
      <trkpt lat="39.90297" lon="139.73871">
        <ele>136.6</ele>
      </trkpt>
      <trkpt lat="39.90293" lon="139.73872">
        <ele>136.7</ele>
      </trkpt>
      <trkpt lat="39.90288" lon="139.73875">
        <ele>137.4</ele>
      </trkpt>
      <trkpt lat="39.90283" lon="139.73878">
        <ele>138.1</ele>
      </trkpt>
      <trkpt lat="39.90281" lon="139.7388">
        <ele>138.7</ele>
      </trkpt>
      <trkpt lat="39.90278" lon="139.73882">
        <ele>139.2</ele>
      </trkpt>
      <trkpt lat="39.90277" lon="139.73883">
        <ele>139.5</ele>
      </trkpt>
      <trkpt lat="39.90275" lon="139.73885">
        <ele>140.0</ele>
      </trkpt>
      <trkpt lat="39.90274" lon="139.73886">
        <ele>140.3</ele>
      </trkpt>
      <trkpt lat="39.90273" lon="139.73888">
        <ele>140.9</ele>
      </trkpt>
      <trkpt lat="39.90272" lon="139.7389">
        <ele>141.6</ele>
      </trkpt>
      <trkpt lat="39.9027" lon="139.73893">
        <ele>142.4</ele>
      </trkpt>
      <trkpt lat="39.90263" lon="139.73906">
        <ele>146.2</ele>
      </trkpt>
      <trkpt lat="39.90262" lon="139.73909">
        <ele>147.2</ele>
      </trkpt>
      <trkpt lat="39.9026" lon="139.73912">
        <ele>147.9</ele>
      </trkpt>
      <trkpt lat="39.90259" lon="139.73913">
        <ele>148.1</ele>
      </trkpt>
      <trkpt lat="39.90258" lon="139.73914">
        <ele>148.3</ele>
      </trkpt>
      <trkpt lat="39.90256" lon="139.73915">
        <ele>148.4</ele>
      </trkpt>
      <trkpt lat="39.90254" lon="139.73917">
        <ele>148.7</ele>
      </trkpt>
      <trkpt lat="39.90251" lon="139.73918">
        <ele>148.5</ele>
      </trkpt>
      <trkpt lat="39.90249" lon="139.7392">
        <ele>149.2</ele>
      </trkpt>
      <trkpt lat="39.90246" lon="139.73921">
        <ele>150.4</ele>
      </trkpt>
      <trkpt lat="39.90243" lon="139.73922">
        <ele>151.6</ele>
      </trkpt>
      <trkpt lat="39.90242" lon="139.73922">
        <ele>151.9</ele>
      </trkpt>
      <trkpt lat="39.90239" lon="139.73923">
        <ele>153.1</ele>
      </trkpt>
      <trkpt lat="39.90235" lon="139.73923">
        <ele>154.4</ele>
      </trkpt>
      <trkpt lat="39.90232" lon="139.73923">
        <ele>155.3</ele>
      </trkpt>
      <trkpt lat="39.90227" lon="139.73922">
        <ele>156.6</ele>
      </trkpt>
      <trkpt lat="39.90225" lon="139.73922">
        <ele>157.3</ele>
      </trkpt>
      <trkpt lat="39.90223" lon="139.73921">
        <ele>157.6</ele>
      </trkpt>
      <trkpt lat="39.9022" lon="139.7392">
        <ele>158.3</ele>
      </trkpt>
      <trkpt lat="39.90218" lon="139.73918">
        <ele>158.4</ele>
      </trkpt>
      <trkpt lat="39.90216" lon="139.73916">
        <ele>158.4</ele>
      </trkpt>
      <trkpt lat="39.90214" lon="139.73914">
        <ele>158.3</ele>
      </trkpt>
      <trkpt lat="39.90213" lon="139.73911">
        <ele>157.6</ele>
      </trkpt>
      <trkpt lat="39.90211" lon="139.73909">
        <ele>157.5</ele>
      </trkpt>
      <trkpt lat="39.90211" lon="139.73907">
        <ele>156.8</ele>
      </trkpt>
      <trkpt lat="39.9021" lon="139.73907">
        <ele>157.1</ele>
      </trkpt>
      <trkpt lat="39.90209" lon="139.73903">
        <ele>156.0</ele>
      </trkpt>
      <trkpt lat="39.90207" lon="139.73898">
        <ele>154.8</ele>
      </trkpt>
      <trkpt lat="39.90204" lon="139.73887">
        <ele>151.8</ele>
      </trkpt>
      <trkpt lat="39.90204" lon="139.73886">
        <ele>151.4</ele>
      </trkpt>
      <trkpt lat="39.90201" lon="139.73877">
        <ele>149.1</ele>
      </trkpt>
      <trkpt lat="39.90197" lon="139.73865">
        <ele>146.0</ele>
      </trkpt>
      <trkpt lat="39.90196" lon="139.7386">
        <ele>144.5</ele>
      </trkpt>
      <trkpt lat="39.90195" lon="139.73857">
        <ele>143.7</ele>
      </trkpt>
      <trkpt lat="39.90194" lon="139.73855">
        <ele>143.3</ele>
      </trkpt>
      <trkpt lat="39.90192" lon="139.73851">
        <ele>142.4</ele>
      </trkpt>
      <trkpt lat="39.9019" lon="139.73848">
        <ele>141.9</ele>
      </trkpt>
      <trkpt lat="39.90188" lon="139.73846">
        <ele>141.7</ele>
      </trkpt>
      <trkpt lat="39.90188" lon="139.73845">
        <ele>141.3</ele>
      </trkpt>
      <trkpt lat="39.90186" lon="139.73843">
        <ele>141.2</ele>
      </trkpt>
      <trkpt lat="39.90185" lon="139.73841">
        <ele>140.7</ele>
      </trkpt>
      <trkpt lat="39.90183" lon="139.7384">
        <ele>140.9</ele>
      </trkpt>
      <trkpt lat="39.90181" lon="139.73838">
        <ele>140.8</ele>
      </trkpt>
      <trkpt lat="39.90179" lon="139.73836">
        <ele>140.6</ele>
      </trkpt>
      <trkpt lat="39.90177" lon="139.73835">
        <ele>140.8</ele>
      </trkpt>
      <trkpt lat="39.90174" lon="139.73833">
        <ele>140.8</ele>
      </trkpt>
      <trkpt lat="39.90173" lon="139.73833">
        <ele>141.1</ele>
      </trkpt>
      <trkpt lat="39.90172" lon="139.73833">
        <ele>141.4</ele>
      </trkpt>
      <trkpt lat="39.90171" lon="139.73832">
        <ele>141.3</ele>
      </trkpt>
      <trkpt lat="39.90166" lon="139.7383">
        <ele>141.8</ele>
      </trkpt>
      <trkpt lat="39.90163" lon="139.73829">
        <ele>141.9</ele>
      </trkpt>
      <trkpt lat="39.9016" lon="139.73828">
        <ele>142.0</ele>
      </trkpt>
      <trkpt lat="39.90156" lon="139.73827">
        <ele>142.2</ele>
      </trkpt>
      <trkpt lat="39.90143" lon="139.73824">
        <ele>143.2</ele>
      </trkpt>
      <trkpt lat="39.90131" lon="139.73821">
        <ele>144.1</ele>
      </trkpt>
      <trkpt lat="39.90119" lon="139.73818">
        <ele>145.0</ele>
      </trkpt>
      <trkpt lat="39.9011" lon="139.73816">
        <ele>145.7</ele>
      </trkpt>
      <trkpt lat="39.90102" lon="139.73814">
        <ele>146.3</ele>
      </trkpt>
      <trkpt lat="39.90098" lon="139.73813">
        <ele>146.6</ele>
      </trkpt>
      <trkpt lat="39.90091" lon="139.73811">
        <ele>147.1</ele>
      </trkpt>
      <trkpt lat="39.90085" lon="139.7381">
        <ele>147.8</ele>
      </trkpt>
      <trkpt lat="39.90083" lon="139.73809">
        <ele>147.7</ele>
      </trkpt>
      <trkpt lat="39.90071" lon="139.73807">
        <ele>147.9</ele>
      </trkpt>
      <trkpt lat="39.90067" lon="139.73806">
        <ele>147.8</ele>
      </trkpt>
      <trkpt lat="39.90064" lon="139.73806">
        <ele>148.0</ele>
      </trkpt>
      <trkpt lat="39.90061" lon="139.73805">
        <ele>147.9</ele>
      </trkpt>
      <trkpt lat="39.90056" lon="139.73805">
        <ele>148.3</ele>
      </trkpt>
      <trkpt lat="39.90053" lon="139.73806">
        <ele>148.9</ele>
      </trkpt>
      <trkpt lat="39.9005" lon="139.73806">
        <ele>149.2</ele>
      </trkpt>
      <trkpt lat="39.90048" lon="139.73806">
        <ele>149.3</ele>
      </trkpt>
      <trkpt lat="39.90042" lon="139.73807">
        <ele>150.2</ele>
      </trkpt>
      <trkpt lat="39.9004" lon="139.73808">
        <ele>150.7</ele>
      </trkpt>
      <trkpt lat="39.90032" lon="139.7381">
        <ele>152.0</ele>
      </trkpt>
      <trkpt lat="39.90031" lon="139.73811">
        <ele>152.4</ele>
      </trkpt>
      <trkpt lat="39.90026" lon="139.73812">
        <ele>153.1</ele>
      </trkpt>
      <trkpt lat="39.90018" lon="139.73815">
        <ele>154.7</ele>
      </trkpt>
      <trkpt lat="39.90013" lon="139.73816">
        <ele>155.4</ele>
      </trkpt>
      <trkpt lat="39.90005" lon="139.73819">
        <ele>157.0</ele>
      </trkpt>
      <trkpt lat="39.89985" lon="139.73825">
        <ele>159.4</ele>
      </trkpt>
      <trkpt lat="39.89978" lon="139.73827">
        <ele>160.0</ele>
      </trkpt>
      <trkpt lat="39.89971" lon="139.73829">
        <ele>160.7</ele>
      </trkpt>
      <trkpt lat="39.89962" lon="139.73832">
        <ele>161.6</ele>
      </trkpt>
      <trkpt lat="39.89961" lon="139.73833">
        <ele>161.9</ele>
      </trkpt>
      <trkpt lat="39.89957" lon="139.73834">
        <ele>162.2</ele>
      </trkpt>
      <trkpt lat="39.89944" lon="139.73838">
        <ele>163.5</ele>
      </trkpt>
      <trkpt lat="39.89943" lon="139.73838">
        <ele>163.5</ele>
      </trkpt>
      <trkpt lat="39.89936" lon="139.7384">
        <ele>164.2</ele>
      </trkpt>
      <trkpt lat="39.89927" lon="139.73843">
        <ele>165.3</ele>
      </trkpt>
      <trkpt lat="39.89926" lon="139.73843">
        <ele>165.3</ele>
      </trkpt>
      <trkpt lat="39.89921" lon="139.73845">
        <ele>166.0</ele>
      </trkpt>
      <trkpt lat="39.89918" lon="139.73846">
        <ele>166.4</ele>
      </trkpt>
      <trkpt lat="39.89909" lon="139.73848">
        <ele>166.9</ele>
      </trkpt>
      <trkpt lat="39.89908" lon="139.73849">
        <ele>167.2</ele>
      </trkpt>
      <trkpt lat="39.89904" lon="139.7385">
        <ele>167.5</ele>
      </trkpt>
      <trkpt lat="39.899" lon="139.7385">
        <ele>167.4</ele>
      </trkpt>
      <trkpt lat="39.89894" lon="139.73851">
        <ele>167.6</ele>
      </trkpt>
      <trkpt lat="39.89892" lon="139.73851">
        <ele>167.6</ele>
      </trkpt>
      <trkpt lat="39.8989" lon="139.73851">
        <ele>167.5</ele>
      </trkpt>
      <trkpt lat="39.89884" lon="139.73852">
        <ele>167.8</ele>
      </trkpt>
      <trkpt lat="39.89877" lon="139.73852">
        <ele>167.6</ele>
      </trkpt>
      <trkpt lat="39.89874" lon="139.73852">
        <ele>167.5</ele>
      </trkpt>
      <trkpt lat="39.89868" lon="139.73852">
        <ele>167.4</ele>
      </trkpt>
      <trkpt lat="39.89859" lon="139.73852">
        <ele>167.2</ele>
      </trkpt>
      <trkpt lat="39.89856" lon="139.73851">
        <ele>166.7</ele>
      </trkpt>
      <trkpt lat="39.89854" lon="139.73851">
        <ele>166.7</ele>
      </trkpt>
      <trkpt lat="39.89845" lon="139.7385">
        <ele>166.1</ele>
      </trkpt>
      <trkpt lat="39.89838" lon="139.73849">
        <ele>165.5</ele>
      </trkpt>
      <trkpt lat="39.89836" lon="139.73849">
        <ele>165.5</ele>
      </trkpt>
      <trkpt lat="39.89827" lon="139.73848">
        <ele>164.5</ele>
      </trkpt>
      <trkpt lat="39.8982" lon="139.73847">
        <ele>163.6</ele>
      </trkpt>
      <trkpt lat="39.89818" lon="139.73847">
        <ele>163.5</ele>
      </trkpt>
      <trkpt lat="39.89812" lon="139.73846">
        <ele>162.6</ele>
      </trkpt>
      <trkpt lat="39.89805" lon="139.73846">
        <ele>162.1</ele>
      </trkpt>
      <trkpt lat="39.89802" lon="139.73846">
        <ele>161.9</ele>
      </trkpt>
      <trkpt lat="39.89792" lon="139.73846">
        <ele>161.2</ele>
      </trkpt>
      <trkpt lat="39.89784" lon="139.73847">
        <ele>161.0</ele>
      </trkpt>
      <trkpt lat="39.89783" lon="139.73847">
        <ele>161.0</ele>
      </trkpt>
      <trkpt lat="39.8978" lon="139.73847">
        <ele>160.7</ele>
      </trkpt>
      <trkpt lat="39.89769" lon="139.73848">
        <ele>160.4</ele>
      </trkpt>
      <trkpt lat="39.89766" lon="139.73848">
        <ele>160.2</ele>
      </trkpt>
      <trkpt lat="39.89765" lon="139.73848">
        <ele>160.1</ele>
      </trkpt>
      <trkpt lat="39.89764" lon="139.73848">
        <ele>160.0</ele>
      </trkpt>
      <trkpt lat="39.89756" lon="139.73849">
        <ele>160.0</ele>
      </trkpt>
      <trkpt lat="39.89747" lon="139.7385">
        <ele>159.7</ele>
      </trkpt>
      <trkpt lat="39.8974" lon="139.73851">
        <ele>159.6</ele>
      </trkpt>
      <trkpt lat="39.89733" lon="139.73851">
        <ele>159.0</ele>
      </trkpt>
      <trkpt lat="39.89726" lon="139.73851">
        <ele>158.4</ele>
      </trkpt>
      <trkpt lat="39.8972" lon="139.7385">
        <ele>157.3</ele>
      </trkpt>
      <trkpt lat="39.89711" lon="139.73849">
        <ele>156.1</ele>
      </trkpt>
      <trkpt lat="39.89706" lon="139.73849">
        <ele>155.6</ele>
      </trkpt>
      <trkpt lat="39.89701" lon="139.73847">
        <ele>154.2</ele>
      </trkpt>
      <trkpt lat="39.89695" lon="139.73845">
        <ele>152.6</ele>
      </trkpt>
      <trkpt lat="39.89678" lon="139.73839">
        <ele>148.0</ele>
      </trkpt>
      <trkpt lat="39.89677" lon="139.73839">
        <ele>147.9</ele>
      </trkpt>
      <trkpt lat="39.89676" lon="139.73839">
        <ele>147.8</ele>
      </trkpt>
      <trkpt lat="39.8966" lon="139.73833">
        <ele>145.0</ele>
      </trkpt>
      <trkpt lat="39.89658" lon="139.73832">
        <ele>144.9</ele>
      </trkpt>
      <trkpt lat="39.89657" lon="139.73832">
        <ele>145.1</ele>
      </trkpt>
      <trkpt lat="39.89642" lon="139.73827">
        <ele>145.6</ele>
      </trkpt>
      <trkpt lat="39.89635" lon="139.73824">
        <ele>145.5</ele>
      </trkpt>
      <trkpt lat="39.89629" lon="139.73822">
        <ele>145.6</ele>
      </trkpt>
      <trkpt lat="39.89623" lon="139.7382">
        <ele>145.7</ele>
      </trkpt>
      <trkpt lat="39.89617" lon="139.73818">
        <ele>145.8</ele>
      </trkpt>
      <trkpt lat="39.89611" lon="139.73816">
        <ele>145.9</ele>
      </trkpt>
      <trkpt lat="39.89604" lon="139.73815">
        <ele>146.6</ele>
      </trkpt>
      <trkpt lat="39.89593" lon="139.73812">
        <ele>147.0</ele>
      </trkpt>
      <trkpt lat="39.89587" lon="139.73812">
        <ele>148.0</ele>
      </trkpt>
      <trkpt lat="39.89577" lon="139.73812">
        <ele>148.1</ele>
      </trkpt>
      <trkpt lat="39.89572" lon="139.73812">
        <ele>147.7</ele>
      </trkpt>
      <trkpt lat="39.8957" lon="139.73812">
        <ele>147.6</ele>
      </trkpt>
      <trkpt lat="39.89562" lon="139.73813">
        <ele>147.5</ele>
      </trkpt>
      <trkpt lat="39.89542" lon="139.73814">
        <ele>146.5</ele>
      </trkpt>
      <trkpt lat="39.89529" lon="139.73815">
        <ele>146.1</ele>
      </trkpt>
      <trkpt lat="39.89523" lon="139.73815">
        <ele>145.7</ele>
      </trkpt>
      <trkpt lat="39.89518" lon="139.73814">
        <ele>144.8</ele>
      </trkpt>
      <trkpt lat="39.89512" lon="139.73814">
        <ele>144.4</ele>
      </trkpt>
      <trkpt lat="39.895" lon="139.73811">
        <ele>142.0</ele>
      </trkpt>
      <trkpt lat="39.89488" lon="139.73809">
        <ele>143.6</ele>
      </trkpt>
      <trkpt lat="39.89482" lon="139.73807">
        <ele>143.7</ele>
      </trkpt>
      <trkpt lat="39.89465" lon="139.73804">
        <ele>145.3</ele>
      </trkpt>
      <trkpt lat="39.89459" lon="139.73803">
        <ele>145.9</ele>
      </trkpt>
      <trkpt lat="39.89447" lon="139.738">
        <ele>145.9</ele>
      </trkpt>
      <trkpt lat="39.89439" lon="139.73798">
        <ele>145.8</ele>
      </trkpt>
      <trkpt lat="39.89429" lon="139.73797">
        <ele>146.7</ele>
      </trkpt>
      <trkpt lat="39.89422" lon="139.73796">
        <ele>147.1</ele>
      </trkpt>
      <trkpt lat="39.8941" lon="139.73795">
        <ele>146.9</ele>
      </trkpt>
      <trkpt lat="39.89396" lon="139.73797">
        <ele>148.5</ele>
      </trkpt>
      <trkpt lat="39.89383" lon="139.73798">
        <ele>149.2</ele>
      </trkpt>
      <trkpt lat="39.89375" lon="139.73799">
        <ele>150.0</ele>
      </trkpt>
      <trkpt lat="39.89363" lon="139.738">
        <ele>150.8</ele>
      </trkpt>
      <trkpt lat="39.89353" lon="139.738">
        <ele>150.7</ele>
      </trkpt>
      <trkpt lat="39.89348" lon="139.73801">
        <ele>151.7</ele>
      </trkpt>
      <trkpt lat="39.89342" lon="139.738">
        <ele>150.5</ele>
      </trkpt>
      <trkpt lat="39.89339" lon="139.738">
        <ele>150.5</ele>
      </trkpt>
      <trkpt lat="39.89336" lon="139.738">
        <ele>150.5</ele>
      </trkpt>
      <trkpt lat="39.89328" lon="139.73799">
        <ele>148.6</ele>
      </trkpt>
      <trkpt lat="39.89313" lon="139.73796">
        <ele>143.5</ele>
      </trkpt>
      <trkpt lat="39.89309" lon="139.73795">
        <ele>141.9</ele>
      </trkpt>
      <trkpt lat="39.89304" lon="139.73793">
        <ele>139.3</ele>
      </trkpt>
      <trkpt lat="39.893" lon="139.73792">
        <ele>137.8</ele>
      </trkpt>
      <trkpt lat="39.89295" lon="139.7379">
        <ele>135.3</ele>
      </trkpt>
      <trkpt lat="39.89292" lon="139.73789">
        <ele>134.0</ele>
      </trkpt>
      <trkpt lat="39.89288" lon="139.73788">
        <ele>132.6</ele>
      </trkpt>
      <trkpt lat="39.89286" lon="139.73788">
        <ele>132.4</ele>
      </trkpt>
      <trkpt lat="39.89284" lon="139.73788">
        <ele>132.2</ele>
      </trkpt>
      <trkpt lat="39.89278" lon="139.73787">
        <ele>130.6</ele>
      </trkpt>
      <trkpt lat="39.89274" lon="139.73787">
        <ele>130.2</ele>
      </trkpt>
      <trkpt lat="39.89268" lon="139.73788">
        <ele>130.5</ele>
      </trkpt>
      <trkpt lat="39.89261" lon="139.73788">
        <ele>129.7</ele>
      </trkpt>
      <trkpt lat="39.89254" lon="139.73789">
        <ele>129.8</ele>
      </trkpt>
      <trkpt lat="39.8925" lon="139.73791">
        <ele>131.0</ele>
      </trkpt>
      <trkpt lat="39.89246" lon="139.73792">
        <ele>131.1</ele>
      </trkpt>
      <trkpt lat="39.89237" lon="139.73795">
        <ele>132.1</ele>
      </trkpt>
      <trkpt lat="39.89233" lon="139.73797">
        <ele>133.0</ele>
      </trkpt>
      <trkpt lat="39.89226" lon="139.738">
        <ele>134.0</ele>
      </trkpt>
      <trkpt lat="39.89219" lon="139.73803">
        <ele>135.0</ele>
      </trkpt>
      <trkpt lat="39.89214" lon="139.73806">
        <ele>136.3</ele>
      </trkpt>
      <trkpt lat="39.89205" lon="139.73812">
        <ele>138.8</ele>
      </trkpt>
      <trkpt lat="39.892" lon="139.73815">
        <ele>139.9</ele>
      </trkpt>
      <trkpt lat="39.89197" lon="139.73816">
        <ele>139.9</ele>
      </trkpt>
      <trkpt lat="39.89191" lon="139.73821">
        <ele>142.0</ele>
      </trkpt>
      <trkpt lat="39.89174" lon="139.73833">
        <ele>145.7</ele>
      </trkpt>
      <trkpt lat="39.89168" lon="139.73838">
        <ele>146.1</ele>
      </trkpt>
      <trkpt lat="39.89165" lon="139.7384">
        <ele>146.2</ele>
      </trkpt>
      <trkpt lat="39.89157" lon="139.73845">
        <ele>146.4</ele>
      </trkpt>
      <trkpt lat="39.8915" lon="139.73849">
        <ele>146.5</ele>
      </trkpt>
      <trkpt lat="39.89141" lon="139.73855">
        <ele>146.9</ele>
      </trkpt>
      <trkpt lat="39.89135" lon="139.7386">
        <ele>147.6</ele>
      </trkpt>
      <trkpt lat="39.89127" lon="139.73867">
        <ele>148.6</ele>
      </trkpt>
      <trkpt lat="39.89112" lon="139.7388">
        <ele>150.6</ele>
      </trkpt>
      <trkpt lat="39.89105" lon="139.73887">
        <ele>151.9</ele>
      </trkpt>
      <trkpt lat="39.891" lon="139.73891">
        <ele>152.4</ele>
      </trkpt>
      <trkpt lat="39.89091" lon="139.73901">
        <ele>154.5</ele>
      </trkpt>
      <trkpt lat="39.8909" lon="139.73901">
        <ele>154.3</ele>
      </trkpt>
      <trkpt lat="39.89076" lon="139.73915">
        <ele>157.3</ele>
      </trkpt>
      <trkpt lat="39.8907" lon="139.7392">
        <ele>158.3</ele>
      </trkpt>
      <trkpt lat="39.8906" lon="139.7393">
        <ele>160.1</ele>
      </trkpt>
      <trkpt lat="39.89045" lon="139.73944">
        <ele>162.8</ele>
      </trkpt>
      <trkpt lat="39.89035" lon="139.73954">
        <ele>164.6</ele>
      </trkpt>
      <trkpt lat="39.8902" lon="139.73968">
        <ele>167.3</ele>
      </trkpt>
      <trkpt lat="39.89012" lon="139.73975">
        <ele>168.7</ele>
      </trkpt>
      <trkpt lat="39.89003" lon="139.73983">
        <ele>170.4</ele>
      </trkpt>
      <trkpt lat="39.88997" lon="139.73987">
        <ele>171.4</ele>
      </trkpt>
      <trkpt lat="39.88993" lon="139.73989">
        <ele>172.0</ele>
      </trkpt>
      <trkpt lat="39.88987" lon="139.73992">
        <ele>172.9</ele>
      </trkpt>
      <trkpt lat="39.88977" lon="139.73996">
        <ele>174.0</ele>
      </trkpt>
      <trkpt lat="39.88965" lon="139.73999">
        <ele>174.8</ele>
      </trkpt>
      <trkpt lat="39.88941" lon="139.74001">
        <ele>175.1</ele>
      </trkpt>
      <trkpt lat="39.88923" lon="139.74004">
        <ele>176.1</ele>
      </trkpt>
      <trkpt lat="39.88914" lon="139.74006">
        <ele>176.6</ele>
      </trkpt>
      <trkpt lat="39.88899" lon="139.74008">
        <ele>175.2</ele>
      </trkpt>
      <trkpt lat="39.88896" lon="139.74009">
        <ele>175.2</ele>
      </trkpt>
      <trkpt lat="39.88889" lon="139.74011">
        <ele>175.1</ele>
      </trkpt>
      <trkpt lat="39.88884" lon="139.74013">
        <ele>175.2</ele>
      </trkpt>
      <trkpt lat="39.88877" lon="139.74018">
        <ele>176.3</ele>
      </trkpt>
      <trkpt lat="39.88869" lon="139.74026">
        <ele>178.5</ele>
      </trkpt>
      <trkpt lat="39.88864" lon="139.7403">
        <ele>179.4</ele>
      </trkpt>
      <trkpt lat="39.88857" lon="139.74037">
        <ele>181.1</ele>
      </trkpt>
      <trkpt lat="39.88846" lon="139.74049">
        <ele>184.0</ele>
      </trkpt>
      <trkpt lat="39.88831" lon="139.74065">
        <ele>187.6</ele>
      </trkpt>
      <trkpt lat="39.88822" lon="139.74074">
        <ele>190.6</ele>
      </trkpt>
      <trkpt lat="39.8882" lon="139.74077">
        <ele>191.7</ele>
      </trkpt>
      <trkpt lat="39.8881" lon="139.74087">
        <ele>195.8</ele>
      </trkpt>
      <trkpt lat="39.88807" lon="139.74088">
        <ele>196.2</ele>
      </trkpt>
      <trkpt lat="39.88803" lon="139.74092">
        <ele>198.1</ele>
      </trkpt>
      <trkpt lat="39.88798" lon="139.74096">
        <ele>199.9</ele>
      </trkpt>
      <trkpt lat="39.88792" lon="139.74099">
        <ele>201.2</ele>
      </trkpt>
      <trkpt lat="39.88792" lon="139.741">
        <ele>201.7</ele>
      </trkpt>
      <trkpt lat="39.88785" lon="139.74103">
        <ele>202.9</ele>
      </trkpt>
      <trkpt lat="39.88781" lon="139.74105">
        <ele>203.8</ele>
      </trkpt>
      <trkpt lat="39.88777" lon="139.74107">
        <ele>204.6</ele>
      </trkpt>
      <trkpt lat="39.88775" lon="139.74107">
        <ele>204.5</ele>
      </trkpt>
      <trkpt lat="39.88767" lon="139.7411">
        <ele>205.7</ele>
      </trkpt>
      <trkpt lat="39.88758" lon="139.7411">
        <ele>205.2</ele>
      </trkpt>
      <trkpt lat="39.88757" lon="139.7411">
        <ele>205.1</ele>
      </trkpt>
      <trkpt lat="39.88753" lon="139.7411">
        <ele>204.9</ele>
      </trkpt>
      <trkpt lat="39.88748" lon="139.74109">
        <ele>204.1</ele>
      </trkpt>
      <trkpt lat="39.88743" lon="139.74108">
        <ele>203.3</ele>
      </trkpt>
      <trkpt lat="39.88739" lon="139.74106">
        <ele>202.0</ele>
      </trkpt>
      <trkpt lat="39.88738" lon="139.74106">
        <ele>201.9</ele>
      </trkpt>
      <trkpt lat="39.88724" lon="139.741">
        <ele>197.9</ele>
      </trkpt>
      <trkpt lat="39.88722" lon="139.741">
        <ele>197.8</ele>
      </trkpt>
      <trkpt lat="39.88715" lon="139.74097">
        <ele>195.8</ele>
      </trkpt>
      <trkpt lat="39.88708" lon="139.74095">
        <ele>194.4</ele>
      </trkpt>
      <trkpt lat="39.88705" lon="139.74095">
        <ele>194.2</ele>
      </trkpt>
      <trkpt lat="39.88704" lon="139.74095">
        <ele>194.1</ele>
      </trkpt>
      <trkpt lat="39.88698" lon="139.74094">
        <ele>193.2</ele>
      </trkpt>
      <trkpt lat="39.88695" lon="139.74094">
        <ele>193.0</ele>
      </trkpt>
      <trkpt lat="39.8869" lon="139.74095">
        <ele>193.2</ele>
      </trkpt>
      <trkpt lat="39.88687" lon="139.74095">
        <ele>193.0</ele>
      </trkpt>
      <trkpt lat="39.88679" lon="139.74097">
        <ele>193.5</ele>
      </trkpt>
      <trkpt lat="39.88669" lon="139.74099">
        <ele>193.9</ele>
      </trkpt>
      <trkpt lat="39.88668" lon="139.74099">
        <ele>193.8</ele>
      </trkpt>
      <trkpt lat="39.88657" lon="139.74101">
        <ele>189.9</ele>
      </trkpt>
      <trkpt lat="39.88651" lon="139.74103">
        <ele>187.8</ele>
      </trkpt>
      <trkpt lat="39.88642" lon="139.74105">
        <ele>184.3</ele>
      </trkpt>
      <trkpt lat="39.88636" lon="139.74108">
        <ele>182.8</ele>
      </trkpt>
      <trkpt lat="39.88634" lon="139.74109">
        <ele>182.3</ele>
      </trkpt>
      <trkpt lat="39.8863" lon="139.74112">
        <ele>181.8</ele>
      </trkpt>
      <trkpt lat="39.88628" lon="139.74114">
        <ele>181.8</ele>
      </trkpt>
      <trkpt lat="39.88625" lon="139.74116">
        <ele>181.3</ele>
      </trkpt>
      <trkpt lat="39.88621" lon="139.74121">
        <ele>181.8</ele>
      </trkpt>
      <trkpt lat="39.88619" lon="139.74124">
        <ele>182.3</ele>
      </trkpt>
      <trkpt lat="39.88614" lon="139.7413">
        <ele>182.8</ele>
      </trkpt>
      <trkpt lat="39.88611" lon="139.74136">
        <ele>184.3</ele>
      </trkpt>
      <trkpt lat="39.88607" lon="139.74143">
        <ele>185.8</ele>
      </trkpt>
      <trkpt lat="39.88604" lon="139.74149">
        <ele>187.3</ele>
      </trkpt>
      <trkpt lat="39.886" lon="139.74159">
        <ele>190.4</ele>
      </trkpt>
      <trkpt lat="39.88599" lon="139.74161">
        <ele>190.9</ele>
      </trkpt>
      <trkpt lat="39.88596" lon="139.74169">
        <ele>192.9</ele>
      </trkpt>
      <trkpt lat="39.88592" lon="139.74183">
        <ele>194.8</ele>
      </trkpt>
      <trkpt lat="39.88591" lon="139.74186">
        <ele>195.2</ele>
      </trkpt>
      <trkpt lat="39.88589" lon="139.74193">
        <ele>196.2</ele>
      </trkpt>
      <trkpt lat="39.88588" lon="139.742">
        <ele>197.8</ele>
      </trkpt>
      <trkpt lat="39.88586" lon="139.74205">
        <ele>198.3</ele>
      </trkpt>
      <trkpt lat="39.88586" lon="139.74209">
        <ele>199.4</ele>
      </trkpt>
      <trkpt lat="39.88584" lon="139.74218">
        <ele>201.1</ele>
      </trkpt>
      <trkpt lat="39.88583" lon="139.74223">
        <ele>202.2</ele>
      </trkpt>
      <trkpt lat="39.88581" lon="139.74227">
        <ele>203.1</ele>
      </trkpt>
      <trkpt lat="39.88579" lon="139.7423">
        <ele>203.7</ele>
      </trkpt>
      <trkpt lat="39.88577" lon="139.74233">
        <ele>204.3</ele>
      </trkpt>
      <trkpt lat="39.88575" lon="139.74235">
        <ele>204.6</ele>
      </trkpt>
      <trkpt lat="39.88572" lon="139.74238">
        <ele>205.1</ele>
      </trkpt>
      <trkpt lat="39.88569" lon="139.7424">
        <ele>205.4</ele>
      </trkpt>
      <trkpt lat="39.88567" lon="139.74241">
        <ele>205.4</ele>
      </trkpt>
      <trkpt lat="39.88565" lon="139.74242">
        <ele>205.5</ele>
      </trkpt>
      <trkpt lat="39.88563" lon="139.74244">
        <ele>205.9</ele>
      </trkpt>
      <trkpt lat="39.88561" lon="139.74244">
        <ele>205.7</ele>
      </trkpt>
      <trkpt lat="39.88559" lon="139.74245">
        <ele>205.8</ele>
      </trkpt>
      <trkpt lat="39.88556" lon="139.74245">
        <ele>205.4</ele>
      </trkpt>
      <trkpt lat="39.88552" lon="139.74245">
        <ele>205.0</ele>
      </trkpt>
      <trkpt lat="39.88549" lon="139.74244">
        <ele>204.3</ele>
      </trkpt>
      <trkpt lat="39.88548" lon="139.74244">
        <ele>204.2</ele>
      </trkpt>
      <trkpt lat="39.88543" lon="139.74241">
        <ele>202.5</ele>
      </trkpt>
      <trkpt lat="39.88539" lon="139.74238">
        <ele>201.0</ele>
      </trkpt>
      <trkpt lat="39.88537" lon="139.74236">
        <ele>200.0</ele>
      </trkpt>
      <trkpt lat="39.88536" lon="139.74235">
        <ele>199.6</ele>
      </trkpt>
      <trkpt lat="39.88534" lon="139.74232">
        <ele>198.2</ele>
      </trkpt>
      <trkpt lat="39.8853" lon="139.74228">
        <ele>196.2</ele>
      </trkpt>
      <trkpt lat="39.88525" lon="139.74222">
        <ele>193.3</ele>
      </trkpt>
      <trkpt lat="39.88518" lon="139.74214">
        <ele>189.2</ele>
      </trkpt>
      <trkpt lat="39.88507" lon="139.74201">
        <ele>182.3</ele>
      </trkpt>
      <trkpt lat="39.88494" lon="139.74185">
        <ele>174.4</ele>
      </trkpt>
      <trkpt lat="39.8849" lon="139.74181">
        <ele>172.8</ele>
      </trkpt>
      <trkpt lat="39.88486" lon="139.74176">
        <ele>171.0</ele>
      </trkpt>
      <trkpt lat="39.8848" lon="139.74171">
        <ele>169.4</ele>
      </trkpt>
      <trkpt lat="39.88475" lon="139.74168">
        <ele>168.6</ele>
      </trkpt>
      <trkpt lat="39.88459" lon="139.74159">
        <ele>165.3</ele>
      </trkpt>
      <trkpt lat="39.88447" lon="139.74151">
        <ele>162.1</ele>
      </trkpt>
      <trkpt lat="39.88429" lon="139.74142">
        <ele>159.0</ele>
      </trkpt>
      <trkpt lat="39.88418" lon="139.74136">
        <ele>156.9</ele>
      </trkpt>
      <trkpt lat="39.88414" lon="139.74134">
        <ele>156.0</ele>
      </trkpt>
      <trkpt lat="39.88407" lon="139.74131">
        <ele>154.3</ele>
      </trkpt>
      <trkpt lat="39.88402" lon="139.7413">
        <ele>153.7</ele>
      </trkpt>
      <trkpt lat="39.88396" lon="139.74129">
        <ele>153.0</ele>
      </trkpt>
      <trkpt lat="39.88394" lon="139.74129">
        <ele>152.9</ele>
      </trkpt>
      <trkpt lat="39.88386" lon="139.74128">
        <ele>152.3</ele>
      </trkpt>
      <trkpt lat="39.88382" lon="139.74128">
        <ele>152.2</ele>
      </trkpt>
      <trkpt lat="39.88378" lon="139.7413">
        <ele>152.6</ele>
      </trkpt>
      <trkpt lat="39.88377" lon="139.7413">
        <ele>152.6</ele>
      </trkpt>
      <trkpt lat="39.88373" lon="139.74131">
        <ele>152.7</ele>
      </trkpt>
      <trkpt lat="39.88367" lon="139.74134">
        <ele>153.2</ele>
      </trkpt>
      <trkpt lat="39.88363" lon="139.74137">
        <ele>153.8</ele>
      </trkpt>
      <trkpt lat="39.88356" lon="139.74143">
        <ele>154.7</ele>
      </trkpt>
      <trkpt lat="39.8835" lon="139.7415">
        <ele>155.6</ele>
      </trkpt>
      <trkpt lat="39.88346" lon="139.74155">
        <ele>156.1</ele>
      </trkpt>
      <trkpt lat="39.8834" lon="139.74165">
        <ele>156.9</ele>
      </trkpt>
      <trkpt lat="39.88337" lon="139.74172">
        <ele>157.1</ele>
      </trkpt>
      <trkpt lat="39.88335" lon="139.74175">
        <ele>156.9</ele>
      </trkpt>
      <trkpt lat="39.88331" lon="139.74182">
        <ele>156.6</ele>
      </trkpt>
      <trkpt lat="39.88327" lon="139.74191">
        <ele>156.4</ele>
      </trkpt>
      <trkpt lat="39.88317" lon="139.74211">
        <ele>155.7</ele>
      </trkpt>
      <trkpt lat="39.88308" lon="139.74227">
        <ele>154.9</ele>
      </trkpt>
      <trkpt lat="39.88301" lon="139.74237">
        <ele>154.1</ele>
      </trkpt>
      <trkpt lat="39.883" lon="139.74238">
        <ele>153.9</ele>
      </trkpt>
      <trkpt lat="39.88294" lon="139.74246">
        <ele>153.2</ele>
      </trkpt>
      <trkpt lat="39.88288" lon="139.74253">
        <ele>153.6</ele>
      </trkpt>
      <trkpt lat="39.88282" lon="139.74259">
        <ele>155.3</ele>
      </trkpt>
      <trkpt lat="39.88272" lon="139.74267">
        <ele>157.4</ele>
      </trkpt>
      <trkpt lat="39.88265" lon="139.74272">
        <ele>158.7</ele>
      </trkpt>
      <trkpt lat="39.88258" lon="139.74277">
        <ele>160.2</ele>
      </trkpt>
      <trkpt lat="39.88247" lon="139.74282">
        <ele>161.4</ele>
      </trkpt>
      <trkpt lat="39.88239" lon="139.74285">
        <ele>162.3</ele>
      </trkpt>
      <trkpt lat="39.88228" lon="139.74289">
        <ele>163.6</ele>
      </trkpt>
      <trkpt lat="39.88218" lon="139.74291">
        <ele>162.8</ele>
      </trkpt>
      <trkpt lat="39.88205" lon="139.74292">
        <ele>161.7</ele>
      </trkpt>
      <trkpt lat="39.88191" lon="139.74291">
        <ele>160.6</ele>
      </trkpt>
      <trkpt lat="39.88187" lon="139.74291">
        <ele>160.3</ele>
      </trkpt>
      <trkpt lat="39.88174" lon="139.74289">
        <ele>159.3</ele>
      </trkpt>
      <trkpt lat="39.88169" lon="139.74288">
        <ele>158.9</ele>
      </trkpt>
      <trkpt lat="39.8816" lon="139.74287">
        <ele>158.1</ele>
      </trkpt>
      <trkpt lat="39.88151" lon="139.74286">
        <ele>157.4</ele>
      </trkpt>
      <trkpt lat="39.8814" lon="139.74285">
        <ele>156.6</ele>
      </trkpt>
      <trkpt lat="39.88133" lon="139.74284">
        <ele>156.0</ele>
      </trkpt>
      <trkpt lat="39.88117" lon="139.74284">
        <ele>154.7</ele>
      </trkpt>
      <trkpt lat="39.88115" lon="139.74283">
        <ele>154.6</ele>
      </trkpt>
      <trkpt lat="39.881" lon="139.74283">
        <ele>153.4</ele>
      </trkpt>
      <trkpt lat="39.88097" lon="139.74283">
        <ele>153.1</ele>
      </trkpt>
      <trkpt lat="39.88089" lon="139.74283">
        <ele>152.5</ele>
      </trkpt>
      <trkpt lat="39.88083" lon="139.74283">
        <ele>152.0</ele>
      </trkpt>
      <trkpt lat="39.88079" lon="139.74283">
        <ele>151.7</ele>
      </trkpt>
      <trkpt lat="39.88072" lon="139.74283">
        <ele>151.2</ele>
      </trkpt>
      <trkpt lat="39.88063" lon="139.74285">
        <ele>150.5</ele>
      </trkpt>
      <trkpt lat="39.88055" lon="139.74285">
        <ele>149.7</ele>
      </trkpt>
      <trkpt lat="39.88047" lon="139.74286">
        <ele>149.8</ele>
      </trkpt>
      <trkpt lat="39.88036" lon="139.74287">
        <ele>149.5</ele>
      </trkpt>
      <trkpt lat="39.88025" lon="139.74288">
        <ele>149.2</ele>
      </trkpt>
      <trkpt lat="39.88013" lon="139.74289">
        <ele>148.8</ele>
      </trkpt>
      <trkpt lat="39.88007" lon="139.7429">
        <ele>149.0</ele>
      </trkpt>
      <trkpt lat="39.88005" lon="139.7429">
        <ele>148.7</ele>
      </trkpt>
      <trkpt lat="39.87993" lon="139.74291">
        <ele>148.8</ele>
      </trkpt>
      <trkpt lat="39.87989" lon="139.74292">
        <ele>149.5</ele>
      </trkpt>
      <trkpt lat="39.87983" lon="139.74292">
        <ele>149.4</ele>
      </trkpt>
      <trkpt lat="39.87974" lon="139.74292">
        <ele>149.1</ele>
      </trkpt>
      <trkpt lat="39.87971" lon="139.74292">
        <ele>149.1</ele>
      </trkpt>
      <trkpt lat="39.87965" lon="139.74292">
        <ele>148.9</ele>
      </trkpt>
      <trkpt lat="39.87953" lon="139.74292">
        <ele>148.6</ele>
      </trkpt>
      <trkpt lat="39.87946" lon="139.74291">
        <ele>147.8</ele>
      </trkpt>
      <trkpt lat="39.87936" lon="139.7429">
        <ele>146.9</ele>
      </trkpt>
      <trkpt lat="39.87935" lon="139.7429">
        <ele>146.8</ele>
      </trkpt>
      <trkpt lat="39.87919" lon="139.74286">
        <ele>143.9</ele>
      </trkpt>
      <trkpt lat="39.87906" lon="139.74283">
        <ele>141.4</ele>
      </trkpt>
      <trkpt lat="39.879" lon="139.74282">
        <ele>140.4</ele>
      </trkpt>
      <trkpt lat="39.87896" lon="139.74282">
        <ele>140.1</ele>
      </trkpt>
      <trkpt lat="39.8789" lon="139.74281">
        <ele>139.2</ele>
      </trkpt>
      <trkpt lat="39.87884" lon="139.74282">
        <ele>139.4</ele>
      </trkpt>
      <trkpt lat="39.87882" lon="139.74282">
        <ele>139.3</ele>
      </trkpt>
      <trkpt lat="39.87875" lon="139.74283">
        <ele>139.5</ele>
      </trkpt>
      <trkpt lat="39.87866" lon="139.74284">
        <ele>139.6</ele>
      </trkpt>
      <trkpt lat="39.87864" lon="139.74284">
        <ele>139.5</ele>
      </trkpt>
      <trkpt lat="39.87855" lon="139.74286">
        <ele>140.1</ele>
      </trkpt>
      <trkpt lat="39.87846" lon="139.74287">
        <ele>140.1</ele>
      </trkpt>
      <trkpt lat="39.87845" lon="139.74288">
        <ele>140.6</ele>
      </trkpt>
      <trkpt lat="39.87837" lon="139.74289">
        <ele>140.7</ele>
      </trkpt>
      <trkpt lat="39.87828" lon="139.7429">
        <ele>140.9</ele>
      </trkpt>
      <trkpt lat="39.8782" lon="139.74289">
        <ele>140.0</ele>
      </trkpt>
      <trkpt lat="39.87811" lon="139.74289">
        <ele>139.7</ele>
      </trkpt>
      <trkpt lat="39.87802" lon="139.74289">
        <ele>139.5</ele>
      </trkpt>
      <trkpt lat="39.87796" lon="139.74289">
        <ele>139.3</ele>
      </trkpt>
      <trkpt lat="39.87788" lon="139.74289">
        <ele>139.0</ele>
      </trkpt>
      <trkpt lat="39.87782" lon="139.7429">
        <ele>139.4</ele>
      </trkpt>
      <trkpt lat="39.87779" lon="139.74291">
        <ele>140.0</ele>
      </trkpt>
      <trkpt lat="39.87776" lon="139.74292">
        <ele>140.5</ele>
      </trkpt>
      <trkpt lat="39.87765" lon="139.74296">
        <ele>142.8</ele>
      </trkpt>
      <trkpt lat="39.87758" lon="139.743">
        <ele>145.2</ele>
      </trkpt>
      <trkpt lat="39.87754" lon="139.74301">
        <ele>145.8</ele>
      </trkpt>
      <trkpt lat="39.87748" lon="139.74304">
        <ele>147.5</ele>
      </trkpt>
      <trkpt lat="39.87741" lon="139.74306">
        <ele>148.1</ele>
      </trkpt>
      <trkpt lat="39.8774" lon="139.74306">
        <ele>148.0</ele>
      </trkpt>
      <trkpt lat="39.87729" lon="139.74309">
        <ele>149.0</ele>
      </trkpt>
      <trkpt lat="39.87723" lon="139.74311">
        <ele>149.8</ele>
      </trkpt>
      <trkpt lat="39.87721" lon="139.74311">
        <ele>149.6</ele>
      </trkpt>
      <trkpt lat="39.87711" lon="139.74313">
        <ele>150.1</ele>
      </trkpt>
      <trkpt lat="39.87705" lon="139.74314">
        <ele>150.3</ele>
      </trkpt>
      <trkpt lat="39.87696" lon="139.74315">
        <ele>150.3</ele>
      </trkpt>
      <trkpt lat="39.87687" lon="139.74315">
        <ele>149.5</ele>
      </trkpt>
      <trkpt lat="39.87685" lon="139.74315">
        <ele>149.3</ele>
      </trkpt>
      <trkpt lat="39.8767" lon="139.74314">
        <ele>147.2</ele>
      </trkpt>
      <trkpt lat="39.87669" lon="139.74314">
        <ele>147.1</ele>
      </trkpt>
      <trkpt lat="39.87651" lon="139.74313">
        <ele>143.3</ele>
      </trkpt>
      <trkpt lat="39.8765" lon="139.74313">
        <ele>143.1</ele>
      </trkpt>
      <trkpt lat="39.87633" lon="139.74312">
        <ele>139.1</ele>
      </trkpt>
      <trkpt lat="39.87632" lon="139.74312">
        <ele>138.9</ele>
      </trkpt>
      <trkpt lat="39.87621" lon="139.74311">
        <ele>136.0</ele>
      </trkpt>
      <trkpt lat="39.87615" lon="139.7431">
        <ele>134.0</ele>
      </trkpt>
      <trkpt lat="39.87612" lon="139.7431">
        <ele>133.5</ele>
      </trkpt>
      <trkpt lat="39.87602" lon="139.7431">
        <ele>131.6</ele>
      </trkpt>
      <trkpt lat="39.87593" lon="139.74311">
        <ele>130.7</ele>
      </trkpt>
      <trkpt lat="39.87586" lon="139.74313">
        <ele>131.2</ele>
      </trkpt>
      <trkpt lat="39.8758" lon="139.74315">
        <ele>132.2</ele>
      </trkpt>
      <trkpt lat="39.87578" lon="139.74316">
        <ele>132.9</ele>
      </trkpt>
      <trkpt lat="39.87572" lon="139.74318">
        <ele>134.3</ele>
      </trkpt>
      <trkpt lat="39.87563" lon="139.74323">
        <ele>138.3</ele>
      </trkpt>
      <trkpt lat="39.87562" lon="139.74323">
        <ele>138.3</ele>
      </trkpt>
      <trkpt lat="39.87553" lon="139.74326">
        <ele>140.6</ele>
      </trkpt>
      <trkpt lat="39.87545" lon="139.74329">
        <ele>141.1</ele>
      </trkpt>
      <trkpt lat="39.87541" lon="139.7433">
        <ele>141.4</ele>
      </trkpt>
      <trkpt lat="39.87534" lon="139.74332">
        <ele>141.8</ele>
      </trkpt>
      <trkpt lat="39.87528" lon="139.74334">
        <ele>142.2</ele>
      </trkpt>
      <trkpt lat="39.87524" lon="139.74334">
        <ele>142.5</ele>
      </trkpt>
      <trkpt lat="39.87514" lon="139.74336">
        <ele>143.1</ele>
      </trkpt>
      <trkpt lat="39.87509" lon="139.74336">
        <ele>143.5</ele>
      </trkpt>
      <trkpt lat="39.87499" lon="139.74336">
        <ele>144.1</ele>
      </trkpt>
      <trkpt lat="39.87491" lon="139.74336">
        <ele>144.6</ele>
      </trkpt>
      <trkpt lat="39.87487" lon="139.74335">
        <ele>144.9</ele>
      </trkpt>
      <trkpt lat="39.87477" lon="139.74334">
        <ele>145.6</ele>
      </trkpt>
      <trkpt lat="39.87472" lon="139.74333">
        <ele>144.7</ele>
      </trkpt>
      <trkpt lat="39.87465" lon="139.74331">
        <ele>142.7</ele>
      </trkpt>
      <trkpt lat="39.87458" lon="139.74328">
        <ele>140.0</ele>
      </trkpt>
      <trkpt lat="39.87456" lon="139.74328">
        <ele>140.0</ele>
      </trkpt>
      <trkpt lat="39.87448" lon="139.74324">
        <ele>137.1</ele>
      </trkpt>
      <trkpt lat="39.87444" lon="139.74322">
        <ele>135.7</ele>
      </trkpt>
      <trkpt lat="39.87431" lon="139.74315">
        <ele>132.0</ele>
      </trkpt>
      <trkpt lat="39.87423" lon="139.7431">
        <ele>130.0</ele>
      </trkpt>
      <trkpt lat="39.87413" lon="139.74305">
        <ele>128.1</ele>
      </trkpt>
      <trkpt lat="39.87405" lon="139.74302">
        <ele>125.9</ele>
      </trkpt>
      <trkpt lat="39.87397" lon="139.743">
        <ele>124.2</ele>
      </trkpt>
      <trkpt lat="39.87389" lon="139.74298">
        <ele>122.5</ele>
      </trkpt>
      <trkpt lat="39.87383" lon="139.74297">
        <ele>121.4</ele>
      </trkpt>
      <trkpt lat="39.87378" lon="139.74297">
        <ele>121.0</ele>
      </trkpt>
      <trkpt lat="39.87373" lon="139.74298">
        <ele>121.1</ele>
      </trkpt>
      <trkpt lat="39.87364" lon="139.743">
        <ele>121.4</ele>
      </trkpt>
      <trkpt lat="39.87355" lon="139.74302">
        <ele>121.7</ele>
      </trkpt>
      <trkpt lat="39.87345" lon="139.74306">
        <ele>122.9</ele>
      </trkpt>
      <trkpt lat="39.87337" lon="139.74308">
        <ele>123.2</ele>
      </trkpt>
      <trkpt lat="39.87326" lon="139.74312">
        <ele>123.6</ele>
      </trkpt>
      <trkpt lat="39.8732" lon="139.74314">
        <ele>123.3</ele>
      </trkpt>
      <trkpt lat="39.87306" lon="139.7432">
        <ele>123.2</ele>
      </trkpt>
      <trkpt lat="39.87303" lon="139.74321">
        <ele>123.0</ele>
      </trkpt>
      <trkpt lat="39.87288" lon="139.74326">
        <ele>121.7</ele>
      </trkpt>
      <trkpt lat="39.87282" lon="139.74329">
        <ele>121.4</ele>
      </trkpt>
      <trkpt lat="39.87278" lon="139.74331">
        <ele>121.2</ele>
      </trkpt>
      <trkpt lat="39.87275" lon="139.74333">
        <ele>121.2</ele>
      </trkpt>
      <trkpt lat="39.8727" lon="139.74337">
        <ele>121.2</ele>
      </trkpt>
      <trkpt lat="39.87266" lon="139.74341">
        <ele>121.5</ele>
      </trkpt>
      <trkpt lat="39.87263" lon="139.74344">
        <ele>121.6</ele>
      </trkpt>
      <trkpt lat="39.87261" lon="139.74347">
        <ele>122.1</ele>
      </trkpt>
      <trkpt lat="39.87256" lon="139.74351">
        <ele>121.9</ele>
      </trkpt>
      <trkpt lat="39.87256" lon="139.74352">
        <ele>122.3</ele>
      </trkpt>
      <trkpt lat="39.87249" lon="139.74361">
        <ele>122.6</ele>
      </trkpt>
      <trkpt lat="39.87244" lon="139.74373">
        <ele>123.0</ele>
      </trkpt>
      <trkpt lat="39.87239" lon="139.74384">
        <ele>123.4</ele>
      </trkpt>
      <trkpt lat="39.87238" lon="139.74384">
        <ele>123.4</ele>
      </trkpt>
      <trkpt lat="39.87229" lon="139.74404">
        <ele>124.6</ele>
      </trkpt>
      <trkpt lat="39.87224" lon="139.74415">
        <ele>125.2</ele>
      </trkpt>
      <trkpt lat="39.8722" lon="139.74424">
        <ele>125.8</ele>
      </trkpt>
      <trkpt lat="39.87216" lon="139.74433">
        <ele>126.3</ele>
      </trkpt>
      <trkpt lat="39.87201" lon="139.74465">
        <ele>128.2</ele>
      </trkpt>
      <trkpt lat="39.87192" lon="139.74484">
        <ele>129.3</ele>
      </trkpt>
      <trkpt lat="39.87187" lon="139.74495">
        <ele>130.0</ele>
      </trkpt>
      <trkpt lat="39.87183" lon="139.74504">
        <ele>130.8</ele>
      </trkpt>
      <trkpt lat="39.8718" lon="139.74508">
        <ele>130.5</ele>
      </trkpt>
      <trkpt lat="39.87176" lon="139.74516">
        <ele>130.7</ele>
      </trkpt>
      <trkpt lat="39.87172" lon="139.74522">
        <ele>130.6</ele>
      </trkpt>
      <trkpt lat="39.8717" lon="139.74525">
        <ele>130.5</ele>
      </trkpt>
      <trkpt lat="39.87166" lon="139.74529">
        <ele>130.1</ele>
      </trkpt>
      <trkpt lat="39.87164" lon="139.74532">
        <ele>130.2</ele>
      </trkpt>
      <trkpt lat="39.87158" lon="139.74537">
        <ele>129.9</ele>
      </trkpt>
      <trkpt lat="39.87151" lon="139.74543">
        <ele>129.7</ele>
      </trkpt>
      <trkpt lat="39.87142" lon="139.74547">
        <ele>128.7</ele>
      </trkpt>
      <trkpt lat="39.87142" lon="139.74548">
        <ele>128.9</ele>
      </trkpt>
      <trkpt lat="39.87127" lon="139.74554">
        <ele>127.4</ele>
      </trkpt>
      <trkpt lat="39.87124" lon="139.74555">
        <ele>127.0</ele>
      </trkpt>
      <trkpt lat="39.87117" lon="139.74558">
        <ele>126.4</ele>
      </trkpt>
      <trkpt lat="39.8711" lon="139.74562">
        <ele>126.1</ele>
      </trkpt>
      <trkpt lat="39.87108" lon="139.74563">
        <ele>126.0</ele>
      </trkpt>
      <trkpt lat="39.87104" lon="139.74565">
        <ele>125.8</ele>
      </trkpt>
      <trkpt lat="39.87098" lon="139.7457">
        <ele>126.0</ele>
      </trkpt>
      <trkpt lat="39.87093" lon="139.74574">
        <ele>126.1</ele>
      </trkpt>
      <trkpt lat="39.87092" lon="139.74575">
        <ele>126.2</ele>
      </trkpt>
      <trkpt lat="39.87085" lon="139.74583">
        <ele>127.2</ele>
      </trkpt>
      <trkpt lat="39.87079" lon="139.74589">
        <ele>127.0</ele>
      </trkpt>
      <trkpt lat="39.87066" lon="139.74607">
        <ele>127.4</ele>
      </trkpt>
      <trkpt lat="39.87054" lon="139.74624">
        <ele>128.5</ele>
      </trkpt>
      <trkpt lat="39.87049" lon="139.74632">
        <ele>129.2</ele>
      </trkpt>
      <trkpt lat="39.87042" lon="139.7464">
        <ele>130.0</ele>
      </trkpt>
      <trkpt lat="39.87038" lon="139.74646">
        <ele>130.7</ele>
      </trkpt>
      <trkpt lat="39.87032" lon="139.74652">
        <ele>131.5</ele>
      </trkpt>
      <trkpt lat="39.87028" lon="139.74654">
        <ele>131.7</ele>
      </trkpt>
      <trkpt lat="39.87024" lon="139.74656">
        <ele>132.0</ele>
      </trkpt>
      <trkpt lat="39.87019" lon="139.74658">
        <ele>132.3</ele>
      </trkpt>
      <trkpt lat="39.87016" lon="139.74659">
        <ele>132.5</ele>
      </trkpt>
      <trkpt lat="39.87008" lon="139.7466">
        <ele>132.7</ele>
      </trkpt>
      <trkpt lat="39.86999" lon="139.74659">
        <ele>132.5</ele>
      </trkpt>
      <trkpt lat="39.86993" lon="139.74658">
        <ele>132.3</ele>
      </trkpt>
      <trkpt lat="39.8699" lon="139.74657">
        <ele>132.1</ele>
      </trkpt>
      <trkpt lat="39.86985" lon="139.74655">
        <ele>131.7</ele>
      </trkpt>
      <trkpt lat="39.86968" lon="139.74649">
        <ele>130.2</ele>
      </trkpt>
      <trkpt lat="39.86948" lon="139.74641">
        <ele>127.8</ele>
      </trkpt>
      <trkpt lat="39.86928" lon="139.74633">
        <ele>124.9</ele>
      </trkpt>
      <trkpt lat="39.86903" lon="139.74623">
        <ele>116.1</ele>
      </trkpt>
      <trkpt lat="39.86895" lon="139.7462">
        <ele>112.0</ele>
      </trkpt>
      <trkpt lat="39.86889" lon="139.74619">
        <ele>109.3</ele>
      </trkpt>
      <trkpt lat="39.86887" lon="139.74618">
        <ele>108.2</ele>
      </trkpt>
      <trkpt lat="39.86885" lon="139.74618">
        <ele>107.4</ele>
      </trkpt>
      <trkpt lat="39.86881" lon="139.74618">
        <ele>105.8</ele>
      </trkpt>
      <trkpt lat="39.86875" lon="139.7462">
        <ele>104.2</ele>
      </trkpt>
      <trkpt lat="39.86868" lon="139.74622">
        <ele>102.2</ele>
      </trkpt>
      <trkpt lat="39.86859" lon="139.74628">
        <ele>101.0</ele>
      </trkpt>
      <trkpt lat="39.86855" lon="139.74632">
        <ele>101.0</ele>
      </trkpt>
      <trkpt lat="39.8685" lon="139.74637">
        <ele>101.1</ele>
      </trkpt>
      <trkpt lat="39.86847" lon="139.74642">
        <ele>101.9</ele>
      </trkpt>
      <trkpt lat="39.86841" lon="139.7465">
        <ele>102.9</ele>
      </trkpt>
      <trkpt lat="39.86836" lon="139.74657">
        <ele>104.0</ele>
      </trkpt>
      <trkpt lat="39.86829" lon="139.74668">
        <ele>104.1</ele>
      </trkpt>
      <trkpt lat="39.86818" lon="139.74684">
        <ele>99.8</ele>
      </trkpt>
      <trkpt lat="39.86817" lon="139.74686">
        <ele>99.5</ele>
      </trkpt>
      <trkpt lat="39.86807" lon="139.74703">
        <ele>96.4</ele>
      </trkpt>
      <trkpt lat="39.86806" lon="139.74704">
        <ele>95.9</ele>
      </trkpt>
      <trkpt lat="39.86801" lon="139.74713">
        <ele>94.6</ele>
      </trkpt>
      <trkpt lat="39.86798" lon="139.7472">
        <ele>94.2</ele>
      </trkpt>
      <trkpt lat="39.86797" lon="139.74724">
        <ele>94.6</ele>
      </trkpt>
      <trkpt lat="39.86795" lon="139.74731">
        <ele>94.9</ele>
      </trkpt>
      <trkpt lat="39.86792" lon="139.74744">
        <ele>96.2</ele>
      </trkpt>
      <trkpt lat="39.86792" lon="139.74747">
        <ele>97.0</ele>
      </trkpt>
      <trkpt lat="39.86791" lon="139.74757">
        <ele>97.3</ele>
      </trkpt>
      <trkpt lat="39.8679" lon="139.74776">
        <ele>97.4</ele>
      </trkpt>
      <trkpt lat="39.8679" lon="139.74792">
        <ele>98.1</ele>
      </trkpt>
      <trkpt lat="39.86792" lon="139.74816">
        <ele>100.1</ele>
      </trkpt>
      <trkpt lat="39.86798" lon="139.74858">
        <ele>101.3</ele>
      </trkpt>
      <trkpt lat="39.86799" lon="139.74863">
        <ele>101.3</ele>
      </trkpt>
      <trkpt lat="39.86801" lon="139.7487">
        <ele>101.6</ele>
      </trkpt>
      <trkpt lat="39.86806" lon="139.7489">
        <ele>101.7</ele>
      </trkpt>
      <trkpt lat="39.8681" lon="139.74907">
        <ele>101.6</ele>
      </trkpt>
      <trkpt lat="39.86813" lon="139.74917">
        <ele>101.7</ele>
      </trkpt>
      <trkpt lat="39.86815" lon="139.74924">
        <ele>102.6</ele>
      </trkpt>
      <trkpt lat="39.86818" lon="139.74935">
        <ele>104.0</ele>
      </trkpt>
      <trkpt lat="39.86819" lon="139.74938">
        <ele>104.4</ele>
      </trkpt>
      <trkpt lat="39.8682" lon="139.74943">
        <ele>104.9</ele>
      </trkpt>
      <trkpt lat="39.86821" lon="139.74948">
        <ele>105.3</ele>
      </trkpt>
      <trkpt lat="39.86821" lon="139.74952">
        <ele>105.4</ele>
      </trkpt>
      <trkpt lat="39.86821" lon="139.74955">
        <ele>105.5</ele>
      </trkpt>
      <trkpt lat="39.86821" lon="139.74961">
        <ele>105.6</ele>
      </trkpt>
      <trkpt lat="39.86821" lon="139.74972">
        <ele>105.9</ele>
      </trkpt>
      <trkpt lat="39.8682" lon="139.74981">
        <ele>105.8</ele>
      </trkpt>
      <trkpt lat="39.86817" lon="139.7499">
        <ele>105.2</ele>
      </trkpt>
      <trkpt lat="39.86815" lon="139.74995">
        <ele>104.8</ele>
      </trkpt>
      <trkpt lat="39.86813" lon="139.75">
        <ele>104.4</ele>
      </trkpt>
      <trkpt lat="39.86811" lon="139.75005">
        <ele>104.4</ele>
      </trkpt>
      <trkpt lat="39.86807" lon="139.75012">
        <ele>104.2</ele>
      </trkpt>
      <trkpt lat="39.86803" lon="139.75015">
        <ele>103.5</ele>
      </trkpt>
      <trkpt lat="39.86802" lon="139.75017">
        <ele>103.4</ele>
      </trkpt>
      <trkpt lat="39.86796" lon="139.75023">
        <ele>102.6</ele>
      </trkpt>
      <trkpt lat="39.86788" lon="139.75027">
        <ele>100.9</ele>
      </trkpt>
      <trkpt lat="39.86783" lon="139.75029">
        <ele>99.9</ele>
      </trkpt>
      <trkpt lat="39.86769" lon="139.75034">
        <ele>96.9</ele>
      </trkpt>
      <trkpt lat="39.86753" lon="139.75039">
        <ele>93.4</ele>
      </trkpt>
      <trkpt lat="39.8673" lon="139.75046">
        <ele>90.1</ele>
      </trkpt>
      <trkpt lat="39.86715" lon="139.7505">
        <ele>87.8</ele>
      </trkpt>
      <trkpt lat="39.8671" lon="139.75052">
        <ele>87.1</ele>
      </trkpt>
      <trkpt lat="39.86705" lon="139.75053">
        <ele>86.3</ele>
      </trkpt>
      <trkpt lat="39.86703" lon="139.75054">
        <ele>86.0</ele>
      </trkpt>
      <trkpt lat="39.86699" lon="139.75055">
        <ele>85.4</ele>
      </trkpt>
      <trkpt lat="39.86695" lon="139.75055">
        <ele>84.6</ele>
      </trkpt>
      <trkpt lat="39.86691" lon="139.75054">
        <ele>83.8</ele>
      </trkpt>
      <trkpt lat="39.8669" lon="139.75054">
        <ele>83.6</ele>
      </trkpt>
      <trkpt lat="39.86683" lon="139.75051">
        <ele>82.1</ele>
      </trkpt>
      <trkpt lat="39.86681" lon="139.7505">
        <ele>81.6</ele>
      </trkpt>
      <trkpt lat="39.86679" lon="139.75049">
        <ele>81.2</ele>
      </trkpt>
      <trkpt lat="39.86676" lon="139.75046">
        <ele>80.4</ele>
      </trkpt>
      <trkpt lat="39.86675" lon="139.75046">
        <ele>80.3</ele>
      </trkpt>
      <trkpt lat="39.86673" lon="139.75044">
        <ele>79.8</ele>
      </trkpt>
      <trkpt lat="39.86672" lon="139.75043">
        <ele>79.5</ele>
      </trkpt>
      <trkpt lat="39.86671" lon="139.75041">
        <ele>79.2</ele>
      </trkpt>
      <trkpt lat="39.8667" lon="139.75039">
        <ele>78.9</ele>
      </trkpt>
      <trkpt lat="39.86669" lon="139.75037">
        <ele>78.6</ele>
      </trkpt>
      <trkpt lat="39.86667" lon="139.75032">
        <ele>78.0</ele>
      </trkpt>
      <trkpt lat="39.86666" lon="139.75027">
        <ele>77.4</ele>
      </trkpt>
      <trkpt lat="39.86665" lon="139.75019">
        <ele>76.5</ele>
      </trkpt>
      <trkpt lat="39.86665" lon="139.75013">
        <ele>76.1</ele>
      </trkpt>
      <trkpt lat="39.86665" lon="139.75009">
        <ele>75.9</ele>
      </trkpt>
      <trkpt lat="39.86666" lon="139.75005">
        <ele>76.0</ele>
      </trkpt>
      <trkpt lat="39.86667" lon="139.75002">
        <ele>76.2</ele>
      </trkpt>
      <trkpt lat="39.86669" lon="139.74997">
        <ele>75.9</ele>
      </trkpt>
      <trkpt lat="39.86671" lon="139.74994">
        <ele>75.7</ele>
      </trkpt>
      <trkpt lat="39.86673" lon="139.74991">
        <ele>75.5</ele>
      </trkpt>
      <trkpt lat="39.86676" lon="139.74987">
        <ele>75.3</ele>
      </trkpt>
      <trkpt lat="39.86679" lon="139.74985">
        <ele>75.4</ele>
      </trkpt>
      <trkpt lat="39.86682" lon="139.74982">
        <ele>75.4</ele>
      </trkpt>
      <trkpt lat="39.86685" lon="139.74981">
        <ele>75.7</ele>
      </trkpt>
      <trkpt lat="39.86691" lon="139.74979">
        <ele>76.3</ele>
      </trkpt>
      <trkpt lat="39.86696" lon="139.74978">
        <ele>76.9</ele>
      </trkpt>
      <trkpt lat="39.86703" lon="139.74976">
        <ele>77.7</ele>
      </trkpt>
      <trkpt lat="39.86705" lon="139.74976">
        <ele>78.0</ele>
      </trkpt>
      <trkpt lat="39.86719" lon="139.74974">
        <ele>79.8</ele>
      </trkpt>
      <trkpt lat="39.86732" lon="139.74972">
        <ele>81.6</ele>
      </trkpt>
      <trkpt lat="39.86739" lon="139.74971">
        <ele>82.5</ele>
      </trkpt>
      <trkpt lat="39.86742" lon="139.7497">
        <ele>82.9</ele>
      </trkpt>
      <trkpt lat="39.8675" lon="139.74967">
        <ele>83.8</ele>
      </trkpt>
      <trkpt lat="39.86753" lon="139.74963">
        <ele>84.4</ele>
      </trkpt>
      <trkpt lat="39.86757" lon="139.7496">
        <ele>85.4</ele>
      </trkpt>
      <trkpt lat="39.86759" lon="139.74956">
        <ele>85.7</ele>
      </trkpt>
      <trkpt lat="39.86762" lon="139.74949">
        <ele>86.0</ele>
      </trkpt>
      <trkpt lat="39.86763" lon="139.74946">
        <ele>86.1</ele>
      </trkpt>
      <trkpt lat="39.86763" lon="139.7494">
        <ele>85.6</ele>
      </trkpt>
      <trkpt lat="39.86763" lon="139.74939">
        <ele>85.5</ele>
      </trkpt>
      <trkpt lat="39.86763" lon="139.74937">
        <ele>85.4</ele>
      </trkpt>
      <trkpt lat="39.86763" lon="139.74933">
        <ele>85.0</ele>
      </trkpt>
      <trkpt lat="39.86763" lon="139.74927">
        <ele>84.5</ele>
      </trkpt>
      <trkpt lat="39.86763" lon="139.74921">
        <ele>84.0</ele>
      </trkpt>
      <trkpt lat="39.86762" lon="139.74917">
        <ele>83.4</ele>
      </trkpt>
      <trkpt lat="39.86761" lon="139.74916">
        <ele>83.0</ele>
      </trkpt>
      <trkpt lat="39.8676" lon="139.7491">
        <ele>82.9</ele>
      </trkpt>
      <trkpt lat="39.86758" lon="139.74907">
        <ele>82.2</ele>
      </trkpt>
      <trkpt lat="39.86753" lon="139.74901">
        <ele>80.5</ele>
      </trkpt>
      <trkpt lat="39.8675" lon="139.74899">
        <ele>79.4</ele>
      </trkpt>
      <trkpt lat="39.86745" lon="139.74897">
        <ele>78.3</ele>
      </trkpt>
      <trkpt lat="39.8674" lon="139.74896">
        <ele>77.0</ele>
      </trkpt>
      <trkpt lat="39.86735" lon="139.74896">
        <ele>75.8</ele>
      </trkpt>
      <trkpt lat="39.86732" lon="139.74896">
        <ele>75.1</ele>
      </trkpt>
      <trkpt lat="39.86723" lon="139.74898">
        <ele>73.0</ele>
      </trkpt>
      <trkpt lat="39.86714" lon="139.74899">
        <ele>70.9</ele>
      </trkpt>
      <trkpt lat="39.86697" lon="139.74903">
        <ele>67.3</ele>
      </trkpt>
      <trkpt lat="39.86692" lon="139.74904">
        <ele>66.3</ele>
      </trkpt>
      <trkpt lat="39.86671" lon="139.74908">
        <ele>62.3</ele>
      </trkpt>
      <trkpt lat="39.86657" lon="139.74911">
        <ele>57.5</ele>
      </trkpt>
      <trkpt lat="39.86656" lon="139.74911">
        <ele>57.1</ele>
      </trkpt>
      <trkpt lat="39.86649" lon="139.74913">
        <ele>54.3</ele>
      </trkpt>
      <trkpt lat="39.8664" lon="139.74915">
        <ele>50.6</ele>
      </trkpt>
      <trkpt lat="39.86636" lon="139.74917">
        <ele>49.1</ele>
      </trkpt>
      <trkpt lat="39.86632" lon="139.74921">
        <ele>48.0</ele>
      </trkpt>
      <trkpt lat="39.86629" lon="139.74925">
        <ele>47.3</ele>
      </trkpt>
      <trkpt lat="39.86624" lon="139.74933">
        <ele>46.5</ele>
      </trkpt>
      <trkpt lat="39.86623" lon="139.74934">
        <ele>46.2</ele>
      </trkpt>
      <trkpt lat="39.86621" lon="139.7494">
        <ele>46.4</ele>
      </trkpt>
      <trkpt lat="39.86608" lon="139.74969">
        <ele>46.2</ele>
      </trkpt>
      <trkpt lat="39.86597" lon="139.74994">
        <ele>46.4</ele>
      </trkpt>
      <trkpt lat="39.86597" lon="139.74996">
        <ele>46.8</ele>
      </trkpt>
      <trkpt lat="39.86592" lon="139.75005">
        <ele>46.5</ele>
      </trkpt>
      <trkpt lat="39.86591" lon="139.75008">
        <ele>46.7</ele>
      </trkpt>
      <trkpt lat="39.86589" lon="139.75011">
        <ele>46.5</ele>
      </trkpt>
      <trkpt lat="39.86587" lon="139.75013">
        <ele>46.1</ele>
      </trkpt>
      <trkpt lat="39.86584" lon="139.75016">
        <ele>45.5</ele>
      </trkpt>
      <trkpt lat="39.86571" lon="139.75024">
        <ele>42.0</ele>
      </trkpt>
      <trkpt lat="39.86563" lon="139.7503">
        <ele>40.0</ele>
      </trkpt>
      <trkpt lat="39.86562" lon="139.7503">
        <ele>39.6</ele>
      </trkpt>
      <trkpt lat="39.86555" lon="139.75036">
        <ele>38.0</ele>
      </trkpt>
      <trkpt lat="39.86547" lon="139.75044">
        <ele>36.4</ele>
      </trkpt>
      <trkpt lat="39.86542" lon="139.7505">
        <ele>35.5</ele>
      </trkpt>
      <trkpt lat="39.86538" lon="139.75056">
        <ele>35.1</ele>
      </trkpt>
      <trkpt lat="39.86537" lon="139.75057">
        <ele>34.9</ele>
      </trkpt>
      <trkpt lat="39.86529" lon="139.75069">
        <ele>34.0</ele>
      </trkpt>
      <trkpt lat="39.86525" lon="139.75076">
        <ele>33.8</ele>
      </trkpt>
      <trkpt lat="39.86516" lon="139.75089">
        <ele>32.1</ele>
      </trkpt>
      <trkpt lat="39.86502" lon="139.75113">
        <ele>29.0</ele>
      </trkpt>
      <trkpt lat="39.86501" lon="139.75114">
        <ele>28.7</ele>
      </trkpt>
      <trkpt lat="39.86496" lon="139.75125">
        <ele>28.3</ele>
      </trkpt>
      <trkpt lat="39.86494" lon="139.75132">
        <ele>28.4</ele>
      </trkpt>
      <trkpt lat="39.86493" lon="139.7514">
        <ele>28.9</ele>
      </trkpt>
      <trkpt lat="39.86492" lon="139.75145">
        <ele>29.1</ele>
      </trkpt>
      <trkpt lat="39.86491" lon="139.75153">
        <ele>29.6</ele>
      </trkpt>
      <trkpt lat="39.86491" lon="139.7516">
        <ele>30.3</ele>
      </trkpt>
      <trkpt lat="39.86491" lon="139.75163">
        <ele>30.6</ele>
      </trkpt>
      <trkpt lat="39.86492" lon="139.75174">
        <ele>30.1</ele>
      </trkpt>
      <trkpt lat="39.86493" lon="139.75176">
        <ele>30.1</ele>
      </trkpt>
      <trkpt lat="39.86495" lon="139.75187">
        <ele>28.9</ele>
      </trkpt>
      <trkpt lat="39.86497" lon="139.75193">
        <ele>28.4</ele>
      </trkpt>
      <trkpt lat="39.86499" lon="139.75199">
        <ele>27.9</ele>
      </trkpt>
      <trkpt lat="39.86503" lon="139.75207">
        <ele>27.7</ele>
      </trkpt>
      <trkpt lat="39.86506" lon="139.75213">
        <ele>27.6</ele>
      </trkpt>
      <trkpt lat="39.86512" lon="139.75222">
        <ele>27.8</ele>
      </trkpt>
      <trkpt lat="39.86515" lon="139.75226">
        <ele>28.1</ele>
      </trkpt>
      <trkpt lat="39.8653" lon="139.7525">
        <ele>28.4</ele>
      </trkpt>
      <trkpt lat="39.86536" lon="139.75261">
        <ele>29.9</ele>
      </trkpt>
      <trkpt lat="39.86537" lon="139.75263">
        <ele>30.1</ele>
      </trkpt>
      <trkpt lat="39.86538" lon="139.75267">
        <ele>30.3</ele>
      </trkpt>
      <trkpt lat="39.8654" lon="139.75273">
        <ele>30.7</ele>
      </trkpt>
      <trkpt lat="39.86542" lon="139.7528">
        <ele>31.0</ele>
      </trkpt>
      <trkpt lat="39.86543" lon="139.75285">
        <ele>31.1</ele>
      </trkpt>
      <trkpt lat="39.86543" lon="139.75286">
        <ele>31.1</ele>
      </trkpt>
      <trkpt lat="39.86544" lon="139.75291">
        <ele>31.2</ele>
      </trkpt>
      <trkpt lat="39.86544" lon="139.75293">
        <ele>31.1</ele>
      </trkpt>
      <trkpt lat="39.86544" lon="139.75304">
        <ele>30.7</ele>
      </trkpt>
      <trkpt lat="39.86543" lon="139.75313">
        <ele>30.1</ele>
      </trkpt>
      <trkpt lat="39.86542" lon="139.75322">
        <ele>29.5</ele>
      </trkpt>
      <trkpt lat="39.86541" lon="139.75325">
        <ele>29.1</ele>
      </trkpt>
      <trkpt lat="39.86541" lon="139.75328">
        <ele>29.0</ele>
      </trkpt>
      <trkpt lat="39.86536" lon="139.75349">
        <ele>28.3</ele>
      </trkpt>
      <trkpt lat="39.8653" lon="139.75377">
        <ele>28.1</ele>
      </trkpt>
      <trkpt lat="39.86526" lon="139.75395">
        <ele>28.0</ele>
      </trkpt>
      <trkpt lat="39.86526" lon="139.75397">
        <ele>28.1</ele>
      </trkpt>
      <trkpt lat="39.86524" lon="139.75407">
        <ele>28.2</ele>
      </trkpt>
      <trkpt lat="39.86522" lon="139.75415">
        <ele>28.1</ele>
      </trkpt>
      <trkpt lat="39.8652" lon="139.75421">
        <ele>28.6</ele>
      </trkpt>
      <trkpt lat="39.8652" lon="139.75422">
        <ele>28.8</ele>
      </trkpt>
      <trkpt lat="39.86518" lon="139.75426">
        <ele>29.1</ele>
      </trkpt>
      <trkpt lat="39.86514" lon="139.75432">
        <ele>29.5</ele>
      </trkpt>
      <trkpt lat="39.86511" lon="139.75437">
        <ele>29.9</ele>
      </trkpt>
      <trkpt lat="39.86507" lon="139.75441">
        <ele>30.0</ele>
      </trkpt>
      <trkpt lat="39.86502" lon="139.75445">
        <ele>30.1</ele>
      </trkpt>
      <trkpt lat="39.86499" lon="139.75448">
        <ele>30.2</ele>
      </trkpt>
      <trkpt lat="39.86495" lon="139.75449">
        <ele>29.6</ele>
      </trkpt>
      <trkpt lat="39.8649" lon="139.75451">
        <ele>28.9</ele>
      </trkpt>
      <trkpt lat="39.86484" lon="139.75453">
        <ele>28.0</ele>
      </trkpt>
      <trkpt lat="39.86482" lon="139.75453">
        <ele>27.6</ele>
      </trkpt>
      <trkpt lat="39.86474" lon="139.75455">
        <ele>26.3</ele>
      </trkpt>
      <trkpt lat="39.86457" lon="139.75459">
        <ele>23.3</ele>
      </trkpt>
      <trkpt lat="39.86444" lon="139.75462">
        <ele>21.0</ele>
      </trkpt>
      <trkpt lat="39.86438" lon="139.75465">
        <ele>20.1</ele>
      </trkpt>
      <trkpt lat="39.86434" lon="139.75468">
        <ele>19.7</ele>
      </trkpt>
      <trkpt lat="39.86428" lon="139.75474">
        <ele>19.2</ele>
      </trkpt>
      <trkpt lat="39.86421" lon="139.75482">
        <ele>18.7</ele>
      </trkpt>
      <trkpt lat="39.8642" lon="139.75484">
        <ele>18.7</ele>
      </trkpt>
      <trkpt lat="39.86412" lon="139.75495">
        <ele>18.7</ele>
      </trkpt>
      <trkpt lat="39.86408" lon="139.75501">
        <ele>19.0</ele>
      </trkpt>
      <trkpt lat="39.86396" lon="139.75516">
        <ele>20.5</ele>
      </trkpt>
      <trkpt lat="39.86388" lon="139.75527">
        <ele>21.9</ele>
      </trkpt>
      <trkpt lat="39.86372" lon="139.75547">
        <ele>24.7</ele>
      </trkpt>
      <trkpt lat="39.8637" lon="139.7555">
        <ele>25.2</ele>
      </trkpt>
      <trkpt lat="39.86365" lon="139.75556">
        <ele>26.1</ele>
      </trkpt>
      <trkpt lat="39.8636" lon="139.7556">
        <ele>26.5</ele>
      </trkpt>
      <trkpt lat="39.86358" lon="139.75562">
        <ele>26.8</ele>
      </trkpt>
      <trkpt lat="39.86354" lon="139.75564">
        <ele>26.9</ele>
      </trkpt>
      <trkpt lat="39.86351" lon="139.75566">
        <ele>27.1</ele>
      </trkpt>
      <trkpt lat="39.86347" lon="139.75566">
        <ele>26.7</ele>
      </trkpt>
      <trkpt lat="39.86344" lon="139.75567">
        <ele>26.7</ele>
      </trkpt>
      <trkpt lat="39.86341" lon="139.75566">
        <ele>26.2</ele>
      </trkpt>
      <trkpt lat="39.86338" lon="139.75566">
        <ele>25.9</ele>
      </trkpt>
      <trkpt lat="39.86335" lon="139.75565">
        <ele>25.3</ele>
      </trkpt>
      <trkpt lat="39.86334" lon="139.75565">
        <ele>25.2</ele>
      </trkpt>
      <trkpt lat="39.86323" lon="139.7556">
        <ele>24.5</ele>
      </trkpt>
      <trkpt lat="39.86317" lon="139.75557">
        <ele>24.1</ele>
      </trkpt>
      <trkpt lat="39.86316" lon="139.75557">
        <ele>24.1</ele>
      </trkpt>
      <trkpt lat="39.86305" lon="139.75552">
        <ele>23.3</ele>
      </trkpt>
      <trkpt lat="39.8629" lon="139.75545">
        <ele>22.1</ele>
      </trkpt>
      <trkpt lat="39.86281" lon="139.75541">
        <ele>21.3</ele>
      </trkpt>
      <trkpt lat="39.86277" lon="139.7554">
        <ele>21.2</ele>
      </trkpt>
      <trkpt lat="39.8627" lon="139.75538">
        <ele>20.9</ele>
      </trkpt>
      <trkpt lat="39.86267" lon="139.75538">
        <ele>21.0</ele>
      </trkpt>
      <trkpt lat="39.8626" lon="139.75537">
        <ele>21.0</ele>
      </trkpt>
      <trkpt lat="39.86256" lon="139.75537">
        <ele>21.2</ele>
      </trkpt>
      <trkpt lat="39.86251" lon="139.75536">
        <ele>21.1</ele>
      </trkpt>
      <trkpt lat="39.86235" lon="139.75536">
        <ele>21.7</ele>
      </trkpt>
      <trkpt lat="39.86225" lon="139.75535">
        <ele>21.8</ele>
      </trkpt>
      <trkpt lat="39.86223" lon="139.75535">
        <ele>21.8</ele>
      </trkpt>
      <trkpt lat="39.86217" lon="139.75535">
        <ele>22.1</ele>
      </trkpt>
      <trkpt lat="39.86211" lon="139.75534">
        <ele>22.0</ele>
      </trkpt>
      <trkpt lat="39.86208" lon="139.75533">
        <ele>21.8</ele>
      </trkpt>
      <trkpt lat="39.86206" lon="139.75533">
        <ele>21.9</ele>
      </trkpt>
      <trkpt lat="39.86194" lon="139.7553">
        <ele>21.5</ele>
      </trkpt>
      <trkpt lat="39.86193" lon="139.75529">
        <ele>21.2</ele>
      </trkpt>
      <trkpt lat="39.86184" lon="139.75526">
        <ele>20.7</ele>
      </trkpt>
      <trkpt lat="39.86176" lon="139.75522">
        <ele>19.9</ele>
      </trkpt>
      <trkpt lat="39.86169" lon="139.75519">
        <ele>19.4</ele>
      </trkpt>
      <trkpt lat="39.86161" lon="139.75514">
        <ele>18.8</ele>
      </trkpt>
      <trkpt lat="39.86153" lon="139.75508">
        <ele>18.1</ele>
      </trkpt>
      <trkpt lat="39.86146" lon="139.75502">
        <ele>17.3</ele>
      </trkpt>
      <trkpt lat="39.86131" lon="139.75491">
        <ele>16.9</ele>
      </trkpt>
      <trkpt lat="39.86125" lon="139.75487">
        <ele>16.8</ele>
      </trkpt>
      <trkpt lat="39.86116" lon="139.7548">
        <ele>16.5</ele>
      </trkpt>
      <trkpt lat="39.86109" lon="139.75476">
        <ele>16.4</ele>
      </trkpt>
      <trkpt lat="39.86104" lon="139.75472">
        <ele>16.1</ele>
      </trkpt>
      <trkpt lat="39.86098" lon="139.75468">
        <ele>15.8</ele>
      </trkpt>
      <trkpt lat="39.86097" lon="139.75467">
        <ele>15.7</ele>
      </trkpt>
      <trkpt lat="39.86087" lon="139.75463">
        <ele>15.8</ele>
      </trkpt>
      <trkpt lat="39.86078" lon="139.7546">
        <ele>14.9</ele>
      </trkpt>
      <trkpt lat="39.86073" lon="139.75458">
        <ele>14.1</ele>
      </trkpt>
      <trkpt lat="39.86061" lon="139.75456">
        <ele>12.7</ele>
      </trkpt>
      <trkpt lat="39.86051" lon="139.75453">
        <ele>11.3</ele>
      </trkpt>
      <trkpt lat="39.86043" lon="139.75451">
        <ele>10.4</ele>
      </trkpt>
      <trkpt lat="39.86034" lon="139.7545">
        <ele>9.6</ele>
      </trkpt>
      <trkpt lat="39.86032" lon="139.7545">
        <ele>9.4</ele>
      </trkpt>
      <trkpt lat="39.86027" lon="139.7545">
        <ele>9.1</ele>
      </trkpt>
      <trkpt lat="39.86021" lon="139.75451">
        <ele>8.8</ele>
      </trkpt>
      <trkpt lat="39.86016" lon="139.75454">
        <ele>8.8</ele>
      </trkpt>
      <trkpt lat="39.86013" lon="139.75456">
        <ele>8.8</ele>
      </trkpt>
      <trkpt lat="39.8601" lon="139.7546">
        <ele>9.0</ele>
      </trkpt>
      <trkpt lat="39.86007" lon="139.75464">
        <ele>9.2</ele>
      </trkpt>
      <trkpt lat="39.86007" lon="139.75465">
        <ele>9.3</ele>
      </trkpt>
      <trkpt lat="39.86005" lon="139.75469">
        <ele>9.5</ele>
      </trkpt>
      <trkpt lat="39.86003" lon="139.75475">
        <ele>9.9</ele>
      </trkpt>
      <trkpt lat="39.86003" lon="139.75482">
        <ele>10.7</ele>
      </trkpt>
      <trkpt lat="39.86001" lon="139.75491">
        <ele>11.3</ele>
      </trkpt>
      <trkpt lat="39.86" lon="139.75513">
        <ele>13.1</ele>
      </trkpt>
      <trkpt lat="39.85999" lon="139.75524">
        <ele>13.9</ele>
      </trkpt>
      <trkpt lat="39.85998" lon="139.75537">
        <ele>14.8</ele>
      </trkpt>
      <trkpt lat="39.85996" lon="139.75558">
        <ele>16.2</ele>
      </trkpt>
      <trkpt lat="39.85996" lon="139.7556">
        <ele>16.4</ele>
      </trkpt>
      <trkpt lat="39.85993" lon="139.75586">
        <ele>17.9</ele>
      </trkpt>
      <trkpt lat="39.85992" lon="139.75601">
        <ele>19.2</ele>
      </trkpt>
      <trkpt lat="39.85992" lon="139.75606">
        <ele>19.7</ele>
      </trkpt>
      <trkpt lat="39.85991" lon="139.75616">
        <ele>20.5</ele>
      </trkpt>
      <trkpt lat="39.8599" lon="139.75626">
        <ele>21.3</ele>
      </trkpt>
      <trkpt lat="39.85989" lon="139.7563">
        <ele>21.4</ele>
      </trkpt>
      <trkpt lat="39.85989" lon="139.75631">
        <ele>21.5</ele>
      </trkpt>
      <trkpt lat="39.85987" lon="139.75639">
        <ele>21.8</ele>
      </trkpt>
      <trkpt lat="39.85985" lon="139.75644">
        <ele>21.8</ele>
      </trkpt>
      <trkpt lat="39.85981" lon="139.75651">
        <ele>21.4</ele>
      </trkpt>
      <trkpt lat="39.85976" lon="139.75659">
        <ele>20.7</ele>
      </trkpt>
      <trkpt lat="39.8597" lon="139.75668">
        <ele>19.7</ele>
      </trkpt>
      <trkpt lat="39.85957" lon="139.75685">
        <ele>16.4</ele>
      </trkpt>
      <trkpt lat="39.85953" lon="139.75692">
        <ele>15.3</ele>
      </trkpt>
      <trkpt lat="39.85949" lon="139.75698">
        <ele>14.3</ele>
      </trkpt>
      <trkpt lat="39.85946" lon="139.75703">
        <ele>13.5</ele>
      </trkpt>
      <trkpt lat="39.85945" lon="139.75705">
        <ele>13.3</ele>
      </trkpt>
      <trkpt lat="39.85942" lon="139.75714">
        <ele>12.6</ele>
      </trkpt>
      <trkpt lat="39.85941" lon="139.7572">
        <ele>12.4</ele>
      </trkpt>
      <trkpt lat="39.8594" lon="139.75726">
        <ele>12.2</ele>
      </trkpt>
      <trkpt lat="39.85939" lon="139.75732">
        <ele>12.0</ele>
      </trkpt>
      <trkpt lat="39.85937" lon="139.75743">
        <ele>11.5</ele>
      </trkpt>
      <trkpt lat="39.85936" lon="139.75753">
        <ele>11.1</ele>
      </trkpt>
      <trkpt lat="39.85937" lon="139.75759">
        <ele>11.0</ele>
      </trkpt>
      <trkpt lat="39.85937" lon="139.75765">
        <ele>10.6</ele>
      </trkpt>
      <trkpt lat="39.85938" lon="139.7577">
        <ele>10.5</ele>
      </trkpt>
      <trkpt lat="39.85939" lon="139.75775">
        <ele>10.4</ele>
      </trkpt>
      <trkpt lat="39.8594" lon="139.7578">
        <ele>10.3</ele>
      </trkpt>
      <trkpt lat="39.85941" lon="139.75784">
        <ele>10.3</ele>
      </trkpt>
      <trkpt lat="39.85942" lon="139.7579">
        <ele>10.1</ele>
      </trkpt>
      <trkpt lat="39.85944" lon="139.75795">
        <ele>10.1</ele>
      </trkpt>
      <trkpt lat="39.85948" lon="139.75804">
        <ele>10.4</ele>
      </trkpt>
      <trkpt lat="39.85952" lon="139.7581">
        <ele>10.7</ele>
      </trkpt>
      <trkpt lat="39.85954" lon="139.75814">
        <ele>10.8</ele>
      </trkpt>
      <trkpt lat="39.85965" lon="139.75829">
        <ele>11.7</ele>
      </trkpt>
      <trkpt lat="39.85978" lon="139.75846">
        <ele>13.0</ele>
      </trkpt>
      <trkpt lat="39.85988" lon="139.75859">
        <ele>14.0</ele>
      </trkpt>
      <trkpt lat="39.85991" lon="139.75865">
        <ele>14.1</ele>
      </trkpt>
      <trkpt lat="39.85993" lon="139.7587">
        <ele>14.1</ele>
      </trkpt>
      <trkpt lat="39.85996" lon="139.75876">
        <ele>14.2</ele>
      </trkpt>
      <trkpt lat="39.85998" lon="139.75883">
        <ele>14.1</ele>
      </trkpt>
      <trkpt lat="39.86" lon="139.75889">
        <ele>14.0</ele>
      </trkpt>
      <trkpt lat="39.86002" lon="139.75896">
        <ele>14.0</ele>
      </trkpt>
      <trkpt lat="39.86003" lon="139.75906">
        <ele>13.5</ele>
      </trkpt>
      <trkpt lat="39.86004" lon="139.75919">
        <ele>12.9</ele>
      </trkpt>
      <trkpt lat="39.86005" lon="139.75938">
        <ele>12.3</ele>
      </trkpt>
      <trkpt lat="39.86005" lon="139.75952">
        <ele>11.8</ele>
      </trkpt>
      <trkpt lat="39.86006" lon="139.75961">
        <ele>11.6</ele>
      </trkpt>
      <trkpt lat="39.86007" lon="139.7597">
        <ele>11.4</ele>
      </trkpt>
      <trkpt lat="39.86009" lon="139.75976">
        <ele>11.5</ele>
      </trkpt>
      <trkpt lat="39.8601" lon="139.75982">
        <ele>11.4</ele>
      </trkpt>
      <trkpt lat="39.86011" lon="139.75985">
        <ele>11.4</ele>
      </trkpt>
      <trkpt lat="39.86013" lon="139.75988">
        <ele>11.6</ele>
      </trkpt>
      <trkpt lat="39.86014" lon="139.75992">
        <ele>11.6</ele>
      </trkpt>
      <trkpt lat="39.86018" lon="139.75997">
        <ele>12.0</ele>
      </trkpt>
      <trkpt lat="39.8602" lon="139.76001">
        <ele>12.0</ele>
      </trkpt>
      <trkpt lat="39.86024" lon="139.76006">
        <ele>12.2</ele>
      </trkpt>
      <trkpt lat="39.86032" lon="139.76015">
        <ele>12.5</ele>
      </trkpt>
      <trkpt lat="39.86039" lon="139.76024">
        <ele>12.5</ele>
      </trkpt>
      <trkpt lat="39.86044" lon="139.7603">
        <ele>12.6</ele>
      </trkpt>
      <trkpt lat="39.86047" lon="139.76035">
        <ele>12.4</ele>
      </trkpt>
      <trkpt lat="39.86052" lon="139.76042">
        <ele>12.2</ele>
      </trkpt>
      <trkpt lat="39.86064" lon="139.76058">
        <ele>11.6</ele>
      </trkpt>
      <trkpt lat="39.86075" lon="139.76072">
        <ele>10.8</ele>
      </trkpt>
      <trkpt lat="39.86081" lon="139.76081">
        <ele>10.1</ele>
      </trkpt>
      <trkpt lat="39.86082" lon="139.76081">
        <ele>10.2</ele>
      </trkpt>
      <trkpt lat="39.86088" lon="139.76089">
        <ele>9.5</ele>
      </trkpt>
      <trkpt lat="39.86092" lon="139.76093">
        <ele>9.2</ele>
      </trkpt>
      <trkpt lat="39.86095" lon="139.76096">
        <ele>8.9</ele>
      </trkpt>
      <trkpt lat="39.86096" lon="139.76097">
        <ele>8.8</ele>
      </trkpt>
      <trkpt lat="39.86098" lon="139.76098">
        <ele>8.8</ele>
      </trkpt>
      <trkpt lat="39.861" lon="139.76099">
        <ele>8.8</ele>
      </trkpt>
      <trkpt lat="39.86101" lon="139.76099">
        <ele>8.8</ele>
      </trkpt>
      <trkpt lat="39.86103" lon="139.761">
        <ele>8.8</ele>
      </trkpt>
      <trkpt lat="39.86106" lon="139.761">
        <ele>8.9</ele>
      </trkpt>
      <trkpt lat="39.86113" lon="139.761">
        <ele>9.1</ele>
      </trkpt>
      <trkpt lat="39.86159" lon="139.76097">
        <ele>11.2</ele>
      </trkpt>
      <trkpt lat="39.86169" lon="139.76098">
        <ele>11.7</ele>
      </trkpt>
      <trkpt lat="39.86176" lon="139.76099">
        <ele>12.4</ele>
      </trkpt>
      <trkpt lat="39.86181" lon="139.761">
        <ele>12.9</ele>
      </trkpt>
      <trkpt lat="39.86186" lon="139.76101">
        <ele>13.3</ele>
      </trkpt>
      <trkpt lat="39.86192" lon="139.76104">
        <ele>13.7</ele>
      </trkpt>
      <trkpt lat="39.86194" lon="139.76105">
        <ele>13.8</ele>
      </trkpt>
      <trkpt lat="39.86195" lon="139.76105">
        <ele>13.9</ele>
      </trkpt>
      <trkpt lat="39.86201" lon="139.76109">
        <ele>14.0</ele>
      </trkpt>
      <trkpt lat="39.86206" lon="139.76112">
        <ele>14.1</ele>
      </trkpt>
      <trkpt lat="39.86211" lon="139.76116">
        <ele>14.1</ele>
      </trkpt>
      <trkpt lat="39.86214" lon="139.76119">
        <ele>13.9</ele>
      </trkpt>
      <trkpt lat="39.8622" lon="139.76124">
        <ele>13.8</ele>
      </trkpt>
      <trkpt lat="39.86223" lon="139.76128">
        <ele>13.4</ele>
      </trkpt>
      <trkpt lat="39.86228" lon="139.76135">
        <ele>12.8</ele>
      </trkpt>
      <trkpt lat="39.86231" lon="139.76138">
        <ele>12.5</ele>
      </trkpt>
      <trkpt lat="39.86238" lon="139.76152">
        <ele>10.8</ele>
      </trkpt>
      <trkpt lat="39.86245" lon="139.76166">
        <ele>8.8</ele>
      </trkpt>
      <trkpt lat="39.8625" lon="139.76175">
        <ele>8.9</ele>
      </trkpt>
      <trkpt lat="39.86253" lon="139.76182">
        <ele>9.7</ele>
      </trkpt>
      <trkpt lat="39.86255" lon="139.76187">
        <ele>10.2</ele>
      </trkpt>
      <trkpt lat="39.86257" lon="139.76191">
        <ele>10.8</ele>
      </trkpt>
      <trkpt lat="39.86258" lon="139.76196">
        <ele>11.0</ele>
      </trkpt>
      <trkpt lat="39.8626" lon="139.76203">
        <ele>11.5</ele>
      </trkpt>
      <trkpt lat="39.86262" lon="139.76211">
        <ele>12.0</ele>
      </trkpt>
      <trkpt lat="39.86263" lon="139.76218">
        <ele>12.2</ele>
      </trkpt>
      <trkpt lat="39.86264" lon="139.76229">
        <ele>12.4</ele>
      </trkpt>
      <trkpt lat="39.86265" lon="139.76238">
        <ele>12.6</ele>
      </trkpt>
      <trkpt lat="39.86267" lon="139.76249">
        <ele>13.1</ele>
      </trkpt>
      <trkpt lat="39.86267" lon="139.76255">
        <ele>12.9</ele>
      </trkpt>
      <trkpt lat="39.86268" lon="139.76255">
        <ele>13.2</ele>
      </trkpt>
      <trkpt lat="39.86268" lon="139.76255">
        <ele>13.2</ele>
      </trkpt>
      <trkpt lat="39.86269" lon="139.76268">
        <ele>12.9</ele>
      </trkpt>
      <trkpt lat="39.86272" lon="139.76336">
        <ele>10.7</ele>
      </trkpt>
      <trkpt lat="39.86278" lon="139.7639">
        <ele>9.7</ele>
      </trkpt>
      <trkpt lat="39.86285" lon="139.76435">
        <ele>9.3</ele>
      </trkpt>
      <trkpt lat="39.86292" lon="139.76476">
        <ele>9.1</ele>
      </trkpt>
      <trkpt lat="39.86298" lon="139.76496">
        <ele>9.3</ele>
      </trkpt>
      <trkpt lat="39.86304" lon="139.76525">
        <ele>8.8</ele>
      </trkpt>
      <trkpt lat="39.86321" lon="139.76601">
        <ele>6.9</ele>
      </trkpt>
      <trkpt lat="39.86327" lon="139.76623">
        <ele>6.5</ele>
      </trkpt>
      <trkpt lat="39.86349" lon="139.76668">
        <ele>7.0</ele>
      </trkpt>
      <trkpt lat="39.86361" lon="139.7671">
        <ele>6.7</ele>
      </trkpt>
      <trkpt lat="39.86366" lon="139.76771">
        <ele>5.6</ele>
      </trkpt>
      <trkpt lat="39.86369" lon="139.76838">
        <ele>6.4</ele>
      </trkpt>
      <trkpt lat="39.86372" lon="139.76861">
        <ele>5.9</ele>
      </trkpt>
      <trkpt lat="39.86376" lon="139.7688">
        <ele>5.7</ele>
      </trkpt>
      <trkpt lat="39.86402" lon="139.7694">
        <ele>7.0</ele>
      </trkpt>
      <trkpt lat="39.86427" lon="139.77">
        <ele>9.6</ele>
      </trkpt>
      <trkpt lat="39.86466" lon="139.7708">
        <ele>13.3</ele>
      </trkpt>
      <trkpt lat="39.86475" lon="139.77105">
        <ele>14.9</ele>
      </trkpt>
      <trkpt lat="39.86482" lon="139.77138">
        <ele>15.7</ele>
      </trkpt>
      <trkpt lat="39.86484" lon="139.77163">
        <ele>15.5</ele>
      </trkpt>
      <trkpt lat="39.86482" lon="139.77205">
        <ele>15.6</ele>
      </trkpt>
      <trkpt lat="39.86468" lon="139.77276">
        <ele>15.3</ele>
      </trkpt>
      <trkpt lat="39.86461" lon="139.77294">
        <ele>15.2</ele>
      </trkpt>
      <trkpt lat="39.86453" lon="139.7731">
        <ele>14.8</ele>
      </trkpt>
      <trkpt lat="39.86442" lon="139.77327">
        <ele>14.1</ele>
      </trkpt>
      <trkpt lat="39.86433" lon="139.77338">
        <ele>13.3</ele>
      </trkpt>
      <trkpt lat="39.86377" lon="139.77401">
        <ele>11.3</ele>
      </trkpt>
      <trkpt lat="39.86352" lon="139.7742">
        <ele>10.8</ele>
      </trkpt>
      <trkpt lat="39.86324" lon="139.77435">
        <ele>11.7</ele>
      </trkpt>
      <trkpt lat="39.86286" lon="139.77449">
        <ele>18.8</ele>
      </trkpt>
      <trkpt lat="39.86279" lon="139.77472">
        <ele>22.1</ele>
      </trkpt>
      <trkpt lat="39.86286" lon="139.77515">
        <ele>23.4</ele>
      </trkpt>
      <trkpt lat="39.86287" lon="139.7754">
        <ele>23.2</ele>
      </trkpt>
      <trkpt lat="39.86285" lon="139.77563">
        <ele>23.0</ele>
      </trkpt>
      <trkpt lat="39.86277" lon="139.77574">
        <ele>22.3</ele>
      </trkpt>
      <trkpt lat="39.86246" lon="139.77597">
        <ele>17.8</ele>
      </trkpt>
      <trkpt lat="39.86238" lon="139.77606">
        <ele>16.4</ele>
      </trkpt>
      <trkpt lat="39.86235" lon="139.77623">
        <ele>15.2</ele>
      </trkpt>
      <trkpt lat="39.86235" lon="139.77641">
        <ele>14.2</ele>
      </trkpt>
      <trkpt lat="39.8625" lon="139.77676">
        <ele>13.4</ele>
      </trkpt>
      <trkpt lat="39.86258" lon="139.77698">
        <ele>13.9</ele>
      </trkpt>
      <trkpt lat="39.86272" lon="139.77717">
        <ele>15.5</ele>
      </trkpt>
      <trkpt lat="39.86277" lon="139.77726">
        <ele>15.8</ele>
      </trkpt>
      <trkpt lat="39.86298" lon="139.77755">
        <ele>16.9</ele>
      </trkpt>
      <trkpt lat="39.86325" lon="139.77787">
        <ele>15.5</ele>
      </trkpt>
      <trkpt lat="39.86344" lon="139.77806">
        <ele>12.6</ele>
      </trkpt>
      <trkpt lat="39.86373" lon="139.77823">
        <ele>9.5</ele>
      </trkpt>
      <trkpt lat="39.86432" lon="139.77866">
        <ele>5.7</ele>
      </trkpt>
      <trkpt lat="39.86463" lon="139.77892">
        <ele>5.6</ele>
      </trkpt>
      <trkpt lat="39.86495" lon="139.77928">
        <ele>6.5</ele>
      </trkpt>
      <trkpt lat="39.86534" lon="139.77982">
        <ele>11.0</ele>
      </trkpt>
      <trkpt lat="39.86574" lon="139.78036">
        <ele>13.3</ele>
      </trkpt>
      <trkpt lat="39.86581" lon="139.78049">
        <ele>13.0</ele>
      </trkpt>
      <trkpt lat="39.86599" lon="139.78084">
        <ele>12.2</ele>
      </trkpt>
      <trkpt lat="39.86598" lon="139.78115">
        <ele>9.4</ele>
      </trkpt>
      <trkpt lat="39.86602" lon="139.78138">
        <ele>7.7</ele>
      </trkpt>
      <trkpt lat="39.86608" lon="139.78158">
        <ele>6.3</ele>
      </trkpt>
      <trkpt lat="39.86607" lon="139.78188">
        <ele>5.5</ele>
      </trkpt>
      <trkpt lat="39.86605" lon="139.78209">
        <ele>5.5</ele>
      </trkpt>
      <trkpt lat="39.8659" lon="139.78252">
        <ele>5.2</ele>
      </trkpt>
      <trkpt lat="39.86587" lon="139.78274">
        <ele>5.1</ele>
      </trkpt>
      <trkpt lat="39.86581" lon="139.78325">
        <ele>4.9</ele>
      </trkpt>
      <trkpt lat="39.86573" lon="139.78382">
        <ele>5.5</ele>
      </trkpt>
      <trkpt lat="39.86569" lon="139.78399">
        <ele>5.7</ele>
      </trkpt>
      <trkpt lat="39.86563" lon="139.78419">
        <ele>6.3</ele>
      </trkpt>
      <trkpt lat="39.86551" lon="139.78439">
        <ele>9.7</ele>
      </trkpt>
      <trkpt lat="39.8652" lon="139.78478">
        <ele>13.1</ele>
      </trkpt>
      <trkpt lat="39.86506" lon="139.7849">
        <ele>12.7</ele>
      </trkpt>
      <trkpt lat="39.86483" lon="139.78501">
        <ele>12.0</ele>
      </trkpt>
      <trkpt lat="39.8647" lon="139.78502">
        <ele>11.3</ele>
      </trkpt>
      <trkpt lat="39.86454" lon="139.785">
        <ele>9.7</ele>
      </trkpt>
      <trkpt lat="39.86425" lon="139.78501">
        <ele>7.8</ele>
      </trkpt>
      <trkpt lat="39.86402" lon="139.78508">
        <ele>8.0</ele>
      </trkpt>
      <trkpt lat="39.86381" lon="139.7852">
        <ele>8.8</ele>
      </trkpt>
      <trkpt lat="39.86361" lon="139.78533">
        <ele>9.2</ele>
      </trkpt>
      <trkpt lat="39.86342" lon="139.78551">
        <ele>9.6</ele>
      </trkpt>
      <trkpt lat="39.86318" lon="139.78579">
        <ele>10.1</ele>
      </trkpt>
      <trkpt lat="39.86302" lon="139.78602">
        <ele>10.1</ele>
      </trkpt>
      <trkpt lat="39.86287" lon="139.78631">
        <ele>9.1</ele>
      </trkpt>
      <trkpt lat="39.86267" lon="139.78674">
        <ele>5.2</ele>
      </trkpt>
      <trkpt lat="39.86263" lon="139.78691">
        <ele>4.0</ele>
      </trkpt>
      <trkpt lat="39.86261" lon="139.78716">
        <ele>3.2</ele>
      </trkpt>
      <trkpt lat="39.86264" lon="139.78728">
        <ele>3.8</ele>
      </trkpt>
      <trkpt lat="39.86272" lon="139.78747">
        <ele>5.6</ele>
      </trkpt>
      <trkpt lat="39.8628" lon="139.78758">
        <ele>6.8</ele>
      </trkpt>
      <trkpt lat="39.86296" lon="139.78773">
        <ele>8.4</ele>
      </trkpt>
      <trkpt lat="39.86311" lon="139.78783">
        <ele>9.3</ele>
      </trkpt>
      <trkpt lat="39.8637" lon="139.78817">
        <ele>8.8</ele>
      </trkpt>
      <trkpt lat="39.86446" lon="139.78857">
        <ele>10.5</ele>
      </trkpt>
      <trkpt lat="39.86477" lon="139.78871">
        <ele>11.2</ele>
      </trkpt>
      <trkpt lat="39.86552" lon="139.78908">
        <ele>11.5</ele>
      </trkpt>
      <trkpt lat="39.86588" lon="139.78921">
        <ele>11.7</ele>
      </trkpt>
      <trkpt lat="39.86638" lon="139.78937">
        <ele>12.7</ele>
      </trkpt>
      <trkpt lat="39.86689" lon="139.78956">
        <ele>12.9</ele>
      </trkpt>
      <trkpt lat="39.86719" lon="139.78971">
        <ele>12.0</ele>
      </trkpt>
      <trkpt lat="39.86737" lon="139.78983">
        <ele>10.7</ele>
      </trkpt>
      <trkpt lat="39.86741" lon="139.78987">
        <ele>10.2</ele>
      </trkpt>
      <trkpt lat="39.86754" lon="139.79007">
        <ele>8.0</ele>
      </trkpt>
      <trkpt lat="39.86765" lon="139.79036">
        <ele>7.2</ele>
      </trkpt>
      <trkpt lat="39.8677" lon="139.79053">
        <ele>6.7</ele>
      </trkpt>
      <trkpt lat="39.8678" lon="139.79087">
        <ele>5.9</ele>
      </trkpt>
      <trkpt lat="39.86785" lon="139.79126">
        <ele>5.9</ele>
      </trkpt>
      <trkpt lat="39.86794" lon="139.79215">
        <ele>7.2</ele>
      </trkpt>
      <trkpt lat="39.86795" lon="139.79265">
        <ele>7.9</ele>
      </trkpt>
      <trkpt lat="39.86794" lon="139.7933">
        <ele>6.9</ele>
      </trkpt>
      <trkpt lat="39.86793" lon="139.79396">
        <ele>9.3</ele>
      </trkpt>
      <trkpt lat="39.86789" lon="139.79426">
        <ele>9.9</ele>
      </trkpt>
      <trkpt lat="39.8678" lon="139.79455">
        <ele>9.3</ele>
      </trkpt>
      <trkpt lat="39.86751" lon="139.79512">
        <ele>5.1</ele>
      </trkpt>
      <trkpt lat="39.86722" lon="139.7957">
        <ele>6.0</ele>
      </trkpt>
      <trkpt lat="39.86702" lon="139.79623">
        <ele>7.9</ele>
      </trkpt>
      <trkpt lat="39.86697" lon="139.7964">
        <ele>8.7</ele>
      </trkpt>
      <trkpt lat="39.8668" lon="139.79684">
        <ele>9.7</ele>
      </trkpt>
      <trkpt lat="39.86668" lon="139.79704">
        <ele>8.6</ele>
      </trkpt>
      <trkpt lat="39.86626" lon="139.79759">
        <ele>7.6</ele>
      </trkpt>
      <trkpt lat="39.86613" lon="139.79793">
        <ele>7.8</ele>
      </trkpt>
      <trkpt lat="39.8661" lon="139.79866">
        <ele>12.3</ele>
      </trkpt>
      <trkpt lat="39.86606" lon="139.79896">
        <ele>14.1</ele>
      </trkpt>
      <trkpt lat="39.86581" lon="139.79971">
        <ele>10.4</ele>
      </trkpt>
      <trkpt lat="39.86562" lon="139.80023">
        <ele>9.4</ele>
      </trkpt>
      <trkpt lat="39.86547" lon="139.80054">
        <ele>9.4</ele>
      </trkpt>
      <trkpt lat="39.86536" lon="139.8008">
        <ele>9.7</ele>
      </trkpt>
      <trkpt lat="39.86526" lon="139.80096">
        <ele>10.8</ele>
      </trkpt>
      <trkpt lat="39.86481" lon="139.80149">
        <ele>10.1</ele>
      </trkpt>
      <trkpt lat="39.86426" lon="139.80219">
        <ele>7.5</ele>
      </trkpt>
      <trkpt lat="39.86393" lon="139.80262">
        <ele>7.7</ele>
      </trkpt>
      <trkpt lat="39.86353" lon="139.80312">
        <ele>8.3</ele>
      </trkpt>
      <trkpt lat="39.86299" lon="139.80377">
        <ele>8.7</ele>
      </trkpt>
      <trkpt lat="39.86244" lon="139.80442">
        <ele>10.6</ele>
      </trkpt>
      <trkpt lat="39.8619" lon="139.80508">
        <ele>13.2</ele>
      </trkpt>
      <trkpt lat="39.86143" lon="139.80564">
        <ele>15.6</ele>
      </trkpt>
      <trkpt lat="39.86095" lon="139.8062">
        <ele>14.4</ele>
      </trkpt>
      <trkpt lat="39.86048" lon="139.80676">
        <ele>15.1</ele>
      </trkpt>
      <trkpt lat="39.86014" lon="139.80715">
        <ele>12.6</ele>
      </trkpt>
      <trkpt lat="39.85981" lon="139.80754">
        <ele>10.0</ele>
      </trkpt>
      <trkpt lat="39.85952" lon="139.80785">
        <ele>9.8</ele>
      </trkpt>
      <trkpt lat="39.8592" lon="139.8083">
        <ele>6.7</ele>
      </trkpt>
      <trkpt lat="39.85865" lon="139.80911">
        <ele>3.7</ele>
      </trkpt>
      <trkpt lat="39.85855" lon="139.8093">
        <ele>3.1</ele>
      </trkpt>
      <trkpt lat="39.85838" lon="139.80975">
        <ele>3.2</ele>
      </trkpt>
      <trkpt lat="39.85808" lon="139.81077">
        <ele>2.8</ele>
      </trkpt>
      <trkpt lat="39.85801" lon="139.81107">
        <ele>2.6</ele>
      </trkpt>
      <trkpt lat="39.85796" lon="139.8114">
        <ele>2.6</ele>
      </trkpt>
      <trkpt lat="39.85794" lon="139.81169">
        <ele>2.7</ele>
      </trkpt>
      <trkpt lat="39.85794" lon="139.8125">
        <ele>3.2</ele>
      </trkpt>
      <trkpt lat="39.85794" lon="139.81332">
        <ele>3.7</ele>
      </trkpt>
      <trkpt lat="39.85794" lon="139.81402">
        <ele>5.9</ele>
      </trkpt>
      <trkpt lat="39.85793" lon="139.81472">
        <ele>10.6</ele>
      </trkpt>
      <trkpt lat="39.85794" lon="139.8158">
        <ele>17.4</ele>
      </trkpt>
      <trkpt lat="39.85795" lon="139.81688">
        <ele>16.6</ele>
      </trkpt>
      <trkpt lat="39.85796" lon="139.81796">
        <ele>13.2</ele>
      </trkpt>
      <trkpt lat="39.85797" lon="139.81904">
        <ele>9.1</ele>
      </trkpt>
      <trkpt lat="39.85802" lon="139.81946">
        <ele>7.6</ele>
      </trkpt>
      <trkpt lat="39.85815" lon="139.82016">
        <ele>4.4</ele>
      </trkpt>
      <trkpt lat="39.85827" lon="139.82044">
        <ele>3.1</ele>
      </trkpt>
      <trkpt lat="39.85836" lon="139.8206">
        <ele>2.2</ele>
      </trkpt>
      <trkpt lat="39.85855" lon="139.82076">
        <ele>2.0</ele>
      </trkpt>
      <trkpt lat="39.85872" lon="139.82085">
        <ele>2.3</ele>
      </trkpt>
      <trkpt lat="39.85923" lon="139.82091">
        <ele>4.5</ele>
      </trkpt>
      <trkpt lat="39.85968" lon="139.82095">
        <ele>4.0</ele>
      </trkpt>
      <trkpt lat="39.85968" lon="139.82095">
        <ele>4.0</ele>
      </trkpt>
      <trkpt lat="39.85982" lon="139.82096">
        <ele>3.9</ele>
      </trkpt>
      <trkpt lat="39.86038" lon="139.82087">
        <ele>4.3</ele>
      </trkpt>
      <trkpt lat="39.86096" lon="139.82073">
        <ele>5.8</ele>
      </trkpt>
      <trkpt lat="39.86137" lon="139.82068">
        <ele>6.7</ele>
      </trkpt>
      <trkpt lat="39.86182" lon="139.8207">
        <ele>6.8</ele>
      </trkpt>
      <trkpt lat="39.86202" lon="139.82074">
        <ele>6.5</ele>
      </trkpt>
      <trkpt lat="39.86235" lon="139.82082">
        <ele>6.0</ele>
      </trkpt>
      <trkpt lat="39.86258" lon="139.82091">
        <ele>5.4</ele>
      </trkpt>
      <trkpt lat="39.86305" lon="139.82115">
        <ele>4.6</ele>
      </trkpt>
      <trkpt lat="39.86325" lon="139.82123">
        <ele>4.8</ele>
      </trkpt>
      <trkpt lat="39.86362" lon="139.82144">
        <ele>5.8</ele>
      </trkpt>
      <trkpt lat="39.86382" lon="139.82159">
        <ele>5.9</ele>
      </trkpt>
      <trkpt lat="39.86443" lon="139.82228">
        <ele>6.4</ele>
      </trkpt>
      <trkpt lat="39.86476" lon="139.82261">
        <ele>5.1</ele>
      </trkpt>
      <trkpt lat="39.8648" lon="139.82264">
        <ele>4.9</ele>
      </trkpt>
      <trkpt lat="39.8652" lon="139.82305">
        <ele>4.2</ele>
      </trkpt>
      <trkpt lat="39.86538" lon="139.82313">
        <ele>4.5</ele>
      </trkpt>
      <trkpt lat="39.86558" lon="139.8234">
        <ele>4.3</ele>
      </trkpt>
      <trkpt lat="39.86577" lon="139.82359">
        <ele>4.5</ele>
      </trkpt>
      <trkpt lat="39.8659" lon="139.8237">
        <ele>4.9</ele>
      </trkpt>
      <trkpt lat="39.86652" lon="139.82403">
        <ele>6.9</ele>
      </trkpt>
      <trkpt lat="39.86714" lon="139.82437">
        <ele>6.9</ele>
      </trkpt>
      <trkpt lat="39.86727" lon="139.82448">
        <ele>6.8</ele>
      </trkpt>
      <trkpt lat="39.86736" lon="139.82457">
        <ele>6.8</ele>
      </trkpt>
      <trkpt lat="39.86743" lon="139.82471">
        <ele>6.6</ele>
      </trkpt>
      <trkpt lat="39.86755" lon="139.82512">
        <ele>6.9</ele>
      </trkpt>
      <trkpt lat="39.86778" lon="139.82615">
        <ele>7.4</ele>
      </trkpt>
      <trkpt lat="39.86799" lon="139.82691">
        <ele>6.0</ele>
      </trkpt>
      <trkpt lat="39.8682" lon="139.82768">
        <ele>6.2</ele>
      </trkpt>
      <trkpt lat="39.86832" lon="139.82808">
        <ele>5.8</ele>
      </trkpt>
      <trkpt lat="39.86839" lon="139.8284">
        <ele>5.4</ele>
      </trkpt>
      <trkpt lat="39.86851" lon="139.82873">
        <ele>4.7</ele>
      </trkpt>
      <trkpt lat="39.86858" lon="139.82886">
        <ele>4.4</ele>
      </trkpt>
      <trkpt lat="39.86874" lon="139.82907">
        <ele>3.9</ele>
      </trkpt>
      <trkpt lat="39.86899" lon="139.82926">
        <ele>4.6</ele>
      </trkpt>
      <trkpt lat="39.86905" lon="139.82934">
        <ele>4.5</ele>
      </trkpt>
      <trkpt lat="39.86913" lon="139.82942">
        <ele>4.5</ele>
      </trkpt>
      <trkpt lat="39.86927" lon="139.82979">
        <ele>4.5</ele>
      </trkpt>
      <trkpt lat="39.8693" lon="139.82994">
        <ele>4.5</ele>
      </trkpt>
      <trkpt lat="39.86931" lon="139.83005">
        <ele>4.5</ele>
      </trkpt>
      <trkpt lat="39.8693" lon="139.83027">
        <ele>4.5</ele>
      </trkpt>
      <trkpt lat="39.86927" lon="139.83058">
        <ele>4.3</ele>
      </trkpt>
      <trkpt lat="39.86923" lon="139.83089">
        <ele>4.1</ele>
      </trkpt>
      <trkpt lat="39.86921" lon="139.83127">
        <ele>5.8</ele>
      </trkpt>
      <trkpt lat="39.86918" lon="139.83148">
        <ele>6.4</ele>
      </trkpt>
      <trkpt lat="39.86914" lon="139.8317">
        <ele>6.9</ele>
      </trkpt>
      <trkpt lat="39.86906" lon="139.83251">
        <ele>8.7</ele>
      </trkpt>
      <trkpt lat="39.86906" lon="139.83307">
        <ele>8.7</ele>
      </trkpt>
      <trkpt lat="39.86901" lon="139.8335">
        <ele>9.1</ele>
      </trkpt>
      <trkpt lat="39.86896" lon="139.83364">
        <ele>9.3</ele>
      </trkpt>
      <trkpt lat="39.86887" lon="139.83386">
        <ele>9.4</ele>
      </trkpt>
      <trkpt lat="39.86866" lon="139.83432">
        <ele>9.6</ele>
      </trkpt>
      <trkpt lat="39.86862" lon="139.83451">
        <ele>10.6</ele>
      </trkpt>
      <trkpt lat="39.86846" lon="139.83507">
        <ele>11.4</ele>
      </trkpt>
      <trkpt lat="39.8683" lon="139.83552">
        <ele>11.3</ele>
      </trkpt>
      <trkpt lat="39.86806" lon="139.83601">
        <ele>11.3</ele>
      </trkpt>
      <trkpt lat="39.86799" lon="139.83626">
        <ele>12.1</ele>
      </trkpt>
      <trkpt lat="39.8679" lon="139.83664">
        <ele>12.9</ele>
      </trkpt>
      <trkpt lat="39.86778" lon="139.83722">
        <ele>12.3</ele>
      </trkpt>
      <trkpt lat="39.86775" lon="139.83739">
        <ele>12.3</ele>
      </trkpt>
      <trkpt lat="39.86775" lon="139.83751">
        <ele>12.7</ele>
      </trkpt>
      <trkpt lat="39.86778" lon="139.83778">
        <ele>13.4</ele>
      </trkpt>
      <trkpt lat="39.86778" lon="139.83785">
        <ele>13.4</ele>
      </trkpt>
      <trkpt lat="39.86786" lon="139.83826">
        <ele>14.4</ele>
      </trkpt>
      <trkpt lat="39.86789" lon="139.8384">
        <ele>14.9</ele>
      </trkpt>
      <trkpt lat="39.86794" lon="139.83862">
        <ele>15.9</ele>
      </trkpt>
      <trkpt lat="39.86808" lon="139.83899">
        <ele>17.6</ele>
      </trkpt>
      <trkpt lat="39.86818" lon="139.83915">
        <ele>18.3</ele>
      </trkpt>
      <trkpt lat="39.86836" lon="139.83934">
        <ele>21.5</ele>
      </trkpt>
      <trkpt lat="39.86886" lon="139.83973">
        <ele>21.1</ele>
      </trkpt>
      <trkpt lat="39.8692" lon="139.83996">
        <ele>15.5</ele>
      </trkpt>
      <trkpt lat="39.86946" lon="139.84011">
        <ele>16.0</ele>
      </trkpt>
      <trkpt lat="39.86968" lon="139.84018">
        <ele>16.7</ele>
      </trkpt>
      <trkpt lat="39.87037" lon="139.84024">
        <ele>19.2</ele>
      </trkpt>
      <trkpt lat="39.87075" lon="139.84022">
        <ele>20.7</ele>
      </trkpt>
      <trkpt lat="39.87105" lon="139.84012">
        <ele>21.3</ele>
      </trkpt>
      <trkpt lat="39.87127" lon="139.83999">
        <ele>21.6</ele>
      </trkpt>
      <trkpt lat="39.87144" lon="139.83986">
        <ele>22.6</ele>
      </trkpt>
      <trkpt lat="39.87168" lon="139.8397">
        <ele>23.1</ele>
      </trkpt>
      <trkpt lat="39.8718" lon="139.83964">
        <ele>24.1</ele>
      </trkpt>
      <trkpt lat="39.87196" lon="139.83959">
        <ele>25.3</ele>
      </trkpt>
      <trkpt lat="39.87212" lon="139.83957">
        <ele>26.5</ele>
      </trkpt>
      <trkpt lat="39.87228" lon="139.83959">
        <ele>27.8</ele>
      </trkpt>
      <trkpt lat="39.87244" lon="139.83967">
        <ele>29.3</ele>
      </trkpt>
      <trkpt lat="39.87242" lon="139.83975">
        <ele>29.4</ele>
      </trkpt>
      <trkpt lat="39.87249" lon="139.83978">
        <ele>30.1</ele>
      </trkpt>
      <trkpt lat="39.87259" lon="139.83984">
        <ele>31.4</ele>
      </trkpt>
      <trkpt lat="39.87282" lon="139.83997">
        <ele>34.0</ele>
      </trkpt>
      <trkpt lat="39.873" lon="139.8401">
        <ele>36.2</ele>
      </trkpt>
      <trkpt lat="39.87331" lon="139.84033">
        <ele>39.2</ele>
      </trkpt>
      <trkpt lat="39.87351" lon="139.84048">
        <ele>39.9</ele>
      </trkpt>
      <trkpt lat="39.87366" lon="139.8406">
        <ele>40.2</ele>
      </trkpt>
      <trkpt lat="39.87385" lon="139.84074">
        <ele>40.6</ele>
      </trkpt>
      <trkpt lat="39.87392" lon="139.8408">
        <ele>40.7</ele>
      </trkpt>
      <trkpt lat="39.87411" lon="139.84094">
        <ele>40.4</ele>
      </trkpt>
      <trkpt lat="39.87429" lon="139.84108">
        <ele>38.6</ele>
      </trkpt>
      <trkpt lat="39.87446" lon="139.8412">
        <ele>35.8</ele>
      </trkpt>
      <trkpt lat="39.87463" lon="139.84131">
        <ele>32.4</ele>
      </trkpt>
      <trkpt lat="39.87474" lon="139.84139">
        <ele>29.8</ele>
      </trkpt>
      <trkpt lat="39.87492" lon="139.84151">
        <ele>25.2</ele>
      </trkpt>
      <trkpt lat="39.87501" lon="139.84157">
        <ele>22.7</ele>
      </trkpt>
      <trkpt lat="39.87523" lon="139.84172">
        <ele>18.9</ele>
      </trkpt>
      <trkpt lat="39.87554" lon="139.84189">
        <ele>15.1</ele>
      </trkpt>
      <trkpt lat="39.87562" lon="139.84193">
        <ele>14.3</ele>
      </trkpt>
      <trkpt lat="39.87579" lon="139.84203">
        <ele>12.7</ele>
      </trkpt>
      <trkpt lat="39.876" lon="139.84214">
        <ele>11.9</ele>
      </trkpt>
      <trkpt lat="39.87605" lon="139.84217">
        <ele>11.8</ele>
      </trkpt>
      <trkpt lat="39.87616" lon="139.84224">
        <ele>11.4</ele>
      </trkpt>
      <trkpt lat="39.87631" lon="139.84232">
        <ele>11.0</ele>
      </trkpt>
      <trkpt lat="39.87653" lon="139.84244">
        <ele>10.3</ele>
      </trkpt>
      <trkpt lat="39.87657" lon="139.84247">
        <ele>10.1</ele>
      </trkpt>
      <trkpt lat="39.87664" lon="139.84252">
        <ele>9.8</ele>
      </trkpt>
      <trkpt lat="39.87668" lon="139.84256">
        <ele>9.6</ele>
      </trkpt>
      <trkpt lat="39.87671" lon="139.84259">
        <ele>9.5</ele>
      </trkpt>
      <trkpt lat="39.87676" lon="139.84266">
        <ele>9.1</ele>
      </trkpt>
      <trkpt lat="39.8768" lon="139.84274">
        <ele>8.7</ele>
      </trkpt>
      <trkpt lat="39.87685" lon="139.84284">
        <ele>8.1</ele>
      </trkpt>
      <trkpt lat="39.87687" lon="139.8429">
        <ele>7.8</ele>
      </trkpt>
      <trkpt lat="39.87693" lon="139.84312">
        <ele>6.7</ele>
      </trkpt>
      <trkpt lat="39.87699" lon="139.84334">
        <ele>5.8</ele>
      </trkpt>
      <trkpt lat="39.87712" lon="139.84378">
        <ele>5.0</ele>
      </trkpt>
      <trkpt lat="39.87712" lon="139.84378">
        <ele>5.0</ele>
      </trkpt>
      <trkpt lat="39.87757" lon="139.84407">
        <ele>4.5</ele>
      </trkpt>
      <trkpt lat="39.87778" lon="139.8442">
        <ele>4.7</ele>
      </trkpt>
      <trkpt lat="39.87804" lon="139.84436">
        <ele>5.1</ele>
      </trkpt>
      <trkpt lat="39.87827" lon="139.84447">
        <ele>5.5</ele>
      </trkpt>
      <trkpt lat="39.87827" lon="139.84447">
        <ele>5.5</ele>
      </trkpt>
      <trkpt lat="39.87814" lon="139.84519">
        <ele>4.3</ele>
      </trkpt>
      <trkpt lat="39.87797" lon="139.84611">
        <ele>2.5</ele>
      </trkpt>
      <trkpt lat="39.87788" lon="139.8466">
        <ele>2.5</ele>
      </trkpt>
      <trkpt lat="39.87788" lon="139.8466">
        <ele>2.5</ele>
      </trkpt>
      <trkpt lat="39.87926" lon="139.84693">
        <ele>3.6</ele>
      </trkpt>
      <trkpt lat="39.87966" lon="139.84703">
        <ele>4.7</ele>
      </trkpt>
      <trkpt lat="39.88087" lon="139.84737">
        <ele>4.9</ele>
      </trkpt>
      <trkpt lat="39.88097" lon="139.84741">
        <ele>5.0</ele>
      </trkpt>
      <trkpt lat="39.8811" lon="139.84749">
        <ele>5.0</ele>
      </trkpt>
      <trkpt lat="39.88113" lon="139.84753">
        <ele>5.0</ele>
      </trkpt>
      <trkpt lat="39.88115" lon="139.84755">
        <ele>5.0</ele>
      </trkpt>
      <trkpt lat="39.8812" lon="139.84761">
        <ele>4.9</ele>
      </trkpt>
      <trkpt lat="39.88124" lon="139.84767">
        <ele>4.8</ele>
      </trkpt>
      <trkpt lat="39.88128" lon="139.84773">
        <ele>4.7</ele>
      </trkpt>
      <trkpt lat="39.88132" lon="139.84781">
        <ele>4.6</ele>
      </trkpt>
      <trkpt lat="39.88134" lon="139.84787">
        <ele>4.5</ele>
      </trkpt>
      <trkpt lat="39.88137" lon="139.84794">
        <ele>4.3</ele>
      </trkpt>
      <trkpt lat="39.88139" lon="139.84801">
        <ele>4.2</ele>
      </trkpt>
      <trkpt lat="39.8814" lon="139.8481">
        <ele>4.0</ele>
      </trkpt>
      <trkpt lat="39.88141" lon="139.84824">
        <ele>3.8</ele>
      </trkpt>
      <trkpt lat="39.88142" lon="139.84833">
        <ele>3.6</ele>
      </trkpt>
      <trkpt lat="39.88143" lon="139.84841">
        <ele>3.4</ele>
      </trkpt>
      <trkpt lat="39.88144" lon="139.84849">
        <ele>3.2</ele>
      </trkpt>
      <trkpt lat="39.88146" lon="139.84856">
        <ele>3.0</ele>
      </trkpt>
      <trkpt lat="39.88148" lon="139.84863">
        <ele>2.9</ele>
      </trkpt>
      <trkpt lat="39.8815" lon="139.84869">
        <ele>2.7</ele>
      </trkpt>
      <trkpt lat="39.88153" lon="139.84875">
        <ele>2.6</ele>
      </trkpt>
      <trkpt lat="39.88156" lon="139.84881">
        <ele>2.5</ele>
      </trkpt>
      <trkpt lat="39.88159" lon="139.84887">
        <ele>2.4</ele>
      </trkpt>
      <trkpt lat="39.88163" lon="139.84892">
        <ele>2.3</ele>
      </trkpt>
      <trkpt lat="39.88169" lon="139.84898">
        <ele>2.3</ele>
      </trkpt>
      <trkpt lat="39.88175" lon="139.84904">
        <ele>2.4</ele>
      </trkpt>
      <trkpt lat="39.8818" lon="139.84908">
        <ele>2.4</ele>
      </trkpt>
      <trkpt lat="39.88186" lon="139.84911">
        <ele>2.5</ele>
      </trkpt>
      <trkpt lat="39.88187" lon="139.84912">
        <ele>2.5</ele>
      </trkpt>
      <trkpt lat="39.88193" lon="139.84915">
        <ele>2.7</ele>
      </trkpt>
      <trkpt lat="39.88199" lon="139.84917">
        <ele>2.8</ele>
      </trkpt>
      <trkpt lat="39.88205" lon="139.84919">
        <ele>2.9</ele>
      </trkpt>
      <trkpt lat="39.88211" lon="139.84921">
        <ele>3.0</ele>
      </trkpt>
      <trkpt lat="39.88215" lon="139.84922">
        <ele>3.1</ele>
      </trkpt>
      <trkpt lat="39.88236" lon="139.84928">
        <ele>3.6</ele>
      </trkpt>
      <trkpt lat="39.8828" lon="139.84941">
        <ele>4.4</ele>
      </trkpt>
      <trkpt lat="39.88292" lon="139.84944">
        <ele>4.5</ele>
      </trkpt>
      <trkpt lat="39.8831" lon="139.84949">
        <ele>4.7</ele>
      </trkpt>
      <trkpt lat="39.88327" lon="139.84954">
        <ele>4.9</ele>
      </trkpt>
      <trkpt lat="39.88374" lon="139.84968">
        <ele>4.8</ele>
      </trkpt>
      <trkpt lat="39.88411" lon="139.8498">
        <ele>4.8</ele>
      </trkpt>
      <trkpt lat="39.88475" lon="139.84999">
        <ele>5.0</ele>
      </trkpt>
      <trkpt lat="39.88519" lon="139.85012">
        <ele>4.7</ele>
      </trkpt>
      <trkpt lat="39.88525" lon="139.85014">
        <ele>4.7</ele>
      </trkpt>
      <trkpt lat="39.8853" lon="139.85015">
        <ele>4.7</ele>
      </trkpt>
      <trkpt lat="39.88588" lon="139.85033">
        <ele>4.7</ele>
      </trkpt>
      <trkpt lat="39.88622" lon="139.85043">
        <ele>4.3</ele>
      </trkpt>
      <trkpt lat="39.88637" lon="139.85047">
        <ele>4.0</ele>
      </trkpt>
      <trkpt lat="39.88652" lon="139.85052">
        <ele>3.7</ele>
      </trkpt>
      <trkpt lat="39.88665" lon="139.85058">
        <ele>3.3</ele>
      </trkpt>
      <trkpt lat="39.88668" lon="139.8506">
        <ele>3.3</ele>
      </trkpt>
      <trkpt lat="39.88686" lon="139.85069">
        <ele>3.4</ele>
      </trkpt>
      <trkpt lat="39.88863" lon="139.85158">
        <ele>5.7</ele>
      </trkpt>
      <trkpt lat="39.88903" lon="139.85179">
        <ele>5.4</ele>
      </trkpt>
      <trkpt lat="39.88925" lon="139.8519">
        <ele>5.6</ele>
      </trkpt>
      <trkpt lat="39.8894" lon="139.85197">
        <ele>5.9</ele>
      </trkpt>
      <trkpt lat="39.88951" lon="139.85203">
        <ele>6.0</ele>
      </trkpt>
      <trkpt lat="39.88964" lon="139.85209">
        <ele>6.0</ele>
      </trkpt>
      <trkpt lat="39.88972" lon="139.85213">
        <ele>6.0</ele>
      </trkpt>
      <trkpt lat="39.88975" lon="139.85215">
        <ele>5.9</ele>
      </trkpt>
      <trkpt lat="39.88978" lon="139.85217">
        <ele>5.9</ele>
      </trkpt>
      <trkpt lat="39.88983" lon="139.85219">
        <ele>5.8</ele>
      </trkpt>
      <trkpt lat="39.88985" lon="139.85221">
        <ele>5.8</ele>
      </trkpt>
      <trkpt lat="39.88988" lon="139.85222">
        <ele>5.8</ele>
      </trkpt>
      <trkpt lat="39.88991" lon="139.85224">
        <ele>5.7</ele>
      </trkpt>
      <trkpt lat="39.88994" lon="139.85226">
        <ele>5.6</ele>
      </trkpt>
      <trkpt lat="39.88998" lon="139.85228">
        <ele>5.5</ele>
      </trkpt>
      <trkpt lat="39.89" lon="139.8523">
        <ele>5.5</ele>
      </trkpt>
      <trkpt lat="39.89004" lon="139.85233">
        <ele>5.6</ele>
      </trkpt>
      <trkpt lat="39.89007" lon="139.85235">
        <ele>5.7</ele>
      </trkpt>
      <trkpt lat="39.8901" lon="139.85238">
        <ele>5.7</ele>
      </trkpt>
      <trkpt lat="39.89014" lon="139.85241">
        <ele>5.8</ele>
      </trkpt>
      <trkpt lat="39.89015" lon="139.85242">
        <ele>5.8</ele>
      </trkpt>
      <trkpt lat="39.8902" lon="139.85247">
        <ele>5.8</ele>
      </trkpt>
      <trkpt lat="39.89029" lon="139.85256">
        <ele>6.1</ele>
      </trkpt>
      <trkpt lat="39.89036" lon="139.85263">
        <ele>6.3</ele>
      </trkpt>
      <trkpt lat="39.89049" lon="139.85276">
        <ele>6.7</ele>
      </trkpt>
      <trkpt lat="39.8906" lon="139.85287">
        <ele>7.0</ele>
      </trkpt>
      <trkpt lat="39.89075" lon="139.85303">
        <ele>7.2</ele>
      </trkpt>
      <trkpt lat="39.89091" lon="139.85319">
        <ele>7.3</ele>
      </trkpt>
      <trkpt lat="39.89122" lon="139.85351">
        <ele>7.0</ele>
      </trkpt>
      <trkpt lat="39.89135" lon="139.85364">
        <ele>6.9</ele>
      </trkpt>
      <trkpt lat="39.89155" lon="139.85384">
        <ele>6.6</ele>
      </trkpt>
      <trkpt lat="39.89173" lon="139.85402">
        <ele>6.6</ele>
      </trkpt>
      <trkpt lat="39.8919" lon="139.8542">
        <ele>6.8</ele>
      </trkpt>
      <trkpt lat="39.89207" lon="139.85437">
        <ele>7.3</ele>
      </trkpt>
      <trkpt lat="39.89229" lon="139.8546">
        <ele>7.9</ele>
      </trkpt>
      <trkpt lat="39.89291" lon="139.85522">
        <ele>6.8</ele>
      </trkpt>
      <trkpt lat="39.89347" lon="139.85579">
        <ele>4.9</ele>
      </trkpt>
      <trkpt lat="39.89403" lon="139.85637">
        <ele>4.2</ele>
      </trkpt>
      <trkpt lat="39.89415" lon="139.85649">
        <ele>4.0</ele>
      </trkpt>
      <trkpt lat="39.89492" lon="139.85727">
        <ele>4.8</ele>
      </trkpt>
      <trkpt lat="39.89514" lon="139.85749">
        <ele>5.5</ele>
      </trkpt>
      <trkpt lat="39.89552" lon="139.85788">
        <ele>6.2</ele>
      </trkpt>
      <trkpt lat="39.89556" lon="139.85792">
        <ele>6.2</ele>
      </trkpt>
      <trkpt lat="39.89568" lon="139.85804">
        <ele>6.0</ele>
      </trkpt>
      <trkpt lat="39.89585" lon="139.85822">
        <ele>5.4</ele>
      </trkpt>
      <trkpt lat="39.89593" lon="139.85831">
        <ele>5.1</ele>
      </trkpt>
      <trkpt lat="39.89598" lon="139.85838">
        <ele>5.1</ele>
      </trkpt>
      <trkpt lat="39.89603" lon="139.85845">
        <ele>5.1</ele>
      </trkpt>
      <trkpt lat="39.89606" lon="139.85849">
        <ele>5.1</ele>
      </trkpt>
      <trkpt lat="39.89607" lon="139.85851">
        <ele>5.1</ele>
      </trkpt>
      <trkpt lat="39.89612" lon="139.85858">
        <ele>5.1</ele>
      </trkpt>
      <trkpt lat="39.89616" lon="139.85867">
        <ele>5.2</ele>
      </trkpt>
      <trkpt lat="39.8962" lon="139.85873">
        <ele>5.2</ele>
      </trkpt>
      <trkpt lat="39.89623" lon="139.8588">
        <ele>5.2</ele>
      </trkpt>
      <trkpt lat="39.8963" lon="139.85896">
        <ele>5.3</ele>
      </trkpt>
      <trkpt lat="39.89635" lon="139.85909">
        <ele>5.3</ele>
      </trkpt>
      <trkpt lat="39.89642" lon="139.85928">
        <ele>5.4</ele>
      </trkpt>
      <trkpt lat="39.89648" lon="139.85945">
        <ele>5.3</ele>
      </trkpt>
      <trkpt lat="39.89654" lon="139.85962">
        <ele>5.0</ele>
      </trkpt>
      <trkpt lat="39.89667" lon="139.85997">
        <ele>4.1</ele>
      </trkpt>
      <trkpt lat="39.89675" lon="139.86021">
        <ele>4.6</ele>
      </trkpt>
      <trkpt lat="39.89689" lon="139.86059">
        <ele>5.4</ele>
      </trkpt>
      <trkpt lat="39.89702" lon="139.86097">
        <ele>5.6</ele>
      </trkpt>
      <trkpt lat="39.89715" lon="139.86133">
        <ele>5.8</ele>
      </trkpt>
      <trkpt lat="39.8972" lon="139.86147">
        <ele>5.9</ele>
      </trkpt>
      <trkpt lat="39.8973" lon="139.86174">
        <ele>6.3</ele>
      </trkpt>
      <trkpt lat="39.89735" lon="139.8619">
        <ele>5.9</ele>
      </trkpt>
      <trkpt lat="39.89738" lon="139.86199">
        <ele>5.8</ele>
      </trkpt>
      <trkpt lat="39.8974" lon="139.8621">
        <ele>5.6</ele>
      </trkpt>
      <trkpt lat="39.89742" lon="139.86218">
        <ele>5.4</ele>
      </trkpt>
      <trkpt lat="39.89746" lon="139.86234">
        <ele>5.1</ele>
      </trkpt>
      <trkpt lat="39.89751" lon="139.8626">
        <ele>4.7</ele>
      </trkpt>
      <trkpt lat="39.89756" lon="139.8629">
        <ele>3.8</ele>
      </trkpt>
      <trkpt lat="39.89758" lon="139.86309">
        <ele>3.2</ele>
      </trkpt>
      <trkpt lat="39.89759" lon="139.86315">
        <ele>3.1</ele>
      </trkpt>
      <trkpt lat="39.89765" lon="139.86354">
        <ele>2.9</ele>
      </trkpt>
      <trkpt lat="39.89765" lon="139.86357">
        <ele>3.0</ele>
      </trkpt>
      <trkpt lat="39.89769" lon="139.86376">
        <ele>3.3</ele>
      </trkpt>
      <trkpt lat="39.89769" lon="139.8638">
        <ele>3.3</ele>
      </trkpt>
      <trkpt lat="39.89769" lon="139.86384">
        <ele>3.3</ele>
      </trkpt>
      <trkpt lat="39.89772" lon="139.86403">
        <ele>3.5</ele>
      </trkpt>
      <trkpt lat="39.89774" lon="139.86414">
        <ele>3.7</ele>
      </trkpt>
      <trkpt lat="39.89775" lon="139.86416">
        <ele>3.8</ele>
      </trkpt>
      <trkpt lat="39.89779" lon="139.86447">
        <ele>4.2</ele>
      </trkpt>
      <trkpt lat="39.89783" lon="139.86465">
        <ele>4.5</ele>
      </trkpt>
      <trkpt lat="39.89784" lon="139.86467">
        <ele>4.6</ele>
      </trkpt>
      <trkpt lat="39.89784" lon="139.86468">
        <ele>4.6</ele>
      </trkpt>
      <trkpt lat="39.89786" lon="139.86479">
        <ele>4.7</ele>
      </trkpt>
      <trkpt lat="39.8979" lon="139.86491">
        <ele>4.9</ele>
      </trkpt>
      <trkpt lat="39.89797" lon="139.86514">
        <ele>5.5</ele>
      </trkpt>
      <trkpt lat="39.89802" lon="139.86528">
        <ele>6.0</ele>
      </trkpt>
      <trkpt lat="39.89808" lon="139.86546">
        <ele>6.7</ele>
      </trkpt>
      <trkpt lat="39.89812" lon="139.86559">
        <ele>7.2</ele>
      </trkpt>
      <trkpt lat="39.89819" lon="139.8657">
        <ele>7.8</ele>
      </trkpt>
      <trkpt lat="39.89819" lon="139.86572">
        <ele>7.9</ele>
      </trkpt>
      <trkpt lat="39.89824" lon="139.86581">
        <ele>8.4</ele>
      </trkpt>
      <trkpt lat="39.89838" lon="139.86616">
        <ele>9.8</ele>
      </trkpt>
      <trkpt lat="39.89846" lon="139.86633">
        <ele>10.1</ele>
      </trkpt>
      <trkpt lat="39.8985" lon="139.8664">
        <ele>10.2</ele>
      </trkpt>
      <trkpt lat="39.8986" lon="139.86656">
        <ele>10.5</ele>
      </trkpt>
      <trkpt lat="39.89863" lon="139.8666">
        <ele>10.5</ele>
      </trkpt>
      <trkpt lat="39.89871" lon="139.86669">
        <ele>10.6</ele>
      </trkpt>
      <trkpt lat="39.89879" lon="139.86678">
        <ele>10.9</ele>
      </trkpt>
      <trkpt lat="39.89889" lon="139.86687">
        <ele>11.1</ele>
      </trkpt>
      <trkpt lat="39.8989" lon="139.86687">
        <ele>11.1</ele>
      </trkpt>
      <trkpt lat="39.89896" lon="139.86691">
        <ele>11.3</ele>
      </trkpt>
      <trkpt lat="39.899" lon="139.86694">
        <ele>11.4</ele>
      </trkpt>
      <trkpt lat="39.89914" lon="139.86701">
        <ele>11.7</ele>
      </trkpt>
      <trkpt lat="39.89919" lon="139.86704">
        <ele>11.9</ele>
      </trkpt>
      <trkpt lat="39.89931" lon="139.86708">
        <ele>12.7</ele>
      </trkpt>
      <trkpt lat="39.8994" lon="139.8671">
        <ele>13.2</ele>
      </trkpt>
      <trkpt lat="39.89943" lon="139.86711">
        <ele>13.4</ele>
      </trkpt>
      <trkpt lat="39.89981" lon="139.86718">
        <ele>15.2</ele>
      </trkpt>
      <trkpt lat="39.89981" lon="139.86718">
        <ele>15.2</ele>
      </trkpt>
      <trkpt lat="39.89992" lon="139.86722">
        <ele>15.7</ele>
      </trkpt>
      <trkpt lat="39.89997" lon="139.86723">
        <ele>15.9</ele>
      </trkpt>
      <trkpt lat="39.90007" lon="139.86725">
        <ele>16.5</ele>
      </trkpt>
      <trkpt lat="39.90009" lon="139.86725">
        <ele>16.6</ele>
      </trkpt>
      <trkpt lat="39.90011" lon="139.86725">
        <ele>16.8</ele>
      </trkpt>
      <trkpt lat="39.90018" lon="139.86725">
        <ele>17.3</ele>
      </trkpt>
      <trkpt lat="39.90038" lon="139.86727">
        <ele>18.6</ele>
      </trkpt>
      <trkpt lat="39.90046" lon="139.86728">
        <ele>19.1</ele>
      </trkpt>
      <trkpt lat="39.90059" lon="139.86729">
        <ele>19.9</ele>
      </trkpt>
      <trkpt lat="39.90067" lon="139.86729">
        <ele>20.4</ele>
      </trkpt>
      <trkpt lat="39.90081" lon="139.8673">
        <ele>21.3</ele>
      </trkpt>
      <trkpt lat="39.90117" lon="139.86735">
        <ele>22.0</ele>
      </trkpt>
      <trkpt lat="39.90119" lon="139.86735">
        <ele>22.0</ele>
      </trkpt>
      <trkpt lat="39.90147" lon="139.86738">
        <ele>22.5</ele>
      </trkpt>
      <trkpt lat="39.90165" lon="139.8674">
        <ele>22.8</ele>
      </trkpt>
      <trkpt lat="39.90189" lon="139.86743">
        <ele>24.7</ele>
      </trkpt>
      <trkpt lat="39.90192" lon="139.86743">
        <ele>25.0</ele>
      </trkpt>
      <trkpt lat="39.90216" lon="139.86746">
        <ele>27.1</ele>
      </trkpt>
      <trkpt lat="39.90223" lon="139.86747">
        <ele>27.7</ele>
      </trkpt>
      <trkpt lat="39.90227" lon="139.86747">
        <ele>28.0</ele>
      </trkpt>
      <trkpt lat="39.90229" lon="139.86748">
        <ele>28.2</ele>
      </trkpt>
      <trkpt lat="39.9023" lon="139.86748">
        <ele>28.2</ele>
      </trkpt>
      <trkpt lat="39.90237" lon="139.86749">
        <ele>28.8</ele>
      </trkpt>
      <trkpt lat="39.9024" lon="139.86751">
        <ele>29.0</ele>
      </trkpt>
      <trkpt lat="39.90243" lon="139.86752">
        <ele>29.3</ele>
      </trkpt>
      <trkpt lat="39.90246" lon="139.86754">
        <ele>29.6</ele>
      </trkpt>
      <trkpt lat="39.90249" lon="139.86755">
        <ele>29.9</ele>
      </trkpt>
      <trkpt lat="39.90251" lon="139.86757">
        <ele>30.2</ele>
      </trkpt>
      <trkpt lat="39.90253" lon="139.86758">
        <ele>30.7</ele>
      </trkpt>
      <trkpt lat="39.90255" lon="139.8676">
        <ele>31.1</ele>
      </trkpt>
      <trkpt lat="39.90257" lon="139.86762">
        <ele>31.5</ele>
      </trkpt>
      <trkpt lat="39.90259" lon="139.86764">
        <ele>32.0</ele>
      </trkpt>
      <trkpt lat="39.90262" lon="139.86768">
        <ele>32.6</ele>
      </trkpt>
      <trkpt lat="39.90264" lon="139.8677">
        <ele>33.1</ele>
      </trkpt>
      <trkpt lat="39.90266" lon="139.86772">
        <ele>33.5</ele>
      </trkpt>
      <trkpt lat="39.90277" lon="139.86788">
        <ele>36.0</ele>
      </trkpt>
      <trkpt lat="39.90285" lon="139.86801">
        <ele>37.8</ele>
      </trkpt>
      <trkpt lat="39.90286" lon="139.86803">
        <ele>38.1</ele>
      </trkpt>
      <trkpt lat="39.90289" lon="139.86809">
        <ele>38.8</ele>
      </trkpt>
      <trkpt lat="39.90294" lon="139.86818">
        <ele>39.9</ele>
      </trkpt>
      <trkpt lat="39.90295" lon="139.8682">
        <ele>40.2</ele>
      </trkpt>
      <trkpt lat="39.90295" lon="139.86821">
        <ele>40.2</ele>
      </trkpt>
      <trkpt lat="39.90297" lon="139.86825">
        <ele>40.7</ele>
      </trkpt>
      <trkpt lat="39.90298" lon="139.86828">
        <ele>40.9</ele>
      </trkpt>
      <trkpt lat="39.90299" lon="139.86833">
        <ele>41.2</ele>
      </trkpt>
      <trkpt lat="39.90301" lon="139.86838">
        <ele>41.7</ele>
      </trkpt>
      <trkpt lat="39.90302" lon="139.86846">
        <ele>42.1</ele>
      </trkpt>
      <trkpt lat="39.90303" lon="139.86863">
        <ele>42.7</ele>
      </trkpt>
      <trkpt lat="39.90303" lon="139.8688">
        <ele>43.0</ele>
      </trkpt>
      <trkpt lat="39.90304" lon="139.8689">
        <ele>43.3</ele>
      </trkpt>
      <trkpt lat="39.90306" lon="139.86924">
        <ele>43.9</ele>
      </trkpt>
      <trkpt lat="39.90307" lon="139.86946">
        <ele>43.7</ele>
      </trkpt>
      <trkpt lat="39.90308" lon="139.86959">
        <ele>43.6</ele>
      </trkpt>
      <trkpt lat="39.90308" lon="139.8696">
        <ele>43.6</ele>
      </trkpt>
      <trkpt lat="39.90309" lon="139.86965">
        <ele>43.7</ele>
      </trkpt>
      <trkpt lat="39.90311" lon="139.8697">
        <ele>43.9</ele>
      </trkpt>
      <trkpt lat="39.90313" lon="139.86975">
        <ele>44.1</ele>
      </trkpt>
      <trkpt lat="39.90316" lon="139.8698">
        <ele>44.5</ele>
      </trkpt>
      <trkpt lat="39.90323" lon="139.8699">
        <ele>45.5</ele>
      </trkpt>
      <trkpt lat="39.90338" lon="139.87007">
        <ele>48.0</ele>
      </trkpt>
      <trkpt lat="39.90343" lon="139.87013">
        <ele>49.2</ele>
      </trkpt>
      <trkpt lat="39.90346" lon="139.87016">
        <ele>49.9</ele>
      </trkpt>
      <trkpt lat="39.90348" lon="139.8702">
        <ele>50.4</ele>
      </trkpt>
      <trkpt lat="39.90349" lon="139.8702">
        <ele>50.7</ele>
      </trkpt>
      <trkpt lat="39.90351" lon="139.87024">
        <ele>51.2</ele>
      </trkpt>
      <trkpt lat="39.90353" lon="139.87028">
        <ele>51.7</ele>
      </trkpt>
      <trkpt lat="39.90354" lon="139.87031">
        <ele>52.0</ele>
      </trkpt>
      <trkpt lat="39.90355" lon="139.87035">
        <ele>52.3</ele>
      </trkpt>
      <trkpt lat="39.90355" lon="139.87038">
        <ele>52.3</ele>
      </trkpt>
      <trkpt lat="39.90356" lon="139.87041">
        <ele>52.6</ele>
      </trkpt>
      <trkpt lat="39.90356" lon="139.87042">
        <ele>52.6</ele>
      </trkpt>
      <trkpt lat="39.90355" lon="139.87044">
        <ele>52.4</ele>
      </trkpt>
      <trkpt lat="39.90355" lon="139.87048">
        <ele>52.4</ele>
      </trkpt>
      <trkpt lat="39.90355" lon="139.87052">
        <ele>52.5</ele>
      </trkpt>
      <trkpt lat="39.90354" lon="139.87056">
        <ele>52.2</ele>
      </trkpt>
      <trkpt lat="39.90352" lon="139.87061">
        <ele>51.7</ele>
      </trkpt>
      <trkpt lat="39.9035" lon="139.87065">
        <ele>51.1</ele>
      </trkpt>
      <trkpt lat="39.90348" lon="139.87071">
        <ele>50.5</ele>
      </trkpt>
      <trkpt lat="39.90348" lon="139.87072">
        <ele>50.6</ele>
      </trkpt>
      <trkpt lat="39.90343" lon="139.87085">
        <ele>48.9</ele>
      </trkpt>
      <trkpt lat="39.90339" lon="139.87096">
        <ele>47.2</ele>
      </trkpt>
      <trkpt lat="39.90339" lon="139.87097">
        <ele>47.1</ele>
      </trkpt>
      <trkpt lat="39.90338" lon="139.87102">
        <ele>46.6</ele>
      </trkpt>
      <trkpt lat="39.90337" lon="139.87105">
        <ele>46.2</ele>
      </trkpt>
      <trkpt lat="39.90336" lon="139.87107">
        <ele>45.9</ele>
      </trkpt>
      <trkpt lat="39.90336" lon="139.87108">
        <ele>45.8</ele>
      </trkpt>
      <trkpt lat="39.90336" lon="139.87109">
        <ele>45.8</ele>
      </trkpt>
      <trkpt lat="39.90336" lon="139.87113">
        <ele>45.6</ele>
      </trkpt>
      <trkpt lat="39.90336" lon="139.87116">
        <ele>45.5</ele>
      </trkpt>
      <trkpt lat="39.90337" lon="139.8712">
        <ele>45.6</ele>
      </trkpt>
      <trkpt lat="39.90337" lon="139.87123">
        <ele>45.5</ele>
      </trkpt>
      <trkpt lat="39.90338" lon="139.87126">
        <ele>45.6</ele>
      </trkpt>
      <trkpt lat="39.90339" lon="139.87128">
        <ele>45.7</ele>
      </trkpt>
      <trkpt lat="39.9034" lon="139.87131">
        <ele>45.8</ele>
      </trkpt>
      <trkpt lat="39.9034" lon="139.87132">
        <ele>45.8</ele>
      </trkpt>
      <trkpt lat="39.90342" lon="139.87134">
        <ele>46.1</ele>
      </trkpt>
      <trkpt lat="39.90344" lon="139.87137">
        <ele>46.4</ele>
      </trkpt>
      <trkpt lat="39.90346" lon="139.8714">
        <ele>46.7</ele>
      </trkpt>
      <trkpt lat="39.90348" lon="139.87141">
        <ele>47.0</ele>
      </trkpt>
      <trkpt lat="39.9035" lon="139.87143">
        <ele>47.3</ele>
      </trkpt>
      <trkpt lat="39.90353" lon="139.87144">
        <ele>47.9</ele>
      </trkpt>
      <trkpt lat="39.90359" lon="139.87147">
        <ele>48.9</ele>
      </trkpt>
      <trkpt lat="39.90365" lon="139.87147">
        <ele>50.1</ele>
      </trkpt>
      <trkpt lat="39.90372" lon="139.87148">
        <ele>51.4</ele>
      </trkpt>
      <trkpt lat="39.9039" lon="139.8715">
        <ele>54.8</ele>
      </trkpt>
      <trkpt lat="39.904" lon="139.87151">
        <ele>56.6</ele>
      </trkpt>
      <trkpt lat="39.90418" lon="139.87153">
        <ele>59.7</ele>
      </trkpt>
      <trkpt lat="39.90454" lon="139.87156">
        <ele>64.7</ele>
      </trkpt>
      <trkpt lat="39.90469" lon="139.87158">
        <ele>66.7</ele>
      </trkpt>
      <trkpt lat="39.90483" lon="139.87159">
        <ele>68.7</ele>
      </trkpt>
      <trkpt lat="39.90493" lon="139.87161">
        <ele>69.9</ele>
      </trkpt>
      <trkpt lat="39.90496" lon="139.87161">
        <ele>70.4</ele>
      </trkpt>
      <trkpt lat="39.90501" lon="139.87163">
        <ele>70.8</ele>
      </trkpt>
      <trkpt lat="39.90505" lon="139.87164">
        <ele>71.2</ele>
      </trkpt>
      <trkpt lat="39.90507" lon="139.87165">
        <ele>71.3</ele>
      </trkpt>
      <trkpt lat="39.90512" lon="139.87167">
        <ele>71.7</ele>
      </trkpt>
      <trkpt lat="39.90517" lon="139.8717">
        <ele>72.1</ele>
      </trkpt>
      <trkpt lat="39.90526" lon="139.87175">
        <ele>72.9</ele>
      </trkpt>
      <trkpt lat="39.90534" lon="139.8718">
        <ele>73.6</ele>
      </trkpt>
      <trkpt lat="39.90537" lon="139.87182">
        <ele>73.8</ele>
      </trkpt>
      <trkpt lat="39.90538" lon="139.87183">
        <ele>73.9</ele>
      </trkpt>
      <trkpt lat="39.90541" lon="139.87185">
        <ele>74.1</ele>
      </trkpt>
      <trkpt lat="39.90548" lon="139.87191">
        <ele>74.6</ele>
      </trkpt>
      <trkpt lat="39.90556" lon="139.87197">
        <ele>75.3</ele>
      </trkpt>
      <trkpt lat="39.9056" lon="139.87201">
        <ele>75.5</ele>
      </trkpt>
      <trkpt lat="39.90562" lon="139.87202">
        <ele>75.7</ele>
      </trkpt>
      <trkpt lat="39.90563" lon="139.87204">
        <ele>75.7</ele>
      </trkpt>
      <trkpt lat="39.90564" lon="139.87204">
        <ele>75.9</ele>
      </trkpt>
      <trkpt lat="39.90566" lon="139.87206">
        <ele>76.0</ele>
      </trkpt>
      <trkpt lat="39.90567" lon="139.8721">
        <ele>75.8</ele>
      </trkpt>
      <trkpt lat="39.90569" lon="139.87213">
        <ele>75.9</ele>
      </trkpt>
      <trkpt lat="39.9057" lon="139.87216">
        <ele>75.7</ele>
      </trkpt>
      <trkpt lat="39.90571" lon="139.87219">
        <ele>75.6</ele>
      </trkpt>
      <trkpt lat="39.90571" lon="139.87223">
        <ele>75.3</ele>
      </trkpt>
      <trkpt lat="39.90572" lon="139.87224">
        <ele>75.4</ele>
      </trkpt>
      <trkpt lat="39.90572" lon="139.87226">
        <ele>75.2</ele>
      </trkpt>
      <trkpt lat="39.90572" lon="139.87229">
        <ele>74.9</ele>
      </trkpt>
      <trkpt lat="39.90572" lon="139.87232">
        <ele>74.7</ele>
      </trkpt>
      <trkpt lat="39.90571" lon="139.87236">
        <ele>74.2</ele>
      </trkpt>
      <trkpt lat="39.9057" lon="139.87241">
        <ele>73.6</ele>
      </trkpt>
      <trkpt lat="39.90569" lon="139.87244">
        <ele>73.1</ele>
      </trkpt>
      <trkpt lat="39.90568" lon="139.87252">
        <ele>72.5</ele>
      </trkpt>
      <trkpt lat="39.90566" lon="139.87259">
        <ele>72.3</ele>
      </trkpt>
      <trkpt lat="39.90561" lon="139.87277">
        <ele>72.0</ele>
      </trkpt>
      <trkpt lat="39.9056" lon="139.87284">
        <ele>72.0</ele>
      </trkpt>
      <trkpt lat="39.90559" lon="139.87288">
        <ele>71.9</ele>
      </trkpt>
      <trkpt lat="39.90558" lon="139.87292">
        <ele>71.8</ele>
      </trkpt>
      <trkpt lat="39.90558" lon="139.87297">
        <ele>71.9</ele>
      </trkpt>
      <trkpt lat="39.90557" lon="139.87303">
        <ele>71.9</ele>
      </trkpt>
      <trkpt lat="39.90557" lon="139.87311">
        <ele>72.1</ele>
      </trkpt>
      <trkpt lat="39.90557" lon="139.87312">
        <ele>72.1</ele>
      </trkpt>
      <trkpt lat="39.90558" lon="139.87318">
        <ele>72.5</ele>
      </trkpt>
      <trkpt lat="39.90559" lon="139.87322">
        <ele>72.8</ele>
      </trkpt>
      <trkpt lat="39.9056" lon="139.87325">
        <ele>73.0</ele>
      </trkpt>
      <trkpt lat="39.90561" lon="139.87328">
        <ele>73.3</ele>
      </trkpt>
      <trkpt lat="39.90562" lon="139.87331">
        <ele>73.6</ele>
      </trkpt>
      <trkpt lat="39.90564" lon="139.87334">
        <ele>74.2</ele>
      </trkpt>
      <trkpt lat="39.90564" lon="139.87335">
        <ele>74.4</ele>
      </trkpt>
      <trkpt lat="39.90567" lon="139.87339">
        <ele>75.7</ele>
      </trkpt>
      <trkpt lat="39.90569" lon="139.87341">
        <ele>76.5</ele>
      </trkpt>
      <trkpt lat="39.90573" lon="139.87345">
        <ele>78.0</ele>
      </trkpt>
      <trkpt lat="39.90576" lon="139.87348">
        <ele>79.1</ele>
      </trkpt>
      <trkpt lat="39.90581" lon="139.8735">
        <ele>80.4</ele>
      </trkpt>
      <trkpt lat="39.90584" lon="139.87352">
        <ele>81.3</ele>
      </trkpt>
      <trkpt lat="39.90585" lon="139.87352">
        <ele>81.4</ele>
      </trkpt>
      <trkpt lat="39.9059" lon="139.87354">
        <ele>82.6</ele>
      </trkpt>
      <trkpt lat="39.90599" lon="139.87358">
        <ele>84.6</ele>
      </trkpt>
      <trkpt lat="39.90629" lon="139.87368">
        <ele>90.0</ele>
      </trkpt>
      <trkpt lat="39.90636" lon="139.87371">
        <ele>91.1</ele>
      </trkpt>
      <trkpt lat="39.9065" lon="139.87376">
        <ele>93.0</ele>
      </trkpt>
      <trkpt lat="39.90653" lon="139.87377">
        <ele>93.4</ele>
      </trkpt>
      <trkpt lat="39.90658" lon="139.87379">
        <ele>94.0</ele>
      </trkpt>
      <trkpt lat="39.90665" lon="139.87383">
        <ele>94.8</ele>
      </trkpt>
      <trkpt lat="39.9067" lon="139.87387">
        <ele>95.0</ele>
      </trkpt>
      <trkpt lat="39.90672" lon="139.87388">
        <ele>95.0</ele>
      </trkpt>
      <trkpt lat="39.9068" lon="139.87394">
        <ele>94.9</ele>
      </trkpt>
      <trkpt lat="39.90685" lon="139.87398">
        <ele>94.6</ele>
      </trkpt>
      <trkpt lat="39.90701" lon="139.87411">
        <ele>93.4</ele>
      </trkpt>
      <trkpt lat="39.90711" lon="139.87419">
        <ele>92.4</ele>
      </trkpt>
      <trkpt lat="39.90721" lon="139.87428">
        <ele>91.7</ele>
      </trkpt>
      <trkpt lat="39.90728" lon="139.87436">
        <ele>91.0</ele>
      </trkpt>
      <trkpt lat="39.90734" lon="139.87442">
        <ele>90.1</ele>
      </trkpt>
      <trkpt lat="39.90739" lon="139.87449">
        <ele>89.2</ele>
      </trkpt>
      <trkpt lat="39.90781" lon="139.87498">
        <ele>79.4</ele>
      </trkpt>
      <trkpt lat="39.90793" lon="139.87511">
        <ele>77.9</ele>
      </trkpt>
      <trkpt lat="39.90807" lon="139.87527">
        <ele>76.5</ele>
      </trkpt>
      <trkpt lat="39.90808" lon="139.87528">
        <ele>76.4</ele>
      </trkpt>
      <trkpt lat="39.9082" lon="139.87543">
        <ele>75.0</ele>
      </trkpt>
      <trkpt lat="39.90824" lon="139.87549">
        <ele>74.5</ele>
      </trkpt>
      <trkpt lat="39.90828" lon="139.87556">
        <ele>74.0</ele>
      </trkpt>
      <trkpt lat="39.90831" lon="139.87561">
        <ele>73.6</ele>
      </trkpt>
      <trkpt lat="39.90833" lon="139.87565">
        <ele>73.4</ele>
      </trkpt>
      <trkpt lat="39.90838" lon="139.87577">
        <ele>72.9</ele>
      </trkpt>
      <trkpt lat="39.9084" lon="139.87582">
        <ele>72.7</ele>
      </trkpt>
      <trkpt lat="39.90844" lon="139.87592">
        <ele>72.5</ele>
      </trkpt>
      <trkpt lat="39.90847" lon="139.87599">
        <ele>72.3</ele>
      </trkpt>
      <trkpt lat="39.90849" lon="139.87602">
        <ele>72.1</ele>
      </trkpt>
      <trkpt lat="39.9085" lon="139.87603">
        <ele>72.0</ele>
      </trkpt>
      <trkpt lat="39.90856" lon="139.87608">
        <ele>71.0</ele>
      </trkpt>
      <trkpt lat="39.90864" lon="139.87613">
        <ele>69.6</ele>
      </trkpt>
      <trkpt lat="39.90868" lon="139.87614">
        <ele>68.8</ele>
      </trkpt>
      <trkpt lat="39.90874" lon="139.87616">
        <ele>67.6</ele>
      </trkpt>
      <trkpt lat="39.90882" lon="139.87617">
        <ele>65.9</ele>
      </trkpt>
      <trkpt lat="39.90885" lon="139.87618">
        <ele>65.3</ele>
      </trkpt>
      <trkpt lat="39.90895" lon="139.8762">
        <ele>63.2</ele>
      </trkpt>
      <trkpt lat="39.90902" lon="139.87622">
        <ele>61.7</ele>
      </trkpt>
      <trkpt lat="39.90908" lon="139.87626">
        <ele>60.4</ele>
      </trkpt>
      <trkpt lat="39.90911" lon="139.8763">
        <ele>59.8</ele>
      </trkpt>
      <trkpt lat="39.90913" lon="139.87634">
        <ele>59.4</ele>
      </trkpt>
      <trkpt lat="39.90914" lon="139.87635">
        <ele>59.2</ele>
      </trkpt>
      <trkpt lat="39.90915" lon="139.87638">
        <ele>59.0</ele>
      </trkpt>
      <trkpt lat="39.90916" lon="139.87642">
        <ele>58.9</ele>
      </trkpt>
      <trkpt lat="39.90916" lon="139.87646">
        <ele>58.9</ele>
      </trkpt>
      <trkpt lat="39.90915" lon="139.87651">
        <ele>59.2</ele>
      </trkpt>
      <trkpt lat="39.90914" lon="139.87658">
        <ele>59.5</ele>
      </trkpt>
      <trkpt lat="39.90913" lon="139.8766">
        <ele>59.8</ele>
      </trkpt>
      <trkpt lat="39.9091" lon="139.87667">
        <ele>60.6</ele>
      </trkpt>
      <trkpt lat="39.90905" lon="139.87675">
        <ele>61.0</ele>
      </trkpt>
      <trkpt lat="39.90904" lon="139.87677">
        <ele>61.0</ele>
      </trkpt>
      <trkpt lat="39.90893" lon="139.87696">
        <ele>61.3</ele>
      </trkpt>
      <trkpt lat="39.90892" lon="139.87698">
        <ele>61.3</ele>
      </trkpt>
      <trkpt lat="39.90886" lon="139.87707">
        <ele>61.5</ele>
      </trkpt>
      <trkpt lat="39.9088" lon="139.87715">
        <ele>61.7</ele>
      </trkpt>
      <trkpt lat="39.90869" lon="139.87726">
        <ele>62.6</ele>
      </trkpt>
      <trkpt lat="39.90867" lon="139.87728">
        <ele>62.7</ele>
      </trkpt>
      <trkpt lat="39.90854" lon="139.87738">
        <ele>63.9</ele>
      </trkpt>
      <trkpt lat="39.90852" lon="139.8774">
        <ele>64.0</ele>
      </trkpt>
      <trkpt lat="39.90844" lon="139.87746">
        <ele>64.6</ele>
      </trkpt>
      <trkpt lat="39.90838" lon="139.87754">
        <ele>64.4</ele>
      </trkpt>
      <trkpt lat="39.90837" lon="139.87754">
        <ele>64.6</ele>
      </trkpt>
      <trkpt lat="39.90835" lon="139.87759">
        <ele>64.1</ele>
      </trkpt>
      <trkpt lat="39.90833" lon="139.87766">
        <ele>63.2</ele>
      </trkpt>
      <trkpt lat="39.90833" lon="139.87769">
        <ele>62.6</ele>
      </trkpt>
      <trkpt lat="39.90832" lon="139.87771">
        <ele>62.4</ele>
      </trkpt>
      <trkpt lat="39.90832" lon="139.87775">
        <ele>61.7</ele>
      </trkpt>
      <trkpt lat="39.90832" lon="139.87776">
        <ele>61.5</ele>
      </trkpt>
      <trkpt lat="39.90832" lon="139.87778">
        <ele>61.2</ele>
      </trkpt>
      <trkpt lat="39.90833" lon="139.87783">
        <ele>60.1</ele>
      </trkpt>
      <trkpt lat="39.90835" lon="139.87788">
        <ele>58.9</ele>
      </trkpt>
      <trkpt lat="39.90838" lon="139.87793">
        <ele>57.6</ele>
      </trkpt>
      <trkpt lat="39.90841" lon="139.87797">
        <ele>56.4</ele>
      </trkpt>
      <trkpt lat="39.90845" lon="139.878">
        <ele>55.3</ele>
      </trkpt>
      <trkpt lat="39.90854" lon="139.87806">
        <ele>53.1</ele>
      </trkpt>
      <trkpt lat="39.90856" lon="139.87807">
        <ele>52.7</ele>
      </trkpt>
      <trkpt lat="39.90872" lon="139.87814">
        <ele>49.5</ele>
      </trkpt>
      <trkpt lat="39.90873" lon="139.87814">
        <ele>49.4</ele>
      </trkpt>
      <trkpt lat="39.90886" lon="139.8782">
        <ele>47.0</ele>
      </trkpt>
      <trkpt lat="39.90895" lon="139.87824">
        <ele>45.4</ele>
      </trkpt>
      <trkpt lat="39.90901" lon="139.87827">
        <ele>44.4</ele>
      </trkpt>
      <trkpt lat="39.90907" lon="139.87832">
        <ele>43.2</ele>
      </trkpt>
      <trkpt lat="39.90911" lon="139.87837">
        <ele>42.4</ele>
      </trkpt>
      <trkpt lat="39.90913" lon="139.87842">
        <ele>41.9</ele>
      </trkpt>
      <trkpt lat="39.90914" lon="139.87847">
        <ele>41.5</ele>
      </trkpt>
      <trkpt lat="39.90915" lon="139.87851">
        <ele>41.1</ele>
      </trkpt>
      <trkpt lat="39.90915" lon="139.87852">
        <ele>41.0</ele>
      </trkpt>
      <trkpt lat="39.90915" lon="139.87856">
        <ele>40.8</ele>
      </trkpt>
      <trkpt lat="39.90914" lon="139.87861">
        <ele>40.6</ele>
      </trkpt>
      <trkpt lat="39.90912" lon="139.87869">
        <ele>40.3</ele>
      </trkpt>
      <trkpt lat="39.90908" lon="139.87878">
        <ele>40.1</ele>
      </trkpt>
      <trkpt lat="39.90904" lon="139.87889">
        <ele>39.8</ele>
      </trkpt>
      <trkpt lat="39.90894" lon="139.87912">
        <ele>39.2</ele>
      </trkpt>
      <trkpt lat="39.90887" lon="139.87932">
        <ele>38.3</ele>
      </trkpt>
      <trkpt lat="39.90886" lon="139.87938">
        <ele>37.8</ele>
      </trkpt>
      <trkpt lat="39.90885" lon="139.87943">
        <ele>37.5</ele>
      </trkpt>
      <trkpt lat="39.90884" lon="139.8795">
        <ele>37.0</ele>
      </trkpt>
      <trkpt lat="39.90884" lon="139.87958">
        <ele>36.4</ele>
      </trkpt>
      <trkpt lat="39.90885" lon="139.87967">
        <ele>35.6</ele>
      </trkpt>
      <trkpt lat="39.90887" lon="139.87977">
        <ele>34.6</ele>
      </trkpt>
      <trkpt lat="39.90889" lon="139.87984">
        <ele>33.9</ele>
      </trkpt>
      <trkpt lat="39.90892" lon="139.87989">
        <ele>33.3</ele>
      </trkpt>
      <trkpt lat="39.90898" lon="139.87998">
        <ele>32.3</ele>
      </trkpt>
      <trkpt lat="39.90906" lon="139.88007">
        <ele>32.7</ele>
      </trkpt>
      <trkpt lat="39.90922" lon="139.88023">
        <ele>34.2</ele>
      </trkpt>
      <trkpt lat="39.90949" lon="139.88049">
        <ele>35.4</ele>
      </trkpt>
      <trkpt lat="39.9097" lon="139.8807">
        <ele>35.2</ele>
      </trkpt>
      <trkpt lat="39.90979" lon="139.88079">
        <ele>34.7</ele>
      </trkpt>
      <trkpt lat="39.90993" lon="139.88093">
        <ele>34.7</ele>
      </trkpt>
      <trkpt lat="39.91007" lon="139.88107">
        <ele>35.3</ele>
      </trkpt>
      <trkpt lat="39.91013" lon="139.88112">
        <ele>35.4</ele>
      </trkpt>
      <trkpt lat="39.91032" lon="139.88132">
        <ele>35.5</ele>
      </trkpt>
      <trkpt lat="39.91062" lon="139.88163">
        <ele>32.4</ele>
      </trkpt>
      <trkpt lat="39.91067" lon="139.88169">
        <ele>31.5</ele>
      </trkpt>
      <trkpt lat="39.91089" lon="139.88191">
        <ele>28.4</ele>
      </trkpt>
      <trkpt lat="39.91096" lon="139.88198">
        <ele>28.4</ele>
      </trkpt>
      <trkpt lat="39.91109" lon="139.88211">
        <ele>28.3</ele>
      </trkpt>
      <trkpt lat="39.9112" lon="139.88223">
        <ele>28.2</ele>
      </trkpt>
      <trkpt lat="39.9114" lon="139.88247">
        <ele>27.9</ele>
      </trkpt>
      <trkpt lat="39.91152" lon="139.88262">
        <ele>29.2</ele>
      </trkpt>
      <trkpt lat="39.91174" lon="139.88292">
        <ele>31.7</ele>
      </trkpt>
      <trkpt lat="39.91197" lon="139.88323">
        <ele>32.2</ele>
      </trkpt>
      <trkpt lat="39.9124" lon="139.8838">
        <ele>28.6</ele>
      </trkpt>
      <trkpt lat="39.91251" lon="139.88395">
        <ele>26.5</ele>
      </trkpt>
      <trkpt lat="39.91262" lon="139.8841">
        <ele>26.5</ele>
      </trkpt>
      <trkpt lat="39.9129" lon="139.88449">
        <ele>27.1</ele>
      </trkpt>
      <trkpt lat="39.91313" lon="139.88478">
        <ele>27.7</ele>
      </trkpt>
      <trkpt lat="39.91326" lon="139.88496">
        <ele>28.1</ele>
      </trkpt>
      <trkpt lat="39.91333" lon="139.88504">
        <ele>29.0</ele>
      </trkpt>
      <trkpt lat="39.91339" lon="139.88512">
        <ele>30.3</ele>
      </trkpt>
      <trkpt lat="39.91352" lon="139.88529">
        <ele>32.3</ele>
      </trkpt>
      <trkpt lat="39.91377" lon="139.88561">
        <ele>32.3</ele>
      </trkpt>
      <trkpt lat="39.91395" lon="139.88588">
        <ele>29.9</ele>
      </trkpt>
      <trkpt lat="39.9141" lon="139.88608">
        <ele>26.7</ele>
      </trkpt>
      <trkpt lat="39.91415" lon="139.88616">
        <ele>25.5</ele>
      </trkpt>
      <trkpt lat="39.91417" lon="139.88619">
        <ele>25.1</ele>
      </trkpt>
      <trkpt lat="39.91423" lon="139.88627">
        <ele>25.5</ele>
      </trkpt>
      <trkpt lat="39.91429" lon="139.88635">
        <ele>25.8</ele>
      </trkpt>
      <trkpt lat="39.91435" lon="139.88642">
        <ele>25.9</ele>
      </trkpt>
      <trkpt lat="39.91452" lon="139.88666">
        <ele>25.9</ele>
      </trkpt>
      <trkpt lat="39.91471" lon="139.88691">
        <ele>24.2</ele>
      </trkpt>
      <trkpt lat="39.91501" lon="139.88731">
        <ele>22.3</ele>
      </trkpt>
      <trkpt lat="39.91505" lon="139.88737">
        <ele>22.3</ele>
      </trkpt>
      <trkpt lat="39.91511" lon="139.88745">
        <ele>22.4</ele>
      </trkpt>
      <trkpt lat="39.91521" lon="139.88758">
        <ele>22.5</ele>
      </trkpt>
      <trkpt lat="39.91534" lon="139.88775">
        <ele>22.5</ele>
      </trkpt>
      <trkpt lat="39.91542" lon="139.88786">
        <ele>22.4</ele>
      </trkpt>
      <trkpt lat="39.91557" lon="139.88807">
        <ele>21.7</ele>
      </trkpt>
      <trkpt lat="39.91587" lon="139.88848">
        <ele>20.2</ele>
      </trkpt>
      <trkpt lat="39.916" lon="139.88866">
        <ele>20.4</ele>
      </trkpt>
      <trkpt lat="39.91604" lon="139.8887">
        <ele>20.5</ele>
      </trkpt>
      <trkpt lat="39.91625" lon="139.88898">
        <ele>20.5</ele>
      </trkpt>
      <trkpt lat="39.91632" lon="139.88908">
        <ele>20.4</ele>
      </trkpt>
      <trkpt lat="39.91636" lon="139.88914">
        <ele>20.4</ele>
      </trkpt>
      <trkpt lat="39.91638" lon="139.88918">
        <ele>20.4</ele>
      </trkpt>
      <trkpt lat="39.91641" lon="139.88923">
        <ele>20.5</ele>
      </trkpt>
      <trkpt lat="39.91644" lon="139.88928">
        <ele>20.6</ele>
      </trkpt>
      <trkpt lat="39.91646" lon="139.88935">
        <ele>20.7</ele>
      </trkpt>
      <trkpt lat="39.91649" lon="139.88942">
        <ele>20.9</ele>
      </trkpt>
      <trkpt lat="39.91651" lon="139.88947">
        <ele>21.0</ele>
      </trkpt>
      <trkpt lat="39.91654" lon="139.88956">
        <ele>21.2</ele>
      </trkpt>
      <trkpt lat="39.91657" lon="139.88967">
        <ele>21.4</ele>
      </trkpt>
      <trkpt lat="39.91658" lon="139.88972">
        <ele>21.5</ele>
      </trkpt>
      <trkpt lat="39.91659" lon="139.88978">
        <ele>21.6</ele>
      </trkpt>
      <trkpt lat="39.91659" lon="139.88981">
        <ele>21.7</ele>
      </trkpt>
      <trkpt lat="39.9166" lon="139.8899">
        <ele>21.9</ele>
      </trkpt>
      <trkpt lat="39.91661" lon="139.89003">
        <ele>22.1</ele>
      </trkpt>
      <trkpt lat="39.91661" lon="139.89017">
        <ele>21.8</ele>
      </trkpt>
      <trkpt lat="39.91661" lon="139.89034">
        <ele>21.5</ele>
      </trkpt>
      <trkpt lat="39.91661" lon="139.8904">
        <ele>21.4</ele>
      </trkpt>
      <trkpt lat="39.91661" lon="139.89047">
        <ele>21.2</ele>
      </trkpt>
      <trkpt lat="39.91661" lon="139.89053">
        <ele>21.1</ele>
      </trkpt>
      <trkpt lat="39.91661" lon="139.89065">
        <ele>20.9</ele>
      </trkpt>
      <trkpt lat="39.91661" lon="139.89074">
        <ele>20.7</ele>
      </trkpt>
      <trkpt lat="39.9166" lon="139.89086">
        <ele>20.6</ele>
      </trkpt>
      <trkpt lat="39.91658" lon="139.89096">
        <ele>20.8</ele>
      </trkpt>
      <trkpt lat="39.91657" lon="139.89104">
        <ele>20.9</ele>
      </trkpt>
      <trkpt lat="39.91656" lon="139.89111">
        <ele>21.1</ele>
      </trkpt>
      <trkpt lat="39.91654" lon="139.89119">
        <ele>21.4</ele>
      </trkpt>
      <trkpt lat="39.91653" lon="139.89126">
        <ele>21.6</ele>
      </trkpt>
      <trkpt lat="39.91645" lon="139.8916">
        <ele>23.3</ele>
      </trkpt>
      <trkpt lat="39.91633" lon="139.89209">
        <ele>23.2</ele>
      </trkpt>
      <trkpt lat="39.91631" lon="139.89217">
        <ele>23.0</ele>
      </trkpt>
      <trkpt lat="39.91624" lon="139.89246">
        <ele>21.9</ele>
      </trkpt>
      <trkpt lat="39.91618" lon="139.89269">
        <ele>21.4</ele>
      </trkpt>
      <trkpt lat="39.91615" lon="139.89283">
        <ele>21.0</ele>
      </trkpt>
      <trkpt lat="39.9161" lon="139.89302">
        <ele>20.4</ele>
      </trkpt>
      <trkpt lat="39.91601" lon="139.89339">
        <ele>19.1</ele>
      </trkpt>
      <trkpt lat="39.91599" lon="139.8935">
        <ele>19.1</ele>
      </trkpt>
      <trkpt lat="39.91591" lon="139.89386">
        <ele>19.1</ele>
      </trkpt>
      <trkpt lat="39.91584" lon="139.89415">
        <ele>19.0</ele>
      </trkpt>
      <trkpt lat="39.91568" lon="139.89483">
        <ele>18.0</ele>
      </trkpt>
      <trkpt lat="39.91555" lon="139.8954">
        <ele>17.9</ele>
      </trkpt>
      <trkpt lat="39.91554" lon="139.89543">
        <ele>17.9</ele>
      </trkpt>
      <trkpt lat="39.91551" lon="139.89557">
        <ele>17.9</ele>
      </trkpt>
      <trkpt lat="39.9154" lon="139.89607">
        <ele>18.1</ele>
      </trkpt>
      <trkpt lat="39.91533" lon="139.89636">
        <ele>18.3</ele>
      </trkpt>
      <trkpt lat="39.91529" lon="139.89654">
        <ele>18.3</ele>
      </trkpt>
      <trkpt lat="39.9152" lon="139.89693">
        <ele>18.7</ele>
      </trkpt>
      <trkpt lat="39.91515" lon="139.89716">
        <ele>19.0</ele>
      </trkpt>
      <trkpt lat="39.91502" lon="139.89776">
        <ele>20.5</ele>
      </trkpt>
      <trkpt lat="39.91501" lon="139.89779">
        <ele>20.6</ele>
      </trkpt>
      <trkpt lat="39.91499" lon="139.89793">
        <ele>21.0</ele>
      </trkpt>
      <trkpt lat="39.91486" lon="139.8986">
        <ele>21.4</ele>
      </trkpt>
      <trkpt lat="39.91486" lon="139.8986">
        <ele>21.4</ele>
      </trkpt>
      <trkpt lat="39.91478" lon="139.89898">
        <ele>20.7</ele>
      </trkpt>
      <trkpt lat="39.91468" lon="139.89953">
        <ele>19.2</ele>
      </trkpt>
      <trkpt lat="39.91458" lon="139.90004">
        <ele>18.0</ele>
      </trkpt>
      <trkpt lat="39.91448" lon="139.90056">
        <ele>18.2</ele>
      </trkpt>
      <trkpt lat="39.91436" lon="139.90123">
        <ele>19.3</ele>
      </trkpt>
      <trkpt lat="39.91431" lon="139.90144">
        <ele>19.9</ele>
      </trkpt>
      <trkpt lat="39.91431" lon="139.90144">
        <ele>19.9</ele>
      </trkpt>
      <trkpt lat="39.91427" lon="139.90166">
        <ele>20.5</ele>
      </trkpt>
      <trkpt lat="39.91423" lon="139.90189">
        <ele>21.0</ele>
      </trkpt>
      <trkpt lat="39.91417" lon="139.90223">
        <ele>21.7</ele>
      </trkpt>
      <trkpt lat="39.9141" lon="139.90258">
        <ele>22.3</ele>
      </trkpt>
      <trkpt lat="39.91406" lon="139.90279">
        <ele>22.7</ele>
      </trkpt>
      <trkpt lat="39.91399" lon="139.90315">
        <ele>23.7</ele>
      </trkpt>
      <trkpt lat="39.91396" lon="139.90332">
        <ele>24.2</ele>
      </trkpt>
      <trkpt lat="39.91395" lon="139.90336">
        <ele>24.2</ele>
      </trkpt>
      <trkpt lat="39.91391" lon="139.90355">
        <ele>23.9</ele>
      </trkpt>
      <trkpt lat="39.91389" lon="139.9036">
        <ele>23.8</ele>
      </trkpt>
      <trkpt lat="39.91384" lon="139.90382">
        <ele>23.3</ele>
      </trkpt>
      <trkpt lat="39.9138" lon="139.904">
        <ele>22.9</ele>
      </trkpt>
      <trkpt lat="39.91379" lon="139.90403">
        <ele>22.8</ele>
      </trkpt>
      <trkpt lat="39.91379" lon="139.90404">
        <ele>22.8</ele>
      </trkpt>
      <trkpt lat="39.91373" lon="139.90428">
        <ele>22.0</ele>
      </trkpt>
      <trkpt lat="39.91361" lon="139.90474">
        <ele>20.0</ele>
      </trkpt>
      <trkpt lat="39.91357" lon="139.90492">
        <ele>19.1</ele>
      </trkpt>
      <trkpt lat="39.91342" lon="139.90548">
        <ele>18.3</ele>
      </trkpt>
      <trkpt lat="39.91335" lon="139.90576">
        <ele>18.0</ele>
      </trkpt>
      <trkpt lat="39.91333" lon="139.90583">
        <ele>18.0</ele>
      </trkpt>
      <trkpt lat="39.91331" lon="139.90589">
        <ele>17.9</ele>
      </trkpt>
      <trkpt lat="39.9133" lon="139.90594">
        <ele>17.8</ele>
      </trkpt>
      <trkpt lat="39.91326" lon="139.9061">
        <ele>17.4</ele>
      </trkpt>
      <trkpt lat="39.91324" lon="139.90617">
        <ele>17.2</ele>
      </trkpt>
      <trkpt lat="39.91319" lon="139.9064">
        <ele>16.5</ele>
      </trkpt>
      <trkpt lat="39.91313" lon="139.90662">
        <ele>15.7</ele>
      </trkpt>
      <trkpt lat="39.91308" lon="139.90682">
        <ele>15.6</ele>
      </trkpt>
      <trkpt lat="39.9129" lon="139.90758">
        <ele>16.6</ele>
      </trkpt>
      <trkpt lat="39.91289" lon="139.90761">
        <ele>16.6</ele>
      </trkpt>
      <trkpt lat="39.91287" lon="139.90772">
        <ele>16.7</ele>
      </trkpt>
      <trkpt lat="39.91257" lon="139.90895">
        <ele>17.2</ele>
      </trkpt>
      <trkpt lat="39.91248" lon="139.90931">
        <ele>16.9</ele>
      </trkpt>
      <trkpt lat="39.91245" lon="139.90943">
        <ele>16.7</ele>
      </trkpt>
      <trkpt lat="39.91239" lon="139.90967">
        <ele>16.5</ele>
      </trkpt>
      <trkpt lat="39.91223" lon="139.91034">
        <ele>16.5</ele>
      </trkpt>
      <trkpt lat="39.91219" lon="139.9105">
        <ele>16.5</ele>
      </trkpt>
      <trkpt lat="39.91195" lon="139.91145">
        <ele>15.9</ele>
      </trkpt>
      <trkpt lat="39.91185" lon="139.91187">
        <ele>15.2</ele>
      </trkpt>
      <trkpt lat="39.91181" lon="139.91201">
        <ele>14.9</ele>
      </trkpt>
      <trkpt lat="39.91164" lon="139.91269">
        <ele>14.4</ele>
      </trkpt>
      <trkpt lat="39.91137" lon="139.91381">
        <ele>15.5</ele>
      </trkpt>
      <trkpt lat="39.91122" lon="139.9144">
        <ele>15.6</ele>
      </trkpt>
      <trkpt lat="39.91097" lon="139.91542">
        <ele>15.4</ele>
      </trkpt>
      <trkpt lat="39.91086" lon="139.91586">
        <ele>14.0</ele>
      </trkpt>
      <trkpt lat="39.91065" lon="139.91672">
        <ele>13.7</ele>
      </trkpt>
      <trkpt lat="39.91051" lon="139.91728">
        <ele>14.3</ele>
      </trkpt>
      <trkpt lat="39.90995" lon="139.91953">
        <ele>10.0</ele>
      </trkpt>
      <trkpt lat="39.9095" lon="139.92133">
        <ele>8.4</ele>
      </trkpt>
      <trkpt lat="39.90935" lon="139.92194">
        <ele>8.4</ele>
      </trkpt>
      <trkpt lat="39.9092" lon="139.92254">
        <ele>10.1</ele>
      </trkpt>
      <trkpt lat="39.90918" lon="139.92261">
        <ele>10.3</ele>
      </trkpt>
      <trkpt lat="39.90885" lon="139.92394">
        <ele>10.3</ele>
      </trkpt>
      <trkpt lat="39.90882" lon="139.92405">
        <ele>10.2</ele>
      </trkpt>
      <trkpt lat="39.90877" lon="139.92427">
        <ele>9.9</ele>
      </trkpt>
      <trkpt lat="39.90864" lon="139.92481">
        <ele>9.7</ele>
      </trkpt>
      <trkpt lat="39.90858" lon="139.92503">
        <ele>9.7</ele>
      </trkpt>
      <trkpt lat="39.90844" lon="139.9256">
        <ele>10.5</ele>
      </trkpt>
      <trkpt lat="39.90825" lon="139.92637">
        <ele>9.9</ele>
      </trkpt>
      <trkpt lat="39.90814" lon="139.92681">
        <ele>9.5</ele>
      </trkpt>
      <trkpt lat="39.90785" lon="139.92794">
        <ele>10.3</ele>
      </trkpt>
      <trkpt lat="39.90777" lon="139.92828">
        <ele>11.0</ele>
      </trkpt>
      <trkpt lat="39.90769" lon="139.9286">
        <ele>10.9</ele>
      </trkpt>
      <trkpt lat="39.90764" lon="139.9288">
        <ele>10.8</ele>
      </trkpt>
      <trkpt lat="39.90754" lon="139.92923">
        <ele>10.7</ele>
      </trkpt>
      <trkpt lat="39.90744" lon="139.92958">
        <ele>10.0</ele>
      </trkpt>
      <trkpt lat="39.90731" lon="139.93013">
        <ele>9.1</ele>
      </trkpt>
      <trkpt lat="39.90719" lon="139.93058">
        <ele>8.7</ele>
      </trkpt>
      <trkpt lat="39.90713" lon="139.93082">
        <ele>8.5</ele>
      </trkpt>
      <trkpt lat="39.90711" lon="139.93091">
        <ele>8.4</ele>
      </trkpt>
      <trkpt lat="39.90708" lon="139.93101">
        <ele>8.3</ele>
      </trkpt>
      <trkpt lat="39.90704" lon="139.93117">
        <ele>8.2</ele>
      </trkpt>
      <trkpt lat="39.907" lon="139.93132">
        <ele>8.1</ele>
      </trkpt>
      <trkpt lat="39.90698" lon="139.93139">
        <ele>8.1</ele>
      </trkpt>
      <trkpt lat="39.90691" lon="139.93163">
        <ele>8.1</ele>
      </trkpt>
      <trkpt lat="39.90683" lon="139.932">
        <ele>8.0</ele>
      </trkpt>
      <trkpt lat="39.90665" lon="139.93271">
        <ele>8.0</ele>
      </trkpt>
      <trkpt lat="39.90654" lon="139.93317">
        <ele>8.2</ele>
      </trkpt>
      <trkpt lat="39.90638" lon="139.9338">
        <ele>8.3</ele>
      </trkpt>
      <trkpt lat="39.90632" lon="139.93405">
        <ele>8.4</ele>
      </trkpt>
      <trkpt lat="39.90572" lon="139.93644">
        <ele>8.2</ele>
      </trkpt>
      <trkpt lat="39.90558" lon="139.93701">
        <ele>7.7</ele>
      </trkpt>
      <trkpt lat="39.90541" lon="139.93769">
        <ele>7.6</ele>
      </trkpt>
      <trkpt lat="39.90527" lon="139.93824">
        <ele>8.3</ele>
      </trkpt>
      <trkpt lat="39.90511" lon="139.93892">
        <ele>8.8</ele>
      </trkpt>
      <trkpt lat="39.90507" lon="139.93905">
        <ele>8.9</ele>
      </trkpt>
      <trkpt lat="39.90503" lon="139.93925">
        <ele>9.1</ele>
      </trkpt>
      <trkpt lat="39.90501" lon="139.93932">
        <ele>9.2</ele>
      </trkpt>
      <trkpt lat="39.90497" lon="139.93948">
        <ele>9.3</ele>
      </trkpt>
      <trkpt lat="39.90488" lon="139.93982">
        <ele>9.6</ele>
      </trkpt>
      <trkpt lat="39.90486" lon="139.93991">
        <ele>9.6</ele>
      </trkpt>
      <trkpt lat="39.90482" lon="139.94008">
        <ele>9.5</ele>
      </trkpt>
      <trkpt lat="39.90481" lon="139.94013">
        <ele>9.4</ele>
      </trkpt>
      <trkpt lat="39.90479" lon="139.94021">
        <ele>9.2</ele>
      </trkpt>
      <trkpt lat="39.90459" lon="139.941">
        <ele>9.0</ele>
      </trkpt>
      <trkpt lat="39.90456" lon="139.94113">
        <ele>9.1</ele>
      </trkpt>
      <trkpt lat="39.90443" lon="139.94165">
        <ele>9.4</ele>
      </trkpt>
      <trkpt lat="39.90438" lon="139.94187">
        <ele>9.5</ele>
      </trkpt>
      <trkpt lat="39.90432" lon="139.94211">
        <ele>9.6</ele>
      </trkpt>
      <trkpt lat="39.90429" lon="139.9422">
        <ele>9.7</ele>
      </trkpt>
      <trkpt lat="39.90426" lon="139.94234">
        <ele>9.8</ele>
      </trkpt>
      <trkpt lat="39.90423" lon="139.94247">
        <ele>9.8</ele>
      </trkpt>
      <trkpt lat="39.90415" lon="139.9428">
        <ele>9.6</ele>
      </trkpt>
      <trkpt lat="39.90407" lon="139.94312">
        <ele>9.4</ele>
      </trkpt>
      <trkpt lat="39.90401" lon="139.94335">
        <ele>9.4</ele>
      </trkpt>
      <trkpt lat="39.90396" lon="139.94356">
        <ele>9.6</ele>
      </trkpt>
      <trkpt lat="39.90385" lon="139.94399">
        <ele>10.4</ele>
      </trkpt>
      <trkpt lat="39.90384" lon="139.94401">
        <ele>10.4</ele>
      </trkpt>
      <trkpt lat="39.9038" lon="139.94413">
        <ele>10.7</ele>
      </trkpt>
      <trkpt lat="39.90363" lon="139.94475">
        <ele>10.4</ele>
      </trkpt>
      <trkpt lat="39.90343" lon="139.94537">
        <ele>10.3</ele>
      </trkpt>
      <trkpt lat="39.90326" lon="139.94592">
        <ele>10.1</ele>
      </trkpt>
      <trkpt lat="39.90314" lon="139.94634">
        <ele>9.7</ele>
      </trkpt>
      <trkpt lat="39.90314" lon="139.94634">
        <ele>9.7</ele>
      </trkpt>
      <trkpt lat="39.90346" lon="139.9465">
        <ele>9.2</ele>
      </trkpt>
      <trkpt lat="39.90372" lon="139.94663">
        <ele>9.0</ele>
      </trkpt>
      <trkpt lat="39.90404" lon="139.94679">
        <ele>8.9</ele>
      </trkpt>
      <trkpt lat="39.90428" lon="139.94691">
        <ele>8.3</ele>
      </trkpt>
      <trkpt lat="39.90441" lon="139.94696">
        <ele>7.8</ele>
      </trkpt>
      <trkpt lat="39.90447" lon="139.94699">
        <ele>7.6</ele>
      </trkpt>
      <trkpt lat="39.9045" lon="139.94702">
        <ele>7.5</ele>
      </trkpt>
      <trkpt lat="39.90452" lon="139.94703">
        <ele>7.4</ele>
      </trkpt>
      <trkpt lat="39.90453" lon="139.94705">
        <ele>7.4</ele>
      </trkpt>
      <trkpt lat="39.90455" lon="139.94709">
        <ele>7.4</ele>
      </trkpt>
      <trkpt lat="39.90457" lon="139.94715">
        <ele>7.3</ele>
      </trkpt>
      <trkpt lat="39.90459" lon="139.94722">
        <ele>7.3</ele>
      </trkpt>
      <trkpt lat="39.9046" lon="139.94728">
        <ele>7.3</ele>
      </trkpt>
      <trkpt lat="39.90461" lon="139.94732">
        <ele>7.3</ele>
      </trkpt>
      <trkpt lat="39.90462" lon="139.94736">
        <ele>7.3</ele>
      </trkpt>
      <trkpt lat="39.90463" lon="139.94738">
        <ele>7.3</ele>
      </trkpt>
      <trkpt lat="39.90469" lon="139.94747">
        <ele>7.3</ele>
      </trkpt>
      <trkpt lat="39.90471" lon="139.94752">
        <ele>7.3</ele>
      </trkpt>
      <trkpt lat="39.90474" lon="139.94757">
        <ele>7.3</ele>
      </trkpt>
      <trkpt lat="39.90476" lon="139.94764">
        <ele>7.2</ele>
      </trkpt>
      <trkpt lat="39.90478" lon="139.9477">
        <ele>7.1</ele>
      </trkpt>
      <trkpt lat="39.9048" lon="139.94777">
        <ele>7.1</ele>
      </trkpt>
      <trkpt lat="39.90483" lon="139.94791">
        <ele>7.0</ele>
      </trkpt>
      <trkpt lat="39.90489" lon="139.94824">
        <ele>6.9</ele>
      </trkpt>
      <trkpt lat="39.90492" lon="139.94839">
        <ele>6.9</ele>
      </trkpt>
      <trkpt lat="39.90497" lon="139.94862">
        <ele>7.0</ele>
      </trkpt>
      <trkpt lat="39.90502" lon="139.94885">
        <ele>7.0</ele>
      </trkpt>
      <trkpt lat="39.90504" lon="139.94896">
        <ele>7.0</ele>
      </trkpt>
      <trkpt lat="39.90506" lon="139.94909">
        <ele>6.9</ele>
      </trkpt>
      <trkpt lat="39.90507" lon="139.94918">
        <ele>6.9</ele>
      </trkpt>
      <trkpt lat="39.90509" lon="139.94929">
        <ele>7.0</ele>
      </trkpt>
      <trkpt lat="39.90509" lon="139.94938">
        <ele>7.1</ele>
      </trkpt>
      <trkpt lat="39.90511" lon="139.94951">
        <ele>7.2</ele>
      </trkpt>
      <trkpt lat="39.90513" lon="139.94971">
        <ele>7.4</ele>
      </trkpt>
      <trkpt lat="39.90517" lon="139.95003">
        <ele>7.5</ele>
      </trkpt>
      <trkpt lat="39.90521" lon="139.95029">
        <ele>7.0</ele>
      </trkpt>
      <trkpt lat="39.90521" lon="139.95033">
        <ele>6.9</ele>
      </trkpt>
      <trkpt lat="39.90521" lon="139.95035">
        <ele>6.9</ele>
      </trkpt>
      <trkpt lat="39.90521" lon="139.95037">
        <ele>6.8</ele>
      </trkpt>
      <trkpt lat="39.90521" lon="139.95041">
        <ele>6.8</ele>
      </trkpt>
      <trkpt lat="39.90521" lon="139.95046">
        <ele>6.7</ele>
      </trkpt>
      <trkpt lat="39.90521" lon="139.95052">
        <ele>6.6</ele>
      </trkpt>
      <trkpt lat="39.9052" lon="139.95056">
        <ele>6.5</ele>
      </trkpt>
      <trkpt lat="39.90519" lon="139.95061">
        <ele>6.4</ele>
      </trkpt>
      <trkpt lat="39.90518" lon="139.95068">
        <ele>6.3</ele>
      </trkpt>
      <trkpt lat="39.90515" lon="139.95076">
        <ele>6.1</ele>
      </trkpt>
      <trkpt lat="39.90515" lon="139.95076">
        <ele>6.1</ele>
      </trkpt>
      <trkpt lat="39.90513" lon="139.95084">
        <ele>6.0</ele>
      </trkpt>
      <trkpt lat="39.90504" lon="139.9511">
        <ele>5.7</ele>
      </trkpt>
      <trkpt lat="39.90491" lon="139.95145">
        <ele>5.3</ele>
      </trkpt>
      <trkpt lat="39.9048" lon="139.95175">
        <ele>5.3</ele>
      </trkpt>
      <trkpt lat="39.90473" lon="139.95196">
        <ele>5.4</ele>
      </trkpt>
      <trkpt lat="39.90467" lon="139.95209">
        <ele>5.6</ele>
      </trkpt>
      <trkpt lat="39.90464" lon="139.95218">
        <ele>5.7</ele>
      </trkpt>
      <trkpt lat="39.90457" lon="139.95232">
        <ele>5.9</ele>
      </trkpt>
      <trkpt lat="39.90457" lon="139.95235">
        <ele>5.9</ele>
      </trkpt>
      <trkpt lat="39.90454" lon="139.9524">
        <ele>6.0</ele>
      </trkpt>
      <trkpt lat="39.90448" lon="139.95252">
        <ele>6.2</ele>
      </trkpt>
      <trkpt lat="39.9043" lon="139.95288">
        <ele>5.9</ele>
      </trkpt>
      <trkpt lat="39.9043" lon="139.95288">
        <ele>5.9</ele>
      </trkpt>
      <trkpt lat="39.90443" lon="139.95298">
        <ele>5.6</ele>
      </trkpt>
      <trkpt lat="39.9046" lon="139.95311">
        <ele>5.3</ele>
      </trkpt>
      <trkpt lat="39.90462" lon="139.95312">
        <ele>5.2</ele>
      </trkpt>
      <trkpt lat="39.90465" lon="139.95314">
        <ele>5.2</ele>
      </trkpt>
      <trkpt lat="39.90465" lon="139.95314">
        <ele>5.2</ele>
      </trkpt>
      <trkpt lat="39.90474" lon="139.95295">
        <ele>5.3</ele>
      </trkpt>
      <trkpt lat="39.9048" lon="139.95282">
        <ele>5.3</ele>
      </trkpt>
      <trkpt lat="39.90486" lon="139.95271">
        <ele>5.3</ele>
      </trkpt>
      <trkpt lat="39.90488" lon="139.95266">
        <ele>5.2</ele>
      </trkpt>
      <trkpt lat="39.90488" lon="139.95266">
        <ele>5.2</ele>
      </trkpt>
      <trkpt lat="39.90467" lon="139.95244">
        <ele>5.8</ele>
      </trkpt>
      <trkpt lat="39.90457" lon="139.95235">
        <ele>5.9</ele>
      </trkpt>
      <trkpt lat="39.90457" lon="139.95235">
        <ele>5.9</ele>
      </trkpt>
      <trkpt lat="39.90454" lon="139.9524">
        <ele>6.0</ele>
      </trkpt>
      <trkpt lat="39.90448" lon="139.95252">
        <ele>6.2</ele>
      </trkpt>
      <trkpt lat="39.9043" lon="139.95288">
        <ele>5.9</ele>
      </trkpt>
      <trkpt lat="39.90422" lon="139.95303">
        <ele>5.7</ele>
      </trkpt>
      <trkpt lat="39.90417" lon="139.95313">
        <ele>5.5</ele>
      </trkpt>
      <trkpt lat="39.90415" lon="139.95316">
        <ele>5.4</ele>
      </trkpt>
      <trkpt lat="39.90413" lon="139.95321">
        <ele>5.3</ele>
      </trkpt>
      <trkpt lat="39.90408" lon="139.95328">
        <ele>5.0</ele>
      </trkpt>
      <trkpt lat="39.90403" lon="139.95336">
        <ele>4.8</ele>
      </trkpt>
      <trkpt lat="39.90387" lon="139.95357">
        <ele>4.5</ele>
      </trkpt>
      <trkpt lat="39.90382" lon="139.95364">
        <ele>4.4</ele>
      </trkpt>
      <trkpt lat="39.90376" lon="139.9537">
        <ele>4.3</ele>
      </trkpt>
      <trkpt lat="39.90365" lon="139.9538">
        <ele>4.0</ele>
      </trkpt>
      <trkpt lat="39.90352" lon="139.95394">
        <ele>3.7</ele>
      </trkpt>
      <trkpt lat="39.90349" lon="139.95396">
        <ele>3.6</ele>
      </trkpt>
      <trkpt lat="39.90347" lon="139.95397">
        <ele>3.5</ele>
      </trkpt>
      <trkpt lat="39.90347" lon="139.95397">
        <ele>3.5</ele>
      </trkpt>
      <trkpt lat="39.90343" lon="139.954">
        <ele>3.4</ele>
      </trkpt>
      <trkpt lat="39.90341" lon="139.95402">
        <ele>3.3</ele>
      </trkpt>
      <trkpt lat="39.90338" lon="139.95406">
        <ele>3.2</ele>
      </trkpt>
      <trkpt lat="39.90333" lon="139.95413">
        <ele>3.0</ele>
      </trkpt>
      <trkpt lat="39.9033" lon="139.95417">
        <ele>3.0</ele>
      </trkpt>
      <trkpt lat="39.90316" lon="139.95437">
        <ele>3.4</ele>
      </trkpt>
      <trkpt lat="39.90308" lon="139.95449">
        <ele>3.6</ele>
      </trkpt>
      <trkpt lat="39.90278" lon="139.95492">
        <ele>4.0</ele>
      </trkpt>
      <trkpt lat="39.90264" lon="139.95512">
        <ele>3.7</ele>
      </trkpt>
      <trkpt lat="39.90261" lon="139.95517">
        <ele>3.6</ele>
      </trkpt>
      <trkpt lat="39.90251" lon="139.9553">
        <ele>3.3</ele>
      </trkpt>
      <trkpt lat="39.90233" lon="139.95555">
        <ele>3.3</ele>
      </trkpt>
      <trkpt lat="39.90231" lon="139.95558">
        <ele>3.3</ele>
      </trkpt>
      <trkpt lat="39.90195" lon="139.95605">
        <ele>3.2</ele>
      </trkpt>
      <trkpt lat="39.90194" lon="139.95606">
        <ele>3.2</ele>
      </trkpt>
      <trkpt lat="39.90182" lon="139.95621">
        <ele>3.2</ele>
      </trkpt>
      <trkpt lat="39.90171" lon="139.95635">
        <ele>3.2</ele>
      </trkpt>
      <trkpt lat="39.9016" lon="139.95649">
        <ele>3.2</ele>
      </trkpt>
      <trkpt lat="39.90136" lon="139.95682">
        <ele>3.1</ele>
      </trkpt>
      <trkpt lat="39.90093" lon="139.95738">
        <ele>3.1</ele>
      </trkpt>
      <trkpt lat="39.90078" lon="139.95757">
        <ele>3.1</ele>
      </trkpt>
      <trkpt lat="39.90063" lon="139.95778">
        <ele>3.0</ele>
      </trkpt>
      <trkpt lat="39.90055" lon="139.95789">
        <ele>3.0</ele>
      </trkpt>
      <trkpt lat="39.90043" lon="139.95805">
        <ele>3.0</ele>
      </trkpt>
      <trkpt lat="39.90041" lon="139.95808">
        <ele>3.0</ele>
      </trkpt>
      <trkpt lat="39.9003" lon="139.95822">
        <ele>3.0</ele>
      </trkpt>
      <trkpt lat="39.90018" lon="139.95838">
        <ele>3.0</ele>
      </trkpt>
      <trkpt lat="39.90015" lon="139.95842">
        <ele>3.0</ele>
      </trkpt>
      <trkpt lat="39.90013" lon="139.95844">
        <ele>3.0</ele>
      </trkpt>
      <trkpt lat="39.90011" lon="139.95847">
        <ele>3.0</ele>
      </trkpt>
      <trkpt lat="39.89986" lon="139.95881">
        <ele>3.0</ele>
      </trkpt>
      <trkpt lat="39.89967" lon="139.95905">
        <ele>3.2</ele>
      </trkpt>
      <trkpt lat="39.89954" lon="139.95922">
        <ele>3.6</ele>
      </trkpt>
      <trkpt lat="39.89952" lon="139.95926">
        <ele>3.6</ele>
      </trkpt>
      <trkpt lat="39.89942" lon="139.95939">
        <ele>3.9</ele>
      </trkpt>
      <trkpt lat="39.89936" lon="139.95949">
        <ele>4.1</ele>
      </trkpt>
      <trkpt lat="39.89928" lon="139.95961">
        <ele>4.3</ele>
      </trkpt>
      <trkpt lat="39.89923" lon="139.95968">
        <ele>4.5</ele>
      </trkpt>
      <trkpt lat="39.89918" lon="139.95976">
        <ele>4.7</ele>
      </trkpt>
      <trkpt lat="39.89895" lon="139.96012">
        <ele>5.6</ele>
      </trkpt>
      <trkpt lat="39.89891" lon="139.96018">
        <ele>5.9</ele>
      </trkpt>
      <trkpt lat="39.89886" lon="139.96026">
        <ele>6.2</ele>
      </trkpt>
      <trkpt lat="39.89861" lon="139.96064">
        <ele>7.3</ele>
      </trkpt>
      <trkpt lat="39.89857" lon="139.9607">
        <ele>7.4</ele>
      </trkpt>
      <trkpt lat="39.89853" lon="139.96076">
        <ele>7.5</ele>
      </trkpt>
      <trkpt lat="39.8985" lon="139.96082">
        <ele>7.6</ele>
      </trkpt>
      <trkpt lat="39.89846" lon="139.9609">
        <ele>7.5</ele>
      </trkpt>
      <trkpt lat="39.8984" lon="139.961">
        <ele>7.4</ele>
      </trkpt>
      <trkpt lat="39.8983" lon="139.96125">
        <ele>7.5</ele>
      </trkpt>
      <trkpt lat="39.89824" lon="139.96141">
        <ele>7.6</ele>
      </trkpt>
      <trkpt lat="39.8982" lon="139.96152">
        <ele>7.7</ele>
      </trkpt>
      <trkpt lat="39.89817" lon="139.96158">
        <ele>7.7</ele>
      </trkpt>
      <trkpt lat="39.89817" lon="139.96159">
        <ele>7.7</ele>
      </trkpt>
      <trkpt lat="39.89816" lon="139.96165">
        <ele>7.8</ele>
      </trkpt>
      <trkpt lat="39.89815" lon="139.96169">
        <ele>7.8</ele>
      </trkpt>
      <trkpt lat="39.89815" lon="139.96173">
        <ele>7.9</ele>
      </trkpt>
      <trkpt lat="39.89816" lon="139.96176">
        <ele>7.9</ele>
      </trkpt>
      <trkpt lat="39.89818" lon="139.9618">
        <ele>8.0</ele>
      </trkpt>
      <trkpt lat="39.89821" lon="139.96185">
        <ele>8.1</ele>
      </trkpt>
      <trkpt lat="39.89823" lon="139.96189">
        <ele>8.2</ele>
      </trkpt>
      <trkpt lat="39.8983" lon="139.96198">
        <ele>8.4</ele>
      </trkpt>
      <trkpt lat="39.89832" lon="139.96201">
        <ele>8.4</ele>
      </trkpt>
      <trkpt lat="39.89834" lon="139.96205">
        <ele>8.5</ele>
      </trkpt>
      <trkpt lat="39.89835" lon="139.96209">
        <ele>8.5</ele>
      </trkpt>
      <trkpt lat="39.89836" lon="139.96212">
        <ele>8.6</ele>
      </trkpt>
      <trkpt lat="39.89836" lon="139.96215">
        <ele>8.6</ele>
      </trkpt>
      <trkpt lat="39.89836" lon="139.96225">
        <ele>8.7</ele>
      </trkpt>
      <trkpt lat="39.89836" lon="139.96234">
        <ele>8.8</ele>
      </trkpt>
      <trkpt lat="39.89835" lon="139.96239">
        <ele>8.9</ele>
      </trkpt>
      <trkpt lat="39.89835" lon="139.96243">
        <ele>8.9</ele>
      </trkpt>
      <trkpt lat="39.89829" lon="139.96264">
        <ele>9.2</ele>
      </trkpt>
      <trkpt lat="39.89825" lon="139.96282">
        <ele>9.4</ele>
      </trkpt>
      <trkpt lat="39.89822" lon="139.96294">
        <ele>9.6</ele>
      </trkpt>
      <trkpt lat="39.89819" lon="139.96312">
        <ele>9.9</ele>
      </trkpt>
      <trkpt lat="39.89815" lon="139.9633">
        <ele>10.2</ele>
      </trkpt>
      <trkpt lat="39.89811" lon="139.96343">
        <ele>10.0</ele>
      </trkpt>
      <trkpt lat="39.89809" lon="139.96351">
        <ele>9.8</ele>
      </trkpt>
      <trkpt lat="39.89801" lon="139.96375">
        <ele>9.2</ele>
      </trkpt>
      <trkpt lat="39.89797" lon="139.96386">
        <ele>8.9</ele>
      </trkpt>
      <trkpt lat="39.89781" lon="139.96425">
        <ele>8.0</ele>
      </trkpt>
      <trkpt lat="39.89773" lon="139.96446">
        <ele>7.9</ele>
      </trkpt>
      <trkpt lat="39.89757" lon="139.96486">
        <ele>7.9</ele>
      </trkpt>
      <trkpt lat="39.89752" lon="139.96498">
        <ele>8.0</ele>
      </trkpt>
      <trkpt lat="39.8974" lon="139.96527">
        <ele>8.7</ele>
      </trkpt>
      <trkpt lat="39.8973" lon="139.96556">
        <ele>9.4</ele>
      </trkpt>
      <trkpt lat="39.89728" lon="139.9656">
        <ele>9.5</ele>
      </trkpt>
      <trkpt lat="39.89723" lon="139.96573">
        <ele>9.8</ele>
      </trkpt>
      <trkpt lat="39.89716" lon="139.96589">
        <ele>10.0</ele>
      </trkpt>
      <trkpt lat="39.89711" lon="139.96602">
        <ele>10.1</ele>
      </trkpt>
      <trkpt lat="39.89705" lon="139.96617">
        <ele>10.2</ele>
      </trkpt>
      <trkpt lat="39.8969" lon="139.96655">
        <ele>10.2</ele>
      </trkpt>
      <trkpt lat="39.89681" lon="139.96678">
        <ele>10.0</ele>
      </trkpt>
      <trkpt lat="39.89676" lon="139.96692">
        <ele>9.8</ele>
      </trkpt>
      <trkpt lat="39.89674" lon="139.96695">
        <ele>9.7</ele>
      </trkpt>
      <trkpt lat="39.89674" lon="139.96698">
        <ele>9.7</ele>
      </trkpt>
      <trkpt lat="39.89673" lon="139.96701">
        <ele>9.6</ele>
      </trkpt>
      <trkpt lat="39.89673" lon="139.96704">
        <ele>9.6</ele>
      </trkpt>
      <trkpt lat="39.89673" lon="139.96707">
        <ele>9.6</ele>
      </trkpt>
      <trkpt lat="39.89673" lon="139.96713">
        <ele>9.5</ele>
      </trkpt>
      <trkpt lat="39.89673" lon="139.96719">
        <ele>9.4</ele>
      </trkpt>
      <trkpt lat="39.89673" lon="139.9672">
        <ele>9.4</ele>
      </trkpt>
      <trkpt lat="39.89672" lon="139.96722">
        <ele>9.4</ele>
      </trkpt>
      <trkpt lat="39.89672" lon="139.96724">
        <ele>9.3</ele>
      </trkpt>
      <trkpt lat="39.8967" lon="139.96727">
        <ele>9.3</ele>
      </trkpt>
      <trkpt lat="39.89665" lon="139.96733">
        <ele>9.2</ele>
      </trkpt>
      <trkpt lat="39.89659" lon="139.9674">
        <ele>9.0</ele>
      </trkpt>
      <trkpt lat="39.89653" lon="139.96747">
        <ele>8.9</ele>
      </trkpt>
      <trkpt lat="39.89651" lon="139.96749">
        <ele>8.8</ele>
      </trkpt>
      <trkpt lat="39.89649" lon="139.96752">
        <ele>8.8</ele>
      </trkpt>
      <trkpt lat="39.89645" lon="139.96756">
        <ele>8.6</ele>
      </trkpt>
      <trkpt lat="39.89641" lon="139.96763">
        <ele>8.5</ele>
      </trkpt>
      <trkpt lat="39.89634" lon="139.96774">
        <ele>8.3</ele>
      </trkpt>
      <trkpt lat="39.89634" lon="139.96775">
        <ele>8.2</ele>
      </trkpt>
      <trkpt lat="39.89627" lon="139.96787">
        <ele>8.1</ele>
      </trkpt>
      <trkpt lat="39.89624" lon="139.96794">
        <ele>8.0</ele>
      </trkpt>
      <trkpt lat="39.89606" lon="139.96832">
        <ele>7.7</ele>
      </trkpt>
      <trkpt lat="39.89589" lon="139.96868">
        <ele>8.3</ele>
      </trkpt>
      <trkpt lat="39.89573" lon="139.96902">
        <ele>8.9</ele>
      </trkpt>
      <trkpt lat="39.89546" lon="139.96963">
        <ele>9.5</ele>
      </trkpt>
      <trkpt lat="39.89538" lon="139.96981">
        <ele>9.5</ele>
      </trkpt>
      <trkpt lat="39.89528" lon="139.97001">
        <ele>9.3</ele>
      </trkpt>
      <trkpt lat="39.89519" lon="139.97022">
        <ele>8.9</ele>
      </trkpt>
      <trkpt lat="39.89501" lon="139.97055">
        <ele>8.3</ele>
      </trkpt>
      <trkpt lat="39.89493" lon="139.97071">
        <ele>8.2</ele>
      </trkpt>
      <trkpt lat="39.89485" lon="139.9709">
        <ele>8.3</ele>
      </trkpt>
      <trkpt lat="39.89476" lon="139.97112">
        <ele>8.6</ele>
      </trkpt>
      <trkpt lat="39.89464" lon="139.97142">
        <ele>9.1</ele>
      </trkpt>
      <trkpt lat="39.89456" lon="139.97161">
        <ele>9.5</ele>
      </trkpt>
      <trkpt lat="39.8945" lon="139.97174">
        <ele>9.6</ele>
      </trkpt>
      <trkpt lat="39.89446" lon="139.97183">
        <ele>9.7</ele>
      </trkpt>
      <trkpt lat="39.89433" lon="139.97211">
        <ele>9.9</ele>
      </trkpt>
      <trkpt lat="39.89425" lon="139.97229">
        <ele>10.0</ele>
      </trkpt>
      <trkpt lat="39.89422" lon="139.97237">
        <ele>10.0</ele>
      </trkpt>
      <trkpt lat="39.8942" lon="139.97245">
        <ele>10.0</ele>
      </trkpt>
      <trkpt lat="39.89417" lon="139.97254">
        <ele>10.0</ele>
      </trkpt>
      <trkpt lat="39.89416" lon="139.97262">
        <ele>10.1</ele>
      </trkpt>
      <trkpt lat="39.89414" lon="139.97271">
        <ele>10.3</ele>
      </trkpt>
      <trkpt lat="39.89414" lon="139.97274">
        <ele>10.3</ele>
      </trkpt>
      <trkpt lat="39.89413" lon="139.97285">
        <ele>10.5</ele>
      </trkpt>
      <trkpt lat="39.89411" lon="139.97302">
        <ele>10.7</ele>
      </trkpt>
      <trkpt lat="39.8941" lon="139.97311">
        <ele>10.9</ele>
      </trkpt>
      <trkpt lat="39.8941" lon="139.97321">
        <ele>11.0</ele>
      </trkpt>
      <trkpt lat="39.89412" lon="139.97321">
        <ele>11.0</ele>
      </trkpt>
      <trkpt lat="39.89411" lon="139.97324">
        <ele>11.1</ele>
      </trkpt>
      <trkpt lat="39.89408" lon="139.97325">
        <ele>11.2</ele>
      </trkpt>
      <trkpt lat="39.89405" lon="139.97397">
        <ele>10.5</ele>
      </trkpt>
      <trkpt lat="39.89404" lon="139.97415">
        <ele>10.3</ele>
      </trkpt>
      <trkpt lat="39.89403" lon="139.97429">
        <ele>10.4</ele>
      </trkpt>
      <trkpt lat="39.89403" lon="139.97435">
        <ele>10.5</ele>
      </trkpt>
      <trkpt lat="39.89401" lon="139.97443">
        <ele>10.6</ele>
      </trkpt>
      <trkpt lat="39.89401" lon="139.97446">
        <ele>10.6</ele>
      </trkpt>
      <trkpt lat="39.894" lon="139.97449">
        <ele>10.6</ele>
      </trkpt>
      <trkpt lat="39.89399" lon="139.97455">
        <ele>10.7</ele>
      </trkpt>
      <trkpt lat="39.89396" lon="139.97464">
        <ele>10.8</ele>
      </trkpt>
      <trkpt lat="39.89394" lon="139.97471">
        <ele>10.8</ele>
      </trkpt>
      <trkpt lat="39.89393" lon="139.97473">
        <ele>10.9</ele>
      </trkpt>
      <trkpt lat="39.89387" lon="139.9749">
        <ele>11.0</ele>
      </trkpt>
      <trkpt lat="39.89383" lon="139.97499">
        <ele>11.0</ele>
      </trkpt>
      <trkpt lat="39.89379" lon="139.97509">
        <ele>11.1</ele>
      </trkpt>
      <trkpt lat="39.89372" lon="139.97524">
        <ele>11.3</ele>
      </trkpt>
      <trkpt lat="39.89361" lon="139.97543">
        <ele>11.9</ele>
      </trkpt>
      <trkpt lat="39.8936" lon="139.97546">
        <ele>11.9</ele>
      </trkpt>
      <trkpt lat="39.89316" lon="139.97617">
        <ele>12.2</ele>
      </trkpt>
      <trkpt lat="39.89312" lon="139.97623">
        <ele>11.9</ele>
      </trkpt>
      <trkpt lat="39.89304" lon="139.97637">
        <ele>11.3</ele>
      </trkpt>
      <trkpt lat="39.89297" lon="139.9765">
        <ele>10.9</ele>
      </trkpt>
      <trkpt lat="39.89284" lon="139.97674">
        <ele>10.2</ele>
      </trkpt>
      <trkpt lat="39.89277" lon="139.97686">
        <ele>9.8</ele>
      </trkpt>
      <trkpt lat="39.89275" lon="139.9769">
        <ele>9.7</ele>
      </trkpt>
      <trkpt lat="39.89274" lon="139.97693">
        <ele>9.6</ele>
      </trkpt>
      <trkpt lat="39.89271" lon="139.97699">
        <ele>9.4</ele>
      </trkpt>
      <trkpt lat="39.89256" lon="139.97727">
        <ele>8.6</ele>
      </trkpt>
      <trkpt lat="39.89242" lon="139.97758">
        <ele>7.8</ele>
      </trkpt>
      <trkpt lat="39.8923" lon="139.97782">
        <ele>7.5</ele>
      </trkpt>
      <trkpt lat="39.89228" lon="139.97787">
        <ele>7.5</ele>
      </trkpt>
      <trkpt lat="39.89219" lon="139.97806">
        <ele>7.4</ele>
      </trkpt>
      <trkpt lat="39.89212" lon="139.97818">
        <ele>7.5</ele>
      </trkpt>
      <trkpt lat="39.89208" lon="139.97825">
        <ele>7.6</ele>
      </trkpt>
      <trkpt lat="39.89206" lon="139.97829">
        <ele>7.6</ele>
      </trkpt>
      <trkpt lat="39.89193" lon="139.97851">
        <ele>7.7</ele>
      </trkpt>
      <trkpt lat="39.8919" lon="139.97855">
        <ele>7.7</ele>
      </trkpt>
      <trkpt lat="39.89176" lon="139.97877">
        <ele>7.7</ele>
      </trkpt>
      <trkpt lat="39.89155" lon="139.97911">
        <ele>7.3</ele>
      </trkpt>
      <trkpt lat="39.89154" lon="139.97913">
        <ele>7.2</ele>
      </trkpt>
      <trkpt lat="39.89151" lon="139.97918">
        <ele>7.2</ele>
      </trkpt>
      <trkpt lat="39.89149" lon="139.97922">
        <ele>7.2</ele>
      </trkpt>
      <trkpt lat="39.89144" lon="139.97931">
        <ele>7.3</ele>
      </trkpt>
      <trkpt lat="39.8914" lon="139.97937">
        <ele>7.3</ele>
      </trkpt>
      <trkpt lat="39.89137" lon="139.97942">
        <ele>7.4</ele>
      </trkpt>
      <trkpt lat="39.89133" lon="139.9795">
        <ele>7.4</ele>
      </trkpt>
      <trkpt lat="39.89132" lon="139.97954">
        <ele>7.4</ele>
      </trkpt>
      <trkpt lat="39.89116" lon="139.97987">
        <ele>7.6</ele>
      </trkpt>
      <trkpt lat="39.89098" lon="139.98024">
        <ele>8.1</ele>
      </trkpt>
      <trkpt lat="39.89097" lon="139.98025">
        <ele>8.1</ele>
      </trkpt>
      <trkpt lat="39.89094" lon="139.98031">
        <ele>8.2</ele>
      </trkpt>
      <trkpt lat="39.89087" lon="139.98046">
        <ele>8.5</ele>
      </trkpt>
      <trkpt lat="39.89083" lon="139.98054">
        <ele>8.6</ele>
      </trkpt>
      <trkpt lat="39.89081" lon="139.98056">
        <ele>8.7</ele>
      </trkpt>
      <trkpt lat="39.89076" lon="139.98066">
        <ele>8.8</ele>
      </trkpt>
      <trkpt lat="39.89072" lon="139.98073">
        <ele>8.9</ele>
      </trkpt>
      <trkpt lat="39.89068" lon="139.98078">
        <ele>8.9</ele>
      </trkpt>
      <trkpt lat="39.89059" lon="139.9809">
        <ele>9.0</ele>
      </trkpt>
      <trkpt lat="39.89057" lon="139.98094">
        <ele>9.0</ele>
      </trkpt>
      <trkpt lat="39.89055" lon="139.98096">
        <ele>9.0</ele>
      </trkpt>
      <trkpt lat="39.89038" lon="139.98121">
        <ele>9.0</ele>
      </trkpt>
      <trkpt lat="39.89035" lon="139.98125">
        <ele>9.0</ele>
      </trkpt>
      <trkpt lat="39.89032" lon="139.9813">
        <ele>9.0</ele>
      </trkpt>
      <trkpt lat="39.89014" lon="139.98155">
        <ele>9.0</ele>
      </trkpt>
      <trkpt lat="39.8901" lon="139.98159">
        <ele>9.0</ele>
      </trkpt>
      <trkpt lat="39.89005" lon="139.98163">
        <ele>9.0</ele>
      </trkpt>
      <trkpt lat="39.89004" lon="139.98165">
        <ele>9.0</ele>
      </trkpt>
      <trkpt lat="39.89001" lon="139.98169">
        <ele>9.0</ele>
      </trkpt>
      <trkpt lat="39.88997" lon="139.98174">
        <ele>8.9</ele>
      </trkpt>
      <trkpt lat="39.88983" lon="139.98193">
        <ele>8.9</ele>
      </trkpt>
      <trkpt lat="39.8898" lon="139.98198">
        <ele>8.9</ele>
      </trkpt>
      <trkpt lat="39.88974" lon="139.98206">
        <ele>8.8</ele>
      </trkpt>
      <trkpt lat="39.88965" lon="139.98197">
        <ele>9.1</ele>
      </trkpt>
      <trkpt lat="39.8896" lon="139.98206">
        <ele>9.0</ele>
      </trkpt>
      <trkpt lat="39.88969" lon="139.98213">
        <ele>8.8</ele>
      </trkpt>
      <trkpt lat="39.88961" lon="139.98225">
        <ele>8.8</ele>
      </trkpt>
      <trkpt lat="39.88953" lon="139.98237">
        <ele>8.7</ele>
      </trkpt>
      <trkpt lat="39.8895" lon="139.98243">
        <ele>8.7</ele>
      </trkpt>
      <trkpt lat="39.88948" lon="139.98245">
        <ele>8.7</ele>
      </trkpt>
      <trkpt lat="39.88946" lon="139.98249">
        <ele>8.7</ele>
      </trkpt>
      <trkpt lat="39.88943" lon="139.98255">
        <ele>8.6</ele>
      </trkpt>
      <trkpt lat="39.88942" lon="139.98259">
        <ele>8.5</ele>
      </trkpt>
      <trkpt lat="39.88939" lon="139.98266">
        <ele>8.4</ele>
      </trkpt>
      <trkpt lat="39.88934" lon="139.98277">
        <ele>8.3</ele>
      </trkpt>
      <trkpt lat="39.88925" lon="139.98301">
        <ele>8.2</ele>
      </trkpt>
      <trkpt lat="39.88923" lon="139.98307">
        <ele>8.1</ele>
      </trkpt>
      <trkpt lat="39.88919" lon="139.98317">
        <ele>8.1</ele>
      </trkpt>
      <trkpt lat="39.88915" lon="139.98325">
        <ele>8.1</ele>
      </trkpt>
      <trkpt lat="39.88909" lon="139.98339">
        <ele>7.9</ele>
      </trkpt>
      <trkpt lat="39.88905" lon="139.98346">
        <ele>7.9</ele>
      </trkpt>
      <trkpt lat="39.88902" lon="139.98351">
        <ele>7.9</ele>
      </trkpt>
      <trkpt lat="39.88896" lon="139.98364">
        <ele>7.8</ele>
      </trkpt>
      <trkpt lat="39.8888" lon="139.98393">
        <ele>7.9</ele>
      </trkpt>
      <trkpt lat="39.88877" lon="139.98397">
        <ele>8.0</ele>
      </trkpt>
      <trkpt lat="39.88875" lon="139.98402">
        <ele>8.0</ele>
      </trkpt>
      <trkpt lat="39.8886" lon="139.98427">
        <ele>8.4</ele>
      </trkpt>
      <trkpt lat="39.88856" lon="139.98434">
        <ele>8.6</ele>
      </trkpt>
      <trkpt lat="39.88853" lon="139.98438">
        <ele>8.7</ele>
      </trkpt>
      <trkpt lat="39.88843" lon="139.98454">
        <ele>9.1</ele>
      </trkpt>
      <trkpt lat="39.88834" lon="139.98469">
        <ele>9.6</ele>
      </trkpt>
      <trkpt lat="39.8883" lon="139.98473">
        <ele>9.6</ele>
      </trkpt>
      <trkpt lat="39.88818" lon="139.98492">
        <ele>9.7</ele>
      </trkpt>
      <trkpt lat="39.88815" lon="139.98496">
        <ele>9.7</ele>
      </trkpt>
      <trkpt lat="39.88804" lon="139.98512">
        <ele>9.5</ele>
      </trkpt>
      <trkpt lat="39.88801" lon="139.98517">
        <ele>9.4</ele>
      </trkpt>
      <trkpt lat="39.88753" lon="139.98587">
        <ele>9.0</ele>
      </trkpt>
      <trkpt lat="39.88742" lon="139.98602">
        <ele>8.8</ele>
      </trkpt>
      <trkpt lat="39.88738" lon="139.98608">
        <ele>8.8</ele>
      </trkpt>
      <trkpt lat="39.88729" lon="139.98621">
        <ele>8.6</ele>
      </trkpt>
      <trkpt lat="39.88717" lon="139.9864">
        <ele>8.5</ele>
      </trkpt>
      <trkpt lat="39.88714" lon="139.98645">
        <ele>8.5</ele>
      </trkpt>
      <trkpt lat="39.88705" lon="139.98659">
        <ele>8.4</ele>
      </trkpt>
      <trkpt lat="39.88701" lon="139.98664">
        <ele>8.4</ele>
      </trkpt>
      <trkpt lat="39.88697" lon="139.98669">
        <ele>8.4</ele>
      </trkpt>
      <trkpt lat="39.88679" lon="139.98694">
        <ele>8.4</ele>
      </trkpt>
      <trkpt lat="39.88671" lon="139.98705">
        <ele>8.5</ele>
      </trkpt>
      <trkpt lat="39.88668" lon="139.9871">
        <ele>8.5</ele>
      </trkpt>
      <trkpt lat="39.88652" lon="139.98732">
        <ele>9.0</ele>
      </trkpt>
      <trkpt lat="39.88649" lon="139.98736">
        <ele>9.0</ele>
      </trkpt>
      <trkpt lat="39.8864" lon="139.98749">
        <ele>9.3</ele>
      </trkpt>
      <trkpt lat="39.88622" lon="139.98775">
        <ele>9.5</ele>
      </trkpt>
      <trkpt lat="39.88619" lon="139.9878">
        <ele>9.6</ele>
      </trkpt>
      <trkpt lat="39.88611" lon="139.9879">
        <ele>9.7</ele>
      </trkpt>
      <trkpt lat="39.88589" lon="139.98823">
        <ele>9.9</ele>
      </trkpt>
      <trkpt lat="39.88585" lon="139.98828">
        <ele>10.0</ele>
      </trkpt>
      <trkpt lat="39.88565" lon="139.98857">
        <ele>9.6</ele>
      </trkpt>
      <trkpt lat="39.88562" lon="139.98862">
        <ele>9.5</ele>
      </trkpt>
      <trkpt lat="39.88545" lon="139.98886">
        <ele>9.1</ele>
      </trkpt>
      <trkpt lat="39.88539" lon="139.98895">
        <ele>8.9</ele>
      </trkpt>
      <trkpt lat="39.88536" lon="139.989">
        <ele>8.9</ele>
      </trkpt>
      <trkpt lat="39.88506" lon="139.98943">
        <ele>8.1</ele>
      </trkpt>
      <trkpt lat="39.88499" lon="139.98953">
        <ele>8.0</ele>
      </trkpt>
      <trkpt lat="39.88495" lon="139.98958">
        <ele>8.0</ele>
      </trkpt>
      <trkpt lat="39.88492" lon="139.98962">
        <ele>8.0</ele>
      </trkpt>
      <trkpt lat="39.88479" lon="139.9898">
        <ele>8.1</ele>
      </trkpt>
      <trkpt lat="39.88476" lon="139.98984">
        <ele>8.2</ele>
      </trkpt>
      <trkpt lat="39.88466" lon="139.98999">
        <ele>8.4</ele>
      </trkpt>
      <trkpt lat="39.88462" lon="139.99005">
        <ele>8.4</ele>
      </trkpt>
      <trkpt lat="39.88435" lon="139.99042">
        <ele>8.7</ele>
      </trkpt>
      <trkpt lat="39.88432" lon="139.99038">
        <ele>8.7</ele>
      </trkpt>
      <trkpt lat="39.88432" lon="139.99039">
        <ele>8.7</ele>
      </trkpt>
      <trkpt lat="39.88429" lon="139.99043">
        <ele>8.8</ele>
      </trkpt>
      <trkpt lat="39.88432" lon="139.99047">
        <ele>8.7</ele>
      </trkpt>
      <trkpt lat="39.88392" lon="139.99103">
        <ele>8.9</ele>
      </trkpt>
      <trkpt lat="39.88389" lon="139.99108">
        <ele>8.9</ele>
      </trkpt>
      <trkpt lat="39.88385" lon="139.99114">
        <ele>8.9</ele>
      </trkpt>
      <trkpt lat="39.88381" lon="139.99119">
        <ele>8.9</ele>
      </trkpt>
      <trkpt lat="39.88361" lon="139.99148">
        <ele>9.3</ele>
      </trkpt>
      <trkpt lat="39.88359" lon="139.99151">
        <ele>9.3</ele>
      </trkpt>
      <trkpt lat="39.88349" lon="139.99165">
        <ele>9.6</ele>
      </trkpt>
      <trkpt lat="39.88331" lon="139.9919">
        <ele>10.0</ele>
      </trkpt>
      <trkpt lat="39.88321" lon="139.99205">
        <ele>9.9</ele>
      </trkpt>
      <trkpt lat="39.88318" lon="139.9921">
        <ele>9.8</ele>
      </trkpt>
      <trkpt lat="39.88298" lon="139.99238">
        <ele>9.6</ele>
      </trkpt>
      <trkpt lat="39.88295" lon="139.99244">
        <ele>9.5</ele>
      </trkpt>
      <trkpt lat="39.88286" lon="139.99257">
        <ele>9.4</ele>
      </trkpt>
      <trkpt lat="39.88282" lon="139.99262">
        <ele>9.4</ele>
      </trkpt>
      <trkpt lat="39.88246" lon="139.99315">
        <ele>9.8</ele>
      </trkpt>
      <trkpt lat="39.88242" lon="139.9932">
        <ele>9.8</ele>
      </trkpt>
      <trkpt lat="39.88229" lon="139.99338">
        <ele>10.0</ele>
      </trkpt>
      <trkpt lat="39.88226" lon="139.99343">
        <ele>10.0</ele>
      </trkpt>
      <trkpt lat="39.88215" lon="139.99357">
        <ele>10.0</ele>
      </trkpt>
      <trkpt lat="39.88212" lon="139.99363">
        <ele>10.0</ele>
      </trkpt>
      <trkpt lat="39.882" lon="139.99381">
        <ele>10.0</ele>
      </trkpt>
      <trkpt lat="39.88198" lon="139.99384">
        <ele>10.0</ele>
      </trkpt>
      <trkpt lat="39.88195" lon="139.9939">
        <ele>10.0</ele>
      </trkpt>
      <trkpt lat="39.88193" lon="139.99393">
        <ele>10.0</ele>
      </trkpt>
      <trkpt lat="39.88153" lon="139.9945">
        <ele>9.6</ele>
      </trkpt>
      <trkpt lat="39.8815" lon="139.99454">
        <ele>9.6</ele>
      </trkpt>
      <trkpt lat="39.88148" lon="139.99459">
        <ele>9.6</ele>
      </trkpt>
      <trkpt lat="39.88145" lon="139.99462">
        <ele>9.6</ele>
      </trkpt>
      <trkpt lat="39.88141" lon="139.99468">
        <ele>9.6</ele>
      </trkpt>
      <trkpt lat="39.88139" lon="139.99472">
        <ele>9.7</ele>
      </trkpt>
      <trkpt lat="39.88129" lon="139.99486">
        <ele>9.8</ele>
      </trkpt>
      <trkpt lat="39.88126" lon="139.9949">
        <ele>9.9</ele>
      </trkpt>
      <trkpt lat="39.88041" lon="139.99613">
        <ele>9.8</ele>
      </trkpt>
      <trkpt lat="39.88012" lon="139.99655">
        <ele>9.7</ele>
      </trkpt>
      <trkpt lat="39.8801" lon="139.99658">
        <ele>9.8</ele>
      </trkpt>
      <trkpt lat="39.88003" lon="139.99668">
        <ele>9.9</ele>
      </trkpt>
      <trkpt lat="39.88" lon="139.99672">
        <ele>10.0</ele>
      </trkpt>
      <trkpt lat="39.87955" lon="139.99736">
        <ele>9.9</ele>
      </trkpt>
      <trkpt lat="39.87954" lon="139.99738">
        <ele>9.9</ele>
      </trkpt>
      <trkpt lat="39.87927" lon="139.99778">
        <ele>9.6</ele>
      </trkpt>
      <trkpt lat="39.87899" lon="139.99818">
        <ele>9.7</ele>
      </trkpt>
      <trkpt lat="39.8785" lon="139.99888">
        <ele>10.7</ele>
      </trkpt>
      <trkpt lat="39.87839" lon="139.99903">
        <ele>11.0</ele>
      </trkpt>
      <trkpt lat="39.87825" lon="139.99921">
        <ele>11.0</ele>
      </trkpt>
      <trkpt lat="39.87794" lon="139.99957">
        <ele>11.0</ele>
      </trkpt>
      <trkpt lat="39.87762" lon="139.99991">
        <ele>11.0</ele>
      </trkpt>
      <trkpt lat="39.87727" lon="140.0003">
        <ele>10.3</ele>
      </trkpt>
      <trkpt lat="39.87713" lon="140.00047">
        <ele>10.2</ele>
      </trkpt>
      <trkpt lat="39.87711" lon="140.00048">
        <ele>10.2</ele>
      </trkpt>
      <trkpt lat="39.8767" lon="140.00094">
        <ele>11.2</ele>
      </trkpt>
      <trkpt lat="39.87584" lon="140.0019">
        <ele>10.7</ele>
      </trkpt>
      <trkpt lat="39.87536" lon="140.00243">
        <ele>10.6</ele>
      </trkpt>
      <trkpt lat="39.87488" lon="140.00297">
        <ele>10.5</ele>
      </trkpt>
      <trkpt lat="39.87489" lon="140.00299">
        <ele>10.5</ele>
      </trkpt>
      <trkpt lat="39.87456" lon="140.00336">
        <ele>11.1</ele>
      </trkpt>
      <trkpt lat="39.87442" lon="140.00353">
        <ele>11.4</ele>
      </trkpt>
      <trkpt lat="39.87391" lon="140.0041">
        <ele>12.0</ele>
      </trkpt>
      <trkpt lat="39.87347" lon="140.00462">
        <ele>11.8</ele>
      </trkpt>
      <trkpt lat="39.87314" lon="140.00503">
        <ele>11.7</ele>
      </trkpt>
      <trkpt lat="39.87297" lon="140.00523">
        <ele>11.4</ele>
      </trkpt>
      <trkpt lat="39.87253" lon="140.00579">
        <ele>11.9</ele>
      </trkpt>
      <trkpt lat="39.87246" lon="140.00588">
        <ele>11.9</ele>
      </trkpt>
      <trkpt lat="39.87212" lon="140.0063">
        <ele>11.4</ele>
      </trkpt>
      <trkpt lat="39.8721" lon="140.00632">
        <ele>11.4</ele>
      </trkpt>
      <trkpt lat="39.87197" lon="140.00648">
        <ele>11.4</ele>
      </trkpt>
      <trkpt lat="39.87181" lon="140.00668">
        <ele>11.6</ele>
      </trkpt>
      <trkpt lat="39.87179" lon="140.00671">
        <ele>11.7</ele>
      </trkpt>
      <trkpt lat="39.87143" lon="140.00717">
        <ele>11.5</ele>
      </trkpt>
      <trkpt lat="39.87116" lon="140.00748">
        <ele>11.6</ele>
      </trkpt>
      <trkpt lat="39.87082" lon="140.00786">
        <ele>11.6</ele>
      </trkpt>
      <trkpt lat="39.87022" lon="140.00855">
        <ele>11.5</ele>
      </trkpt>
      <trkpt lat="39.86977" lon="140.00907">
        <ele>11.7</ele>
      </trkpt>
      <trkpt lat="39.86973" lon="140.00911">
        <ele>11.7</ele>
      </trkpt>
      <trkpt lat="39.86926" lon="140.00968">
        <ele>12.1</ele>
      </trkpt>
      <trkpt lat="39.86925" lon="140.00969">
        <ele>12.1</ele>
      </trkpt>
      <trkpt lat="39.86894" lon="140.01004">
        <ele>12.9</ele>
      </trkpt>
      <trkpt lat="39.86879" lon="140.01022">
        <ele>12.7</ele>
      </trkpt>
      <trkpt lat="39.86865" lon="140.01038">
        <ele>12.7</ele>
      </trkpt>
      <trkpt lat="39.86831" lon="140.01079">
        <ele>13.0</ele>
      </trkpt>
      <trkpt lat="39.86827" lon="140.01084">
        <ele>13.0</ele>
      </trkpt>
      <trkpt lat="39.86819" lon="140.01094">
        <ele>12.8</ele>
      </trkpt>
      <trkpt lat="39.868" lon="140.01116">
        <ele>12.7</ele>
      </trkpt>
      <trkpt lat="39.8678" lon="140.0114">
        <ele>12.9</ele>
      </trkpt>
      <trkpt lat="39.86777" lon="140.01144">
        <ele>13.0</ele>
      </trkpt>
      <trkpt lat="39.86772" lon="140.01149">
        <ele>13.2</ele>
      </trkpt>
      <trkpt lat="39.86751" lon="140.01174">
        <ele>13.8</ele>
      </trkpt>
      <trkpt lat="39.86744" lon="140.01184">
        <ele>13.4</ele>
      </trkpt>
      <trkpt lat="39.86735" lon="140.01194">
        <ele>13.0</ele>
      </trkpt>
      <trkpt lat="39.86732" lon="140.01197">
        <ele>12.9</ele>
      </trkpt>
      <trkpt lat="39.8673" lon="140.01199">
        <ele>12.8</ele>
      </trkpt>
      <trkpt lat="39.8671" lon="140.01219">
        <ele>12.2</ele>
      </trkpt>
      <trkpt lat="39.86706" lon="140.01223">
        <ele>12.1</ele>
      </trkpt>
      <trkpt lat="39.86673" lon="140.01263">
        <ele>11.8</ele>
      </trkpt>
      <trkpt lat="39.86653" lon="140.01286">
        <ele>11.5</ele>
      </trkpt>
      <trkpt lat="39.86625" lon="140.01318">
        <ele>11.1</ele>
      </trkpt>
      <trkpt lat="39.8662" lon="140.01325">
        <ele>11.0</ele>
      </trkpt>
      <trkpt lat="39.86593" lon="140.01356">
        <ele>11.0</ele>
      </trkpt>
      <trkpt lat="39.86567" lon="140.01386">
        <ele>11.2</ele>
      </trkpt>
      <trkpt lat="39.86526" lon="140.01432">
        <ele>12.4</ele>
      </trkpt>
      <trkpt lat="39.86515" lon="140.01445">
        <ele>12.7</ele>
      </trkpt>
      <trkpt lat="39.86489" lon="140.01474">
        <ele>12.9</ele>
      </trkpt>
      <trkpt lat="39.86428" lon="140.01544">
        <ele>12.5</ele>
      </trkpt>
      <trkpt lat="39.86408" lon="140.01567">
        <ele>12.1</ele>
      </trkpt>
      <trkpt lat="39.86395" lon="140.01582">
        <ele>11.8</ele>
      </trkpt>
      <trkpt lat="39.86394" lon="140.01582">
        <ele>11.7</ele>
      </trkpt>
      <trkpt lat="39.8636" lon="140.01617">
        <ele>11.9</ele>
      </trkpt>
      <trkpt lat="39.86346" lon="140.01632">
        <ele>11.8</ele>
      </trkpt>
      <trkpt lat="39.86339" lon="140.01641">
        <ele>11.8</ele>
      </trkpt>
      <trkpt lat="39.86298" lon="140.01688">
        <ele>12.3</ele>
      </trkpt>
      <trkpt lat="39.86275" lon="140.01714">
        <ele>13.2</ele>
      </trkpt>
      <trkpt lat="39.86262" lon="140.01729">
        <ele>13.9</ele>
      </trkpt>
      <trkpt lat="39.86238" lon="140.01757">
        <ele>14.7</ele>
      </trkpt>
      <trkpt lat="39.86234" lon="140.01762">
        <ele>14.6</ele>
      </trkpt>
      <trkpt lat="39.86227" lon="140.0177">
        <ele>14.5</ele>
      </trkpt>
      <trkpt lat="39.86217" lon="140.01784">
        <ele>14.4</ele>
      </trkpt>
      <trkpt lat="39.86213" lon="140.01789">
        <ele>14.3</ele>
      </trkpt>
      <trkpt lat="39.86201" lon="140.01805">
        <ele>14.3</ele>
      </trkpt>
      <trkpt lat="39.86171" lon="140.01839">
        <ele>14.1</ele>
      </trkpt>
      <trkpt lat="39.86164" lon="140.01847">
        <ele>13.9</ele>
      </trkpt>
      <trkpt lat="39.86159" lon="140.01851">
        <ele>13.8</ele>
      </trkpt>
      <trkpt lat="39.86158" lon="140.01853">
        <ele>13.8</ele>
      </trkpt>
      <trkpt lat="39.8615" lon="140.0186">
        <ele>13.6</ele>
      </trkpt>
      <trkpt lat="39.86144" lon="140.01864">
        <ele>13.6</ele>
      </trkpt>
      <trkpt lat="39.86141" lon="140.01867">
        <ele>13.6</ele>
      </trkpt>
      <trkpt lat="39.86113" lon="140.01886">
        <ele>14.3</ele>
      </trkpt>
      <trkpt lat="39.86097" lon="140.01897">
        <ele>15.1</ele>
      </trkpt>
      <trkpt lat="39.86001" lon="140.01963">
        <ele>17.7</ele>
      </trkpt>
      <trkpt lat="39.85967" lon="140.01986">
        <ele>16.8</ele>
      </trkpt>
      <trkpt lat="39.85906" lon="140.02029">
        <ele>14.8</ele>
      </trkpt>
      <trkpt lat="39.85899" lon="140.02034">
        <ele>14.9</ele>
      </trkpt>
      <trkpt lat="39.85884" lon="140.02044">
        <ele>15.3</ele>
      </trkpt>
      <trkpt lat="39.85827" lon="140.02076">
        <ele>17.9</ele>
      </trkpt>
      <trkpt lat="39.85817" lon="140.02081">
        <ele>18.5</ele>
      </trkpt>
      <trkpt lat="39.85768" lon="140.02109">
        <ele>20.5</ele>
      </trkpt>
      <trkpt lat="39.85734" lon="140.02128">
        <ele>21.4</ele>
      </trkpt>
      <trkpt lat="39.85724" lon="140.02134">
        <ele>21.5</ele>
      </trkpt>
      <trkpt lat="39.85702" lon="140.02147">
        <ele>22.1</ele>
      </trkpt>
      <trkpt lat="39.85685" lon="140.02156">
        <ele>22.8</ele>
      </trkpt>
      <trkpt lat="39.85677" lon="140.0216">
        <ele>23.3</ele>
      </trkpt>
      <trkpt lat="39.85669" lon="140.02167">
        <ele>23.9</ele>
      </trkpt>
      <trkpt lat="39.85576" lon="140.02237">
        <ele>16.1</ele>
      </trkpt>
      <trkpt lat="39.8556" lon="140.02249">
        <ele>15.7</ele>
      </trkpt>
      <trkpt lat="39.85482" lon="140.02307">
        <ele>16.5</ele>
      </trkpt>
      <trkpt lat="39.85458" lon="140.02326">
        <ele>16.3</ele>
      </trkpt>
      <trkpt lat="39.85424" lon="140.02351">
        <ele>15.6</ele>
      </trkpt>
      <trkpt lat="39.85393" lon="140.02375">
        <ele>15.4</ele>
      </trkpt>
      <trkpt lat="39.85379" lon="140.02386">
        <ele>15.5</ele>
      </trkpt>
      <trkpt lat="39.85319" lon="140.0243">
        <ele>16.1</ele>
      </trkpt>
      <trkpt lat="39.85298" lon="140.02447">
        <ele>16.1</ele>
      </trkpt>
      <trkpt lat="39.85297" lon="140.02447">
        <ele>16.1</ele>
      </trkpt>
      <trkpt lat="39.8527" lon="140.02468">
        <ele>16.0</ele>
      </trkpt>
      <trkpt lat="39.8525" lon="140.02483">
        <ele>15.8</ele>
      </trkpt>
      <trkpt lat="39.85247" lon="140.02485">
        <ele>15.7</ele>
      </trkpt>
      <trkpt lat="39.85184" lon="140.02532">
        <ele>13.2</ele>
      </trkpt>
      <trkpt lat="39.85181" lon="140.02535">
        <ele>13.0</ele>
      </trkpt>
      <trkpt lat="39.85115" lon="140.02583">
        <ele>13.2</ele>
      </trkpt>
      <trkpt lat="39.85069" lon="140.02617">
        <ele>13.2</ele>
      </trkpt>
      <trkpt lat="39.85053" lon="140.02628">
        <ele>12.8</ele>
      </trkpt>
      <trkpt lat="39.85016" lon="140.02656">
        <ele>12.1</ele>
      </trkpt>
      <trkpt lat="39.84983" lon="140.0268">
        <ele>11.9</ele>
      </trkpt>
      <trkpt lat="39.84935" lon="140.02715">
        <ele>12.1</ele>
      </trkpt>
      <trkpt lat="39.8493" lon="140.02719">
        <ele>12.2</ele>
      </trkpt>
      <trkpt lat="39.84905" lon="140.02737">
        <ele>12.6</ele>
      </trkpt>
      <trkpt lat="39.84875" lon="140.02759">
        <ele>12.3</ele>
      </trkpt>
      <trkpt lat="39.84871" lon="140.02762">
        <ele>12.2</ele>
      </trkpt>
      <trkpt lat="39.84841" lon="140.02783">
        <ele>11.7</ele>
      </trkpt>
      <trkpt lat="39.84815" lon="140.02804">
        <ele>11.5</ele>
      </trkpt>
      <trkpt lat="39.84785" lon="140.02829">
        <ele>11.6</ele>
      </trkpt>
      <trkpt lat="39.84775" lon="140.02837">
        <ele>11.8</ele>
      </trkpt>
      <trkpt lat="39.84746" lon="140.02861">
        <ele>13.1</ele>
      </trkpt>
      <trkpt lat="39.84717" lon="140.02885">
        <ele>14.2</ele>
      </trkpt>
      <trkpt lat="39.84711" lon="140.02889">
        <ele>14.3</ele>
      </trkpt>
      <trkpt lat="39.84679" lon="140.02915">
        <ele>15.0</ele>
      </trkpt>
      <trkpt lat="39.84678" lon="140.02915">
        <ele>15.0</ele>
      </trkpt>
      <trkpt lat="39.8465" lon="140.02938">
        <ele>14.9</ele>
      </trkpt>
      <trkpt lat="39.84638" lon="140.02948">
        <ele>14.8</ele>
      </trkpt>
      <trkpt lat="39.84602" lon="140.02977">
        <ele>14.7</ele>
      </trkpt>
      <trkpt lat="39.84578" lon="140.02996">
        <ele>14.7</ele>
      </trkpt>
      <trkpt lat="39.84571" lon="140.03002">
        <ele>14.5</ele>
      </trkpt>
      <trkpt lat="39.84539" lon="140.03027">
        <ele>13.4</ele>
      </trkpt>
      <trkpt lat="39.84508" lon="140.03052">
        <ele>13.3</ele>
      </trkpt>
      <trkpt lat="39.84474" lon="140.03079">
        <ele>13.3</ele>
      </trkpt>
      <trkpt lat="39.8446" lon="140.03089">
        <ele>13.1</ele>
      </trkpt>
      <trkpt lat="39.84452" lon="140.03094">
        <ele>13.0</ele>
      </trkpt>
      <trkpt lat="39.84448" lon="140.03098">
        <ele>13.0</ele>
      </trkpt>
      <trkpt lat="39.84425" lon="140.03114">
        <ele>12.9</ele>
      </trkpt>
      <trkpt lat="39.84338" lon="140.03176">
        <ele>13.4</ele>
      </trkpt>
      <trkpt lat="39.84305" lon="140.032">
        <ele>14.3</ele>
      </trkpt>
      <trkpt lat="39.84272" lon="140.03224">
        <ele>14.8</ele>
      </trkpt>
      <trkpt lat="39.8424" lon="140.03246">
        <ele>15.1</ele>
      </trkpt>
      <trkpt lat="39.84221" lon="140.0326">
        <ele>15.4</ele>
      </trkpt>
      <trkpt lat="39.84213" lon="140.03265">
        <ele>15.6</ele>
      </trkpt>
      <trkpt lat="39.84209" lon="140.03269">
        <ele>15.7</ele>
      </trkpt>
      <trkpt lat="39.84197" lon="140.03275">
        <ele>16.0</ele>
      </trkpt>
      <trkpt lat="39.84189" lon="140.0328">
        <ele>16.3</ele>
      </trkpt>
      <trkpt lat="39.84182" lon="140.03283">
        <ele>16.5</ele>
      </trkpt>
      <trkpt lat="39.84175" lon="140.03286">
        <ele>16.7</ele>
      </trkpt>
      <trkpt lat="39.84133" lon="140.03305">
        <ele>17.6</ele>
      </trkpt>
      <trkpt lat="39.84121" lon="140.0331">
        <ele>17.8</ele>
      </trkpt>
      <trkpt lat="39.84084" lon="140.03325">
        <ele>18.7</ele>
      </trkpt>
      <trkpt lat="39.84054" lon="140.03337">
        <ele>17.7</ele>
      </trkpt>
      <trkpt lat="39.84024" lon="140.03349">
        <ele>16.3</ele>
      </trkpt>
      <trkpt lat="39.83994" lon="140.03361">
        <ele>15.0</ele>
      </trkpt>
      <trkpt lat="39.83985" lon="140.03365">
        <ele>14.9</ele>
      </trkpt>
      <trkpt lat="39.83957" lon="140.03377">
        <ele>14.8</ele>
      </trkpt>
      <trkpt lat="39.83954" lon="140.03378">
        <ele>14.7</ele>
      </trkpt>
      <trkpt lat="39.83914" lon="140.03395">
        <ele>14.8</ele>
      </trkpt>
      <trkpt lat="39.83897" lon="140.03403">
        <ele>15.3</ele>
      </trkpt>
      <trkpt lat="39.8384" lon="140.03429">
        <ele>17.0</ele>
      </trkpt>
      <trkpt lat="39.83743" lon="140.03486">
        <ele>14.2</ele>
      </trkpt>
      <trkpt lat="39.83709" lon="140.03506">
        <ele>13.6</ele>
      </trkpt>
      <trkpt lat="39.83693" lon="140.03516">
        <ele>13.6</ele>
      </trkpt>
      <trkpt lat="39.83667" lon="140.03529">
        <ele>13.7</ele>
      </trkpt>
      <trkpt lat="39.83646" lon="140.0354">
        <ele>13.7</ele>
      </trkpt>
      <trkpt lat="39.83616" lon="140.03557">
        <ele>13.3</ele>
      </trkpt>
      <trkpt lat="39.83601" lon="140.03566">
        <ele>12.9</ele>
      </trkpt>
      <trkpt lat="39.8356" lon="140.0359">
        <ele>12.9</ele>
      </trkpt>
      <trkpt lat="39.83533" lon="140.03606">
        <ele>13.7</ele>
      </trkpt>
      <trkpt lat="39.83514" lon="140.03617">
        <ele>14.0</ele>
      </trkpt>
      <trkpt lat="39.83473" lon="140.03642">
        <ele>14.0</ele>
      </trkpt>
      <trkpt lat="39.8345" lon="140.03656">
        <ele>14.2</ele>
      </trkpt>
      <trkpt lat="39.83436" lon="140.03664">
        <ele>14.5</ele>
      </trkpt>
      <trkpt lat="39.83401" lon="140.03685">
        <ele>15.8</ele>
      </trkpt>
      <trkpt lat="39.83304" lon="140.03742">
        <ele>15.6</ele>
      </trkpt>
      <trkpt lat="39.833" lon="140.03745">
        <ele>15.6</ele>
      </trkpt>
      <trkpt lat="39.83292" lon="140.03749">
        <ele>15.5</ele>
      </trkpt>
      <trkpt lat="39.83284" lon="140.03754">
        <ele>15.5</ele>
      </trkpt>
      <trkpt lat="39.83269" lon="140.03763">
        <ele>15.5</ele>
      </trkpt>
      <trkpt lat="39.8317" lon="140.03823">
        <ele>15.2</ele>
      </trkpt>
      <trkpt lat="39.83145" lon="140.03839">
        <ele>15.3</ele>
      </trkpt>
      <trkpt lat="39.83122" lon="140.03853">
        <ele>15.6</ele>
      </trkpt>
      <trkpt lat="39.83104" lon="140.03864">
        <ele>15.8</ele>
      </trkpt>
      <trkpt lat="39.83098" lon="140.03868">
        <ele>15.9</ele>
      </trkpt>
      <trkpt lat="39.83074" lon="140.03883">
        <ele>16.0</ele>
      </trkpt>
      <trkpt lat="39.83068" lon="140.03887">
        <ele>16.1</ele>
      </trkpt>
      <trkpt lat="39.83062" lon="140.03889">
        <ele>16.1</ele>
      </trkpt>
      <trkpt lat="39.83053" lon="140.03892">
        <ele>16.1</ele>
      </trkpt>
      <trkpt lat="39.83048" lon="140.03894">
        <ele>16.1</ele>
      </trkpt>
      <trkpt lat="39.8304" lon="140.03897">
        <ele>16.1</ele>
      </trkpt>
      <trkpt lat="39.83029" lon="140.03904">
        <ele>16.1</ele>
      </trkpt>
      <trkpt lat="39.83021" lon="140.03909">
        <ele>16.1</ele>
      </trkpt>
      <trkpt lat="39.83013" lon="140.03916">
        <ele>16.0</ele>
      </trkpt>
      <trkpt lat="39.83007" lon="140.03921">
        <ele>16.1</ele>
      </trkpt>
      <trkpt lat="39.82992" lon="140.03933">
        <ele>16.5</ele>
      </trkpt>
      <trkpt lat="39.82983" lon="140.03938">
        <ele>16.6</ele>
      </trkpt>
      <trkpt lat="39.82966" lon="140.03949">
        <ele>16.8</ele>
      </trkpt>
      <trkpt lat="39.82961" lon="140.03952">
        <ele>16.8</ele>
      </trkpt>
      <trkpt lat="39.82945" lon="140.03962">
        <ele>17.0</ele>
      </trkpt>
      <trkpt lat="39.82929" lon="140.03972">
        <ele>17.1</ele>
      </trkpt>
      <trkpt lat="39.82904" lon="140.03987">
        <ele>17.2</ele>
      </trkpt>
      <trkpt lat="39.82896" lon="140.03992">
        <ele>17.1</ele>
      </trkpt>
      <trkpt lat="39.82824" lon="140.04036">
        <ele>16.6</ele>
      </trkpt>
      <trkpt lat="39.82773" lon="140.04068">
        <ele>16.9</ele>
      </trkpt>
      <trkpt lat="39.82766" lon="140.04072">
        <ele>17.0</ele>
      </trkpt>
      <trkpt lat="39.8275" lon="140.04082">
        <ele>17.0</ele>
      </trkpt>
      <trkpt lat="39.82747" lon="140.04083">
        <ele>17.0</ele>
      </trkpt>
      <trkpt lat="39.827" lon="140.04111">
        <ele>18.5</ele>
      </trkpt>
      <trkpt lat="39.82684" lon="140.0412">
        <ele>19.1</ele>
      </trkpt>
      <trkpt lat="39.82646" lon="140.04142">
        <ele>20.6</ele>
      </trkpt>
      <trkpt lat="39.82613" lon="140.0416">
        <ele>20.8</ele>
      </trkpt>
      <trkpt lat="39.82607" lon="140.04163">
        <ele>20.7</ele>
      </trkpt>
      <trkpt lat="39.82596" lon="140.04169">
        <ele>20.6</ele>
      </trkpt>
      <trkpt lat="39.8258" lon="140.04178">
        <ele>20.7</ele>
      </trkpt>
      <trkpt lat="39.8257" lon="140.04183">
        <ele>20.8</ele>
      </trkpt>
      <trkpt lat="39.82556" lon="140.04191">
        <ele>20.8</ele>
      </trkpt>
      <trkpt lat="39.82546" lon="140.04196">
        <ele>20.7</ele>
      </trkpt>
      <trkpt lat="39.82522" lon="140.04209">
        <ele>20.5</ele>
      </trkpt>
      <trkpt lat="39.82496" lon="140.04223">
        <ele>19.9</ele>
      </trkpt>
      <trkpt lat="39.82481" lon="140.04232">
        <ele>19.9</ele>
      </trkpt>
      <trkpt lat="39.82474" lon="140.04237">
        <ele>20.0</ele>
      </trkpt>
      <trkpt lat="39.8245" lon="140.04254">
        <ele>20.0</ele>
      </trkpt>
      <trkpt lat="39.82404" lon="140.04286">
        <ele>20.5</ele>
      </trkpt>
      <trkpt lat="39.82401" lon="140.04288">
        <ele>20.6</ele>
      </trkpt>
      <trkpt lat="39.82391" lon="140.04296">
        <ele>20.7</ele>
      </trkpt>
      <trkpt lat="39.82389" lon="140.04298">
        <ele>20.7</ele>
      </trkpt>
      <trkpt lat="39.82355" lon="140.04322">
        <ele>20.5</ele>
      </trkpt>
      <trkpt lat="39.8234" lon="140.04333">
        <ele>20.2</ele>
      </trkpt>
      <trkpt lat="39.8229" lon="140.04369">
        <ele>19.3</ele>
      </trkpt>
      <trkpt lat="39.82251" lon="140.04396">
        <ele>19.0</ele>
      </trkpt>
      <trkpt lat="39.82224" lon="140.04416">
        <ele>18.7</ele>
      </trkpt>
      <trkpt lat="39.82213" lon="140.04424">
        <ele>18.6</ele>
      </trkpt>
      <trkpt lat="39.82203" lon="140.04431">
        <ele>18.5</ele>
      </trkpt>
      <trkpt lat="39.82191" lon="140.04439">
        <ele>18.4</ele>
      </trkpt>
      <trkpt lat="39.82176" lon="140.0445">
        <ele>18.2</ele>
      </trkpt>
      <trkpt lat="39.82154" lon="140.04464">
        <ele>17.8</ele>
      </trkpt>
      <trkpt lat="39.82128" lon="140.04482">
        <ele>17.2</ele>
      </trkpt>
      <trkpt lat="39.82097" lon="140.04503">
        <ele>16.3</ele>
      </trkpt>
      <trkpt lat="39.82073" lon="140.04519">
        <ele>16.1</ele>
      </trkpt>
      <trkpt lat="39.82048" lon="140.04535">
        <ele>16.4</ele>
      </trkpt>
      <trkpt lat="39.82014" lon="140.04559">
        <ele>16.8</ele>
      </trkpt>
      <trkpt lat="39.81987" lon="140.04578">
        <ele>17.0</ele>
      </trkpt>
      <trkpt lat="39.81945" lon="140.04607">
        <ele>17.1</ele>
      </trkpt>
      <trkpt lat="39.81942" lon="140.04609">
        <ele>17.1</ele>
      </trkpt>
      <trkpt lat="39.81902" lon="140.04636">
        <ele>17.1</ele>
      </trkpt>
      <trkpt lat="39.81864" lon="140.04662">
        <ele>17.0</ele>
      </trkpt>
      <trkpt lat="39.81778" lon="140.04719">
        <ele>17.4</ele>
      </trkpt>
      <trkpt lat="39.81775" lon="140.04721">
        <ele>17.5</ele>
      </trkpt>
      <trkpt lat="39.81763" lon="140.0473">
        <ele>17.6</ele>
      </trkpt>
      <trkpt lat="39.81715" lon="140.04763">
        <ele>17.6</ele>
      </trkpt>
      <trkpt lat="39.81698" lon="140.04774">
        <ele>17.4</ele>
      </trkpt>
      <trkpt lat="39.8167" lon="140.04793">
        <ele>17.5</ele>
      </trkpt>
      <trkpt lat="39.81662" lon="140.04798">
        <ele>17.6</ele>
      </trkpt>
      <trkpt lat="39.81638" lon="140.04814">
        <ele>17.9</ele>
      </trkpt>
      <trkpt lat="39.81633" lon="140.04818">
        <ele>18.0</ele>
      </trkpt>
      <trkpt lat="39.81581" lon="140.04855">
        <ele>17.5</ele>
      </trkpt>
      <trkpt lat="39.81565" lon="140.04866">
        <ele>17.2</ele>
      </trkpt>
      <trkpt lat="39.81553" lon="140.04874">
        <ele>17.0</ele>
      </trkpt>
      <trkpt lat="39.81541" lon="140.04882">
        <ele>16.9</ele>
      </trkpt>
      <trkpt lat="39.81528" lon="140.0489">
        <ele>16.9</ele>
      </trkpt>
      <trkpt lat="39.81527" lon="140.04891">
        <ele>16.9</ele>
      </trkpt>
      <trkpt lat="39.81517" lon="140.04897">
        <ele>16.9</ele>
      </trkpt>
      <trkpt lat="39.81488" lon="140.04916">
        <ele>17.1</ele>
      </trkpt>
      <trkpt lat="39.81466" lon="140.0493">
        <ele>17.2</ele>
      </trkpt>
      <trkpt lat="39.81463" lon="140.04932">
        <ele>17.3</ele>
      </trkpt>
      <trkpt lat="39.81439" lon="140.04949">
        <ele>17.3</ele>
      </trkpt>
      <trkpt lat="39.81432" lon="140.04954">
        <ele>17.4</ele>
      </trkpt>
      <trkpt lat="39.81407" lon="140.04971">
        <ele>17.4</ele>
      </trkpt>
      <trkpt lat="39.81366" lon="140.05">
        <ele>17.6</ele>
      </trkpt>
      <trkpt lat="39.81323" lon="140.05028">
        <ele>17.4</ele>
      </trkpt>
      <trkpt lat="39.81298" lon="140.05046">
        <ele>17.1</ele>
      </trkpt>
      <trkpt lat="39.81293" lon="140.0505">
        <ele>17.1</ele>
      </trkpt>
      <trkpt lat="39.81283" lon="140.05057">
        <ele>17.0</ele>
      </trkpt>
      <trkpt lat="39.81272" lon="140.05064">
        <ele>17.0</ele>
      </trkpt>
      <trkpt lat="39.8126" lon="140.05073">
        <ele>17.0</ele>
      </trkpt>
      <trkpt lat="39.81237" lon="140.05089">
        <ele>16.8</ele>
      </trkpt>
      <trkpt lat="39.81223" lon="140.05098">
        <ele>16.5</ele>
      </trkpt>
      <trkpt lat="39.81206" lon="140.0511">
        <ele>16.2</ele>
      </trkpt>
      <trkpt lat="39.8118" lon="140.05128">
        <ele>15.8</ele>
      </trkpt>
      <trkpt lat="39.81174" lon="140.05132">
        <ele>15.8</ele>
      </trkpt>
      <trkpt lat="39.81156" lon="140.05145">
        <ele>16.0</ele>
      </trkpt>
      <trkpt lat="39.81141" lon="140.05156">
        <ele>16.4</ele>
      </trkpt>
      <trkpt lat="39.81126" lon="140.05168">
        <ele>16.9</ele>
      </trkpt>
      <trkpt lat="39.81115" lon="140.05176">
        <ele>17.1</ele>
      </trkpt>
      <trkpt lat="39.81113" lon="140.05178">
        <ele>17.2</ele>
      </trkpt>
      <trkpt lat="39.81101" lon="140.05186">
        <ele>17.5</ele>
      </trkpt>
      <trkpt lat="39.81093" lon="140.05191">
        <ele>17.7</ele>
      </trkpt>
      <trkpt lat="39.81086" lon="140.05194">
        <ele>17.9</ele>
      </trkpt>
      <trkpt lat="39.8108" lon="140.05194">
        <ele>18.3</ele>
      </trkpt>
      <trkpt lat="39.8108" lon="140.05194">
        <ele>18.3</ele>
      </trkpt>
      <trkpt lat="39.81072" lon="140.05212">
        <ele>18.2</ele>
      </trkpt>
      <trkpt lat="39.81064" lon="140.05231">
        <ele>18.1</ele>
      </trkpt>
      <trkpt lat="39.81042" lon="140.0528">
        <ele>17.4</ele>
      </trkpt>
      <trkpt lat="39.81034" lon="140.05295">
        <ele>17.0</ele>
      </trkpt>
      <trkpt lat="39.81029" lon="140.05306">
        <ele>16.6</ele>
      </trkpt>
      <trkpt lat="39.81022" lon="140.05319">
        <ele>16.1</ele>
      </trkpt>
      <trkpt lat="39.81012" lon="140.05335">
        <ele>15.5</ele>
      </trkpt>
      <trkpt lat="39.81" lon="140.05352">
        <ele>15.3</ele>
      </trkpt>
      <trkpt lat="39.80987" lon="140.05368">
        <ele>15.6</ele>
      </trkpt>
      <trkpt lat="39.80973" lon="140.05384">
        <ele>15.7</ele>
      </trkpt>
      <trkpt lat="39.80957" lon="140.05401">
        <ele>15.8</ele>
      </trkpt>
      <trkpt lat="39.80946" lon="140.05414">
        <ele>15.7</ele>
      </trkpt>
      <trkpt lat="39.80929" lon="140.05434">
        <ele>16.1</ele>
      </trkpt>
      <trkpt lat="39.80911" lon="140.05455">
        <ele>16.4</ele>
      </trkpt>
      <trkpt lat="39.8091" lon="140.05455">
        <ele>16.5</ele>
      </trkpt>
      <trkpt lat="39.80897" lon="140.0547">
        <ele>16.8</ele>
      </trkpt>
      <trkpt lat="39.80883" lon="140.05486">
        <ele>17.1</ele>
      </trkpt>
      <trkpt lat="39.80877" lon="140.05492">
        <ele>17.2</ele>
      </trkpt>
      <trkpt lat="39.80864" lon="140.05507">
        <ele>17.6</ele>
      </trkpt>
      <trkpt lat="39.80862" lon="140.05509">
        <ele>17.7</ele>
      </trkpt>
      <trkpt lat="39.80849" lon="140.05521">
        <ele>18.3</ele>
      </trkpt>
      <trkpt lat="39.80841" lon="140.05529">
        <ele>18.7</ele>
      </trkpt>
      <trkpt lat="39.80837" lon="140.05532">
        <ele>18.8</ele>
      </trkpt>
      <trkpt lat="39.80828" lon="140.05541">
        <ele>19.1</ele>
      </trkpt>
      <trkpt lat="39.80823" lon="140.05546">
        <ele>19.2</ele>
      </trkpt>
      <trkpt lat="39.80818" lon="140.0555">
        <ele>19.2</ele>
      </trkpt>
      <trkpt lat="39.80812" lon="140.05577">
        <ele>19.1</ele>
      </trkpt>
      <trkpt lat="39.80812" lon="140.05577">
        <ele>19.1</ele>
      </trkpt>
      <trkpt lat="39.80801" lon="140.05578">
        <ele>19.1</ele>
      </trkpt>
      <trkpt lat="39.80785" lon="140.0558">
        <ele>19.1</ele>
      </trkpt>
      <trkpt lat="39.80783" lon="140.05581">
        <ele>19.1</ele>
      </trkpt>
      <trkpt lat="39.8076" lon="140.05586">
        <ele>18.9</ele>
      </trkpt>
      <trkpt lat="39.8074" lon="140.05593">
        <ele>18.8</ele>
      </trkpt>
      <trkpt lat="39.80734" lon="140.05596">
        <ele>18.7</ele>
      </trkpt>
      <trkpt lat="39.80725" lon="140.056">
        <ele>18.5</ele>
      </trkpt>
      <trkpt lat="39.80704" lon="140.0561">
        <ele>18.2</ele>
      </trkpt>
      <trkpt lat="39.80697" lon="140.05614">
        <ele>18.0</ele>
      </trkpt>
      <trkpt lat="39.80695" lon="140.05615">
        <ele>18.0</ele>
      </trkpt>
      <trkpt lat="39.80691" lon="140.05618">
        <ele>17.9</ele>
      </trkpt>
      <trkpt lat="39.80686" lon="140.05621">
        <ele>17.7</ele>
      </trkpt>
      <trkpt lat="39.80672" lon="140.0563">
        <ele>17.4</ele>
      </trkpt>
      <trkpt lat="39.80651" lon="140.05645">
        <ele>16.4</ele>
      </trkpt>
      <trkpt lat="39.80625" lon="140.05663">
        <ele>15.1</ele>
      </trkpt>
      <trkpt lat="39.80593" lon="140.05684">
        <ele>14.2</ele>
      </trkpt>
      <trkpt lat="39.8059" lon="140.05686">
        <ele>14.2</ele>
      </trkpt>
      <trkpt lat="39.80575" lon="140.05696">
        <ele>14.0</ele>
      </trkpt>
      <trkpt lat="39.80561" lon="140.05707">
        <ele>14.0</ele>
      </trkpt>
      <trkpt lat="39.80561" lon="140.05707">
        <ele>14.0</ele>
      </trkpt>
      <trkpt lat="39.80565" lon="140.05719">
        <ele>14.0</ele>
      </trkpt>
      <trkpt lat="39.80572" lon="140.05739">
        <ele>14.0</ele>
      </trkpt>
      <trkpt lat="39.80578" lon="140.05761">
        <ele>14.1</ele>
      </trkpt>
      <trkpt lat="39.80582" lon="140.05774">
        <ele>14.3</ele>
      </trkpt>
      <trkpt lat="39.80584" lon="140.05782">
        <ele>14.4</ele>
      </trkpt>
      <trkpt lat="39.80585" lon="140.05791">
        <ele>14.5</ele>
      </trkpt>
      <trkpt lat="39.80586" lon="140.05796">
        <ele>14.6</ele>
      </trkpt>
      <trkpt lat="39.80586" lon="140.05799">
        <ele>14.6</ele>
      </trkpt>
      <trkpt lat="39.80587" lon="140.05812">
        <ele>14.8</ele>
      </trkpt>
      <trkpt lat="39.80588" lon="140.05844">
        <ele>15.1</ele>
      </trkpt>
      <trkpt lat="39.80588" lon="140.05862">
        <ele>15.1</ele>
      </trkpt>
      <trkpt lat="39.80587" lon="140.05867">
        <ele>15.0</ele>
      </trkpt>
      <trkpt lat="39.80587" lon="140.05876">
        <ele>15.0</ele>
      </trkpt>
      <trkpt lat="39.80586" lon="140.05888">
        <ele>15.0</ele>
      </trkpt>
      <trkpt lat="39.80586" lon="140.05892">
        <ele>15.0</ele>
      </trkpt>
      <trkpt lat="39.80587" lon="140.05901">
        <ele>15.0</ele>
      </trkpt>
      <trkpt lat="39.80589" lon="140.05918">
        <ele>15.1</ele>
      </trkpt>
      <trkpt lat="39.80589" lon="140.05919">
        <ele>15.0</ele>
      </trkpt>
      <trkpt lat="39.8059" lon="140.05927">
        <ele>14.9</ele>
      </trkpt>
      <trkpt lat="39.80591" lon="140.05932">
        <ele>14.9</ele>
      </trkpt>
      <trkpt lat="39.80591" lon="140.05937">
        <ele>14.8</ele>
      </trkpt>
      <trkpt lat="39.80591" lon="140.05943">
        <ele>14.7</ele>
      </trkpt>
      <trkpt lat="39.80589" lon="140.05969">
        <ele>14.4</ele>
      </trkpt>
      <trkpt lat="39.80587" lon="140.05997">
        <ele>14.0</ele>
      </trkpt>
      <trkpt lat="39.80586" lon="140.06023">
        <ele>14.0</ele>
      </trkpt>
      <trkpt lat="39.80585" lon="140.06045">
        <ele>14.0</ele>
      </trkpt>
      <trkpt lat="39.80585" lon="140.06059">
        <ele>14.0</ele>
      </trkpt>
      <trkpt lat="39.80586" lon="140.06075">
        <ele>13.9</ele>
      </trkpt>
      <trkpt lat="39.80587" lon="140.06093">
        <ele>13.7</ele>
      </trkpt>
      <trkpt lat="39.80587" lon="140.06108">
        <ele>13.3</ele>
      </trkpt>
      <trkpt lat="39.80588" lon="140.06122">
        <ele>13.0</ele>
      </trkpt>
      <trkpt lat="39.8059" lon="140.06154">
        <ele>12.2</ele>
      </trkpt>
      <trkpt lat="39.80591" lon="140.06168">
        <ele>11.9</ele>
      </trkpt>
      <trkpt lat="39.80592" lon="140.06184">
        <ele>11.7</ele>
      </trkpt>
      <trkpt lat="39.80592" lon="140.06196">
        <ele>11.5</ele>
      </trkpt>
      <trkpt lat="39.80594" lon="140.06243">
        <ele>11.0</ele>
      </trkpt>
      <trkpt lat="39.80595" lon="140.0628">
        <ele>10.6</ele>
      </trkpt>
      <trkpt lat="39.80595" lon="140.0628">
        <ele>10.6</ele>
      </trkpt>
      <trkpt lat="39.80596" lon="140.06291">
        <ele>10.4</ele>
      </trkpt>
      <trkpt lat="39.80584" lon="140.06293">
        <ele>10.5</ele>
      </trkpt>
      <trkpt lat="39.80578" lon="140.06293">
        <ele>10.5</ele>
      </trkpt>
      <trkpt lat="39.8056" lon="140.06296">
        <ele>10.3</ele>
      </trkpt>
      <trkpt lat="39.80533" lon="140.06301">
        <ele>10.0</ele>
      </trkpt>
      <trkpt lat="39.80506" lon="140.06306">
        <ele>9.7</ele>
      </trkpt>
      <trkpt lat="39.80489" lon="140.0631">
        <ele>9.7</ele>
      </trkpt>
      <trkpt lat="39.80488" lon="140.0631">
        <ele>9.7</ele>
      </trkpt>
      <trkpt lat="39.80471" lon="140.06315">
        <ele>9.7</ele>
      </trkpt>
      <trkpt lat="39.80462" lon="140.06318">
        <ele>9.7</ele>
      </trkpt>
      <trkpt lat="39.80444" lon="140.06323">
        <ele>9.8</ele>
      </trkpt>
      <trkpt lat="39.80428" lon="140.06328">
        <ele>9.9</ele>
      </trkpt>
      <trkpt lat="39.80409" lon="140.06335">
        <ele>10.1</ele>
      </trkpt>
      <trkpt lat="39.80408" lon="140.06335">
        <ele>10.1</ele>
      </trkpt>
      <trkpt lat="39.80392" lon="140.06341">
        <ele>10.4</ele>
      </trkpt>
      <trkpt lat="39.80375" lon="140.06348">
        <ele>10.7</ele>
      </trkpt>
      <trkpt lat="39.80355" lon="140.06356">
        <ele>11.1</ele>
      </trkpt>
      <trkpt lat="39.8033" lon="140.06368">
        <ele>11.8</ele>
      </trkpt>
      <trkpt lat="39.80314" lon="140.06376">
        <ele>11.9</ele>
      </trkpt>
      <trkpt lat="39.80304" lon="140.06381">
        <ele>11.9</ele>
      </trkpt>
      <trkpt lat="39.80289" lon="140.06389">
        <ele>12.0</ele>
      </trkpt>
      <trkpt lat="39.80263" lon="140.06403">
        <ele>12.0</ele>
      </trkpt>
      <trkpt lat="39.80246" lon="140.06413">
        <ele>11.9</ele>
      </trkpt>
      <trkpt lat="39.80236" lon="140.0642">
        <ele>12.1</ele>
      </trkpt>
      <trkpt lat="39.80221" lon="140.06429">
        <ele>12.4</ele>
      </trkpt>
      <trkpt lat="39.8019" lon="140.06448">
        <ele>12.7</ele>
      </trkpt>
      <trkpt lat="39.80175" lon="140.06457">
        <ele>12.7</ele>
      </trkpt>
      <trkpt lat="39.80165" lon="140.06464">
        <ele>12.7</ele>
      </trkpt>
      <trkpt lat="39.80159" lon="140.06468">
        <ele>12.9</ele>
      </trkpt>
      <trkpt lat="39.80144" lon="140.06477">
        <ele>13.2</ele>
      </trkpt>
      <trkpt lat="39.80122" lon="140.0649">
        <ele>13.7</ele>
      </trkpt>
      <trkpt lat="39.80088" lon="140.0651">
        <ele>14.0</ele>
      </trkpt>
      <trkpt lat="39.80077" lon="140.06517">
        <ele>13.8</ele>
      </trkpt>
      <trkpt lat="39.8005" lon="140.06534">
        <ele>12.8</ele>
      </trkpt>
      <trkpt lat="39.80044" lon="140.06538">
        <ele>12.5</ele>
      </trkpt>
      <trkpt lat="39.8004" lon="140.06541">
        <ele>12.4</ele>
      </trkpt>
      <trkpt lat="39.80034" lon="140.06544">
        <ele>12.2</ele>
      </trkpt>
      <trkpt lat="39.80022" lon="140.06552">
        <ele>11.7</ele>
      </trkpt>
      <trkpt lat="39.80006" lon="140.06562">
        <ele>11.2</ele>
      </trkpt>
      <trkpt lat="39.79967" lon="140.06586">
        <ele>10.2</ele>
      </trkpt>
      <trkpt lat="39.79941" lon="140.06603">
        <ele>9.5</ele>
      </trkpt>
      <trkpt lat="39.79928" lon="140.06611">
        <ele>9.2</ele>
      </trkpt>
      <trkpt lat="39.79915" lon="140.06619">
        <ele>9.1</ele>
      </trkpt>
      <trkpt lat="39.79905" lon="140.06625">
        <ele>9.3</ele>
      </trkpt>
      <trkpt lat="39.79879" lon="140.06642">
        <ele>10.0</ele>
      </trkpt>
      <trkpt lat="39.79872" lon="140.06647">
        <ele>10.2</ele>
      </trkpt>
      <trkpt lat="39.79843" lon="140.06665">
        <ele>10.8</ele>
      </trkpt>
      <trkpt lat="39.79818" lon="140.0668">
        <ele>11.2</ele>
      </trkpt>
      <trkpt lat="39.79796" lon="140.06694">
        <ele>11.5</ele>
      </trkpt>
      <trkpt lat="39.79769" lon="140.0671">
        <ele>11.9</ele>
      </trkpt>
      <trkpt lat="39.79745" lon="140.06725">
        <ele>12.5</ele>
      </trkpt>
      <trkpt lat="39.7972" lon="140.0674">
        <ele>13.1</ele>
      </trkpt>
      <trkpt lat="39.79704" lon="140.0675">
        <ele>13.6</ele>
      </trkpt>
      <trkpt lat="39.79688" lon="140.0676">
        <ele>13.6</ele>
      </trkpt>
      <trkpt lat="39.79681" lon="140.06765">
        <ele>13.6</ele>
      </trkpt>
      <trkpt lat="39.79641" lon="140.0679">
        <ele>13.5</ele>
      </trkpt>
      <trkpt lat="39.7964" lon="140.06791">
        <ele>13.5</ele>
      </trkpt>
      <trkpt lat="39.79598" lon="140.06817">
        <ele>13.7</ele>
      </trkpt>
      <trkpt lat="39.79575" lon="140.06831">
        <ele>13.7</ele>
      </trkpt>
      <trkpt lat="39.79575" lon="140.06832">
        <ele>13.7</ele>
      </trkpt>
      <trkpt lat="39.79565" lon="140.06838">
        <ele>13.3</ele>
      </trkpt>
      <trkpt lat="39.7955" lon="140.06847">
        <ele>12.6</ele>
      </trkpt>
      <trkpt lat="39.79532" lon="140.06859">
        <ele>11.9</ele>
      </trkpt>
      <trkpt lat="39.79517" lon="140.06868">
        <ele>11.4</ele>
      </trkpt>
      <trkpt lat="39.79499" lon="140.06879">
        <ele>11.0</ele>
      </trkpt>
      <trkpt lat="39.79483" lon="140.06889">
        <ele>10.7</ele>
      </trkpt>
      <trkpt lat="39.79467" lon="140.06899">
        <ele>10.5</ele>
      </trkpt>
      <trkpt lat="39.79446" lon="140.06912">
        <ele>10.3</ele>
      </trkpt>
      <trkpt lat="39.79437" lon="140.06918">
        <ele>10.2</ele>
      </trkpt>
      <trkpt lat="39.79418" lon="140.0693">
        <ele>10.0</ele>
      </trkpt>
      <trkpt lat="39.79393" lon="140.06945">
        <ele>10.1</ele>
      </trkpt>
      <trkpt lat="39.79369" lon="140.0696">
        <ele>10.3</ele>
      </trkpt>
      <trkpt lat="39.79353" lon="140.0697">
        <ele>10.5</ele>
      </trkpt>
      <trkpt lat="39.79337" lon="140.0698">
        <ele>10.7</ele>
      </trkpt>
      <trkpt lat="39.79324" lon="140.06989">
        <ele>10.8</ele>
      </trkpt>
      <trkpt lat="39.79319" lon="140.06991">
        <ele>10.7</ele>
      </trkpt>
      <trkpt lat="39.7931" lon="140.06997">
        <ele>10.7</ele>
      </trkpt>
      <trkpt lat="39.79266" lon="140.07021">
        <ele>10.1</ele>
      </trkpt>
      <trkpt lat="39.7925" lon="140.0703">
        <ele>10.0</ele>
      </trkpt>
      <trkpt lat="39.79233" lon="140.07038">
        <ele>10.1</ele>
      </trkpt>
      <trkpt lat="39.79216" lon="140.07047">
        <ele>10.2</ele>
      </trkpt>
      <trkpt lat="39.79186" lon="140.07061">
        <ele>10.6</ele>
      </trkpt>
      <trkpt lat="39.79125" lon="140.07089">
        <ele>10.9</ele>
      </trkpt>
      <trkpt lat="39.79118" lon="140.07092">
        <ele>11.0</ele>
      </trkpt>
      <trkpt lat="39.79058" lon="140.0712">
        <ele>11.4</ele>
      </trkpt>
      <trkpt lat="39.7905" lon="140.07124">
        <ele>11.4</ele>
      </trkpt>
      <trkpt lat="39.79033" lon="140.07131">
        <ele>11.6</ele>
      </trkpt>
      <trkpt lat="39.79018" lon="140.07138">
        <ele>11.8</ele>
      </trkpt>
      <trkpt lat="39.7901" lon="140.07142">
        <ele>11.9</ele>
      </trkpt>
      <trkpt lat="39.78982" lon="140.07155">
        <ele>11.8</ele>
      </trkpt>
      <trkpt lat="39.78949" lon="140.07171">
        <ele>11.4</ele>
      </trkpt>
      <trkpt lat="39.7894" lon="140.07175">
        <ele>11.2</ele>
      </trkpt>
      <trkpt lat="39.78923" lon="140.07183">
        <ele>10.9</ele>
      </trkpt>
      <trkpt lat="39.78899" lon="140.07194">
        <ele>10.7</ele>
      </trkpt>
      <trkpt lat="39.78884" lon="140.07201">
        <ele>10.7</ele>
      </trkpt>
      <trkpt lat="39.78882" lon="140.07202">
        <ele>10.8</ele>
      </trkpt>
      <trkpt lat="39.78856" lon="140.07214">
        <ele>10.8</ele>
      </trkpt>
      <trkpt lat="39.78842" lon="140.0722">
        <ele>10.9</ele>
      </trkpt>
      <trkpt lat="39.78829" lon="140.07227">
        <ele>11.0</ele>
      </trkpt>
      <trkpt lat="39.78824" lon="140.07229">
        <ele>11.0</ele>
      </trkpt>
      <trkpt lat="39.7881" lon="140.07235">
        <ele>10.9</ele>
      </trkpt>
      <trkpt lat="39.78767" lon="140.07255">
        <ele>11.0</ele>
      </trkpt>
      <trkpt lat="39.78755" lon="140.0726">
        <ele>10.9</ele>
      </trkpt>
      <trkpt lat="39.7874" lon="140.07267">
        <ele>10.9</ele>
      </trkpt>
      <trkpt lat="39.78727" lon="140.07273">
        <ele>11.0</ele>
      </trkpt>
      <trkpt lat="39.78723" lon="140.07275">
        <ele>11.0</ele>
      </trkpt>
      <trkpt lat="39.78652" lon="140.07308">
        <ele>11.4</ele>
      </trkpt>
      <trkpt lat="39.78635" lon="140.07316">
        <ele>11.5</ele>
      </trkpt>
      <trkpt lat="39.78577" lon="140.07342">
        <ele>11.9</ele>
      </trkpt>
      <trkpt lat="39.78567" lon="140.07347">
        <ele>11.9</ele>
      </trkpt>
      <trkpt lat="39.78561" lon="140.0735">
        <ele>11.9</ele>
      </trkpt>
      <trkpt lat="39.78549" lon="140.07356">
        <ele>11.8</ele>
      </trkpt>
      <trkpt lat="39.78532" lon="140.07365">
        <ele>11.9</ele>
      </trkpt>
      <trkpt lat="39.78521" lon="140.0737">
        <ele>11.9</ele>
      </trkpt>
      <trkpt lat="39.78502" lon="140.07381">
        <ele>12.0</ele>
      </trkpt>
      <trkpt lat="39.78489" lon="140.07389">
        <ele>12.0</ele>
      </trkpt>
      <trkpt lat="39.78488" lon="140.0739">
        <ele>12.0</ele>
      </trkpt>
      <trkpt lat="39.78464" lon="140.07405">
        <ele>12.1</ele>
      </trkpt>
      <trkpt lat="39.78451" lon="140.07414">
        <ele>12.0</ele>
      </trkpt>
      <trkpt lat="39.7845" lon="140.07414">
        <ele>12.0</ele>
      </trkpt>
      <trkpt lat="39.78432" lon="140.07428">
        <ele>11.7</ele>
      </trkpt>
      <trkpt lat="39.78423" lon="140.07435">
        <ele>11.6</ele>
      </trkpt>
      <trkpt lat="39.78381" lon="140.07466">
        <ele>12.1</ele>
      </trkpt>
      <trkpt lat="39.78315" lon="140.07516">
        <ele>12.5</ele>
      </trkpt>
      <trkpt lat="39.78305" lon="140.07523">
        <ele>12.3</ele>
      </trkpt>
      <trkpt lat="39.78275" lon="140.07546">
        <ele>11.7</ele>
      </trkpt>
      <trkpt lat="39.78242" lon="140.07571">
        <ele>11.2</ele>
      </trkpt>
      <trkpt lat="39.78223" lon="140.07585">
        <ele>10.6</ele>
      </trkpt>
      <trkpt lat="39.78221" lon="140.07587">
        <ele>10.6</ele>
      </trkpt>
      <trkpt lat="39.78177" lon="140.07619">
        <ele>9.6</ele>
      </trkpt>
      <trkpt lat="39.78173" lon="140.07622">
        <ele>9.6</ele>
      </trkpt>
      <trkpt lat="39.78171" lon="140.07624">
        <ele>9.5</ele>
      </trkpt>
      <trkpt lat="39.78137" lon="140.07649">
        <ele>9.5</ele>
      </trkpt>
      <trkpt lat="39.78075" lon="140.07696">
        <ele>9.3</ele>
      </trkpt>
      <trkpt lat="39.78054" lon="140.07713">
        <ele>8.9</ele>
      </trkpt>
      <trkpt lat="39.78031" lon="140.0773">
        <ele>8.8</ele>
      </trkpt>
      <trkpt lat="39.78014" lon="140.07743">
        <ele>8.9</ele>
      </trkpt>
      <trkpt lat="39.7801" lon="140.07746">
        <ele>8.9</ele>
      </trkpt>
      <trkpt lat="39.77984" lon="140.07765">
        <ele>9.3</ele>
      </trkpt>
      <trkpt lat="39.77983" lon="140.07766">
        <ele>9.4</ele>
      </trkpt>
      <trkpt lat="39.7797" lon="140.07776">
        <ele>9.6</ele>
      </trkpt>
      <trkpt lat="39.77954" lon="140.07787">
        <ele>9.9</ele>
      </trkpt>
      <trkpt lat="39.77949" lon="140.07791">
        <ele>9.9</ele>
      </trkpt>
      <trkpt lat="39.77937" lon="140.07799">
        <ele>10.1</ele>
      </trkpt>
      <trkpt lat="39.77929" lon="140.07805">
        <ele>10.1</ele>
      </trkpt>
      <trkpt lat="39.7791" lon="140.07818">
        <ele>10.1</ele>
      </trkpt>
      <trkpt lat="39.77903" lon="140.07823">
        <ele>10.0</ele>
      </trkpt>
      <trkpt lat="39.77879" lon="140.07838">
        <ele>9.6</ele>
      </trkpt>
      <trkpt lat="39.77862" lon="140.0785">
        <ele>9.5</ele>
      </trkpt>
      <trkpt lat="39.77856" lon="140.07854">
        <ele>9.5</ele>
      </trkpt>
      <trkpt lat="39.77849" lon="140.07858">
        <ele>9.5</ele>
      </trkpt>
      <trkpt lat="39.7783" lon="140.07872">
        <ele>9.5</ele>
      </trkpt>
      <trkpt lat="39.77801" lon="140.07893">
        <ele>9.8</ele>
      </trkpt>
      <trkpt lat="39.77772" lon="140.07914">
        <ele>10.0</ele>
      </trkpt>
      <trkpt lat="39.77742" lon="140.07937">
        <ele>10.0</ele>
      </trkpt>
      <trkpt lat="39.77702" lon="140.07968">
        <ele>10.0</ele>
      </trkpt>
      <trkpt lat="39.77687" lon="140.07979">
        <ele>10.0</ele>
      </trkpt>
      <trkpt lat="39.7764" lon="140.08015">
        <ele>9.9</ele>
      </trkpt>
      <trkpt lat="39.77639" lon="140.08015">
        <ele>9.9</ele>
      </trkpt>
      <trkpt lat="39.77577" lon="140.08062">
        <ele>10.0</ele>
      </trkpt>
      <trkpt lat="39.77576" lon="140.08062">
        <ele>10.0</ele>
      </trkpt>
      <trkpt lat="39.77539" lon="140.08091">
        <ele>9.8</ele>
      </trkpt>
      <trkpt lat="39.77533" lon="140.08095">
        <ele>9.7</ele>
      </trkpt>
      <trkpt lat="39.77483" lon="140.08133">
        <ele>9.9</ele>
      </trkpt>
      <trkpt lat="39.77426" lon="140.08176">
        <ele>10.6</ele>
      </trkpt>
      <trkpt lat="39.77372" lon="140.08216">
        <ele>10.9</ele>
      </trkpt>
      <trkpt lat="39.7734" lon="140.0824">
        <ele>11.1</ele>
      </trkpt>
      <trkpt lat="39.77266" lon="140.08296">
        <ele>10.3</ele>
      </trkpt>
      <trkpt lat="39.77215" lon="140.08335">
        <ele>10.0</ele>
      </trkpt>
      <trkpt lat="39.77184" lon="140.08359">
        <ele>9.6</ele>
      </trkpt>
      <trkpt lat="39.77176" lon="140.08364">
        <ele>9.6</ele>
      </trkpt>
      <trkpt lat="39.77164" lon="140.08374">
        <ele>9.5</ele>
      </trkpt>
      <trkpt lat="39.77144" lon="140.08388">
        <ele>9.6</ele>
      </trkpt>
      <trkpt lat="39.77108" lon="140.08416">
        <ele>9.7</ele>
      </trkpt>
      <trkpt lat="39.77099" lon="140.08422">
        <ele>9.8</ele>
      </trkpt>
      <trkpt lat="39.77041" lon="140.08466">
        <ele>10.2</ele>
      </trkpt>
      <trkpt lat="39.7704" lon="140.08467">
        <ele>10.2</ele>
      </trkpt>
      <trkpt lat="39.77034" lon="140.08471">
        <ele>10.2</ele>
      </trkpt>
      <trkpt lat="39.76989" lon="140.08505">
        <ele>10.0</ele>
      </trkpt>
      <trkpt lat="39.7698" lon="140.08512">
        <ele>10.0</ele>
      </trkpt>
      <trkpt lat="39.76945" lon="140.08539">
        <ele>9.7</ele>
      </trkpt>
      <trkpt lat="39.76928" lon="140.08552">
        <ele>9.5</ele>
      </trkpt>
      <trkpt lat="39.76918" lon="140.08559">
        <ele>9.3</ele>
      </trkpt>
      <trkpt lat="39.76914" lon="140.08563">
        <ele>9.3</ele>
      </trkpt>
      <trkpt lat="39.76893" lon="140.08579">
        <ele>9.3</ele>
      </trkpt>
      <trkpt lat="39.76877" lon="140.08591">
        <ele>9.4</ele>
      </trkpt>
      <trkpt lat="39.76855" lon="140.08606">
        <ele>9.5</ele>
      </trkpt>
      <trkpt lat="39.76852" lon="140.08609">
        <ele>9.5</ele>
      </trkpt>
      <trkpt lat="39.76831" lon="140.08625">
        <ele>9.5</ele>
      </trkpt>
      <trkpt lat="39.76823" lon="140.08632">
        <ele>9.5</ele>
      </trkpt>
      <trkpt lat="39.7682" lon="140.08635">
        <ele>9.5</ele>
      </trkpt>
      <trkpt lat="39.76812" lon="140.08641">
        <ele>9.5</ele>
      </trkpt>
      <trkpt lat="39.76797" lon="140.08653">
        <ele>9.5</ele>
      </trkpt>
      <trkpt lat="39.76769" lon="140.08674">
        <ele>9.7</ele>
      </trkpt>
      <trkpt lat="39.7671" lon="140.08719">
        <ele>8.1</ele>
      </trkpt>
      <trkpt lat="39.76657" lon="140.0876">
        <ele>6.6</ele>
      </trkpt>
      <trkpt lat="39.76634" lon="140.08778">
        <ele>7.7</ele>
      </trkpt>
      <trkpt lat="39.76627" lon="140.08783">
        <ele>8.0</ele>
      </trkpt>
      <trkpt lat="39.76626" lon="140.08783">
        <ele>8.0</ele>
      </trkpt>
      <trkpt lat="39.76619" lon="140.08788">
        <ele>8.3</ele>
      </trkpt>
      <trkpt lat="39.7661" lon="140.08794">
        <ele>8.6</ele>
      </trkpt>
      <trkpt lat="39.76594" lon="140.08804">
        <ele>9.1</ele>
      </trkpt>
      <trkpt lat="39.76582" lon="140.08809">
        <ele>9.4</ele>
      </trkpt>
      <trkpt lat="39.76559" lon="140.08819">
        <ele>9.1</ele>
      </trkpt>
      <trkpt lat="39.76548" lon="140.08824">
        <ele>9.0</ele>
      </trkpt>
      <trkpt lat="39.76535" lon="140.0883">
        <ele>8.8</ele>
      </trkpt>
      <trkpt lat="39.76434" lon="140.08875">
        <ele>7.2</ele>
      </trkpt>
      <trkpt lat="39.76402" lon="140.08889">
        <ele>7.1</ele>
      </trkpt>
      <trkpt lat="39.76385" lon="140.08897">
        <ele>7.2</ele>
      </trkpt>
      <trkpt lat="39.76345" lon="140.08915">
        <ele>7.0</ele>
      </trkpt>
      <trkpt lat="39.7633" lon="140.08921">
        <ele>7.0</ele>
      </trkpt>
      <trkpt lat="39.76282" lon="140.08943">
        <ele>7.9</ele>
      </trkpt>
      <trkpt lat="39.76268" lon="140.08948">
        <ele>8.2</ele>
      </trkpt>
      <trkpt lat="39.76252" lon="140.08955">
        <ele>8.5</ele>
      </trkpt>
      <trkpt lat="39.7623" lon="140.08965">
        <ele>8.4</ele>
      </trkpt>
      <trkpt lat="39.76205" lon="140.08977">
        <ele>8.3</ele>
      </trkpt>
      <trkpt lat="39.7618" lon="140.08988">
        <ele>8.1</ele>
      </trkpt>
      <trkpt lat="39.7617" lon="140.08993">
        <ele>8.1</ele>
      </trkpt>
      <trkpt lat="39.76127" lon="140.09012">
        <ele>8.2</ele>
      </trkpt>
      <trkpt lat="39.76093" lon="140.09027">
        <ele>8.4</ele>
      </trkpt>
      <trkpt lat="39.76089" lon="140.09029">
        <ele>8.4</ele>
      </trkpt>
      <trkpt lat="39.76086" lon="140.0903">
        <ele>8.4</ele>
      </trkpt>
      <trkpt lat="39.76084" lon="140.09031">
        <ele>8.4</ele>
      </trkpt>
      <trkpt lat="39.76081" lon="140.09031">
        <ele>8.4</ele>
      </trkpt>
      <trkpt lat="39.76079" lon="140.09032">
        <ele>8.4</ele>
      </trkpt>
      <trkpt lat="39.76073" lon="140.09031">
        <ele>8.4</ele>
      </trkpt>
      <trkpt lat="39.76065" lon="140.09035">
        <ele>8.4</ele>
      </trkpt>
      <trkpt lat="39.76026" lon="140.09051">
        <ele>8.6</ele>
      </trkpt>
      <trkpt lat="39.75982" lon="140.09071">
        <ele>8.6</ele>
      </trkpt>
      <trkpt lat="39.75963" lon="140.09079">
        <ele>8.5</ele>
      </trkpt>
      <trkpt lat="39.75945" lon="140.09087">
        <ele>8.3</ele>
      </trkpt>
      <trkpt lat="39.75929" lon="140.09095">
        <ele>8.0</ele>
      </trkpt>
      <trkpt lat="39.75886" lon="140.09113">
        <ele>7.4</ele>
      </trkpt>
      <trkpt lat="39.75878" lon="140.09117">
        <ele>7.3</ele>
      </trkpt>
      <trkpt lat="39.75876" lon="140.0912">
        <ele>7.3</ele>
      </trkpt>
      <trkpt lat="39.75874" lon="140.09122">
        <ele>7.3</ele>
      </trkpt>
      <trkpt lat="39.75871" lon="140.09125">
        <ele>7.2</ele>
      </trkpt>
      <trkpt lat="39.75867" lon="140.09127">
        <ele>7.2</ele>
      </trkpt>
      <trkpt lat="39.7586" lon="140.0913">
        <ele>7.1</ele>
      </trkpt>
      <trkpt lat="39.7585" lon="140.09134">
        <ele>7.1</ele>
      </trkpt>
      <trkpt lat="39.75824" lon="140.09146">
        <ele>6.7</ele>
      </trkpt>
      <trkpt lat="39.75818" lon="140.09148">
        <ele>6.6</ele>
      </trkpt>
      <trkpt lat="39.75784" lon="140.09163">
        <ele>5.8</ele>
      </trkpt>
      <trkpt lat="39.75758" lon="140.09175">
        <ele>5.5</ele>
      </trkpt>
      <trkpt lat="39.75739" lon="140.09183">
        <ele>5.8</ele>
      </trkpt>
      <trkpt lat="39.75724" lon="140.0919">
        <ele>6.3</ele>
      </trkpt>
      <trkpt lat="39.75722" lon="140.09191">
        <ele>6.4</ele>
      </trkpt>
      <trkpt lat="39.75708" lon="140.09197">
        <ele>6.7</ele>
      </trkpt>
      <trkpt lat="39.75701" lon="140.092">
        <ele>6.9</ele>
      </trkpt>
      <trkpt lat="39.75695" lon="140.09203">
        <ele>7.1</ele>
      </trkpt>
      <trkpt lat="39.75691" lon="140.09205">
        <ele>7.1</ele>
      </trkpt>
      <trkpt lat="39.75685" lon="140.09208">
        <ele>7.3</ele>
      </trkpt>
      <trkpt lat="39.75676" lon="140.09213">
        <ele>7.5</ele>
      </trkpt>
      <trkpt lat="39.75675" lon="140.09214">
        <ele>7.5</ele>
      </trkpt>
      <trkpt lat="39.75663" lon="140.09221">
        <ele>7.6</ele>
      </trkpt>
      <trkpt lat="39.75651" lon="140.09229">
        <ele>7.5</ele>
      </trkpt>
      <trkpt lat="39.75647" lon="140.09232">
        <ele>7.4</ele>
      </trkpt>
      <trkpt lat="39.75645" lon="140.09234">
        <ele>7.4</ele>
      </trkpt>
      <trkpt lat="39.75637" lon="140.09242">
        <ele>7.3</ele>
      </trkpt>
      <trkpt lat="39.7562" lon="140.09257">
        <ele>6.8</ele>
      </trkpt>
      <trkpt lat="39.75605" lon="140.09273">
        <ele>6.4</ele>
      </trkpt>
      <trkpt lat="39.75599" lon="140.0928">
        <ele>6.3</ele>
      </trkpt>
      <trkpt lat="39.75594" lon="140.09286">
        <ele>6.2</ele>
      </trkpt>
      <trkpt lat="39.75591" lon="140.09289">
        <ele>6.1</ele>
      </trkpt>
      <trkpt lat="39.75586" lon="140.09295">
        <ele>6.0</ele>
      </trkpt>
      <trkpt lat="39.75579" lon="140.09304">
        <ele>6.1</ele>
      </trkpt>
      <trkpt lat="39.75574" lon="140.09312">
        <ele>6.2</ele>
      </trkpt>
      <trkpt lat="39.75568" lon="140.0932">
        <ele>6.4</ele>
      </trkpt>
      <trkpt lat="39.75563" lon="140.09329">
        <ele>6.5</ele>
      </trkpt>
      <trkpt lat="39.75552" lon="140.09347">
        <ele>6.9</ele>
      </trkpt>
      <trkpt lat="39.75534" lon="140.09377">
        <ele>7.4</ele>
      </trkpt>
      <trkpt lat="39.7553" lon="140.09384">
        <ele>7.6</ele>
      </trkpt>
      <trkpt lat="39.75521" lon="140.09399">
        <ele>7.9</ele>
      </trkpt>
      <trkpt lat="39.75515" lon="140.09409">
        <ele>8.1</ele>
      </trkpt>
      <trkpt lat="39.75503" lon="140.09428">
        <ele>8.5</ele>
      </trkpt>
      <trkpt lat="39.75499" lon="140.09436">
        <ele>8.3</ele>
      </trkpt>
      <trkpt lat="39.75473" lon="140.0948">
        <ele>6.3</ele>
      </trkpt>
      <trkpt lat="39.75468" lon="140.09488">
        <ele>6.0</ele>
      </trkpt>
      <trkpt lat="39.75457" lon="140.09508">
        <ele>5.7</ele>
      </trkpt>
      <trkpt lat="39.75452" lon="140.09518">
        <ele>5.9</ele>
      </trkpt>
      <trkpt lat="39.75449" lon="140.09524">
        <ele>6.0</ele>
      </trkpt>
      <trkpt lat="39.75443" lon="140.09537">
        <ele>6.2</ele>
      </trkpt>
      <trkpt lat="39.75433" lon="140.09558">
        <ele>6.6</ele>
      </trkpt>
      <trkpt lat="39.75425" lon="140.09576">
        <ele>6.9</ele>
      </trkpt>
      <trkpt lat="39.75422" lon="140.09581">
        <ele>7.0</ele>
      </trkpt>
      <trkpt lat="39.75419" lon="140.09587">
        <ele>7.0</ele>
      </trkpt>
      <trkpt lat="39.75416" lon="140.09594">
        <ele>7.0</ele>
      </trkpt>
      <trkpt lat="39.75413" lon="140.09602">
        <ele>7.0</ele>
      </trkpt>
      <trkpt lat="39.75411" lon="140.09611">
        <ele>7.0</ele>
      </trkpt>
      <trkpt lat="39.75408" lon="140.09619">
        <ele>7.1</ele>
      </trkpt>
      <trkpt lat="39.75407" lon="140.09627">
        <ele>7.1</ele>
      </trkpt>
      <trkpt lat="39.75405" lon="140.09635">
        <ele>7.1</ele>
      </trkpt>
      <trkpt lat="39.75404" lon="140.09648">
        <ele>7.0</ele>
      </trkpt>
      <trkpt lat="39.75403" lon="140.09656">
        <ele>7.0</ele>
      </trkpt>
      <trkpt lat="39.75403" lon="140.09666">
        <ele>7.0</ele>
      </trkpt>
      <trkpt lat="39.75403" lon="140.09674">
        <ele>6.9</ele>
      </trkpt>
      <trkpt lat="39.75403" lon="140.09681">
        <ele>6.8</ele>
      </trkpt>
      <trkpt lat="39.75404" lon="140.09695">
        <ele>6.7</ele>
      </trkpt>
      <trkpt lat="39.75406" lon="140.09713">
        <ele>6.4</ele>
      </trkpt>
      <trkpt lat="39.75408" lon="140.09744">
        <ele>6.1</ele>
      </trkpt>
      <trkpt lat="39.75409" lon="140.0976">
        <ele>6.0</ele>
      </trkpt>
      <trkpt lat="39.75412" lon="140.09792">
        <ele>6.0</ele>
      </trkpt>
      <trkpt lat="39.75412" lon="140.09798">
        <ele>6.0</ele>
      </trkpt>
      <trkpt lat="39.75419" lon="140.09888">
        <ele>6.7</ele>
      </trkpt>
      <trkpt lat="39.75421" lon="140.09929">
        <ele>6.7</ele>
      </trkpt>
      <trkpt lat="39.75421" lon="140.09937">
        <ele>6.5</ele>
      </trkpt>
      <trkpt lat="39.75422" lon="140.09977">
        <ele>5.6</ele>
      </trkpt>
      <trkpt lat="39.75423" lon="140.1">
        <ele>5.0</ele>
      </trkpt>
      <trkpt lat="39.75423" lon="140.10029">
        <ele>5.0</ele>
      </trkpt>
      <trkpt lat="39.75422" lon="140.10076">
        <ele>5.0</ele>
      </trkpt>
      <trkpt lat="39.7542" lon="140.10113">
        <ele>4.7</ele>
      </trkpt>
      <trkpt lat="39.75418" lon="140.10136">
        <ele>4.4</ele>
      </trkpt>
      <trkpt lat="39.75414" lon="140.10183">
        <ele>4.6</ele>
      </trkpt>
      <trkpt lat="39.75411" lon="140.1021">
        <ele>5.6</ele>
      </trkpt>
      <trkpt lat="39.7541" lon="140.10218">
        <ele>5.9</ele>
      </trkpt>
      <trkpt lat="39.75404" lon="140.10267">
        <ele>6.5</ele>
      </trkpt>
      <trkpt lat="39.75394" lon="140.1036">
        <ele>5.3</ele>
      </trkpt>
      <trkpt lat="39.75392" lon="140.10372">
        <ele>5.3</ele>
      </trkpt>
      <trkpt lat="39.75381" lon="140.10466">
        <ele>6.0</ele>
      </trkpt>
      <trkpt lat="39.75378" lon="140.10487">
        <ele>6.3</ele>
      </trkpt>
      <trkpt lat="39.75367" lon="140.10581">
        <ele>6.7</ele>
      </trkpt>
      <trkpt lat="39.75351" lon="140.10712">
        <ele>7.4</ele>
      </trkpt>
      <trkpt lat="39.7535" lon="140.10718">
        <ele>7.4</ele>
      </trkpt>
      <trkpt lat="39.75335" lon="140.10849">
        <ele>8.1</ele>
      </trkpt>
      <trkpt lat="39.75321" lon="140.10964">
        <ele>8.2</ele>
      </trkpt>
      <trkpt lat="39.75319" lon="140.10981">
        <ele>7.9</ele>
      </trkpt>
      <trkpt lat="39.75316" lon="140.11013">
        <ele>7.5</ele>
      </trkpt>
      <trkpt lat="39.75313" lon="140.11035">
        <ele>7.2</ele>
      </trkpt>
      <trkpt lat="39.7531" lon="140.11054">
        <ele>7.0</ele>
      </trkpt>
      <trkpt lat="39.75309" lon="140.11065">
        <ele>6.9</ele>
      </trkpt>
      <trkpt lat="39.75298" lon="140.1116">
        <ele>7.5</ele>
      </trkpt>
      <trkpt lat="39.75296" lon="140.11178">
        <ele>7.6</ele>
      </trkpt>
      <trkpt lat="39.75283" lon="140.11283">
        <ele>7.5</ele>
      </trkpt>
      <trkpt lat="39.7527" lon="140.11392">
        <ele>6.9</ele>
      </trkpt>
      <trkpt lat="39.75243" lon="140.1162">
        <ele>5.8</ele>
      </trkpt>
      <trkpt lat="39.7524" lon="140.11644">
        <ele>5.7</ele>
      </trkpt>
      <trkpt lat="39.7524" lon="140.11646">
        <ele>5.6</ele>
      </trkpt>
      <trkpt lat="39.75237" lon="140.11669">
        <ele>5.4</ele>
      </trkpt>
      <trkpt lat="39.75235" lon="140.11683">
        <ele>6.1</ele>
      </trkpt>
      <trkpt lat="39.75228" lon="140.11744">
        <ele>8.8</ele>
      </trkpt>
      <trkpt lat="39.75226" lon="140.11762">
        <ele>10.4</ele>
      </trkpt>
      <trkpt lat="39.75218" lon="140.1182">
        <ele>16.8</ele>
      </trkpt>
      <trkpt lat="39.75214" lon="140.11853">
        <ele>20.4</ele>
      </trkpt>
      <trkpt lat="39.75212" lon="140.11865">
        <ele>21.7</ele>
      </trkpt>
      <trkpt lat="39.7521" lon="140.11877">
        <ele>23.1</ele>
      </trkpt>
      <trkpt lat="39.75206" lon="140.119">
        <ele>25.5</ele>
      </trkpt>
      <trkpt lat="39.75206" lon="140.11902">
        <ele>25.7</ele>
      </trkpt>
      <trkpt lat="39.752" lon="140.11932">
        <ele>27.2</ele>
      </trkpt>
      <trkpt lat="39.75198" lon="140.11945">
        <ele>27.3</ele>
      </trkpt>
      <trkpt lat="39.75195" lon="140.11959">
        <ele>27.4</ele>
      </trkpt>
      <trkpt lat="39.75193" lon="140.11968">
        <ele>27.4</ele>
      </trkpt>
      <trkpt lat="39.75192" lon="140.11973">
        <ele>27.5</ele>
      </trkpt>
      <trkpt lat="39.75186" lon="140.12">
        <ele>27.7</ele>
      </trkpt>
      <trkpt lat="39.75182" lon="140.12012">
        <ele>26.3</ele>
      </trkpt>
      <trkpt lat="39.7518" lon="140.12024">
        <ele>24.9</ele>
      </trkpt>
      <trkpt lat="39.75174" lon="140.12045">
        <ele>22.4</ele>
      </trkpt>
      <trkpt lat="39.75171" lon="140.12056">
        <ele>21.1</ele>
      </trkpt>
      <trkpt lat="39.75167" lon="140.1207">
        <ele>19.5</ele>
      </trkpt>
      <trkpt lat="39.75164" lon="140.12082">
        <ele>18.1</ele>
      </trkpt>
      <trkpt lat="39.75161" lon="140.12093">
        <ele>17.2</ele>
      </trkpt>
      <trkpt lat="39.75158" lon="140.12103">
        <ele>16.4</ele>
      </trkpt>
      <trkpt lat="39.75155" lon="140.12112">
        <ele>15.6</ele>
      </trkpt>
      <trkpt lat="39.75151" lon="140.12124">
        <ele>14.7</ele>
      </trkpt>
      <trkpt lat="39.75148" lon="140.12134">
        <ele>13.9</ele>
      </trkpt>
      <trkpt lat="39.75142" lon="140.12153">
        <ele>12.4</ele>
      </trkpt>
      <trkpt lat="39.75137" lon="140.12166">
        <ele>11.4</ele>
      </trkpt>
      <trkpt lat="39.75133" lon="140.12178">
        <ele>11.4</ele>
      </trkpt>
      <trkpt lat="39.75129" lon="140.12187">
        <ele>11.5</ele>
      </trkpt>
      <trkpt lat="39.75124" lon="140.122">
        <ele>11.5</ele>
      </trkpt>
      <trkpt lat="39.7512" lon="140.12208">
        <ele>11.6</ele>
      </trkpt>
      <trkpt lat="39.75116" lon="140.1222">
        <ele>11.6</ele>
      </trkpt>
      <trkpt lat="39.751" lon="140.1226">
        <ele>12.7</ele>
      </trkpt>
      <trkpt lat="39.75092" lon="140.1228">
        <ele>14.5</ele>
      </trkpt>
      <trkpt lat="39.75089" lon="140.12289">
        <ele>15.3</ele>
      </trkpt>
      <trkpt lat="39.75086" lon="140.12295">
        <ele>15.8</ele>
      </trkpt>
      <trkpt lat="39.75084" lon="140.123">
        <ele>16.2</ele>
      </trkpt>
      <trkpt lat="39.75074" lon="140.12321">
        <ele>18.5</ele>
      </trkpt>
      <trkpt lat="39.75056" lon="140.12357">
        <ele>22.6</ele>
      </trkpt>
      <trkpt lat="39.75042" lon="140.12384">
        <ele>25.3</ele>
      </trkpt>
      <trkpt lat="39.75034" lon="140.12399">
        <ele>26.4</ele>
      </trkpt>
      <trkpt lat="39.75015" lon="140.12434">
        <ele>28.6</ele>
      </trkpt>
      <trkpt lat="39.74996" lon="140.1247">
        <ele>29.9</ele>
      </trkpt>
      <trkpt lat="39.74985" lon="140.1249">
        <ele>31.0</ele>
      </trkpt>
      <trkpt lat="39.74979" lon="140.125">
        <ele>31.3</ele>
      </trkpt>
      <trkpt lat="39.74977" lon="140.12503">
        <ele>30.8</ele>
      </trkpt>
      <trkpt lat="39.74943" lon="140.12569">
        <ele>18.9</ele>
      </trkpt>
      <trkpt lat="39.74933" lon="140.12587">
        <ele>15.7</ele>
      </trkpt>
      <trkpt lat="39.74914" lon="140.12623">
        <ele>14.5</ele>
      </trkpt>
      <trkpt lat="39.74899" lon="140.1265">
        <ele>14.2</ele>
      </trkpt>
      <trkpt lat="39.74896" lon="140.12655">
        <ele>14.1</ele>
      </trkpt>
      <trkpt lat="39.74865" lon="140.12714">
        <ele>14.6</ele>
      </trkpt>
      <trkpt lat="39.74827" lon="140.12783">
        <ele>14.6</ele>
      </trkpt>
      <trkpt lat="39.74826" lon="140.12786">
        <ele>14.6</ele>
      </trkpt>
      <trkpt lat="39.74803" lon="140.12829">
        <ele>14.1</ele>
      </trkpt>
      <trkpt lat="39.74789" lon="140.12855">
        <ele>13.4</ele>
      </trkpt>
      <trkpt lat="39.74787" lon="140.1286">
        <ele>13.2</ele>
      </trkpt>
      <trkpt lat="39.74786" lon="140.12865">
        <ele>13.1</ele>
      </trkpt>
      <trkpt lat="39.7477" lon="140.12896">
        <ele>13.0</ele>
      </trkpt>
      <trkpt lat="39.74764" lon="140.12907">
        <ele>12.9</ele>
      </trkpt>
      <trkpt lat="39.7475" lon="140.12932">
        <ele>12.9</ele>
      </trkpt>
      <trkpt lat="39.74744" lon="140.12942">
        <ele>12.8</ele>
      </trkpt>
      <trkpt lat="39.74741" lon="140.12948">
        <ele>12.8</ele>
      </trkpt>
      <trkpt lat="39.7473" lon="140.12967">
        <ele>12.8</ele>
      </trkpt>
      <trkpt lat="39.74727" lon="140.12971">
        <ele>12.9</ele>
      </trkpt>
      <trkpt lat="39.74724" lon="140.12976">
        <ele>13.0</ele>
      </trkpt>
      <trkpt lat="39.74714" lon="140.12991">
        <ele>13.3</ele>
      </trkpt>
      <trkpt lat="39.74706" lon="140.13004">
        <ele>13.6</ele>
      </trkpt>
      <trkpt lat="39.74704" lon="140.13008">
        <ele>13.8</ele>
      </trkpt>
      <trkpt lat="39.74695" lon="140.13018">
        <ele>14.2</ele>
      </trkpt>
      <trkpt lat="39.74685" lon="140.13031">
        <ele>14.6</ele>
      </trkpt>
      <trkpt lat="39.74659" lon="140.13069">
        <ele>15.7</ele>
      </trkpt>
      <trkpt lat="39.74636" lon="140.131">
        <ele>16.9</ele>
      </trkpt>
      <trkpt lat="39.74629" lon="140.1311">
        <ele>17.4</ele>
      </trkpt>
      <trkpt lat="39.74622" lon="140.13119">
        <ele>17.9</ele>
      </trkpt>
      <trkpt lat="39.74614" lon="140.1313">
        <ele>18.6</ele>
      </trkpt>
      <trkpt lat="39.74595" lon="140.13156">
        <ele>20.2</ele>
      </trkpt>
      <trkpt lat="39.74595" lon="140.13156">
        <ele>20.2</ele>
      </trkpt>
      <trkpt lat="39.74582" lon="140.13167">
        <ele>21.1</ele>
      </trkpt>
      <trkpt lat="39.7458" lon="140.13169">
        <ele>21.4</ele>
      </trkpt>
      <trkpt lat="39.74574" lon="140.13177">
        <ele>22.5</ele>
      </trkpt>
      <trkpt lat="39.74564" lon="140.13191">
        <ele>24.3</ele>
      </trkpt>
      <trkpt lat="39.74547" lon="140.13214">
        <ele>26.9</ele>
      </trkpt>
      <trkpt lat="39.7454" lon="140.13224">
        <ele>27.8</ele>
      </trkpt>
      <trkpt lat="39.74506" lon="140.13279">
        <ele>29.7</ele>
      </trkpt>
      <trkpt lat="39.74493" lon="140.13304">
        <ele>30.3</ele>
      </trkpt>
      <trkpt lat="39.74486" lon="140.13316">
        <ele>31.1</ele>
      </trkpt>
      <trkpt lat="39.74471" lon="140.13342">
        <ele>33.3</ele>
      </trkpt>
      <trkpt lat="39.74471" lon="140.13343">
        <ele>33.4</ele>
      </trkpt>
      <trkpt lat="39.74387" lon="140.13487">
        <ele>39.8</ele>
      </trkpt>
      <trkpt lat="39.74387" lon="140.13488">
        <ele>39.8</ele>
      </trkpt>
      <trkpt lat="39.74373" lon="140.13519">
        <ele>41.1</ele>
      </trkpt>
      <trkpt lat="39.74366" lon="140.13534">
        <ele>41.7</ele>
      </trkpt>
      <trkpt lat="39.74358" lon="140.1355">
        <ele>42.4</ele>
      </trkpt>
      <trkpt lat="39.74349" lon="140.13566">
        <ele>43.1</ele>
      </trkpt>
      <trkpt lat="39.74349" lon="140.13567">
        <ele>43.2</ele>
      </trkpt>
      <trkpt lat="39.74341" lon="140.13579">
        <ele>43.7</ele>
      </trkpt>
      <trkpt lat="39.74331" lon="140.13592">
        <ele>44.4</ele>
      </trkpt>
      <trkpt lat="39.74324" lon="140.13601">
        <ele>44.8</ele>
      </trkpt>
      <trkpt lat="39.74314" lon="140.13614">
        <ele>45.5</ele>
      </trkpt>
      <trkpt lat="39.74295" lon="140.13634">
        <ele>46.6</ele>
      </trkpt>
      <trkpt lat="39.7428" lon="140.13649">
        <ele>47.5</ele>
      </trkpt>
      <trkpt lat="39.74267" lon="140.13657">
        <ele>48.2</ele>
      </trkpt>
      <trkpt lat="39.74264" lon="140.13659">
        <ele>48.3</ele>
      </trkpt>
      <trkpt lat="39.74215" lon="140.13679">
        <ele>50.7</ele>
      </trkpt>
      <trkpt lat="39.74207" lon="140.13682">
        <ele>51.1</ele>
      </trkpt>
      <trkpt lat="39.74198" lon="140.13685">
        <ele>51.5</ele>
      </trkpt>
      <trkpt lat="39.74192" lon="140.13687">
        <ele>51.8</ele>
      </trkpt>
      <trkpt lat="39.74185" lon="140.13689">
        <ele>52.2</ele>
      </trkpt>
      <trkpt lat="39.74177" lon="140.13691">
        <ele>51.2</ele>
      </trkpt>
      <trkpt lat="39.74172" lon="140.13692">
        <ele>50.6</ele>
      </trkpt>
      <trkpt lat="39.74171" lon="140.13692">
        <ele>50.4</ele>
      </trkpt>
      <trkpt lat="39.74163" lon="140.13694">
        <ele>50.2</ele>
      </trkpt>
      <trkpt lat="39.74156" lon="140.13694">
        <ele>50.6</ele>
      </trkpt>
      <trkpt lat="39.74149" lon="140.13695">
        <ele>51.0</ele>
      </trkpt>
      <trkpt lat="39.74142" lon="140.13696">
        <ele>51.5</ele>
      </trkpt>
      <trkpt lat="39.74137" lon="140.13696">
        <ele>51.8</ele>
      </trkpt>
      <trkpt lat="39.7413" lon="140.13696">
        <ele>52.2</ele>
      </trkpt>
      <trkpt lat="39.74124" lon="140.13696">
        <ele>52.5</ele>
      </trkpt>
      <trkpt lat="39.74118" lon="140.13695">
        <ele>52.8</ele>
      </trkpt>
      <trkpt lat="39.74111" lon="140.13695">
        <ele>53.2</ele>
      </trkpt>
      <trkpt lat="39.74105" lon="140.13694">
        <ele>53.4</ele>
      </trkpt>
      <trkpt lat="39.74098" lon="140.13693">
        <ele>53.7</ele>
      </trkpt>
      <trkpt lat="39.74092" lon="140.13692">
        <ele>54.0</ele>
      </trkpt>
      <trkpt lat="39.74086" lon="140.13692">
        <ele>54.3</ele>
      </trkpt>
      <trkpt lat="39.74075" lon="140.1369">
        <ele>54.2</ele>
      </trkpt>
      <trkpt lat="39.74059" lon="140.13688">
        <ele>54.0</ele>
      </trkpt>
      <trkpt lat="39.74031" lon="140.13684">
        <ele>53.7</ele>
      </trkpt>
      <trkpt lat="39.74028" lon="140.13684">
        <ele>53.7</ele>
      </trkpt>
      <trkpt lat="39.73942" lon="140.13672">
        <ele>51.8</ele>
      </trkpt>
      <trkpt lat="39.73904" lon="140.13668">
        <ele>51.6</ele>
      </trkpt>
      <trkpt lat="39.73889" lon="140.13666">
        <ele>51.9</ele>
      </trkpt>
      <trkpt lat="39.73853" lon="140.13661">
        <ele>52.6</ele>
      </trkpt>
      <trkpt lat="39.73828" lon="140.13658">
        <ele>52.9</ele>
      </trkpt>
      <trkpt lat="39.73796" lon="140.13654">
        <ele>53.5</ele>
      </trkpt>
      <trkpt lat="39.73776" lon="140.13651">
        <ele>53.8</ele>
      </trkpt>
      <trkpt lat="39.7376" lon="140.1365">
        <ele>54.2</ele>
      </trkpt>
      <trkpt lat="39.7374" lon="140.13647">
        <ele>53.9</ele>
      </trkpt>
      <trkpt lat="39.73696" lon="140.13642">
        <ele>51.1</ele>
      </trkpt>
      <trkpt lat="39.7369" lon="140.13641">
        <ele>50.7</ele>
      </trkpt>
      <trkpt lat="39.73661" lon="140.13636">
        <ele>48.9</ele>
      </trkpt>
      <trkpt lat="39.73651" lon="140.13634">
        <ele>48.2</ele>
      </trkpt>
      <trkpt lat="39.73638" lon="140.13633">
        <ele>47.4</ele>
      </trkpt>
      <trkpt lat="39.73613" lon="140.1363">
        <ele>45.8</ele>
      </trkpt>
      <trkpt lat="39.73606" lon="140.13629">
        <ele>45.4</ele>
      </trkpt>
      <trkpt lat="39.736" lon="140.13629">
        <ele>45.0</ele>
      </trkpt>
      <trkpt lat="39.73592" lon="140.13629">
        <ele>44.5</ele>
      </trkpt>
      <trkpt lat="39.73588" lon="140.13629">
        <ele>44.3</ele>
      </trkpt>
      <trkpt lat="39.73581" lon="140.13629">
        <ele>43.8</ele>
      </trkpt>
      <trkpt lat="39.73573" lon="140.1363">
        <ele>43.3</ele>
      </trkpt>
      <trkpt lat="39.73569" lon="140.13631">
        <ele>43.1</ele>
      </trkpt>
      <trkpt lat="39.73566" lon="140.13632">
        <ele>42.9</ele>
      </trkpt>
      <trkpt lat="39.73562" lon="140.13633">
        <ele>42.6</ele>
      </trkpt>
      <trkpt lat="39.73556" lon="140.13634">
        <ele>42.2</ele>
      </trkpt>
      <trkpt lat="39.73549" lon="140.13636">
        <ele>42.4</ele>
      </trkpt>
      <trkpt lat="39.73545" lon="140.13636">
        <ele>42.4</ele>
      </trkpt>
      <trkpt lat="39.7354" lon="140.13638">
        <ele>42.5</ele>
      </trkpt>
      <trkpt lat="39.73533" lon="140.13641">
        <ele>42.7</ele>
      </trkpt>
      <trkpt lat="39.73528" lon="140.13643">
        <ele>42.7</ele>
      </trkpt>
      <trkpt lat="39.73522" lon="140.13645">
        <ele>42.9</ele>
      </trkpt>
      <trkpt lat="39.73518" lon="140.13647">
        <ele>42.9</ele>
      </trkpt>
      <trkpt lat="39.7351" lon="140.13651">
        <ele>43.1</ele>
      </trkpt>
      <trkpt lat="39.73505" lon="140.13655">
        <ele>43.2</ele>
      </trkpt>
      <trkpt lat="39.73499" lon="140.13659">
        <ele>43.3</ele>
      </trkpt>
      <trkpt lat="39.73493" lon="140.13663">
        <ele>43.4</ele>
      </trkpt>
      <trkpt lat="39.73485" lon="140.13669">
        <ele>43.6</ele>
      </trkpt>
      <trkpt lat="39.73483" lon="140.13671">
        <ele>43.6</ele>
      </trkpt>
      <trkpt lat="39.73475" lon="140.13677">
        <ele>43.8</ele>
      </trkpt>
      <trkpt lat="39.73469" lon="140.13682">
        <ele>43.9</ele>
      </trkpt>
      <trkpt lat="39.73462" lon="140.1369">
        <ele>44.1</ele>
      </trkpt>
      <trkpt lat="39.73456" lon="140.13696">
        <ele>44.2</ele>
      </trkpt>
      <trkpt lat="39.73448" lon="140.13705">
        <ele>44.4</ele>
      </trkpt>
      <trkpt lat="39.73441" lon="140.13715">
        <ele>44.6</ele>
      </trkpt>
      <trkpt lat="39.73434" lon="140.13724">
        <ele>44.8</ele>
      </trkpt>
      <trkpt lat="39.73427" lon="140.13736">
        <ele>45.0</ele>
      </trkpt>
      <trkpt lat="39.73421" lon="140.13745">
        <ele>45.1</ele>
      </trkpt>
      <trkpt lat="39.73418" lon="140.13751">
        <ele>45.2</ele>
      </trkpt>
      <trkpt lat="39.73417" lon="140.13754">
        <ele>45.3</ele>
      </trkpt>
      <trkpt lat="39.73411" lon="140.13767">
        <ele>45.5</ele>
      </trkpt>
      <trkpt lat="39.73408" lon="140.13773">
        <ele>45.6</ele>
      </trkpt>
      <trkpt lat="39.73407" lon="140.13775">
        <ele>45.6</ele>
      </trkpt>
      <trkpt lat="39.73404" lon="140.13783">
        <ele>45.7</ele>
      </trkpt>
      <trkpt lat="39.73401" lon="140.13791">
        <ele>45.8</ele>
      </trkpt>
      <trkpt lat="39.73398" lon="140.13799">
        <ele>46.0</ele>
      </trkpt>
      <trkpt lat="39.73396" lon="140.13805">
        <ele>46.5</ele>
      </trkpt>
      <trkpt lat="39.73393" lon="140.13814">
        <ele>47.3</ele>
      </trkpt>
      <trkpt lat="39.73389" lon="140.13828">
        <ele>48.6</ele>
      </trkpt>
      <trkpt lat="39.73387" lon="140.13844">
        <ele>49.3</ele>
      </trkpt>
      <trkpt lat="39.73385" lon="140.13852">
        <ele>49.5</ele>
      </trkpt>
      <trkpt lat="39.73378" lon="140.13896">
        <ele>50.3</ele>
      </trkpt>
      <trkpt lat="39.73366" lon="140.13958">
        <ele>47.4</ele>
      </trkpt>
      <trkpt lat="39.73364" lon="140.13968">
        <ele>46.6</ele>
      </trkpt>
      <trkpt lat="39.73361" lon="140.13982">
        <ele>45.5</ele>
      </trkpt>
      <trkpt lat="39.7336" lon="140.13989">
        <ele>44.9</ele>
      </trkpt>
      <trkpt lat="39.7335" lon="140.14024">
        <ele>42.1</ele>
      </trkpt>
      <trkpt lat="39.73348" lon="140.14034">
        <ele>41.4</ele>
      </trkpt>
      <trkpt lat="39.73338" lon="140.14063">
        <ele>39.2</ele>
      </trkpt>
      <trkpt lat="39.73336" lon="140.14068">
        <ele>38.9</ele>
      </trkpt>
      <trkpt lat="39.73331" lon="140.1408">
        <ele>38.2</ele>
      </trkpt>
      <trkpt lat="39.73324" lon="140.14095">
        <ele>37.4</ele>
      </trkpt>
      <trkpt lat="39.73315" lon="140.14113">
        <ele>36.3</ele>
      </trkpt>
      <trkpt lat="39.73308" lon="140.14127">
        <ele>35.4</ele>
      </trkpt>
      <trkpt lat="39.73274" lon="140.14185">
        <ele>31.2</ele>
      </trkpt>
      <trkpt lat="39.73248" lon="140.14229">
        <ele>28.0</ele>
      </trkpt>
      <trkpt lat="39.73241" lon="140.14242">
        <ele>27.4</ele>
      </trkpt>
      <trkpt lat="39.73234" lon="140.14253">
        <ele>26.9</ele>
      </trkpt>
      <trkpt lat="39.73214" lon="140.14287">
        <ele>25.7</ele>
      </trkpt>
      <trkpt lat="39.73184" lon="140.14339">
        <ele>23.1</ele>
      </trkpt>
      <trkpt lat="39.73181" lon="140.14344">
        <ele>22.7</ele>
      </trkpt>
      <trkpt lat="39.73179" lon="140.14348">
        <ele>22.4</ele>
      </trkpt>
      <trkpt lat="39.73157" lon="140.14385">
        <ele>19.9</ele>
      </trkpt>
      <trkpt lat="39.73137" lon="140.1442">
        <ele>17.5</ele>
      </trkpt>
      <trkpt lat="39.73126" lon="140.14439">
        <ele>16.3</ele>
      </trkpt>
      <trkpt lat="39.73112" lon="140.14463">
        <ele>14.9</ele>
      </trkpt>
      <trkpt lat="39.73095" lon="140.14491">
        <ele>13.4</ele>
      </trkpt>
      <trkpt lat="39.73091" lon="140.145">
        <ele>13.0</ele>
      </trkpt>
      <trkpt lat="39.73063" lon="140.14545">
        <ele>11.9</ele>
      </trkpt>
      <trkpt lat="39.73054" lon="140.14559">
        <ele>11.5</ele>
      </trkpt>
      <trkpt lat="39.73036" lon="140.14592">
        <ele>10.8</ele>
      </trkpt>
      <trkpt lat="39.73031" lon="140.14599">
        <ele>10.7</ele>
      </trkpt>
      <trkpt lat="39.73028" lon="140.14604">
        <ele>10.6</ele>
      </trkpt>
      <trkpt lat="39.73021" lon="140.14615">
        <ele>10.4</ele>
      </trkpt>
      <trkpt lat="39.73019" lon="140.14618">
        <ele>10.4</ele>
      </trkpt>
      <trkpt lat="39.73012" lon="140.14629">
        <ele>10.2</ele>
      </trkpt>
      <trkpt lat="39.73003" lon="140.14642">
        <ele>10.0</ele>
      </trkpt>
      <trkpt lat="39.72997" lon="140.1465">
        <ele>10.0</ele>
      </trkpt>
      <trkpt lat="39.72993" lon="140.14656">
        <ele>10.1</ele>
      </trkpt>
      <trkpt lat="39.72988" lon="140.14661">
        <ele>10.1</ele>
      </trkpt>
      <trkpt lat="39.72979" lon="140.14672">
        <ele>10.4</ele>
      </trkpt>
      <trkpt lat="39.72973" lon="140.14677">
        <ele>10.5</ele>
      </trkpt>
      <trkpt lat="39.72967" lon="140.14684">
        <ele>10.7</ele>
      </trkpt>
      <trkpt lat="39.7296" lon="140.14691">
        <ele>10.9</ele>
      </trkpt>
      <trkpt lat="39.72951" lon="140.14699">
        <ele>11.1</ele>
      </trkpt>
      <trkpt lat="39.7294" lon="140.14709">
        <ele>11.4</ele>
      </trkpt>
      <trkpt lat="39.72931" lon="140.14715">
        <ele>11.5</ele>
      </trkpt>
      <trkpt lat="39.72923" lon="140.14722">
        <ele>11.6</ele>
      </trkpt>
      <trkpt lat="39.7292" lon="140.14724">
        <ele>11.7</ele>
      </trkpt>
      <trkpt lat="39.72914" lon="140.14728">
        <ele>11.7</ele>
      </trkpt>
      <trkpt lat="39.72904" lon="140.14734">
        <ele>11.5</ele>
      </trkpt>
      <trkpt lat="39.72895" lon="140.1474">
        <ele>11.4</ele>
      </trkpt>
      <trkpt lat="39.72886" lon="140.14745">
        <ele>11.2</ele>
      </trkpt>
      <trkpt lat="39.72885" lon="140.14746">
        <ele>11.2</ele>
      </trkpt>
      <trkpt lat="39.72874" lon="140.14751">
        <ele>11.0</ele>
      </trkpt>
      <trkpt lat="39.72866" lon="140.14757">
        <ele>10.8</ele>
      </trkpt>
      <trkpt lat="39.7286" lon="140.14762">
        <ele>10.7</ele>
      </trkpt>
      <trkpt lat="39.72853" lon="140.14763">
        <ele>10.6</ele>
      </trkpt>
      <trkpt lat="39.7283" lon="140.1477">
        <ele>10.2</ele>
      </trkpt>
      <trkpt lat="39.72824" lon="140.14772">
        <ele>10.2</ele>
      </trkpt>
      <trkpt lat="39.72817" lon="140.14773">
        <ele>10.2</ele>
      </trkpt>
      <trkpt lat="39.72807" lon="140.14775">
        <ele>10.2</ele>
      </trkpt>
      <trkpt lat="39.72791" lon="140.14777">
        <ele>10.2</ele>
      </trkpt>
      <trkpt lat="39.72772" lon="140.14778">
        <ele>10.1</ele>
      </trkpt>
      <trkpt lat="39.72748" lon="140.1478">
        <ele>10.1</ele>
      </trkpt>
      <trkpt lat="39.72689" lon="140.14785">
        <ele>11.6</ele>
      </trkpt>
      <trkpt lat="39.72673" lon="140.14786">
        <ele>12.0</ele>
      </trkpt>
      <trkpt lat="39.72654" lon="140.14788">
        <ele>12.0</ele>
      </trkpt>
      <trkpt lat="39.72641" lon="140.14789">
        <ele>11.9</ele>
      </trkpt>
      <trkpt lat="39.72615" lon="140.14791">
        <ele>11.7</ele>
      </trkpt>
      <trkpt lat="39.72574" lon="140.14794">
        <ele>11.5</ele>
      </trkpt>
      <trkpt lat="39.72539" lon="140.14798">
        <ele>11.6</ele>
      </trkpt>
      <trkpt lat="39.72498" lon="140.14801">
        <ele>11.6</ele>
      </trkpt>
      <trkpt lat="39.72479" lon="140.14802">
        <ele>11.3</ele>
      </trkpt>
      <trkpt lat="39.72462" lon="140.14804">
        <ele>11.1</ele>
      </trkpt>
      <trkpt lat="39.72395" lon="140.14809">
        <ele>10.4</ele>
      </trkpt>
      <trkpt lat="39.72262" lon="140.1482">
        <ele>10.0</ele>
      </trkpt>
      <trkpt lat="39.72222" lon="140.14823">
        <ele>9.7</ele>
      </trkpt>
      <trkpt lat="39.72164" lon="140.14827">
        <ele>9.0</ele>
      </trkpt>
      <trkpt lat="39.72144" lon="140.14829">
        <ele>9.3</ele>
      </trkpt>
      <trkpt lat="39.72142" lon="140.14829">
        <ele>9.3</ele>
      </trkpt>
      <trkpt lat="39.72131" lon="140.1483">
        <ele>9.4</ele>
      </trkpt>
      <trkpt lat="39.72121" lon="140.1483">
        <ele>9.5</ele>
      </trkpt>
      <trkpt lat="39.72105" lon="140.14831">
        <ele>9.7</ele>
      </trkpt>
      <trkpt lat="39.72091" lon="140.14832">
        <ele>9.9</ele>
      </trkpt>
      <trkpt lat="39.72085" lon="140.14832">
        <ele>10.0</ele>
      </trkpt>
      <trkpt lat="39.7208" lon="140.14833">
        <ele>10.0</ele>
      </trkpt>
      <trkpt lat="39.72062" lon="140.14835">
        <ele>10.0</ele>
      </trkpt>
      <trkpt lat="39.72054" lon="140.14836">
        <ele>10.0</ele>
      </trkpt>
      <trkpt lat="39.72049" lon="140.14836">
        <ele>10.0</ele>
      </trkpt>
      <trkpt lat="39.72032" lon="140.14838">
        <ele>10.0</ele>
      </trkpt>
      <trkpt lat="39.71988" lon="140.14841">
        <ele>10.0</ele>
      </trkpt>
      <trkpt lat="39.71914" lon="140.14847">
        <ele>10.0</ele>
      </trkpt>
      <trkpt lat="39.7188" lon="140.1485">
        <ele>10.0</ele>
      </trkpt>
      <trkpt lat="39.71873" lon="140.1485">
        <ele>10.0</ele>
      </trkpt>
      <trkpt lat="39.71846" lon="140.14852">
        <ele>10.0</ele>
      </trkpt>
      <trkpt lat="39.71811" lon="140.14855">
        <ele>10.1</ele>
      </trkpt>
      <trkpt lat="39.71782" lon="140.14857">
        <ele>10.2</ele>
      </trkpt>
      <trkpt lat="39.71772" lon="140.14858">
        <ele>10.2</ele>
      </trkpt>
      <trkpt lat="39.71747" lon="140.1486">
        <ele>10.4</ele>
      </trkpt>
      <trkpt lat="39.71687" lon="140.14865">
        <ele>11.1</ele>
      </trkpt>
      <trkpt lat="39.71682" lon="140.14865">
        <ele>11.2</ele>
      </trkpt>
      <trkpt lat="39.71653" lon="140.14868">
        <ele>11.3</ele>
      </trkpt>
      <trkpt lat="39.71629" lon="140.14869">
        <ele>11.2</ele>
      </trkpt>
      <trkpt lat="39.71608" lon="140.14871">
        <ele>11.1</ele>
      </trkpt>
      <trkpt lat="39.71568" lon="140.14874">
        <ele>10.8</ele>
      </trkpt>
      <trkpt lat="39.71557" lon="140.1487">
        <ele>10.7</ele>
      </trkpt>
      <trkpt lat="39.71547" lon="140.1487">
        <ele>10.6</ele>
      </trkpt>
      <trkpt lat="39.715" lon="140.14873">
        <ele>10.0</ele>
      </trkpt>
      <trkpt lat="39.7144" lon="140.14878">
        <ele>9.2</ele>
      </trkpt>
      <trkpt lat="39.71364" lon="140.14884">
        <ele>8.7</ele>
      </trkpt>
      <trkpt lat="39.71338" lon="140.14887">
        <ele>8.6</ele>
      </trkpt>
      <trkpt lat="39.71306" lon="140.14889">
        <ele>8.7</ele>
      </trkpt>
      <trkpt lat="39.71293" lon="140.1489">
        <ele>8.8</ele>
      </trkpt>
      <trkpt lat="39.71289" lon="140.1489">
        <ele>8.9</ele>
      </trkpt>
      <trkpt lat="39.71277" lon="140.14891">
        <ele>9.0</ele>
      </trkpt>
      <trkpt lat="39.71263" lon="140.14892">
        <ele>9.2</ele>
      </trkpt>
      <trkpt lat="39.71258" lon="140.14893">
        <ele>9.2</ele>
      </trkpt>
      <trkpt lat="39.71225" lon="140.14896">
        <ele>9.6</ele>
      </trkpt>
      <trkpt lat="39.71222" lon="140.14896">
        <ele>9.7</ele>
      </trkpt>
      <trkpt lat="39.71212" lon="140.14896">
        <ele>9.8</ele>
      </trkpt>
      <trkpt lat="39.71195" lon="140.14897">
        <ele>10.0</ele>
      </trkpt>
      <trkpt lat="39.71189" lon="140.14898">
        <ele>10.1</ele>
      </trkpt>
      <trkpt lat="39.71154" lon="140.14901">
        <ele>10.7</ele>
      </trkpt>
      <trkpt lat="39.71144" lon="140.14902">
        <ele>10.7</ele>
      </trkpt>
      <trkpt lat="39.71141" lon="140.14902">
        <ele>10.7</ele>
      </trkpt>
      <trkpt lat="39.71115" lon="140.14904">
        <ele>10.8</ele>
      </trkpt>
      <trkpt lat="39.71095" lon="140.14906">
        <ele>10.9</ele>
      </trkpt>
      <trkpt lat="39.7109" lon="140.14907">
        <ele>10.9</ele>
      </trkpt>
      <trkpt lat="39.71063" lon="140.14909">
        <ele>11.2</ele>
      </trkpt>
      <trkpt lat="39.71035" lon="140.14911">
        <ele>11.5</ele>
      </trkpt>
      <trkpt lat="39.70977" lon="140.14916">
        <ele>12.3</ele>
      </trkpt>
      <trkpt lat="39.7097" lon="140.14917">
        <ele>12.4</ele>
      </trkpt>
      <trkpt lat="39.70955" lon="140.14918">
        <ele>12.6</ele>
      </trkpt>
      <trkpt lat="39.70913" lon="140.14921">
        <ele>13.0</ele>
      </trkpt>
      <trkpt lat="39.70881" lon="140.14923">
        <ele>12.2</ele>
      </trkpt>
      <trkpt lat="39.70818" lon="140.14928">
        <ele>11.0</ele>
      </trkpt>
      <trkpt lat="39.70766" lon="140.14932">
        <ele>10.4</ele>
      </trkpt>
      <trkpt lat="39.70722" lon="140.14935">
        <ele>10.0</ele>
      </trkpt>
      <trkpt lat="39.70714" lon="140.14936">
        <ele>9.9</ele>
      </trkpt>
      <trkpt lat="39.70652" lon="140.14942">
        <ele>9.8</ele>
      </trkpt>
      <trkpt lat="39.70643" lon="140.14942">
        <ele>10.0</ele>
      </trkpt>
      <trkpt lat="39.70633" lon="140.14943">
        <ele>10.2</ele>
      </trkpt>
      <trkpt lat="39.70621" lon="140.14944">
        <ele>10.4</ele>
      </trkpt>
      <trkpt lat="39.70573" lon="140.14947">
        <ele>11.5</ele>
      </trkpt>
      <trkpt lat="39.7056" lon="140.14948">
        <ele>12.1</ele>
      </trkpt>
      <trkpt lat="39.70532" lon="140.1495">
        <ele>13.4</ele>
      </trkpt>
      <trkpt lat="39.70523" lon="140.1495">
        <ele>13.8</ele>
      </trkpt>
      <trkpt lat="39.70496" lon="140.14952">
        <ele>15.0</ele>
      </trkpt>
      <trkpt lat="39.70472" lon="140.14953">
        <ele>15.3</ele>
      </trkpt>
      <trkpt lat="39.70454" lon="140.14954">
        <ele>15.5</ele>
      </trkpt>
      <trkpt lat="39.70452" lon="140.14955">
        <ele>15.6</ele>
      </trkpt>
      <trkpt lat="39.70419" lon="140.14956">
        <ele>15.9</ele>
      </trkpt>
      <trkpt lat="39.70382" lon="140.14958">
        <ele>17.2</ele>
      </trkpt>
      <trkpt lat="39.70351" lon="140.14959">
        <ele>18.4</ele>
      </trkpt>
      <trkpt lat="39.70342" lon="140.14966">
        <ele>18.6</ele>
      </trkpt>
      <trkpt lat="39.70318" lon="140.14965">
        <ele>20.2</ele>
      </trkpt>
      <trkpt lat="39.70288" lon="140.14965">
        <ele>22.9</ele>
      </trkpt>
      <trkpt lat="39.7027" lon="140.14964">
        <ele>24.6</ele>
      </trkpt>
      <trkpt lat="39.70234" lon="140.14962">
        <ele>25.8</ele>
      </trkpt>
      <trkpt lat="39.70223" lon="140.14962">
        <ele>25.1</ele>
      </trkpt>
      <trkpt lat="39.70198" lon="140.1496">
        <ele>23.8</ele>
      </trkpt>
      <trkpt lat="39.70171" lon="140.14958">
        <ele>22.3</ele>
      </trkpt>
      <trkpt lat="39.70132" lon="140.14955">
        <ele>18.0</ele>
      </trkpt>
      <trkpt lat="39.70097" lon="140.14953">
        <ele>13.9</ele>
      </trkpt>
      <trkpt lat="39.70082" lon="140.14951">
        <ele>12.2</ele>
      </trkpt>
      <trkpt lat="39.70068" lon="140.14951">
        <ele>11.5</ele>
      </trkpt>
      <trkpt lat="39.70053" lon="140.1495">
        <ele>10.7</ele>
      </trkpt>
      <trkpt lat="39.70038" lon="140.14949">
        <ele>9.9</ele>
      </trkpt>
      <trkpt lat="39.69973" lon="140.14945">
        <ele>7.7</ele>
      </trkpt>
      <trkpt lat="39.69915" lon="140.14941">
        <ele>7.0</ele>
      </trkpt>
      <trkpt lat="39.69868" lon="140.14938">
        <ele>7.0</ele>
      </trkpt>
      <trkpt lat="39.69812" lon="140.14934">
        <ele>7.2</ele>
      </trkpt>
      <trkpt lat="39.69757" lon="140.1493">
        <ele>7.8</ele>
      </trkpt>
      <trkpt lat="39.69711" lon="140.14927">
        <ele>9.6</ele>
      </trkpt>
      <trkpt lat="39.69687" lon="140.14925">
        <ele>10.6</ele>
      </trkpt>
      <trkpt lat="39.69612" lon="140.1492">
        <ele>10.7</ele>
      </trkpt>
      <trkpt lat="39.69567" lon="140.14917">
        <ele>9.8</ele>
      </trkpt>
      <trkpt lat="39.6953" lon="140.14915">
        <ele>9.3</ele>
      </trkpt>
      <trkpt lat="39.69461" lon="140.14911">
        <ele>8.4</ele>
      </trkpt>
      <trkpt lat="39.69419" lon="140.14909">
        <ele>8.0</ele>
      </trkpt>
      <trkpt lat="39.69369" lon="140.14906">
        <ele>10.1</ele>
      </trkpt>
      <trkpt lat="39.69341" lon="140.14903">
        <ele>11.2</ele>
      </trkpt>
      <trkpt lat="39.69313" lon="140.149">
        <ele>10.5</ele>
      </trkpt>
      <trkpt lat="39.69282" lon="140.14898">
        <ele>9.0</ele>
      </trkpt>
      <trkpt lat="39.69252" lon="140.14895">
        <ele>7.6</ele>
      </trkpt>
      <trkpt lat="39.69206" lon="140.14891">
        <ele>7.5</ele>
      </trkpt>
      <trkpt lat="39.69115" lon="140.14882">
        <ele>7.6</ele>
      </trkpt>
      <trkpt lat="39.69102" lon="140.1488">
        <ele>7.6</ele>
      </trkpt>
      <trkpt lat="39.69046" lon="140.14874">
        <ele>7.5</ele>
      </trkpt>
      <trkpt lat="39.68984" lon="140.14869">
        <ele>7.5</ele>
      </trkpt>
      <trkpt lat="39.68977" lon="140.14867">
        <ele>7.4</ele>
      </trkpt>
      <trkpt lat="39.6897" lon="140.14866">
        <ele>7.4</ele>
      </trkpt>
      <trkpt lat="39.68964" lon="140.14866">
        <ele>7.3</ele>
      </trkpt>
      <trkpt lat="39.68936" lon="140.14862">
        <ele>7.2</ele>
      </trkpt>
      <trkpt lat="39.68927" lon="140.14861">
        <ele>7.1</ele>
      </trkpt>
      <trkpt lat="39.6892" lon="140.14861">
        <ele>7.0</ele>
      </trkpt>
      <trkpt lat="39.68911" lon="140.14861">
        <ele>6.9</ele>
      </trkpt>
      <trkpt lat="39.68852" lon="140.14857">
        <ele>5.9</ele>
      </trkpt>
      <trkpt lat="39.6882" lon="140.14855">
        <ele>6.0</ele>
      </trkpt>
      <trkpt lat="39.68807" lon="140.14855">
        <ele>6.0</ele>
      </trkpt>
      <trkpt lat="39.68796" lon="140.14856">
        <ele>6.1</ele>
      </trkpt>
      <trkpt lat="39.68785" lon="140.14856">
        <ele>6.1</ele>
      </trkpt>
      <trkpt lat="39.68776" lon="140.14856">
        <ele>6.2</ele>
      </trkpt>
      <trkpt lat="39.68751" lon="140.14859">
        <ele>6.3</ele>
      </trkpt>
      <trkpt lat="39.68726" lon="140.14863">
        <ele>6.3</ele>
      </trkpt>
      <trkpt lat="39.68708" lon="140.14868">
        <ele>6.2</ele>
      </trkpt>
      <trkpt lat="39.6869" lon="140.14872">
        <ele>6.1</ele>
      </trkpt>
      <trkpt lat="39.68665" lon="140.1488">
        <ele>6.0</ele>
      </trkpt>
      <trkpt lat="39.68644" lon="140.14888">
        <ele>5.7</ele>
      </trkpt>
      <trkpt lat="39.68629" lon="140.14894">
        <ele>5.5</ele>
      </trkpt>
      <trkpt lat="39.68608" lon="140.14903">
        <ele>5.3</ele>
      </trkpt>
      <trkpt lat="39.68585" lon="140.14913">
        <ele>5.0</ele>
      </trkpt>
      <trkpt lat="39.68516" lon="140.14946">
        <ele>6.4</ele>
      </trkpt>
      <trkpt lat="39.68497" lon="140.14955">
        <ele>6.6</ele>
      </trkpt>
      <trkpt lat="39.68404" lon="140.15">
        <ele>8.0</ele>
      </trkpt>
      <trkpt lat="39.68303" lon="140.15049">
        <ele>6.7</ele>
      </trkpt>
      <trkpt lat="39.68266" lon="140.15067">
        <ele>6.2</ele>
      </trkpt>
      <trkpt lat="39.68224" lon="140.15087">
        <ele>6.0</ele>
      </trkpt>
      <trkpt lat="39.68212" lon="140.15093">
        <ele>6.1</ele>
      </trkpt>
      <trkpt lat="39.68198" lon="140.151">
        <ele>6.2</ele>
      </trkpt>
      <trkpt lat="39.68195" lon="140.15102">
        <ele>6.3</ele>
      </trkpt>
      <trkpt lat="39.68162" lon="140.15119">
        <ele>6.9</ele>
      </trkpt>
      <trkpt lat="39.68136" lon="140.15131">
        <ele>7.3</ele>
      </trkpt>
      <trkpt lat="39.68108" lon="140.15143">
        <ele>7.6</ele>
      </trkpt>
      <trkpt lat="39.68075" lon="140.15159">
        <ele>7.7</ele>
      </trkpt>
      <trkpt lat="39.68048" lon="140.15172">
        <ele>7.1</ele>
      </trkpt>
      <trkpt lat="39.6792" lon="140.15233">
        <ele>6.8</ele>
      </trkpt>
      <trkpt lat="39.67894" lon="140.15246">
        <ele>7.5</ele>
      </trkpt>
      <trkpt lat="39.67877" lon="140.15254">
        <ele>8.0</ele>
      </trkpt>
      <trkpt lat="39.67864" lon="140.1526">
        <ele>8.3</ele>
      </trkpt>
      <trkpt lat="39.67846" lon="140.15269">
        <ele>8.7</ele>
      </trkpt>
      <trkpt lat="39.67827" lon="140.15278">
        <ele>9.0</ele>
      </trkpt>
      <trkpt lat="39.67809" lon="140.15286">
        <ele>9.0</ele>
      </trkpt>
      <trkpt lat="39.67791" lon="140.15295">
        <ele>9.0</ele>
      </trkpt>
      <trkpt lat="39.6778" lon="140.15299">
        <ele>9.0</ele>
      </trkpt>
      <trkpt lat="39.67771" lon="140.15302">
        <ele>9.0</ele>
      </trkpt>
      <trkpt lat="39.67762" lon="140.15304">
        <ele>9.0</ele>
      </trkpt>
      <trkpt lat="39.67753" lon="140.15306">
        <ele>9.0</ele>
      </trkpt>
      <trkpt lat="39.67745" lon="140.15306">
        <ele>8.9</ele>
      </trkpt>
      <trkpt lat="39.67739" lon="140.15307">
        <ele>8.9</ele>
      </trkpt>
      <trkpt lat="39.67731" lon="140.15307">
        <ele>8.8</ele>
      </trkpt>
      <trkpt lat="39.67725" lon="140.15306">
        <ele>8.7</ele>
      </trkpt>
      <trkpt lat="39.67718" lon="140.15305">
        <ele>8.6</ele>
      </trkpt>
      <trkpt lat="39.6771" lon="140.15304">
        <ele>8.5</ele>
      </trkpt>
      <trkpt lat="39.67703" lon="140.15302">
        <ele>8.4</ele>
      </trkpt>
      <trkpt lat="39.67695" lon="140.15299">
        <ele>8.3</ele>
      </trkpt>
      <trkpt lat="39.67688" lon="140.15297">
        <ele>8.3</ele>
      </trkpt>
      <trkpt lat="39.67683" lon="140.15294">
        <ele>8.2</ele>
      </trkpt>
      <trkpt lat="39.67677" lon="140.15292">
        <ele>8.1</ele>
      </trkpt>
      <trkpt lat="39.6767" lon="140.15287">
        <ele>8.0</ele>
      </trkpt>
      <trkpt lat="39.67661" lon="140.15281">
        <ele>7.9</ele>
      </trkpt>
      <trkpt lat="39.67656" lon="140.15277">
        <ele>7.9</ele>
      </trkpt>
      <trkpt lat="39.67649" lon="140.15272">
        <ele>7.8</ele>
      </trkpt>
      <trkpt lat="39.67641" lon="140.15264">
        <ele>7.7</ele>
      </trkpt>
      <trkpt lat="39.67629" lon="140.15252">
        <ele>7.5</ele>
      </trkpt>
      <trkpt lat="39.67619" lon="140.15242">
        <ele>7.4</ele>
      </trkpt>
      <trkpt lat="39.67611" lon="140.15234">
        <ele>7.3</ele>
      </trkpt>
      <trkpt lat="39.67605" lon="140.15228">
        <ele>7.3</ele>
      </trkpt>
      <trkpt lat="39.67598" lon="140.1522">
        <ele>7.2</ele>
      </trkpt>
      <trkpt lat="39.67589" lon="140.15206">
        <ele>7.1</ele>
      </trkpt>
      <trkpt lat="39.67583" lon="140.15198">
        <ele>7.0</ele>
      </trkpt>
      <trkpt lat="39.67566" lon="140.15179">
        <ele>6.9</ele>
      </trkpt>
      <trkpt lat="39.67552" lon="140.15163">
        <ele>6.6</ele>
      </trkpt>
      <trkpt lat="39.67542" lon="140.15151">
        <ele>6.3</ele>
      </trkpt>
      <trkpt lat="39.67522" lon="140.15128">
        <ele>5.6</ele>
      </trkpt>
      <trkpt lat="39.67515" lon="140.15122">
        <ele>5.3</ele>
      </trkpt>
      <trkpt lat="39.67511" lon="140.15108">
        <ele>4.9</ele>
      </trkpt>
      <trkpt lat="39.67482" lon="140.15076">
        <ele>4.7</ele>
      </trkpt>
      <trkpt lat="39.6747" lon="140.15063">
        <ele>4.7</ele>
      </trkpt>
      <trkpt lat="39.67464" lon="140.15055">
        <ele>4.7</ele>
      </trkpt>
      <trkpt lat="39.67451" lon="140.15042">
        <ele>4.6</ele>
      </trkpt>
      <trkpt lat="39.67435" lon="140.15027">
        <ele>4.6</ele>
      </trkpt>
      <trkpt lat="39.67432" lon="140.15023">
        <ele>4.5</ele>
      </trkpt>
      <trkpt lat="39.67427" lon="140.15018">
        <ele>4.4</ele>
      </trkpt>
      <trkpt lat="39.6742" lon="140.15011">
        <ele>4.2</ele>
      </trkpt>
      <trkpt lat="39.67416" lon="140.15007">
        <ele>4.1</ele>
      </trkpt>
      <trkpt lat="39.67406" lon="140.14999">
        <ele>3.9</ele>
      </trkpt>
      <trkpt lat="39.67397" lon="140.14994">
        <ele>3.7</ele>
      </trkpt>
      <trkpt lat="39.67391" lon="140.1499">
        <ele>3.7</ele>
      </trkpt>
      <trkpt lat="39.67386" lon="140.14988">
        <ele>3.6</ele>
      </trkpt>
      <trkpt lat="39.67382" lon="140.14986">
        <ele>3.5</ele>
      </trkpt>
      <trkpt lat="39.67377" lon="140.14984">
        <ele>3.4</ele>
      </trkpt>
      <trkpt lat="39.67369" lon="140.14981">
        <ele>3.3</ele>
      </trkpt>
      <trkpt lat="39.67356" lon="140.14977">
        <ele>3.1</ele>
      </trkpt>
      <trkpt lat="39.67344" lon="140.14975">
        <ele>2.9</ele>
      </trkpt>
      <trkpt lat="39.67338" lon="140.14974">
        <ele>2.8</ele>
      </trkpt>
      <trkpt lat="39.67334" lon="140.14973">
        <ele>2.7</ele>
      </trkpt>
      <trkpt lat="39.67329" lon="140.14973">
        <ele>2.7</ele>
      </trkpt>
      <trkpt lat="39.67325" lon="140.14973">
        <ele>2.8</ele>
      </trkpt>
      <trkpt lat="39.67322" lon="140.14973">
        <ele>2.8</ele>
      </trkpt>
      <trkpt lat="39.67313" lon="140.14973">
        <ele>2.9</ele>
      </trkpt>
      <trkpt lat="39.67268" lon="140.14976">
        <ele>3.5</ele>
      </trkpt>
      <trkpt lat="39.67215" lon="140.1498">
        <ele>3.3</ele>
      </trkpt>
      <trkpt lat="39.67168" lon="140.14983">
        <ele>2.8</ele>
      </trkpt>
      <trkpt lat="39.67135" lon="140.14986">
        <ele>2.6</ele>
      </trkpt>
      <trkpt lat="39.67122" lon="140.14987">
        <ele>2.5</ele>
      </trkpt>
      <trkpt lat="39.67114" lon="140.14988">
        <ele>2.4</ele>
      </trkpt>
      <trkpt lat="39.67112" lon="140.14988">
        <ele>2.4</ele>
      </trkpt>
      <trkpt lat="39.67104" lon="140.1499">
        <ele>2.3</ele>
      </trkpt>
      <trkpt lat="39.67095" lon="140.14993">
        <ele>2.2</ele>
      </trkpt>
      <trkpt lat="39.67086" lon="140.14996">
        <ele>2.1</ele>
      </trkpt>
      <trkpt lat="39.67077" lon="140.15001">
        <ele>2.2</ele>
      </trkpt>
      <trkpt lat="39.6707" lon="140.15005">
        <ele>2.4</ele>
      </trkpt>
      <trkpt lat="39.67063" lon="140.1501">
        <ele>2.7</ele>
      </trkpt>
      <trkpt lat="39.67057" lon="140.15015">
        <ele>2.9</ele>
      </trkpt>
      <trkpt lat="39.67051" lon="140.1502">
        <ele>3.2</ele>
      </trkpt>
      <trkpt lat="39.67048" lon="140.15023">
        <ele>3.4</ele>
      </trkpt>
      <trkpt lat="39.67043" lon="140.15028">
        <ele>3.6</ele>
      </trkpt>
      <trkpt lat="39.67037" lon="140.15035">
        <ele>3.9</ele>
      </trkpt>
      <trkpt lat="39.67033" lon="140.15042">
        <ele>4.2</ele>
      </trkpt>
      <trkpt lat="39.67027" lon="140.15049">
        <ele>4.5</ele>
      </trkpt>
      <trkpt lat="39.67025" lon="140.15053">
        <ele>4.7</ele>
      </trkpt>
      <trkpt lat="39.67022" lon="140.15058">
        <ele>4.9</ele>
      </trkpt>
      <trkpt lat="39.67019" lon="140.15064">
        <ele>5.1</ele>
      </trkpt>
      <trkpt lat="39.67015" lon="140.15073">
        <ele>5.4</ele>
      </trkpt>
      <trkpt lat="39.67014" lon="140.15073">
        <ele>5.4</ele>
      </trkpt>
      <trkpt lat="39.67009" lon="140.15087">
        <ele>5.8</ele>
      </trkpt>
      <trkpt lat="39.67006" lon="140.15096">
        <ele>5.9</ele>
      </trkpt>
      <trkpt lat="39.67002" lon="140.1511">
        <ele>6.0</ele>
      </trkpt>
      <trkpt lat="39.67" lon="140.15121">
        <ele>6.0</ele>
      </trkpt>
      <trkpt lat="39.66999" lon="140.15127">
        <ele>6.0</ele>
      </trkpt>
      <trkpt lat="39.66994" lon="140.15162">
        <ele>6.1</ele>
      </trkpt>
      <trkpt lat="39.66992" lon="140.15185">
        <ele>6.3</ele>
      </trkpt>
      <trkpt lat="39.6698" lon="140.15279">
        <ele>6.9</ele>
      </trkpt>
      <trkpt lat="39.66975" lon="140.15325">
        <ele>7.4</ele>
      </trkpt>
      <trkpt lat="39.66975" lon="140.15326">
        <ele>7.4</ele>
      </trkpt>
      <trkpt lat="39.66972" lon="140.1535">
        <ele>8.6</ele>
      </trkpt>
      <trkpt lat="39.66969" lon="140.1537">
        <ele>10.0</ele>
      </trkpt>
      <trkpt lat="39.66969" lon="140.15372">
        <ele>10.1</ele>
      </trkpt>
      <trkpt lat="39.66966" lon="140.15385">
        <ele>11.2</ele>
      </trkpt>
      <trkpt lat="39.66963" lon="140.15402">
        <ele>12.5</ele>
      </trkpt>
      <trkpt lat="39.66959" lon="140.15419">
        <ele>14.0</ele>
      </trkpt>
      <trkpt lat="39.66955" lon="140.15435">
        <ele>14.8</ele>
      </trkpt>
      <trkpt lat="39.66949" lon="140.15453">
        <ele>15.8</ele>
      </trkpt>
      <trkpt lat="39.66949" lon="140.15454">
        <ele>15.8</ele>
      </trkpt>
      <trkpt lat="39.66943" lon="140.15471">
        <ele>16.7</ele>
      </trkpt>
      <trkpt lat="39.66933" lon="140.15496">
        <ele>17.8</ele>
      </trkpt>
      <trkpt lat="39.66925" lon="140.15516">
        <ele>18.3</ele>
      </trkpt>
      <trkpt lat="39.66923" lon="140.15519">
        <ele>18.5</ele>
      </trkpt>
      <trkpt lat="39.66912" lon="140.15541">
        <ele>19.9</ele>
      </trkpt>
      <trkpt lat="39.66893" lon="140.1558">
        <ele>23.3</ele>
      </trkpt>
      <trkpt lat="39.66868" lon="140.15629">
        <ele>26.9</ele>
      </trkpt>
      <trkpt lat="39.66845" lon="140.15675">
        <ele>28.4</ele>
      </trkpt>
      <trkpt lat="39.66839" lon="140.15685">
        <ele>28.6</ele>
      </trkpt>
      <trkpt lat="39.66836" lon="140.15691">
        <ele>28.6</ele>
      </trkpt>
      <trkpt lat="39.66825" lon="140.15709">
        <ele>28.9</ele>
      </trkpt>
      <trkpt lat="39.66818" lon="140.15721">
        <ele>29.1</ele>
      </trkpt>
      <trkpt lat="39.6681" lon="140.15732">
        <ele>29.4</ele>
      </trkpt>
      <trkpt lat="39.66802" lon="140.15744">
        <ele>29.7</ele>
      </trkpt>
      <trkpt lat="39.66794" lon="140.15753">
        <ele>30.2</ele>
      </trkpt>
      <trkpt lat="39.66787" lon="140.15762">
        <ele>30.9</ele>
      </trkpt>
      <trkpt lat="39.66778" lon="140.15771">
        <ele>31.7</ele>
      </trkpt>
      <trkpt lat="39.66772" lon="140.15777">
        <ele>32.2</ele>
      </trkpt>
      <trkpt lat="39.66758" lon="140.15791">
        <ele>33.3</ele>
      </trkpt>
      <trkpt lat="39.66756" lon="140.15792">
        <ele>33.5</ele>
      </trkpt>
      <trkpt lat="39.66749" lon="140.15798">
        <ele>33.9</ele>
      </trkpt>
      <trkpt lat="39.66743" lon="140.15804">
        <ele>34.1</ele>
      </trkpt>
      <trkpt lat="39.66739" lon="140.15807">
        <ele>34.2</ele>
      </trkpt>
      <trkpt lat="39.66727" lon="140.15816">
        <ele>34.7</ele>
      </trkpt>
      <trkpt lat="39.66716" lon="140.15823">
        <ele>35.2</ele>
      </trkpt>
      <trkpt lat="39.66706" lon="140.15829">
        <ele>35.7</ele>
      </trkpt>
      <trkpt lat="39.66694" lon="140.15836">
        <ele>36.5</ele>
      </trkpt>
      <trkpt lat="39.66684" lon="140.15841">
        <ele>37.2</ele>
      </trkpt>
      <trkpt lat="39.66674" lon="140.15845">
        <ele>37.9</ele>
      </trkpt>
      <trkpt lat="39.66668" lon="140.15847">
        <ele>38.3</ele>
      </trkpt>
      <trkpt lat="39.6666" lon="140.15851">
        <ele>38.7</ele>
      </trkpt>
      <trkpt lat="39.6665" lon="140.15854">
        <ele>39.2</ele>
      </trkpt>
      <trkpt lat="39.6664" lon="140.15857">
        <ele>39.7</ele>
      </trkpt>
      <trkpt lat="39.66632" lon="140.15859">
        <ele>40.0</ele>
      </trkpt>
      <trkpt lat="39.66623" lon="140.1586">
        <ele>40.4</ele>
      </trkpt>
      <trkpt lat="39.66616" lon="140.15862">
        <ele>40.7</ele>
      </trkpt>
      <trkpt lat="39.66607" lon="140.15863">
        <ele>41.1</ele>
      </trkpt>
      <trkpt lat="39.66597" lon="140.15864">
        <ele>41.5</ele>
      </trkpt>
      <trkpt lat="39.66585" lon="140.15865">
        <ele>41.9</ele>
      </trkpt>
      <trkpt lat="39.66579" lon="140.15865">
        <ele>42.0</ele>
      </trkpt>
      <trkpt lat="39.66561" lon="140.15866">
        <ele>42.0</ele>
      </trkpt>
      <trkpt lat="39.6655" lon="140.15866">
        <ele>42.0</ele>
      </trkpt>
      <trkpt lat="39.66485" lon="140.15868">
        <ele>42.7</ele>
      </trkpt>
      <trkpt lat="39.66485" lon="140.15868">
        <ele>42.7</ele>
      </trkpt>
      <trkpt lat="39.66486" lon="140.15911">
        <ele>43.1</ele>
      </trkpt>
      <trkpt lat="39.66486" lon="140.15931">
        <ele>43.0</ele>
      </trkpt>
      <trkpt lat="39.66486" lon="140.15946">
        <ele>42.8</ele>
      </trkpt>
      <trkpt lat="39.66486" lon="140.1595">
        <ele>42.8</ele>
      </trkpt>
      <trkpt lat="39.66486" lon="140.15957">
        <ele>42.7</ele>
      </trkpt>
      <trkpt lat="39.66485" lon="140.15972">
        <ele>42.6</ele>
      </trkpt>
      <trkpt lat="39.66485" lon="140.1598">
        <ele>42.5</ele>
      </trkpt>
      <trkpt lat="39.66485" lon="140.15981">
        <ele>42.5</ele>
      </trkpt>
      <trkpt lat="39.66484" lon="140.15988">
        <ele>42.5</ele>
      </trkpt>
      <trkpt lat="39.66483" lon="140.16003">
        <ele>42.4</ele>
      </trkpt>
      <trkpt lat="39.6648" lon="140.16017">
        <ele>42.4</ele>
      </trkpt>
      <trkpt lat="39.66479" lon="140.16027">
        <ele>42.4</ele>
      </trkpt>
      <trkpt lat="39.66476" lon="140.16038">
        <ele>42.4</ele>
      </trkpt>
      <trkpt lat="39.66472" lon="140.16056">
        <ele>42.2</ele>
      </trkpt>
      <trkpt lat="39.66468" lon="140.16069">
        <ele>42.1</ele>
      </trkpt>
      <trkpt lat="39.66467" lon="140.16073">
        <ele>42.0</ele>
      </trkpt>
      <trkpt lat="39.66462" lon="140.16087">
        <ele>41.8</ele>
      </trkpt>
      <trkpt lat="39.66457" lon="140.16101">
        <ele>41.5</ele>
      </trkpt>
      <trkpt lat="39.6645" lon="140.16118">
        <ele>41.0</ele>
      </trkpt>
      <trkpt lat="39.66448" lon="140.16121">
        <ele>40.8</ele>
      </trkpt>
      <trkpt lat="39.66442" lon="140.16134">
        <ele>40.3</ele>
      </trkpt>
      <trkpt lat="39.66434" lon="140.16151">
        <ele>39.4</ele>
      </trkpt>
      <trkpt lat="39.66427" lon="140.16164">
        <ele>38.5</ele>
      </trkpt>
      <trkpt lat="39.66427" lon="140.16164">
        <ele>38.5</ele>
      </trkpt>
      <trkpt lat="39.66419" lon="140.16157">
        <ele>38.6</ele>
      </trkpt>
    </trkseg>
  </trk>
</gpx>
