<?xml version="1.0" encoding="UTF-8"?>
<gpx xmlns:gpxdata="http://www.cluetrust.com/XML/GPXDATA/1/0" xmlns:xsi="http://www.w3.org/2001/XMLSchema-instance" xmlns="http://www.topografix.com/GPX/1/1" version="1.1" creator="http://ridewithgps.com/" xsi:schemaLocation="http://www.topografix.com/GPX/1/1 http://www.topografix.com/GPX/1/1/gpx.xsd http://www.cluetrust.com/XML/GPXDATA/1/0 http://www.cluetrust.com/Schemas/gpxdata10.xsd">
  <metadata>
    <name>セーヌ川</name>
    <link href="https://ridewithgps.com/routes/7696886">
      <text>セーヌ川</text>
    </link>
    <time>2015-05-01T07:49:44Z</time>
  </metadata>
  <trk>
    <name>セーヌ川</name>
    <trkseg>
      <trkpt lat="48.778239" lon="2.41699">
        <ele>32.8</ele>
      </trkpt>
      <trkpt lat="48.77836" lon="2.41708">
        <ele>32.5</ele>
      </trkpt>
      <trkpt lat="48.77855" lon="2.41722">
        <ele>32.0</ele>
      </trkpt>
      <trkpt lat="48.77866" lon="2.41729">
        <ele>31.9</ele>
      </trkpt>
      <trkpt lat="48.77887" lon="2.41745">
        <ele>32.2</ele>
      </trkpt>
      <trkpt lat="48.7792" lon="2.41767">
        <ele>33.4</ele>
      </trkpt>
      <trkpt lat="48.77976" lon="2.41805">
        <ele>35.0</ele>
      </trkpt>
      <trkpt lat="48.77993" lon="2.41816">
        <ele>35.5</ele>
      </trkpt>
      <trkpt lat="48.78038" lon="2.41847">
        <ele>33.8</ele>
      </trkpt>
      <trkpt lat="48.78047" lon="2.41853">
        <ele>33.4</ele>
      </trkpt>
      <trkpt lat="48.78104" lon="2.41892">
        <ele>33.5</ele>
      </trkpt>
      <trkpt lat="48.78164" lon="2.41933">
        <ele>35.2</ele>
      </trkpt>
      <trkpt lat="48.78176" lon="2.41942">
        <ele>35.3</ele>
      </trkpt>
      <trkpt lat="48.78199" lon="2.41958">
        <ele>35.5</ele>
      </trkpt>
      <trkpt lat="48.78211" lon="2.41966">
        <ele>35.6</ele>
      </trkpt>
      <trkpt lat="48.782269" lon="2.41976">
        <ele>35.7</ele>
      </trkpt>
      <trkpt lat="48.78302" lon="2.42023">
        <ele>34.3</ele>
      </trkpt>
      <trkpt lat="48.78341" lon="2.42053">
        <ele>32.1</ele>
      </trkpt>
      <trkpt lat="48.78367" lon="2.4207">
        <ele>31.8</ele>
      </trkpt>
      <trkpt lat="48.78394" lon="2.42089">
        <ele>32.0</ele>
      </trkpt>
      <trkpt lat="48.78408" lon="2.42099">
        <ele>32.6</ele>
      </trkpt>
      <trkpt lat="48.78435" lon="2.42118">
        <ele>33.1</ele>
      </trkpt>
      <trkpt lat="48.784709" lon="2.42143">
        <ele>33.1</ele>
      </trkpt>
      <trkpt lat="48.78478" lon="2.42152">
        <ele>33.2</ele>
      </trkpt>
      <trkpt lat="48.78536" lon="2.421879">
        <ele>31.5</ele>
      </trkpt>
      <trkpt lat="48.78537" lon="2.42189">
        <ele>31.4</ele>
      </trkpt>
      <trkpt lat="48.78539" lon="2.42191">
        <ele>31.4</ele>
      </trkpt>
      <trkpt lat="48.78551" lon="2.42198">
        <ele>31.1</ele>
      </trkpt>
      <trkpt lat="48.78577" lon="2.42216">
        <ele>30.9</ele>
      </trkpt>
      <trkpt lat="48.78585" lon="2.42221">
        <ele>30.9</ele>
      </trkpt>
      <trkpt lat="48.78609" lon="2.42238">
        <ele>31.0</ele>
      </trkpt>
      <trkpt lat="48.78614" lon="2.422419">
        <ele>31.0</ele>
      </trkpt>
      <trkpt lat="48.78628" lon="2.42253">
        <ele>31.1</ele>
      </trkpt>
      <trkpt lat="48.78629" lon="2.42253">
        <ele>31.1</ele>
      </trkpt>
      <trkpt lat="48.78637" lon="2.42258">
        <ele>31.2</ele>
      </trkpt>
      <trkpt lat="48.78651" lon="2.42265">
        <ele>31.2</ele>
      </trkpt>
      <trkpt lat="48.78655" lon="2.42267">
        <ele>31.3</ele>
      </trkpt>
      <trkpt lat="48.78663" lon="2.42272">
        <ele>31.4</ele>
      </trkpt>
      <trkpt lat="48.78682" lon="2.42282">
        <ele>31.7</ele>
      </trkpt>
      <trkpt lat="48.78686" lon="2.42286">
        <ele>31.8</ele>
      </trkpt>
      <trkpt lat="48.786879" lon="2.42289">
        <ele>31.9</ele>
      </trkpt>
      <trkpt lat="48.78695" lon="2.42302">
        <ele>32.2</ele>
      </trkpt>
      <trkpt lat="48.787" lon="2.423099">
        <ele>32.3</ele>
      </trkpt>
      <trkpt lat="48.78702" lon="2.42314">
        <ele>32.3</ele>
      </trkpt>
      <trkpt lat="48.78709" lon="2.42325">
        <ele>32.3</ele>
      </trkpt>
      <trkpt lat="48.78722" lon="2.42331">
        <ele>31.7</ele>
      </trkpt>
      <trkpt lat="48.78728" lon="2.42335">
        <ele>31.4</ele>
      </trkpt>
      <trkpt lat="48.78732" lon="2.42336">
        <ele>31.2</ele>
      </trkpt>
      <trkpt lat="48.78736" lon="2.42336">
        <ele>30.9</ele>
      </trkpt>
      <trkpt lat="48.78739" lon="2.42336">
        <ele>30.8</ele>
      </trkpt>
      <trkpt lat="48.78742" lon="2.42335">
        <ele>30.5</ele>
      </trkpt>
      <trkpt lat="48.787439" lon="2.42334">
        <ele>30.4</ele>
      </trkpt>
      <trkpt lat="48.78748" lon="2.42332">
        <ele>30.1</ele>
      </trkpt>
      <trkpt lat="48.78751" lon="2.42329">
        <ele>30.1</ele>
      </trkpt>
      <trkpt lat="48.78756" lon="2.42327">
        <ele>30.2</ele>
      </trkpt>
      <trkpt lat="48.78763" lon="2.42324">
        <ele>30.5</ele>
      </trkpt>
      <trkpt lat="48.7877" lon="2.42325">
        <ele>30.6</ele>
      </trkpt>
      <trkpt lat="48.78775" lon="2.42327">
        <ele>30.7</ele>
      </trkpt>
      <trkpt lat="48.78819" lon="2.42343">
        <ele>31.8</ele>
      </trkpt>
      <trkpt lat="48.78853" lon="2.42354">
        <ele>32.0</ele>
      </trkpt>
      <trkpt lat="48.78924" lon="2.42376">
        <ele>31.6</ele>
      </trkpt>
      <trkpt lat="48.78956" lon="2.42386">
        <ele>32.1</ele>
      </trkpt>
      <trkpt lat="48.78968" lon="2.42392">
        <ele>32.3</ele>
      </trkpt>
      <trkpt lat="48.78994" lon="2.42399">
        <ele>32.7</ele>
      </trkpt>
      <trkpt lat="48.79001" lon="2.42401">
        <ele>32.8</ele>
      </trkpt>
      <trkpt lat="48.79008" lon="2.42401">
        <ele>32.8</ele>
      </trkpt>
      <trkpt lat="48.79015" lon="2.42401">
        <ele>32.7</ele>
      </trkpt>
      <trkpt lat="48.79023" lon="2.42402">
        <ele>32.7</ele>
      </trkpt>
      <trkpt lat="48.790439" lon="2.42401">
        <ele>32.6</ele>
      </trkpt>
      <trkpt lat="48.79096" lon="2.42399">
        <ele>32.7</ele>
      </trkpt>
      <trkpt lat="48.79102" lon="2.424">
        <ele>32.8</ele>
      </trkpt>
      <trkpt lat="48.79108" lon="2.424">
        <ele>32.9</ele>
      </trkpt>
      <trkpt lat="48.79128" lon="2.424">
        <ele>33.4</ele>
      </trkpt>
      <trkpt lat="48.79173" lon="2.42392">
        <ele>34.2</ele>
      </trkpt>
      <trkpt lat="48.79191" lon="2.4239">
        <ele>34.0</ele>
      </trkpt>
      <trkpt lat="48.79197" lon="2.42388">
        <ele>34.0</ele>
      </trkpt>
      <trkpt lat="48.79216" lon="2.42383">
        <ele>33.7</ele>
      </trkpt>
      <trkpt lat="48.79237" lon="2.42376">
        <ele>33.3</ele>
      </trkpt>
      <trkpt lat="48.79253" lon="2.4237">
        <ele>32.8</ele>
      </trkpt>
      <trkpt lat="48.792589" lon="2.42368">
        <ele>32.7</ele>
      </trkpt>
      <trkpt lat="48.79298" lon="2.42352">
        <ele>32.2</ele>
      </trkpt>
      <trkpt lat="48.79318" lon="2.42343">
        <ele>32.0</ele>
      </trkpt>
      <trkpt lat="48.79411" lon="2.42304">
        <ele>33.1</ele>
      </trkpt>
      <trkpt lat="48.79422" lon="2.42298">
        <ele>33.0</ele>
      </trkpt>
      <trkpt lat="48.7947" lon="2.42279">
        <ele>32.8</ele>
      </trkpt>
      <trkpt lat="48.79516" lon="2.42262">
        <ele>32.6</ele>
      </trkpt>
      <trkpt lat="48.79546" lon="2.42245">
        <ele>32.9</ele>
      </trkpt>
      <trkpt lat="48.79611" lon="2.4221">
        <ele>32.2</ele>
      </trkpt>
      <trkpt lat="48.79657" lon="2.42184">
        <ele>32.6</ele>
      </trkpt>
      <trkpt lat="48.79681" lon="2.42169">
        <ele>33.0</ele>
      </trkpt>
      <trkpt lat="48.79689" lon="2.42165">
        <ele>33.0</ele>
      </trkpt>
      <trkpt lat="48.7971" lon="2.42151">
        <ele>32.7</ele>
      </trkpt>
      <trkpt lat="48.7974" lon="2.421269">
        <ele>32.8</ele>
      </trkpt>
      <trkpt lat="48.79804" lon="2.42073">
        <ele>34.0</ele>
      </trkpt>
      <trkpt lat="48.79828" lon="2.42053">
        <ele>34.1</ele>
      </trkpt>
      <trkpt lat="48.79828" lon="2.42053">
        <ele>34.1</ele>
      </trkpt>
      <trkpt lat="48.798229" lon="2.42039">
        <ele>33.6</ele>
      </trkpt>
      <trkpt lat="48.79801" lon="2.42002">
        <ele>31.5</ele>
      </trkpt>
      <trkpt lat="48.79798" lon="2.41994">
        <ele>31.2</ele>
      </trkpt>
      <trkpt lat="48.79797" lon="2.41993">
        <ele>31.2</ele>
      </trkpt>
      <trkpt lat="48.79796" lon="2.4199">
        <ele>31.1</ele>
      </trkpt>
      <trkpt lat="48.79769" lon="2.419439">
        <ele>30.0</ele>
      </trkpt>
      <trkpt lat="48.79751" lon="2.41915">
        <ele>30.0</ele>
      </trkpt>
      <trkpt lat="48.7973" lon="2.41878">
        <ele>30.0</ele>
      </trkpt>
      <trkpt lat="48.79723" lon="2.41867">
        <ele>30.0</ele>
      </trkpt>
      <trkpt lat="48.7969" lon="2.41809">
        <ele>30.0</ele>
      </trkpt>
      <trkpt lat="48.79671" lon="2.41775">
        <ele>30.0</ele>
      </trkpt>
      <trkpt lat="48.7967" lon="2.41773">
        <ele>30.0</ele>
      </trkpt>
      <trkpt lat="48.79658" lon="2.41752">
        <ele>30.7</ele>
      </trkpt>
      <trkpt lat="48.79654" lon="2.41746">
        <ele>31.3</ele>
      </trkpt>
      <trkpt lat="48.79647" lon="2.41733">
        <ele>32.5</ele>
      </trkpt>
      <trkpt lat="48.79645" lon="2.4173">
        <ele>32.8</ele>
      </trkpt>
      <trkpt lat="48.796439" lon="2.41722">
        <ele>33.2</ele>
      </trkpt>
      <trkpt lat="48.79643" lon="2.41715">
        <ele>33.6</ele>
      </trkpt>
      <trkpt lat="48.79643" lon="2.41715">
        <ele>33.6</ele>
      </trkpt>
      <trkpt lat="48.79647" lon="2.417">
        <ele>34.1</ele>
      </trkpt>
      <trkpt lat="48.79649" lon="2.4169">
        <ele>34.5</ele>
      </trkpt>
      <trkpt lat="48.7965" lon="2.41688">
        <ele>34.5</ele>
      </trkpt>
      <trkpt lat="48.79651" lon="2.41682">
        <ele>34.8</ele>
      </trkpt>
      <trkpt lat="48.79653" lon="2.41678">
        <ele>34.9</ele>
      </trkpt>
      <trkpt lat="48.79655" lon="2.41673">
        <ele>35.1</ele>
      </trkpt>
      <trkpt lat="48.79658" lon="2.41669">
        <ele>35.2</ele>
      </trkpt>
      <trkpt lat="48.79661" lon="2.416659">
        <ele>35.2</ele>
      </trkpt>
      <trkpt lat="48.79663" lon="2.41663">
        <ele>35.1</ele>
      </trkpt>
      <trkpt lat="48.79667" lon="2.416589">
        <ele>35.0</ele>
      </trkpt>
      <trkpt lat="48.79669" lon="2.41656">
        <ele>34.9</ele>
      </trkpt>
      <trkpt lat="48.79671" lon="2.41654">
        <ele>34.8</ele>
      </trkpt>
      <trkpt lat="48.79671" lon="2.41653">
        <ele>34.8</ele>
      </trkpt>
      <trkpt lat="48.79672" lon="2.41651">
        <ele>34.7</ele>
      </trkpt>
      <trkpt lat="48.79672" lon="2.41651">
        <ele>34.7</ele>
      </trkpt>
      <trkpt lat="48.79688" lon="2.41636">
        <ele>34.1</ele>
      </trkpt>
      <trkpt lat="48.7969" lon="2.41634">
        <ele>34.0</ele>
      </trkpt>
      <trkpt lat="48.79695" lon="2.4163">
        <ele>33.9</ele>
      </trkpt>
      <trkpt lat="48.79696" lon="2.41628">
        <ele>33.9</ele>
      </trkpt>
      <trkpt lat="48.79697" lon="2.41627">
        <ele>33.9</ele>
      </trkpt>
      <trkpt lat="48.79699" lon="2.416249">
        <ele>33.8</ele>
      </trkpt>
      <trkpt lat="48.797" lon="2.41623">
        <ele>33.8</ele>
      </trkpt>
      <trkpt lat="48.797849" lon="2.41531">
        <ele>32.9</ele>
      </trkpt>
      <trkpt lat="48.7979" lon="2.41529">
        <ele>32.7</ele>
      </trkpt>
      <trkpt lat="48.797939" lon="2.41525">
        <ele>32.6</ele>
      </trkpt>
      <trkpt lat="48.79804" lon="2.41516">
        <ele>32.2</ele>
      </trkpt>
      <trkpt lat="48.798139" lon="2.41504">
        <ele>31.9</ele>
      </trkpt>
      <trkpt lat="48.7982" lon="2.41498">
        <ele>31.7</ele>
      </trkpt>
      <trkpt lat="48.79846" lon="2.414759">
        <ele>32.0</ele>
      </trkpt>
      <trkpt lat="48.79849" lon="2.41472">
        <ele>32.2</ele>
      </trkpt>
      <trkpt lat="48.79853" lon="2.41465">
        <ele>32.4</ele>
      </trkpt>
      <trkpt lat="48.79898" lon="2.41427">
        <ele>33.7</ele>
      </trkpt>
      <trkpt lat="48.799169" lon="2.41411">
        <ele>34.1</ele>
      </trkpt>
      <trkpt lat="48.79979" lon="2.41357">
        <ele>31.2</ele>
      </trkpt>
      <trkpt lat="48.80022" lon="2.41321">
        <ele>30.6</ele>
      </trkpt>
      <trkpt lat="48.80061" lon="2.412859">
        <ele>32.7</ele>
      </trkpt>
      <trkpt lat="48.80084" lon="2.41263">
        <ele>34.2</ele>
      </trkpt>
      <trkpt lat="48.801229" lon="2.41221">
        <ele>32.9</ele>
      </trkpt>
      <trkpt lat="48.8014" lon="2.41204">
        <ele>32.7</ele>
      </trkpt>
      <trkpt lat="48.8018" lon="2.41163">
        <ele>33.3</ele>
      </trkpt>
      <trkpt lat="48.80184" lon="2.41161">
        <ele>33.1</ele>
      </trkpt>
      <trkpt lat="48.80187" lon="2.41159">
        <ele>32.9</ele>
      </trkpt>
      <trkpt lat="48.80189" lon="2.41157">
        <ele>32.8</ele>
      </trkpt>
      <trkpt lat="48.80197" lon="2.41148">
        <ele>32.3</ele>
      </trkpt>
      <trkpt lat="48.80213" lon="2.4113">
        <ele>31.3</ele>
      </trkpt>
      <trkpt lat="48.80292" lon="2.41036">
        <ele>30.9</ele>
      </trkpt>
      <trkpt lat="48.8037" lon="2.40939">
        <ele>33.9</ele>
      </trkpt>
      <trkpt lat="48.80378" lon="2.40929">
        <ele>34.5</ele>
      </trkpt>
      <trkpt lat="48.8039" lon="2.40914">
        <ele>35.4</ele>
      </trkpt>
      <trkpt lat="48.80397" lon="2.40906">
        <ele>35.7</ele>
      </trkpt>
      <trkpt lat="48.804" lon="2.40902">
        <ele>35.8</ele>
      </trkpt>
      <trkpt lat="48.80403" lon="2.40899">
        <ele>35.9</ele>
      </trkpt>
      <trkpt lat="48.80409" lon="2.40896">
        <ele>36.1</ele>
      </trkpt>
      <trkpt lat="48.80422" lon="2.40885">
        <ele>36.0</ele>
      </trkpt>
      <trkpt lat="48.80424" lon="2.40883">
        <ele>35.9</ele>
      </trkpt>
      <trkpt lat="48.80424" lon="2.40882">
        <ele>36.0</ele>
      </trkpt>
      <trkpt lat="48.80426" lon="2.40879">
        <ele>35.9</ele>
      </trkpt>
      <trkpt lat="48.804519" lon="2.40861">
        <ele>34.7</ele>
      </trkpt>
      <trkpt lat="48.80502" lon="2.40828">
        <ele>32.9</ele>
      </trkpt>
      <trkpt lat="48.80527" lon="2.40812">
        <ele>32.3</ele>
      </trkpt>
      <trkpt lat="48.80571" lon="2.40792">
        <ele>32.1</ele>
      </trkpt>
      <trkpt lat="48.80685" lon="2.407779">
        <ele>32.4</ele>
      </trkpt>
      <trkpt lat="48.80719" lon="2.40774">
        <ele>32.0</ele>
      </trkpt>
      <trkpt lat="48.80749" lon="2.40772">
        <ele>31.5</ele>
      </trkpt>
      <trkpt lat="48.80774" lon="2.40769">
        <ele>32.0</ele>
      </trkpt>
      <trkpt lat="48.8078" lon="2.40768">
        <ele>32.1</ele>
      </trkpt>
      <trkpt lat="48.80789" lon="2.40768">
        <ele>32.3</ele>
      </trkpt>
      <trkpt lat="48.807989" lon="2.40769">
        <ele>32.5</ele>
      </trkpt>
      <trkpt lat="48.80842" lon="2.40775">
        <ele>32.4</ele>
      </trkpt>
      <trkpt lat="48.8086" lon="2.407779">
        <ele>31.6</ele>
      </trkpt>
      <trkpt lat="48.80874" lon="2.4078">
        <ele>31.0</ele>
      </trkpt>
      <trkpt lat="48.80891" lon="2.40784">
        <ele>30.3</ele>
      </trkpt>
      <trkpt lat="48.80946" lon="2.407979">
        <ele>30.0</ele>
      </trkpt>
      <trkpt lat="48.81085" lon="2.40837">
        <ele>31.9</ele>
      </trkpt>
      <trkpt lat="48.81251" lon="2.4088">
        <ele>31.8</ele>
      </trkpt>
      <trkpt lat="48.81253" lon="2.40882">
        <ele>31.7</ele>
      </trkpt>
      <trkpt lat="48.81254" lon="2.40883">
        <ele>31.7</ele>
      </trkpt>
      <trkpt lat="48.81255" lon="2.40883">
        <ele>31.7</ele>
      </trkpt>
      <trkpt lat="48.81256" lon="2.40884">
        <ele>31.7</ele>
      </trkpt>
      <trkpt lat="48.81265" lon="2.408859">
        <ele>31.7</ele>
      </trkpt>
      <trkpt lat="48.8127" lon="2.40887">
        <ele>31.7</ele>
      </trkpt>
      <trkpt lat="48.81273" lon="2.40888">
        <ele>31.7</ele>
      </trkpt>
      <trkpt lat="48.81279" lon="2.40891">
        <ele>31.6</ele>
      </trkpt>
      <trkpt lat="48.81284" lon="2.408929">
        <ele>31.5</ele>
      </trkpt>
      <trkpt lat="48.81288" lon="2.40894">
        <ele>31.5</ele>
      </trkpt>
      <trkpt lat="48.81301" lon="2.40898">
        <ele>31.3</ele>
      </trkpt>
      <trkpt lat="48.81335" lon="2.40905">
        <ele>31.0</ele>
      </trkpt>
      <trkpt lat="48.81344" lon="2.40907">
        <ele>30.8</ele>
      </trkpt>
      <trkpt lat="48.81373" lon="2.40918">
        <ele>30.0</ele>
      </trkpt>
      <trkpt lat="48.81386" lon="2.40921">
        <ele>30.0</ele>
      </trkpt>
      <trkpt lat="48.81401" lon="2.40924">
        <ele>30.0</ele>
      </trkpt>
      <trkpt lat="48.81416" lon="2.409269">
        <ele>30.0</ele>
      </trkpt>
      <trkpt lat="48.81443" lon="2.4093">
        <ele>30.0</ele>
      </trkpt>
      <trkpt lat="48.81463" lon="2.40931">
        <ele>30.0</ele>
      </trkpt>
      <trkpt lat="48.81474" lon="2.4093">
        <ele>30.0</ele>
      </trkpt>
      <trkpt lat="48.81489" lon="2.409269">
        <ele>30.0</ele>
      </trkpt>
      <trkpt lat="48.81521" lon="2.40917">
        <ele>30.0</ele>
      </trkpt>
      <trkpt lat="48.81534" lon="2.4091">
        <ele>30.3</ele>
      </trkpt>
      <trkpt lat="48.81546" lon="2.40901">
        <ele>30.5</ele>
      </trkpt>
      <trkpt lat="48.8155" lon="2.40898">
        <ele>30.6</ele>
      </trkpt>
      <trkpt lat="48.81554" lon="2.40895">
        <ele>30.7</ele>
      </trkpt>
      <trkpt lat="48.8156" lon="2.40889">
        <ele>30.8</ele>
      </trkpt>
      <trkpt lat="48.81566" lon="2.40882">
        <ele>31.0</ele>
      </trkpt>
      <trkpt lat="48.81594" lon="2.40849">
        <ele>31.4</ele>
      </trkpt>
      <trkpt lat="48.81602" lon="2.40838">
        <ele>31.5</ele>
      </trkpt>
      <trkpt lat="48.81613" lon="2.4082">
        <ele>31.5</ele>
      </trkpt>
      <trkpt lat="48.81658" lon="2.4075">
        <ele>30.4</ele>
      </trkpt>
      <trkpt lat="48.81658" lon="2.40749">
        <ele>30.4</ele>
      </trkpt>
      <trkpt lat="48.81661" lon="2.407439">
        <ele>30.5</ele>
      </trkpt>
      <trkpt lat="48.81665" lon="2.407369">
        <ele>30.5</ele>
      </trkpt>
      <trkpt lat="48.81668" lon="2.40731">
        <ele>30.7</ele>
      </trkpt>
      <trkpt lat="48.81673" lon="2.4072">
        <ele>31.0</ele>
      </trkpt>
      <trkpt lat="48.81687" lon="2.4069">
        <ele>31.6</ele>
      </trkpt>
      <trkpt lat="48.81692" lon="2.40677">
        <ele>31.8</ele>
      </trkpt>
      <trkpt lat="48.81695" lon="2.40667">
        <ele>32.0</ele>
      </trkpt>
      <trkpt lat="48.81698" lon="2.40658">
        <ele>31.8</ele>
      </trkpt>
      <trkpt lat="48.816989" lon="2.40653">
        <ele>31.7</ele>
      </trkpt>
      <trkpt lat="48.81705" lon="2.40633">
        <ele>31.4</ele>
      </trkpt>
      <trkpt lat="48.81715" lon="2.40592">
        <ele>30.9</ele>
      </trkpt>
      <trkpt lat="48.81725" lon="2.40558">
        <ele>31.0</ele>
      </trkpt>
      <trkpt lat="48.81738" lon="2.40505">
        <ele>31.9</ele>
      </trkpt>
      <trkpt lat="48.81749" lon="2.4045">
        <ele>30.8</ele>
      </trkpt>
      <trkpt lat="48.81779" lon="2.403099">
        <ele>29.7</ele>
      </trkpt>
      <trkpt lat="48.81781" lon="2.40297">
        <ele>29.9</ele>
      </trkpt>
      <trkpt lat="48.81782" lon="2.40288">
        <ele>30.0</ele>
      </trkpt>
      <trkpt lat="48.81782" lon="2.40284">
        <ele>30.0</ele>
      </trkpt>
      <trkpt lat="48.81783" lon="2.40278">
        <ele>30.1</ele>
      </trkpt>
      <trkpt lat="48.81785" lon="2.40269">
        <ele>30.1</ele>
      </trkpt>
      <trkpt lat="48.81788" lon="2.40254">
        <ele>30.1</ele>
      </trkpt>
      <trkpt lat="48.81806" lon="2.401809">
        <ele>29.6</ele>
      </trkpt>
      <trkpt lat="48.81808" lon="2.40173">
        <ele>29.5</ele>
      </trkpt>
      <trkpt lat="48.81808" lon="2.40167">
        <ele>29.5</ele>
      </trkpt>
      <trkpt lat="48.81808" lon="2.40155">
        <ele>29.8</ele>
      </trkpt>
      <trkpt lat="48.81844" lon="2.400589">
        <ele>31.5</ele>
      </trkpt>
      <trkpt lat="48.81844" lon="2.400589">
        <ele>31.5</ele>
      </trkpt>
      <trkpt lat="48.81895" lon="2.39986">
        <ele>31.1</ele>
      </trkpt>
      <trkpt lat="48.81907" lon="2.39968">
        <ele>30.6</ele>
      </trkpt>
      <trkpt lat="48.819159" lon="2.39954">
        <ele>30.0</ele>
      </trkpt>
      <trkpt lat="48.8192" lon="2.39947">
        <ele>29.8</ele>
      </trkpt>
      <trkpt lat="48.81921" lon="2.39947">
        <ele>29.8</ele>
      </trkpt>
      <trkpt lat="48.81922" lon="2.399439">
        <ele>29.7</ele>
      </trkpt>
      <trkpt lat="48.81927" lon="2.39934">
        <ele>29.4</ele>
      </trkpt>
      <trkpt lat="48.819339" lon="2.3992">
        <ele>28.8</ele>
      </trkpt>
      <trkpt lat="48.81944" lon="2.39896">
        <ele>29.3</ele>
      </trkpt>
      <trkpt lat="48.81958" lon="2.39857">
        <ele>30.6</ele>
      </trkpt>
      <trkpt lat="48.81966" lon="2.39831">
        <ele>31.4</ele>
      </trkpt>
      <trkpt lat="48.81968" lon="2.39821">
        <ele>30.9</ele>
      </trkpt>
      <trkpt lat="48.8197" lon="2.39814">
        <ele>30.5</ele>
      </trkpt>
      <trkpt lat="48.8197" lon="2.39813">
        <ele>30.4</ele>
      </trkpt>
      <trkpt lat="48.8197" lon="2.39812">
        <ele>30.4</ele>
      </trkpt>
      <trkpt lat="48.81971" lon="2.39811">
        <ele>30.3</ele>
      </trkpt>
      <trkpt lat="48.819719" lon="2.39807">
        <ele>30.1</ele>
      </trkpt>
      <trkpt lat="48.819719" lon="2.39806">
        <ele>30.0</ele>
      </trkpt>
      <trkpt lat="48.81974" lon="2.398">
        <ele>29.6</ele>
      </trkpt>
      <trkpt lat="48.81975" lon="2.39796">
        <ele>29.4</ele>
      </trkpt>
      <trkpt lat="48.8198" lon="2.39774">
        <ele>28.1</ele>
      </trkpt>
      <trkpt lat="48.81982" lon="2.39766">
        <ele>27.6</ele>
      </trkpt>
      <trkpt lat="48.81985" lon="2.39751">
        <ele>26.7</ele>
      </trkpt>
      <trkpt lat="48.819899" lon="2.39733">
        <ele>27.7</ele>
      </trkpt>
      <trkpt lat="48.82003" lon="2.3969">
        <ele>30.6</ele>
      </trkpt>
      <trkpt lat="48.82007" lon="2.3968">
        <ele>31.2</ele>
      </trkpt>
      <trkpt lat="48.82011" lon="2.39668">
        <ele>31.8</ele>
      </trkpt>
      <trkpt lat="48.82017" lon="2.39655">
        <ele>31.6</ele>
      </trkpt>
      <trkpt lat="48.8202" lon="2.39643">
        <ele>31.5</ele>
      </trkpt>
      <trkpt lat="48.82047" lon="2.39591">
        <ele>30.4</ele>
      </trkpt>
      <trkpt lat="48.820569" lon="2.39575">
        <ele>30.4</ele>
      </trkpt>
      <trkpt lat="48.820659" lon="2.39557">
        <ele>31.0</ele>
      </trkpt>
      <trkpt lat="48.82069" lon="2.39553">
        <ele>31.1</ele>
      </trkpt>
      <trkpt lat="48.82074" lon="2.395439">
        <ele>31.4</ele>
      </trkpt>
      <trkpt lat="48.82109" lon="2.39487">
        <ele>33.1</ele>
      </trkpt>
      <trkpt lat="48.82111" lon="2.394829">
        <ele>33.2</ele>
      </trkpt>
      <trkpt lat="48.82117" lon="2.39471">
        <ele>33.5</ele>
      </trkpt>
      <trkpt lat="48.8212" lon="2.39463">
        <ele>33.7</ele>
      </trkpt>
      <trkpt lat="48.82132" lon="2.39439">
        <ele>33.8</ele>
      </trkpt>
      <trkpt lat="48.82142" lon="2.39416">
        <ele>33.5</ele>
      </trkpt>
      <trkpt lat="48.82149" lon="2.39402">
        <ele>32.5</ele>
      </trkpt>
      <trkpt lat="48.82154" lon="2.39389">
        <ele>31.9</ele>
      </trkpt>
      <trkpt lat="48.82154" lon="2.39389">
        <ele>31.9</ele>
      </trkpt>
      <trkpt lat="48.82204" lon="2.39318">
        <ele>31.8</ele>
      </trkpt>
      <trkpt lat="48.82213" lon="2.39312">
        <ele>32.1</ele>
      </trkpt>
      <trkpt lat="48.82222" lon="2.39302">
        <ele>32.6</ele>
      </trkpt>
      <trkpt lat="48.82226" lon="2.39296">
        <ele>32.9</ele>
      </trkpt>
      <trkpt lat="48.82238" lon="2.39277">
        <ele>33.8</ele>
      </trkpt>
      <trkpt lat="48.82248" lon="2.39262">
        <ele>34.4</ele>
      </trkpt>
      <trkpt lat="48.82262" lon="2.39241">
        <ele>34.4</ele>
      </trkpt>
      <trkpt lat="48.8228" lon="2.39217">
        <ele>33.7</ele>
      </trkpt>
      <trkpt lat="48.82283" lon="2.39206">
        <ele>33.6</ele>
      </trkpt>
      <trkpt lat="48.8229" lon="2.39196">
        <ele>33.4</ele>
      </trkpt>
      <trkpt lat="48.82326" lon="2.39145">
        <ele>32.0</ele>
      </trkpt>
      <trkpt lat="48.82333" lon="2.39134">
        <ele>31.6</ele>
      </trkpt>
      <trkpt lat="48.82337" lon="2.39128">
        <ele>31.4</ele>
      </trkpt>
      <trkpt lat="48.82365" lon="2.39089">
        <ele>30.9</ele>
      </trkpt>
      <trkpt lat="48.82396" lon="2.39046">
        <ele>31.4</ele>
      </trkpt>
      <trkpt lat="48.82453" lon="2.38964">
        <ele>31.0</ele>
      </trkpt>
      <trkpt lat="48.82456" lon="2.38959">
        <ele>31.1</ele>
      </trkpt>
      <trkpt lat="48.82496" lon="2.38902">
        <ele>32.1</ele>
      </trkpt>
      <trkpt lat="48.82499" lon="2.38898">
        <ele>32.0</ele>
      </trkpt>
      <trkpt lat="48.82503" lon="2.38892">
        <ele>31.8</ele>
      </trkpt>
      <trkpt lat="48.82504" lon="2.3889">
        <ele>31.7</ele>
      </trkpt>
      <trkpt lat="48.82504" lon="2.3889">
        <ele>31.7</ele>
      </trkpt>
      <trkpt lat="48.82509" lon="2.38887">
        <ele>31.3</ele>
      </trkpt>
      <trkpt lat="48.82511" lon="2.38885">
        <ele>31.2</ele>
      </trkpt>
      <trkpt lat="48.82512" lon="2.38882">
        <ele>31.1</ele>
      </trkpt>
      <trkpt lat="48.825159" lon="2.38877">
        <ele>30.8</ele>
      </trkpt>
      <trkpt lat="48.8256" lon="2.38813">
        <ele>28.8</ele>
      </trkpt>
      <trkpt lat="48.82584" lon="2.38777">
        <ele>28.3</ele>
      </trkpt>
      <trkpt lat="48.82589" lon="2.38769">
        <ele>28.4</ele>
      </trkpt>
      <trkpt lat="48.82595" lon="2.38761">
        <ele>28.5</ele>
      </trkpt>
      <trkpt lat="48.82598" lon="2.38756">
        <ele>28.5</ele>
      </trkpt>
      <trkpt lat="48.82599" lon="2.38755">
        <ele>28.5</ele>
      </trkpt>
      <trkpt lat="48.82602" lon="2.3875">
        <ele>28.6</ele>
      </trkpt>
      <trkpt lat="48.82609" lon="2.38741">
        <ele>29.0</ele>
      </trkpt>
      <trkpt lat="48.82611" lon="2.38739">
        <ele>29.0</ele>
      </trkpt>
      <trkpt lat="48.8262" lon="2.38727">
        <ele>29.6</ele>
      </trkpt>
      <trkpt lat="48.826569" lon="2.38678">
        <ele>32.3</ele>
      </trkpt>
      <trkpt lat="48.82688" lon="2.38637">
        <ele>32.2</ele>
      </trkpt>
      <trkpt lat="48.82696" lon="2.38626">
        <ele>32.0</ele>
      </trkpt>
      <trkpt lat="48.8271" lon="2.38609">
        <ele>31.6</ele>
      </trkpt>
      <trkpt lat="48.82716" lon="2.386019">
        <ele>31.5</ele>
      </trkpt>
      <trkpt lat="48.82723" lon="2.3859">
        <ele>31.3</ele>
      </trkpt>
      <trkpt lat="48.82723" lon="2.3859">
        <ele>31.3</ele>
      </trkpt>
      <trkpt lat="48.82754" lon="2.38555">
        <ele>30.4</ele>
      </trkpt>
      <trkpt lat="48.82793" lon="2.38508">
        <ele>28.9</ele>
      </trkpt>
      <trkpt lat="48.82809" lon="2.38486">
        <ele>29.3</ele>
      </trkpt>
      <trkpt lat="48.82848" lon="2.38441">
        <ele>32.2</ele>
      </trkpt>
      <trkpt lat="48.8288" lon="2.38407">
        <ele>33.6</ele>
      </trkpt>
      <trkpt lat="48.82882" lon="2.384049">
        <ele>33.6</ele>
      </trkpt>
      <trkpt lat="48.82887" lon="2.384">
        <ele>33.5</ele>
      </trkpt>
      <trkpt lat="48.82924" lon="2.38354">
        <ele>31.9</ele>
      </trkpt>
      <trkpt lat="48.829569" lon="2.38313">
        <ele>31.4</ele>
      </trkpt>
      <trkpt lat="48.83006" lon="2.38251">
        <ele>31.3</ele>
      </trkpt>
      <trkpt lat="48.83007" lon="2.38249">
        <ele>31.4</ele>
      </trkpt>
      <trkpt lat="48.83066" lon="2.38176">
        <ele>32.1</ele>
      </trkpt>
      <trkpt lat="48.83113" lon="2.38115">
        <ele>32.8</ele>
      </trkpt>
      <trkpt lat="48.83146" lon="2.38075">
        <ele>38.6</ele>
      </trkpt>
      <trkpt lat="48.83187" lon="2.38024">
        <ele>41.5</ele>
      </trkpt>
      <trkpt lat="48.83223" lon="2.37975">
        <ele>43.7</ele>
      </trkpt>
      <trkpt lat="48.83223" lon="2.37975">
        <ele>43.7</ele>
      </trkpt>
      <trkpt lat="48.83229" lon="2.37967">
        <ele>44.1</ele>
      </trkpt>
      <trkpt lat="48.83234" lon="2.37961">
        <ele>44.4</ele>
      </trkpt>
      <trkpt lat="48.83256" lon="2.37932">
        <ele>45.9</ele>
      </trkpt>
      <trkpt lat="48.83259" lon="2.37929">
        <ele>46.0</ele>
      </trkpt>
      <trkpt lat="48.83273" lon="2.37911">
        <ele>46.3</ele>
      </trkpt>
      <trkpt lat="48.83278" lon="2.37906">
        <ele>46.0</ele>
      </trkpt>
      <trkpt lat="48.83281" lon="2.37903">
        <ele>45.8</ele>
      </trkpt>
      <trkpt lat="48.83289" lon="2.37894">
        <ele>45.4</ele>
      </trkpt>
      <trkpt lat="48.832949" lon="2.37887">
        <ele>45.0</ele>
      </trkpt>
      <trkpt lat="48.833" lon="2.3788">
        <ele>44.7</ele>
      </trkpt>
      <trkpt lat="48.8334" lon="2.3783">
        <ele>42.8</ele>
      </trkpt>
      <trkpt lat="48.83413" lon="2.37739">
        <ele>39.0</ele>
      </trkpt>
      <trkpt lat="48.83457" lon="2.37682">
        <ele>35.9</ele>
      </trkpt>
      <trkpt lat="48.83458" lon="2.37682">
        <ele>35.8</ele>
      </trkpt>
      <trkpt lat="48.83458" lon="2.37681">
        <ele>35.8</ele>
      </trkpt>
      <trkpt lat="48.83459" lon="2.376799">
        <ele>35.7</ele>
      </trkpt>
      <trkpt lat="48.83569" lon="2.37541">
        <ele>39.2</ele>
      </trkpt>
      <trkpt lat="48.83569" lon="2.37541">
        <ele>39.2</ele>
      </trkpt>
      <trkpt lat="48.835859" lon="2.37526">
        <ele>40.9</ele>
      </trkpt>
      <trkpt lat="48.8361" lon="2.37502">
        <ele>42.3</ele>
      </trkpt>
      <trkpt lat="48.83626" lon="2.37489">
        <ele>42.0</ele>
      </trkpt>
      <trkpt lat="48.83637" lon="2.37481">
        <ele>41.9</ele>
      </trkpt>
      <trkpt lat="48.83677" lon="2.37441">
        <ele>42.0</ele>
      </trkpt>
      <trkpt lat="48.836799" lon="2.37438">
        <ele>42.0</ele>
      </trkpt>
      <trkpt lat="48.8369" lon="2.3743">
        <ele>41.7</ele>
      </trkpt>
      <trkpt lat="48.83699" lon="2.37422">
        <ele>41.4</ele>
      </trkpt>
      <trkpt lat="48.83708" lon="2.37414">
        <ele>41.0</ele>
      </trkpt>
      <trkpt lat="48.83712" lon="2.37411">
        <ele>40.8</ele>
      </trkpt>
      <trkpt lat="48.8372" lon="2.37404">
        <ele>40.3</ele>
      </trkpt>
      <trkpt lat="48.83728" lon="2.37399">
        <ele>39.8</ele>
      </trkpt>
      <trkpt lat="48.83739" lon="2.37389">
        <ele>39.2</ele>
      </trkpt>
      <trkpt lat="48.83739" lon="2.37389">
        <ele>39.2</ele>
      </trkpt>
      <trkpt lat="48.83756" lon="2.37372">
        <ele>37.9</ele>
      </trkpt>
      <trkpt lat="48.83768" lon="2.3736">
        <ele>36.8</ele>
      </trkpt>
      <trkpt lat="48.83787" lon="2.37339">
        <ele>35.3</ele>
      </trkpt>
      <trkpt lat="48.83794" lon="2.37332">
        <ele>34.8</ele>
      </trkpt>
      <trkpt lat="48.83814" lon="2.37309">
        <ele>33.5</ele>
      </trkpt>
      <trkpt lat="48.83824" lon="2.37296">
        <ele>33.0</ele>
      </trkpt>
      <trkpt lat="48.83829" lon="2.3729">
        <ele>32.8</ele>
      </trkpt>
      <trkpt lat="48.83846" lon="2.37269">
        <ele>33.0</ele>
      </trkpt>
      <trkpt lat="48.83849" lon="2.37259">
        <ele>33.1</ele>
      </trkpt>
      <trkpt lat="48.83866" lon="2.37237">
        <ele>33.2</ele>
      </trkpt>
      <trkpt lat="48.83923" lon="2.37159">
        <ele>34.0</ele>
      </trkpt>
      <trkpt lat="48.8394" lon="2.37134">
        <ele>33.9</ele>
      </trkpt>
      <trkpt lat="48.8395" lon="2.37121">
        <ele>33.8</ele>
      </trkpt>
      <trkpt lat="48.84006" lon="2.37043">
        <ele>32.9</ele>
      </trkpt>
      <trkpt lat="48.84062" lon="2.36967">
        <ele>32.5</ele>
      </trkpt>
      <trkpt lat="48.84099" lon="2.36917">
        <ele>32.7</ele>
      </trkpt>
      <trkpt lat="48.84128" lon="2.368729">
        <ele>33.5</ele>
      </trkpt>
      <trkpt lat="48.84175" lon="2.36811">
        <ele>34.2</ele>
      </trkpt>
      <trkpt lat="48.84183" lon="2.36799">
        <ele>33.5</ele>
      </trkpt>
      <trkpt lat="48.8419" lon="2.36789">
        <ele>32.9</ele>
      </trkpt>
      <trkpt lat="48.84199" lon="2.36776">
        <ele>32.3</ele>
      </trkpt>
      <trkpt lat="48.84231" lon="2.367309">
        <ele>31.6</ele>
      </trkpt>
      <trkpt lat="48.842529" lon="2.36701">
        <ele>33.0</ele>
      </trkpt>
      <trkpt lat="48.84291" lon="2.36652">
        <ele>34.1</ele>
      </trkpt>
      <trkpt lat="48.843089" lon="2.36624">
        <ele>34.8</ele>
      </trkpt>
      <trkpt lat="48.843089" lon="2.36624">
        <ele>34.8</ele>
      </trkpt>
      <trkpt lat="48.84328" lon="2.36623">
        <ele>33.5</ele>
      </trkpt>
      <trkpt lat="48.84337" lon="2.36622">
        <ele>33.1</ele>
      </trkpt>
      <trkpt lat="48.84342" lon="2.36621">
        <ele>32.9</ele>
      </trkpt>
      <trkpt lat="48.84346" lon="2.3662">
        <ele>32.8</ele>
      </trkpt>
      <trkpt lat="48.8435" lon="2.36619">
        <ele>32.7</ele>
      </trkpt>
      <trkpt lat="48.84358" lon="2.36615">
        <ele>32.5</ele>
      </trkpt>
      <trkpt lat="48.84364" lon="2.36612">
        <ele>32.4</ele>
      </trkpt>
      <trkpt lat="48.8437" lon="2.36607">
        <ele>32.2</ele>
      </trkpt>
      <trkpt lat="48.84397" lon="2.36586">
        <ele>30.7</ele>
      </trkpt>
      <trkpt lat="48.84402" lon="2.36579">
        <ele>30.4</ele>
      </trkpt>
      <trkpt lat="48.84413" lon="2.36567">
        <ele>29.9</ele>
      </trkpt>
      <trkpt lat="48.84428" lon="2.36549">
        <ele>29.8</ele>
      </trkpt>
      <trkpt lat="48.84444" lon="2.3653">
        <ele>29.5</ele>
      </trkpt>
      <trkpt lat="48.84445" lon="2.36529">
        <ele>29.5</ele>
      </trkpt>
      <trkpt lat="48.84449" lon="2.36523">
        <ele>29.4</ele>
      </trkpt>
      <trkpt lat="48.84449" lon="2.36522">
        <ele>29.4</ele>
      </trkpt>
      <trkpt lat="48.844499" lon="2.365209">
        <ele>29.3</ele>
      </trkpt>
      <trkpt lat="48.84452" lon="2.36518">
        <ele>29.3</ele>
      </trkpt>
      <trkpt lat="48.84453" lon="2.36517">
        <ele>29.2</ele>
      </trkpt>
      <trkpt lat="48.84464" lon="2.36501">
        <ele>28.6</ele>
      </trkpt>
      <trkpt lat="48.84472" lon="2.36489">
        <ele>28.8</ele>
      </trkpt>
      <trkpt lat="48.84479" lon="2.36476">
        <ele>29.2</ele>
      </trkpt>
      <trkpt lat="48.84483" lon="2.36465">
        <ele>29.7</ele>
      </trkpt>
      <trkpt lat="48.84486" lon="2.36455">
        <ele>30.2</ele>
      </trkpt>
      <trkpt lat="48.84487" lon="2.36443">
        <ele>31.0</ele>
      </trkpt>
      <trkpt lat="48.84488" lon="2.36433">
        <ele>31.7</ele>
      </trkpt>
      <trkpt lat="48.84488" lon="2.36428">
        <ele>32.0</ele>
      </trkpt>
      <trkpt lat="48.84488" lon="2.36423">
        <ele>32.4</ele>
      </trkpt>
      <trkpt lat="48.84488" lon="2.36422">
        <ele>32.5</ele>
      </trkpt>
      <trkpt lat="48.84488" lon="2.36412">
        <ele>32.9</ele>
      </trkpt>
      <trkpt lat="48.84485" lon="2.36401">
        <ele>33.3</ele>
      </trkpt>
      <trkpt lat="48.84484" lon="2.36395">
        <ele>33.4</ele>
      </trkpt>
      <trkpt lat="48.84484" lon="2.36395">
        <ele>33.4</ele>
      </trkpt>
      <trkpt lat="48.84494" lon="2.3638">
        <ele>33.2</ele>
      </trkpt>
      <trkpt lat="48.84599" lon="2.36225">
        <ele>31.7</ele>
      </trkpt>
      <trkpt lat="48.84635" lon="2.36171">
        <ele>29.3</ele>
      </trkpt>
      <trkpt lat="48.84663" lon="2.36128">
        <ele>29.9</ele>
      </trkpt>
      <trkpt lat="48.84685" lon="2.36094">
        <ele>30.9</ele>
      </trkpt>
      <trkpt lat="48.84782" lon="2.3595">
        <ele>32.0</ele>
      </trkpt>
      <trkpt lat="48.84783" lon="2.35947">
        <ele>32.0</ele>
      </trkpt>
      <trkpt lat="48.84785" lon="2.35945">
        <ele>32.0</ele>
      </trkpt>
      <trkpt lat="48.84821" lon="2.35894">
        <ele>32.1</ele>
      </trkpt>
      <trkpt lat="48.84888" lon="2.35797">
        <ele>32.5</ele>
      </trkpt>
      <trkpt lat="48.8489" lon="2.35794">
        <ele>32.4</ele>
      </trkpt>
      <trkpt lat="48.848909" lon="2.35793">
        <ele>32.3</ele>
      </trkpt>
      <trkpt lat="48.84892" lon="2.35792">
        <ele>32.3</ele>
      </trkpt>
      <trkpt lat="48.8491" lon="2.35768">
        <ele>30.8</ele>
      </trkpt>
      <trkpt lat="48.849179" lon="2.357549">
        <ele>30.2</ele>
      </trkpt>
      <trkpt lat="48.84923" lon="2.35742">
        <ele>30.7</ele>
      </trkpt>
      <trkpt lat="48.84925" lon="2.35734">
        <ele>30.9</ele>
      </trkpt>
      <trkpt lat="48.8493" lon="2.35716">
        <ele>31.4</ele>
      </trkpt>
      <trkpt lat="48.84932" lon="2.35707">
        <ele>31.6</ele>
      </trkpt>
      <trkpt lat="48.84934" lon="2.357">
        <ele>31.7</ele>
      </trkpt>
      <trkpt lat="48.84942" lon="2.35676">
        <ele>31.7</ele>
      </trkpt>
      <trkpt lat="48.84946" lon="2.35663">
        <ele>31.7</ele>
      </trkpt>
      <trkpt lat="48.84946" lon="2.35663">
        <ele>31.7</ele>
      </trkpt>
      <trkpt lat="48.84952" lon="2.35644">
        <ele>32.0</ele>
      </trkpt>
      <trkpt lat="48.8496" lon="2.35616">
        <ele>32.4</ele>
      </trkpt>
      <trkpt lat="48.84966" lon="2.35596">
        <ele>32.4</ele>
      </trkpt>
      <trkpt lat="48.84983" lon="2.35542">
        <ele>33.9</ele>
      </trkpt>
      <trkpt lat="48.84998" lon="2.3549">
        <ele>34.8</ele>
      </trkpt>
      <trkpt lat="48.85042" lon="2.353549">
        <ele>35.2</ele>
      </trkpt>
      <trkpt lat="48.85071" lon="2.35259">
        <ele>30.2</ele>
      </trkpt>
      <trkpt lat="48.85086" lon="2.3521">
        <ele>30.9</ele>
      </trkpt>
      <trkpt lat="48.85112" lon="2.3513">
        <ele>34.6</ele>
      </trkpt>
      <trkpt lat="48.85125" lon="2.35086">
        <ele>36.8</ele>
      </trkpt>
      <trkpt lat="48.851439" lon="2.3504">
        <ele>37.3</ele>
      </trkpt>
      <trkpt lat="48.851439" lon="2.3504">
        <ele>37.3</ele>
      </trkpt>
      <trkpt lat="48.85178" lon="2.349549">
        <ele>38.5</ele>
      </trkpt>
      <trkpt lat="48.85195" lon="2.3492">
        <ele>39.3</ele>
      </trkpt>
      <trkpt lat="48.85216" lon="2.34869">
        <ele>38.5</ele>
      </trkpt>
      <trkpt lat="48.85235" lon="2.34825">
        <ele>36.0</ele>
      </trkpt>
      <trkpt lat="48.85265" lon="2.34764">
        <ele>37.2</ele>
      </trkpt>
      <trkpt lat="48.85306" lon="2.34681">
        <ele>41.2</ele>
      </trkpt>
      <trkpt lat="48.85306" lon="2.34681">
        <ele>41.2</ele>
      </trkpt>
      <trkpt lat="48.85309" lon="2.34674">
        <ele>41.4</ele>
      </trkpt>
      <trkpt lat="48.85311" lon="2.34668">
        <ele>41.5</ele>
      </trkpt>
      <trkpt lat="48.85314" lon="2.34658">
        <ele>41.6</ele>
      </trkpt>
      <trkpt lat="48.85324" lon="2.34623">
        <ele>41.6</ele>
      </trkpt>
      <trkpt lat="48.85333" lon="2.34592">
        <ele>41.8</ele>
      </trkpt>
      <trkpt lat="48.85348" lon="2.34538">
        <ele>42.7</ele>
      </trkpt>
      <trkpt lat="48.85376" lon="2.344329">
        <ele>41.2</ele>
      </trkpt>
      <trkpt lat="48.85376" lon="2.344329">
        <ele>41.2</ele>
      </trkpt>
      <trkpt lat="48.85383" lon="2.34413">
        <ele>40.5</ele>
      </trkpt>
      <trkpt lat="48.85389" lon="2.34395">
        <ele>40.6</ele>
      </trkpt>
      <trkpt lat="48.85396" lon="2.34381">
        <ele>40.4</ele>
      </trkpt>
      <trkpt lat="48.85428" lon="2.34317">
        <ele>40.4</ele>
      </trkpt>
      <trkpt lat="48.85461" lon="2.34254">
        <ele>40.8</ele>
      </trkpt>
      <trkpt lat="48.85468" lon="2.3424">
        <ele>40.7</ele>
      </trkpt>
      <trkpt lat="48.85475" lon="2.34228">
        <ele>40.4</ele>
      </trkpt>
      <trkpt lat="48.85483" lon="2.34215">
        <ele>40.1</ele>
      </trkpt>
      <trkpt lat="48.854909" lon="2.34204">
        <ele>39.6</ele>
      </trkpt>
      <trkpt lat="48.85508" lon="2.34181">
        <ele>39.9</ele>
      </trkpt>
      <trkpt lat="48.85521" lon="2.34163">
        <ele>41.9</ele>
      </trkpt>
      <trkpt lat="48.85525" lon="2.34157">
        <ele>42.5</ele>
      </trkpt>
      <trkpt lat="48.85553" lon="2.34114">
        <ele>44.3</ele>
      </trkpt>
      <trkpt lat="48.85578" lon="2.3408">
        <ele>43.3</ele>
      </trkpt>
      <trkpt lat="48.85605" lon="2.34041">
        <ele>43.0</ele>
      </trkpt>
      <trkpt lat="48.85605" lon="2.34041">
        <ele>43.0</ele>
      </trkpt>
      <trkpt lat="48.85619" lon="2.340259">
        <ele>41.5</ele>
      </trkpt>
      <trkpt lat="48.85645" lon="2.33993">
        <ele>37.2</ele>
      </trkpt>
      <trkpt lat="48.85678" lon="2.33935">
        <ele>35.7</ele>
      </trkpt>
      <trkpt lat="48.85716" lon="2.33869">
        <ele>33.3</ele>
      </trkpt>
      <trkpt lat="48.8572" lon="2.33863">
        <ele>33.2</ele>
      </trkpt>
      <trkpt lat="48.85725" lon="2.33855">
        <ele>33.1</ele>
      </trkpt>
      <trkpt lat="48.857439" lon="2.33815">
        <ele>33.4</ele>
      </trkpt>
      <trkpt lat="48.85747" lon="2.338089">
        <ele>33.2</ele>
      </trkpt>
      <trkpt lat="48.8576" lon="2.33754">
        <ele>34.2</ele>
      </trkpt>
      <trkpt lat="48.85769" lon="2.33716">
        <ele>32.6</ele>
      </trkpt>
      <trkpt lat="48.85776" lon="2.33685">
        <ele>30.4</ele>
      </trkpt>
      <trkpt lat="48.85785" lon="2.33646">
        <ele>28.2</ele>
      </trkpt>
      <trkpt lat="48.85787" lon="2.33637">
        <ele>27.8</ele>
      </trkpt>
      <trkpt lat="48.85788" lon="2.33631">
        <ele>27.7</ele>
      </trkpt>
      <trkpt lat="48.85787" lon="2.33622">
        <ele>28.0</ele>
      </trkpt>
      <trkpt lat="48.85787" lon="2.33622">
        <ele>28.0</ele>
      </trkpt>
      <trkpt lat="48.85787" lon="2.33609">
        <ele>28.2</ele>
      </trkpt>
      <trkpt lat="48.85783" lon="2.33556">
        <ele>34.2</ele>
      </trkpt>
      <trkpt lat="48.857819" lon="2.33546">
        <ele>36.0</ele>
      </trkpt>
      <trkpt lat="48.857819" lon="2.33541">
        <ele>36.7</ele>
      </trkpt>
      <trkpt lat="48.85784" lon="2.33516">
        <ele>40.4</ele>
      </trkpt>
      <trkpt lat="48.85785" lon="2.335039">
        <ele>42.3</ele>
      </trkpt>
      <trkpt lat="48.85787" lon="2.33493">
        <ele>43.2</ele>
      </trkpt>
      <trkpt lat="48.85789" lon="2.33482">
        <ele>43.5</ele>
      </trkpt>
      <trkpt lat="48.8579" lon="2.3348">
        <ele>43.6</ele>
      </trkpt>
      <trkpt lat="48.85812" lon="2.33395">
        <ele>45.5</ele>
      </trkpt>
      <trkpt lat="48.85825" lon="2.33342">
        <ele>43.6</ele>
      </trkpt>
      <trkpt lat="48.85843" lon="2.33279">
        <ele>41.8</ele>
      </trkpt>
      <trkpt lat="48.85852" lon="2.33245">
        <ele>40.3</ele>
      </trkpt>
      <trkpt lat="48.85852" lon="2.33245">
        <ele>40.3</ele>
      </trkpt>
      <trkpt lat="48.85864" lon="2.33208">
        <ele>39.5</ele>
      </trkpt>
      <trkpt lat="48.85926" lon="2.33022">
        <ele>39.5</ele>
      </trkpt>
      <trkpt lat="48.85945" lon="2.32968">
        <ele>40.9</ele>
      </trkpt>
      <trkpt lat="48.85945" lon="2.32968">
        <ele>40.9</ele>
      </trkpt>
      <trkpt lat="48.85957" lon="2.32932">
        <ele>41.3</ele>
      </trkpt>
      <trkpt lat="48.85957" lon="2.3293">
        <ele>41.3</ele>
      </trkpt>
      <trkpt lat="48.8596" lon="2.3292">
        <ele>41.3</ele>
      </trkpt>
      <trkpt lat="48.85974" lon="2.32873">
        <ele>40.0</ele>
      </trkpt>
      <trkpt lat="48.85984" lon="2.32843">
        <ele>38.3</ele>
      </trkpt>
      <trkpt lat="48.85986" lon="2.32832">
        <ele>37.9</ele>
      </trkpt>
      <trkpt lat="48.85987" lon="2.32828">
        <ele>38.0</ele>
      </trkpt>
      <trkpt lat="48.859879" lon="2.32822">
        <ele>38.2</ele>
      </trkpt>
      <trkpt lat="48.85993" lon="2.32805">
        <ele>38.5</ele>
      </trkpt>
      <trkpt lat="48.85995" lon="2.32801">
        <ele>38.5</ele>
      </trkpt>
      <trkpt lat="48.85999" lon="2.32788">
        <ele>38.8</ele>
      </trkpt>
      <trkpt lat="48.85999" lon="2.32788">
        <ele>38.8</ele>
      </trkpt>
      <trkpt lat="48.8601" lon="2.32756">
        <ele>39.0</ele>
      </trkpt>
      <trkpt lat="48.86029" lon="2.32694">
        <ele>39.7</ele>
      </trkpt>
      <trkpt lat="48.86053" lon="2.32618">
        <ele>36.4</ele>
      </trkpt>
      <trkpt lat="48.86068" lon="2.32566">
        <ele>34.4</ele>
      </trkpt>
      <trkpt lat="48.86068" lon="2.32566">
        <ele>34.4</ele>
      </trkpt>
      <trkpt lat="48.86079" lon="2.32529">
        <ele>34.1</ele>
      </trkpt>
      <trkpt lat="48.860909" lon="2.324939">
        <ele>34.6</ele>
      </trkpt>
      <trkpt lat="48.86109" lon="2.32431">
        <ele>34.4</ele>
      </trkpt>
      <trkpt lat="48.86113" lon="2.32418">
        <ele>34.1</ele>
      </trkpt>
      <trkpt lat="48.861759" lon="2.32201">
        <ele>35.6</ele>
      </trkpt>
      <trkpt lat="48.86194" lon="2.32136">
        <ele>37.0</ele>
      </trkpt>
      <trkpt lat="48.86237" lon="2.31989">
        <ele>33.0</ele>
      </trkpt>
      <trkpt lat="48.86265" lon="2.31906">
        <ele>32.0</ele>
      </trkpt>
      <trkpt lat="48.86265" lon="2.31906">
        <ele>32.0</ele>
      </trkpt>
      <trkpt lat="48.86275" lon="2.31913">
        <ele>31.1</ele>
      </trkpt>
      <trkpt lat="48.862789" lon="2.31916">
        <ele>30.6</ele>
      </trkpt>
      <trkpt lat="48.863" lon="2.31931">
        <ele>28.9</ele>
      </trkpt>
      <trkpt lat="48.86325" lon="2.31949">
        <ele>27.3</ele>
      </trkpt>
      <trkpt lat="48.86338" lon="2.31959">
        <ele>27.1</ele>
      </trkpt>
      <trkpt lat="48.86351" lon="2.31968">
        <ele>27.6</ele>
      </trkpt>
      <trkpt lat="48.86366" lon="2.319789">
        <ele>28.2</ele>
      </trkpt>
      <trkpt lat="48.86397" lon="2.32002">
        <ele>29.6</ele>
      </trkpt>
      <trkpt lat="48.86398" lon="2.32002">
        <ele>29.6</ele>
      </trkpt>
      <trkpt lat="48.86403" lon="2.32007">
        <ele>29.9</ele>
      </trkpt>
      <trkpt lat="48.86409" lon="2.3201">
        <ele>30.1</ele>
      </trkpt>
      <trkpt lat="48.86409" lon="2.3201">
        <ele>30.1</ele>
      </trkpt>
      <trkpt lat="48.86438" lon="2.32031">
        <ele>31.5</ele>
      </trkpt>
      <trkpt lat="48.86474" lon="2.32055">
        <ele>32.9</ele>
      </trkpt>
      <trkpt lat="48.86473" lon="2.32059">
        <ele>33.0</ele>
      </trkpt>
      <trkpt lat="48.86472" lon="2.32063">
        <ele>33.1</ele>
      </trkpt>
      <trkpt lat="48.86472" lon="2.320669">
        <ele>33.2</ele>
      </trkpt>
      <trkpt lat="48.86472" lon="2.32071">
        <ele>33.3</ele>
      </trkpt>
      <trkpt lat="48.86472" lon="2.32076">
        <ele>33.5</ele>
      </trkpt>
      <trkpt lat="48.86472" lon="2.32081">
        <ele>33.6</ele>
      </trkpt>
      <trkpt lat="48.86473" lon="2.32086">
        <ele>33.8</ele>
      </trkpt>
      <trkpt lat="48.86474" lon="2.32092">
        <ele>34.1</ele>
      </trkpt>
      <trkpt lat="48.86479" lon="2.32102">
        <ele>34.6</ele>
      </trkpt>
      <trkpt lat="48.86503" lon="2.32123">
        <ele>35.8</ele>
      </trkpt>
      <trkpt lat="48.86519" lon="2.32136">
        <ele>36.0</ele>
      </trkpt>
      <trkpt lat="48.86534" lon="2.32147">
        <ele>36.0</ele>
      </trkpt>
      <trkpt lat="48.865989" lon="2.32197">
        <ele>36.2</ele>
      </trkpt>
      <trkpt lat="48.86602" lon="2.32198">
        <ele>36.4</ele>
      </trkpt>
      <trkpt lat="48.86606" lon="2.32199">
        <ele>36.7</ele>
      </trkpt>
      <trkpt lat="48.86609" lon="2.32199">
        <ele>37.0</ele>
      </trkpt>
      <trkpt lat="48.86613" lon="2.32198">
        <ele>37.3</ele>
      </trkpt>
      <trkpt lat="48.866169" lon="2.32195">
        <ele>37.6</ele>
      </trkpt>
      <trkpt lat="48.8662" lon="2.32191">
        <ele>37.8</ele>
      </trkpt>
      <trkpt lat="48.86623" lon="2.32187">
        <ele>38.0</ele>
      </trkpt>
      <trkpt lat="48.866259" lon="2.32182">
        <ele>38.2</ele>
      </trkpt>
      <trkpt lat="48.86628" lon="2.32178">
        <ele>38.3</ele>
      </trkpt>
      <trkpt lat="48.8663" lon="2.32173">
        <ele>38.4</ele>
      </trkpt>
      <trkpt lat="48.86632" lon="2.32167">
        <ele>38.5</ele>
      </trkpt>
      <trkpt lat="48.86633" lon="2.32161">
        <ele>38.4</ele>
      </trkpt>
      <trkpt lat="48.86635" lon="2.32154">
        <ele>38.3</ele>
      </trkpt>
      <trkpt lat="48.86635" lon="2.32148">
        <ele>38.1</ele>
      </trkpt>
      <trkpt lat="48.86635" lon="2.32142">
        <ele>37.9</ele>
      </trkpt>
      <trkpt lat="48.86634" lon="2.32137">
        <ele>37.7</ele>
      </trkpt>
      <trkpt lat="48.86633" lon="2.32132">
        <ele>37.5</ele>
      </trkpt>
      <trkpt lat="48.86631" lon="2.32127">
        <ele>37.2</ele>
      </trkpt>
      <trkpt lat="48.86629" lon="2.32122">
        <ele>36.9</ele>
      </trkpt>
      <trkpt lat="48.866259" lon="2.32119">
        <ele>36.6</ele>
      </trkpt>
      <trkpt lat="48.86595" lon="2.32097">
        <ele>34.1</ele>
      </trkpt>
      <trkpt lat="48.865609" lon="2.32072">
        <ele>33.1</ele>
      </trkpt>
      <trkpt lat="48.865609" lon="2.32072">
        <ele>33.1</ele>
      </trkpt>
      <trkpt lat="48.86585" lon="2.31996">
        <ele>32.3</ele>
      </trkpt>
      <trkpt lat="48.86593" lon="2.31971">
        <ele>33.5</ele>
      </trkpt>
      <trkpt lat="48.8662" lon="2.31888">
        <ele>36.0</ele>
      </trkpt>
      <trkpt lat="48.86701" lon="2.31634">
        <ele>39.2</ele>
      </trkpt>
      <trkpt lat="48.8671" lon="2.31605">
        <ele>38.2</ele>
      </trkpt>
      <trkpt lat="48.86746" lon="2.31489">
        <ele>36.1</ele>
      </trkpt>
      <trkpt lat="48.86751" lon="2.31474">
        <ele>36.0</ele>
      </trkpt>
      <trkpt lat="48.86775" lon="2.31397">
        <ele>36.9</ele>
      </trkpt>
      <trkpt lat="48.86787" lon="2.31359">
        <ele>37.1</ele>
      </trkpt>
      <trkpt lat="48.86827" lon="2.31236">
        <ele>33.0</ele>
      </trkpt>
      <trkpt lat="48.86831" lon="2.31222">
        <ele>33.2</ele>
      </trkpt>
      <trkpt lat="48.86872" lon="2.31096">
        <ele>38.4</ele>
      </trkpt>
      <trkpt lat="48.86884" lon="2.31058">
        <ele>40.6</ele>
      </trkpt>
      <trkpt lat="48.86892" lon="2.31035">
        <ele>41.7</ele>
      </trkpt>
      <trkpt lat="48.86893" lon="2.31036">
        <ele>41.8</ele>
      </trkpt>
      <trkpt lat="48.86894" lon="2.310369">
        <ele>41.9</ele>
      </trkpt>
      <trkpt lat="48.86895" lon="2.310369">
        <ele>42.0</ele>
      </trkpt>
      <trkpt lat="48.86897" lon="2.31038">
        <ele>42.2</ele>
      </trkpt>
      <trkpt lat="48.86898" lon="2.31038">
        <ele>42.2</ele>
      </trkpt>
      <trkpt lat="48.868989" lon="2.31038">
        <ele>42.3</ele>
      </trkpt>
      <trkpt lat="48.86901" lon="2.31039">
        <ele>42.5</ele>
      </trkpt>
      <trkpt lat="48.86902" lon="2.31038">
        <ele>42.6</ele>
      </trkpt>
      <trkpt lat="48.86903" lon="2.31038">
        <ele>42.7</ele>
      </trkpt>
      <trkpt lat="48.86904" lon="2.31038">
        <ele>42.8</ele>
      </trkpt>
      <trkpt lat="48.86906" lon="2.310369">
        <ele>43.0</ele>
      </trkpt>
      <trkpt lat="48.86907" lon="2.310369">
        <ele>43.1</ele>
      </trkpt>
      <trkpt lat="48.869079" lon="2.31036">
        <ele>43.2</ele>
      </trkpt>
      <trkpt lat="48.86909" lon="2.31035">
        <ele>43.3</ele>
      </trkpt>
      <trkpt lat="48.8691" lon="2.31034">
        <ele>43.4</ele>
      </trkpt>
      <trkpt lat="48.86911" lon="2.31033">
        <ele>43.5</ele>
      </trkpt>
      <trkpt lat="48.86912" lon="2.31032">
        <ele>43.6</ele>
      </trkpt>
      <trkpt lat="48.86913" lon="2.31031">
        <ele>43.7</ele>
      </trkpt>
      <trkpt lat="48.86914" lon="2.31029">
        <ele>43.8</ele>
      </trkpt>
      <trkpt lat="48.86914" lon="2.31028">
        <ele>43.8</ele>
      </trkpt>
      <trkpt lat="48.86915" lon="2.31027">
        <ele>43.9</ele>
      </trkpt>
      <trkpt lat="48.86915" lon="2.31025">
        <ele>43.9</ele>
      </trkpt>
      <trkpt lat="48.86916" lon="2.31024">
        <ele>43.9</ele>
      </trkpt>
      <trkpt lat="48.86916" lon="2.31022">
        <ele>43.9</ele>
      </trkpt>
      <trkpt lat="48.86916" lon="2.3102">
        <ele>43.9</ele>
      </trkpt>
      <trkpt lat="48.869169" lon="2.31019">
        <ele>44.0</ele>
      </trkpt>
      <trkpt lat="48.869169" lon="2.31017">
        <ele>44.0</ele>
      </trkpt>
      <trkpt lat="48.869169" lon="2.31016">
        <ele>44.0</ele>
      </trkpt>
      <trkpt lat="48.869169" lon="2.31013">
        <ele>44.0</ele>
      </trkpt>
      <trkpt lat="48.869169" lon="2.31011">
        <ele>44.0</ele>
      </trkpt>
      <trkpt lat="48.869169" lon="2.31009">
        <ele>44.0</ele>
      </trkpt>
      <trkpt lat="48.86916" lon="2.31008">
        <ele>44.0</ele>
      </trkpt>
      <trkpt lat="48.86916" lon="2.31006">
        <ele>44.0</ele>
      </trkpt>
      <trkpt lat="48.86915" lon="2.31005">
        <ele>43.9</ele>
      </trkpt>
      <trkpt lat="48.86915" lon="2.310029">
        <ele>43.9</ele>
      </trkpt>
      <trkpt lat="48.86914" lon="2.31002">
        <ele>43.8</ele>
      </trkpt>
      <trkpt lat="48.86914" lon="2.31">
        <ele>43.8</ele>
      </trkpt>
      <trkpt lat="48.86913" lon="2.30999">
        <ele>43.7</ele>
      </trkpt>
      <trkpt lat="48.86912" lon="2.30998">
        <ele>43.6</ele>
      </trkpt>
      <trkpt lat="48.86911" lon="2.30997">
        <ele>43.6</ele>
      </trkpt>
      <trkpt lat="48.86911" lon="2.30995">
        <ele>43.5</ele>
      </trkpt>
      <trkpt lat="48.8691" lon="2.30995">
        <ele>43.5</ele>
      </trkpt>
      <trkpt lat="48.86905" lon="2.30991">
        <ele>43.1</ele>
      </trkpt>
      <trkpt lat="48.86913" lon="2.30967">
        <ele>43.4</ele>
      </trkpt>
      <trkpt lat="48.86928" lon="2.30918">
        <ele>43.0</ele>
      </trkpt>
      <trkpt lat="48.86933" lon="2.30902">
        <ele>43.0</ele>
      </trkpt>
      <trkpt lat="48.86944" lon="2.30866">
        <ele>43.2</ele>
      </trkpt>
      <trkpt lat="48.86958" lon="2.30825">
        <ele>43.8</ele>
      </trkpt>
      <trkpt lat="48.86969" lon="2.30789">
        <ele>45.6</ele>
      </trkpt>
      <trkpt lat="48.86988" lon="2.3073">
        <ele>49.4</ele>
      </trkpt>
      <trkpt lat="48.87003" lon="2.30683">
        <ele>50.8</ele>
      </trkpt>
      <trkpt lat="48.87007" lon="2.3067">
        <ele>50.9</ele>
      </trkpt>
      <trkpt lat="48.87012" lon="2.30655">
        <ele>50.4</ele>
      </trkpt>
      <trkpt lat="48.87021" lon="2.30627">
        <ele>49.4</ele>
      </trkpt>
      <trkpt lat="48.87052" lon="2.30529">
        <ele>50.9</ele>
      </trkpt>
      <trkpt lat="48.87081" lon="2.30437">
        <ele>54.3</ele>
      </trkpt>
      <trkpt lat="48.87098" lon="2.30383">
        <ele>55.5</ele>
      </trkpt>
      <trkpt lat="48.87108" lon="2.303519">
        <ele>55.7</ele>
      </trkpt>
      <trkpt lat="48.87132" lon="2.30273">
        <ele>54.7</ele>
      </trkpt>
      <trkpt lat="48.87139" lon="2.30252">
        <ele>54.4</ele>
      </trkpt>
      <trkpt lat="48.87142" lon="2.30242">
        <ele>54.4</ele>
      </trkpt>
      <trkpt lat="48.87145" lon="2.30233">
        <ele>54.4</ele>
      </trkpt>
      <trkpt lat="48.8718" lon="2.30125">
        <ele>57.2</ele>
      </trkpt>
      <trkpt lat="48.87184" lon="2.30112">
        <ele>57.9</ele>
      </trkpt>
      <trkpt lat="48.87186" lon="2.301079">
        <ele>58.2</ele>
      </trkpt>
      <trkpt lat="48.87191" lon="2.30087">
        <ele>59.2</ele>
      </trkpt>
      <trkpt lat="48.87206" lon="2.300469">
        <ele>61.1</ele>
      </trkpt>
      <trkpt lat="48.87234" lon="2.29957">
        <ele>62.6</ele>
      </trkpt>
      <trkpt lat="48.87268" lon="2.29851">
        <ele>66.4</ele>
      </trkpt>
      <trkpt lat="48.87268" lon="2.29851">
        <ele>66.4</ele>
      </trkpt>
      <trkpt lat="48.87278" lon="2.29852">
        <ele>66.5</ele>
      </trkpt>
      <trkpt lat="48.87281" lon="2.29851">
        <ele>66.5</ele>
      </trkpt>
      <trkpt lat="48.872839" lon="2.29849">
        <ele>66.6</ele>
      </trkpt>
      <trkpt lat="48.87288" lon="2.29845">
        <ele>66.8</ele>
      </trkpt>
      <trkpt lat="48.87291" lon="2.29839">
        <ele>66.9</ele>
      </trkpt>
      <trkpt lat="48.872929" lon="2.29834">
        <ele>67.0</ele>
      </trkpt>
      <trkpt lat="48.87297" lon="2.29823">
        <ele>66.9</ele>
      </trkpt>
      <trkpt lat="48.87319" lon="2.29755">
        <ele>64.4</ele>
      </trkpt>
      <trkpt lat="48.87319" lon="2.29755">
        <ele>64.4</ele>
      </trkpt>
      <trkpt lat="48.87341" lon="2.29695">
        <ele>62.8</ele>
      </trkpt>
      <trkpt lat="48.87366" lon="2.29638">
        <ele>60.4</ele>
      </trkpt>
      <trkpt lat="48.87382" lon="2.29607">
        <ele>58.6</ele>
      </trkpt>
      <trkpt lat="48.87383" lon="2.29607">
        <ele>58.6</ele>
      </trkpt>
      <trkpt lat="48.87384" lon="2.29605">
        <ele>58.5</ele>
      </trkpt>
      <trkpt lat="48.87384" lon="2.29603">
        <ele>58.4</ele>
      </trkpt>
      <trkpt lat="48.87386" lon="2.29601">
        <ele>58.3</ele>
      </trkpt>
      <trkpt lat="48.8739" lon="2.29592">
        <ele>57.8</ele>
      </trkpt>
      <trkpt lat="48.87391" lon="2.29591">
        <ele>57.7</ele>
      </trkpt>
      <trkpt lat="48.87393" lon="2.29587">
        <ele>57.5</ele>
      </trkpt>
      <trkpt lat="48.87399" lon="2.29574">
        <ele>57.9</ele>
      </trkpt>
      <trkpt lat="48.87411" lon="2.29549">
        <ele>59.3</ele>
      </trkpt>
      <trkpt lat="48.87414" lon="2.2954">
        <ele>59.8</ele>
      </trkpt>
      <trkpt lat="48.87418" lon="2.29527">
        <ele>60.8</ele>
      </trkpt>
      <trkpt lat="48.87421" lon="2.29512">
        <ele>62.0</ele>
      </trkpt>
      <trkpt lat="48.87423" lon="2.29494">
        <ele>62.6</ele>
      </trkpt>
      <trkpt lat="48.874339" lon="2.29432">
        <ele>60.1</ele>
      </trkpt>
      <trkpt lat="48.87439" lon="2.29402">
        <ele>60.5</ele>
      </trkpt>
      <trkpt lat="48.87445" lon="2.29373">
        <ele>62.1</ele>
      </trkpt>
      <trkpt lat="48.87466" lon="2.29292">
        <ele>66.1</ele>
      </trkpt>
      <trkpt lat="48.87486" lon="2.29229">
        <ele>67.5</ele>
      </trkpt>
      <trkpt lat="48.87496" lon="2.29195">
        <ele>67.0</ele>
      </trkpt>
      <trkpt lat="48.874989" lon="2.29179">
        <ele>66.4</ele>
      </trkpt>
      <trkpt lat="48.875" lon="2.291589">
        <ele>66.1</ele>
      </trkpt>
      <trkpt lat="48.87501" lon="2.29157">
        <ele>66.1</ele>
      </trkpt>
      <trkpt lat="48.87501" lon="2.29155">
        <ele>66.1</ele>
      </trkpt>
      <trkpt lat="48.87501" lon="2.29154">
        <ele>66.2</ele>
      </trkpt>
      <trkpt lat="48.87501" lon="2.291519">
        <ele>66.2</ele>
      </trkpt>
      <trkpt lat="48.87501" lon="2.29151">
        <ele>66.2</ele>
      </trkpt>
      <trkpt lat="48.87501" lon="2.29149">
        <ele>66.2</ele>
      </trkpt>
      <trkpt lat="48.87501" lon="2.29147">
        <ele>66.2</ele>
      </trkpt>
      <trkpt lat="48.875" lon="2.29144">
        <ele>66.3</ele>
      </trkpt>
      <trkpt lat="48.874989" lon="2.29137">
        <ele>66.4</ele>
      </trkpt>
      <trkpt lat="48.874989" lon="2.29137">
        <ele>66.4</ele>
      </trkpt>
      <trkpt lat="48.87503" lon="2.29124">
        <ele>66.4</ele>
      </trkpt>
      <trkpt lat="48.87513" lon="2.29095">
        <ele>66.1</ele>
      </trkpt>
      <trkpt lat="48.87533" lon="2.29039">
        <ele>64.7</ele>
      </trkpt>
      <trkpt lat="48.87562" lon="2.289489">
        <ele>61.3</ele>
      </trkpt>
      <trkpt lat="48.87563" lon="2.28941">
        <ele>61.1</ele>
      </trkpt>
      <trkpt lat="48.87577" lon="2.28899">
        <ele>59.8</ele>
      </trkpt>
      <trkpt lat="48.87582" lon="2.28885">
        <ele>59.3</ele>
      </trkpt>
      <trkpt lat="48.87633" lon="2.287249">
        <ele>55.1</ele>
      </trkpt>
      <trkpt lat="48.87689" lon="2.2855">
        <ele>51.2</ele>
      </trkpt>
      <trkpt lat="48.87695" lon="2.28531">
        <ele>50.8</ele>
      </trkpt>
      <trkpt lat="48.87721" lon="2.28451">
        <ele>47.8</ele>
      </trkpt>
      <trkpt lat="48.87731" lon="2.28417">
        <ele>45.9</ele>
      </trkpt>
      <trkpt lat="48.87739" lon="2.28404">
        <ele>44.5</ele>
      </trkpt>
      <trkpt lat="48.87761" lon="2.28371">
        <ele>40.9</ele>
      </trkpt>
      <trkpt lat="48.87761" lon="2.28371">
        <ele>40.9</ele>
      </trkpt>
      <trkpt lat="48.87773" lon="2.28372">
        <ele>41.3</ele>
      </trkpt>
      <trkpt lat="48.87783" lon="2.28369">
        <ele>41.4</ele>
      </trkpt>
      <trkpt lat="48.87788" lon="2.28367">
        <ele>41.5</ele>
      </trkpt>
      <trkpt lat="48.87792" lon="2.28364">
        <ele>41.5</ele>
      </trkpt>
      <trkpt lat="48.87814" lon="2.28348">
        <ele>41.9</ele>
      </trkpt>
      <trkpt lat="48.87826" lon="2.28334">
        <ele>42.5</ele>
      </trkpt>
      <trkpt lat="48.87829" lon="2.28329">
        <ele>42.7</ele>
      </trkpt>
      <trkpt lat="48.87833" lon="2.28323">
        <ele>43.1</ele>
      </trkpt>
      <trkpt lat="48.878369" lon="2.28315">
        <ele>43.9</ele>
      </trkpt>
      <trkpt lat="48.87841" lon="2.28306">
        <ele>44.7</ele>
      </trkpt>
      <trkpt lat="48.87845" lon="2.28295">
        <ele>45.2</ele>
      </trkpt>
      <trkpt lat="48.878459" lon="2.28291">
        <ele>45.3</ele>
      </trkpt>
      <trkpt lat="48.87849" lon="2.28281">
        <ele>45.5</ele>
      </trkpt>
      <trkpt lat="48.87854" lon="2.28265">
        <ele>45.7</ele>
      </trkpt>
      <trkpt lat="48.87857" lon="2.28249">
        <ele>45.3</ele>
      </trkpt>
      <trkpt lat="48.87858" lon="2.282369">
        <ele>44.1</ele>
      </trkpt>
      <trkpt lat="48.87858" lon="2.2823">
        <ele>43.3</ele>
      </trkpt>
      <trkpt lat="48.87858" lon="2.28223">
        <ele>42.6</ele>
      </trkpt>
      <trkpt lat="48.87865" lon="2.28207">
        <ele>41.3</ele>
      </trkpt>
      <trkpt lat="48.87868" lon="2.28201">
        <ele>40.8</ele>
      </trkpt>
      <trkpt lat="48.8787" lon="2.28197">
        <ele>40.5</ele>
      </trkpt>
      <trkpt lat="48.87873" lon="2.28193">
        <ele>40.2</ele>
      </trkpt>
      <trkpt lat="48.87876" lon="2.2819">
        <ele>40.1</ele>
      </trkpt>
      <trkpt lat="48.87878" lon="2.28187">
        <ele>39.9</ele>
      </trkpt>
      <trkpt lat="48.87881" lon="2.28185">
        <ele>39.8</ele>
      </trkpt>
      <trkpt lat="48.87883" lon="2.28184">
        <ele>39.9</ele>
      </trkpt>
      <trkpt lat="48.87885" lon="2.28182">
        <ele>39.8</ele>
      </trkpt>
      <trkpt lat="48.87888" lon="2.28181">
        <ele>39.8</ele>
      </trkpt>
      <trkpt lat="48.8789" lon="2.28181">
        <ele>39.9</ele>
      </trkpt>
      <trkpt lat="48.87892" lon="2.2818">
        <ele>40.0</ele>
      </trkpt>
      <trkpt lat="48.87896" lon="2.2818">
        <ele>40.2</ele>
      </trkpt>
      <trkpt lat="48.87904" lon="2.28179">
        <ele>40.6</ele>
      </trkpt>
      <trkpt lat="48.87904" lon="2.28179">
        <ele>40.6</ele>
      </trkpt>
      <trkpt lat="48.879219" lon="2.28209">
        <ele>44.2</ele>
      </trkpt>
      <trkpt lat="48.87945" lon="2.28241">
        <ele>44.7</ele>
      </trkpt>
      <trkpt lat="48.8797" lon="2.28273">
        <ele>46.3</ele>
      </trkpt>
      <trkpt lat="48.87995" lon="2.283049">
        <ele>49.7</ele>
      </trkpt>
      <trkpt lat="48.88053" lon="2.28375">
        <ele>47.2</ele>
      </trkpt>
      <trkpt lat="48.88058" lon="2.28379">
        <ele>46.3</ele>
      </trkpt>
      <trkpt lat="48.88059" lon="2.28379">
        <ele>46.1</ele>
      </trkpt>
      <trkpt lat="48.88065" lon="2.2838">
        <ele>44.8</ele>
      </trkpt>
      <trkpt lat="48.88087" lon="2.28411">
        <ele>42.0</ele>
      </trkpt>
      <trkpt lat="48.88087" lon="2.28411">
        <ele>42.0</ele>
      </trkpt>
      <trkpt lat="48.88101" lon="2.28435">
        <ele>43.3</ele>
      </trkpt>
      <trkpt lat="48.88107" lon="2.28415">
        <ele>43.6</ele>
      </trkpt>
      <trkpt lat="48.88139" lon="2.28382">
        <ele>43.1</ele>
      </trkpt>
      <trkpt lat="48.88158" lon="2.28365">
        <ele>42.2</ele>
      </trkpt>
      <trkpt lat="48.88191" lon="2.28337">
        <ele>39.1</ele>
      </trkpt>
      <trkpt lat="48.88196" lon="2.28333">
        <ele>38.6</ele>
      </trkpt>
      <trkpt lat="48.8821" lon="2.2832">
        <ele>38.0</ele>
      </trkpt>
      <trkpt lat="48.882129" lon="2.28317">
        <ele>37.9</ele>
      </trkpt>
      <trkpt lat="48.88216" lon="2.28315">
        <ele>37.8</ele>
      </trkpt>
      <trkpt lat="48.88216" lon="2.28314">
        <ele>37.8</ele>
      </trkpt>
      <trkpt lat="48.88218" lon="2.28313">
        <ele>37.7</ele>
      </trkpt>
      <trkpt lat="48.88226" lon="2.28306">
        <ele>37.4</ele>
      </trkpt>
      <trkpt lat="48.88228" lon="2.28304">
        <ele>37.4</ele>
      </trkpt>
      <trkpt lat="48.882309" lon="2.28301">
        <ele>37.3</ele>
      </trkpt>
      <trkpt lat="48.88233" lon="2.283">
        <ele>37.2</ele>
      </trkpt>
      <trkpt lat="48.88235" lon="2.282979">
        <ele>37.2</ele>
      </trkpt>
      <trkpt lat="48.88237" lon="2.28296">
        <ele>37.1</ele>
      </trkpt>
      <trkpt lat="48.88239" lon="2.28295">
        <ele>37.1</ele>
      </trkpt>
      <trkpt lat="48.88244" lon="2.2829">
        <ele>37.0</ele>
      </trkpt>
      <trkpt lat="48.8825" lon="2.28284">
        <ele>36.8</ele>
      </trkpt>
      <trkpt lat="48.882599" lon="2.28277">
        <ele>36.9</ele>
      </trkpt>
      <trkpt lat="48.8827" lon="2.28266">
        <ele>36.9</ele>
      </trkpt>
      <trkpt lat="48.88285" lon="2.28253">
        <ele>36.9</ele>
      </trkpt>
      <trkpt lat="48.88355" lon="2.28192">
        <ele>41.4</ele>
      </trkpt>
      <trkpt lat="48.88378" lon="2.28173">
        <ele>41.4</ele>
      </trkpt>
      <trkpt lat="48.88378" lon="2.28173">
        <ele>41.4</ele>
      </trkpt>
      <trkpt lat="48.88387" lon="2.28166">
        <ele>41.1</ele>
      </trkpt>
      <trkpt lat="48.88398" lon="2.281559">
        <ele>41.1</ele>
      </trkpt>
      <trkpt lat="48.88537" lon="2.280339">
        <ele>37.2</ele>
      </trkpt>
      <trkpt lat="48.88541" lon="2.28031">
        <ele>37.3</ele>
      </trkpt>
      <trkpt lat="48.88544" lon="2.28028">
        <ele>37.4</ele>
      </trkpt>
      <trkpt lat="48.88555" lon="2.280199">
        <ele>37.6</ele>
      </trkpt>
      <trkpt lat="48.88714" lon="2.27883">
        <ele>37.6</ele>
      </trkpt>
      <trkpt lat="48.88747" lon="2.27855">
        <ele>36.2</ele>
      </trkpt>
      <trkpt lat="48.88747" lon="2.27855">
        <ele>36.2</ele>
      </trkpt>
      <trkpt lat="48.88755" lon="2.27847">
        <ele>35.9</ele>
      </trkpt>
      <trkpt lat="48.887659" lon="2.27786">
        <ele>36.6</ele>
      </trkpt>
      <trkpt lat="48.88777" lon="2.27729">
        <ele>37.6</ele>
      </trkpt>
      <trkpt lat="48.88799" lon="2.275929">
        <ele>38.6</ele>
      </trkpt>
      <trkpt lat="48.88805" lon="2.27558">
        <ele>38.7</ele>
      </trkpt>
      <trkpt lat="48.88826" lon="2.27516">
        <ele>38.9</ele>
      </trkpt>
      <trkpt lat="48.889249" lon="2.273289">
        <ele>38.1</ele>
      </trkpt>
      <trkpt lat="48.8894" lon="2.273">
        <ele>38.3</ele>
      </trkpt>
      <trkpt lat="48.89045" lon="2.27103">
        <ele>32.7</ele>
      </trkpt>
      <trkpt lat="48.89073" lon="2.27053">
        <ele>32.5</ele>
      </trkpt>
      <trkpt lat="48.89232" lon="2.26891">
        <ele>34.1</ele>
      </trkpt>
      <trkpt lat="48.89314" lon="2.26812">
        <ele>34.3</ele>
      </trkpt>
      <trkpt lat="48.893569" lon="2.26772">
        <ele>32.4</ele>
      </trkpt>
      <trkpt lat="48.89371" lon="2.26758">
        <ele>31.7</ele>
      </trkpt>
      <trkpt lat="48.8938" lon="2.2675">
        <ele>31.3</ele>
      </trkpt>
      <trkpt lat="48.89414" lon="2.26715">
        <ele>31.7</ele>
      </trkpt>
      <trkpt lat="48.89424" lon="2.26703">
        <ele>32.8</ele>
      </trkpt>
      <trkpt lat="48.89491" lon="2.26635">
        <ele>37.6</ele>
      </trkpt>
      <trkpt lat="48.89493" lon="2.26633">
        <ele>37.6</ele>
      </trkpt>
      <trkpt lat="48.89518" lon="2.266099">
        <ele>36.6</ele>
      </trkpt>
      <trkpt lat="48.89524" lon="2.26604">
        <ele>36.2</ele>
      </trkpt>
      <trkpt lat="48.895269" lon="2.26602">
        <ele>36.1</ele>
      </trkpt>
      <trkpt lat="48.89531" lon="2.26599">
        <ele>35.9</ele>
      </trkpt>
      <trkpt lat="48.89541" lon="2.26588">
        <ele>35.2</ele>
      </trkpt>
      <trkpt lat="48.895449" lon="2.26584">
        <ele>34.9</ele>
      </trkpt>
      <trkpt lat="48.89546" lon="2.265829">
        <ele>34.9</ele>
      </trkpt>
      <trkpt lat="48.89558" lon="2.26572">
        <ele>34.3</ele>
      </trkpt>
      <trkpt lat="48.89567" lon="2.265629">
        <ele>33.9</ele>
      </trkpt>
      <trkpt lat="48.896009" lon="2.265289">
        <ele>33.0</ele>
      </trkpt>
      <trkpt lat="48.8962" lon="2.26511">
        <ele>33.4</ele>
      </trkpt>
      <trkpt lat="48.89672" lon="2.26459">
        <ele>35.1</ele>
      </trkpt>
      <trkpt lat="48.89684" lon="2.26447">
        <ele>36.3</ele>
      </trkpt>
      <trkpt lat="48.89697" lon="2.26433">
        <ele>37.7</ele>
      </trkpt>
      <trkpt lat="48.897419" lon="2.26384">
        <ele>43.5</ele>
      </trkpt>
      <trkpt lat="48.897509" lon="2.26374">
        <ele>44.5</ele>
      </trkpt>
      <trkpt lat="48.897509" lon="2.263729">
        <ele>44.5</ele>
      </trkpt>
      <trkpt lat="48.89753" lon="2.26364">
        <ele>44.7</ele>
      </trkpt>
      <trkpt lat="48.89774" lon="2.26343">
        <ele>45.2</ele>
      </trkpt>
      <trkpt lat="48.89822" lon="2.26296">
        <ele>46.4</ele>
      </trkpt>
      <trkpt lat="48.89876" lon="2.26241">
        <ele>46.5</ele>
      </trkpt>
      <trkpt lat="48.89896" lon="2.26221">
        <ele>46.3</ele>
      </trkpt>
      <trkpt lat="48.89911" lon="2.26206">
        <ele>46.1</ele>
      </trkpt>
      <trkpt lat="48.89931" lon="2.26186">
        <ele>45.9</ele>
      </trkpt>
      <trkpt lat="48.89936" lon="2.261829">
        <ele>45.8</ele>
      </trkpt>
      <trkpt lat="48.8995" lon="2.2617">
        <ele>45.6</ele>
      </trkpt>
      <trkpt lat="48.89962" lon="2.261559">
        <ele>45.5</ele>
      </trkpt>
      <trkpt lat="48.89979" lon="2.26139">
        <ele>45.7</ele>
      </trkpt>
      <trkpt lat="48.89988" lon="2.2613">
        <ele>45.8</ele>
      </trkpt>
      <trkpt lat="48.89996" lon="2.26128">
        <ele>45.9</ele>
      </trkpt>
      <trkpt lat="48.89997" lon="2.26128">
        <ele>45.9</ele>
      </trkpt>
      <trkpt lat="48.90001" lon="2.26125">
        <ele>46.0</ele>
      </trkpt>
      <trkpt lat="48.90044" lon="2.26082">
        <ele>46.4</ele>
      </trkpt>
      <trkpt lat="48.90063" lon="2.26064">
        <ele>45.4</ele>
      </trkpt>
      <trkpt lat="48.90084" lon="2.26044">
        <ele>43.6</ele>
      </trkpt>
      <trkpt lat="48.90088" lon="2.26039">
        <ele>43.3</ele>
      </trkpt>
      <trkpt lat="48.9009" lon="2.26038">
        <ele>43.3</ele>
      </trkpt>
      <trkpt lat="48.90093" lon="2.26035">
        <ele>43.1</ele>
      </trkpt>
      <trkpt lat="48.90099" lon="2.26023">
        <ele>42.5</ele>
      </trkpt>
      <trkpt lat="48.90128" lon="2.25995">
        <ele>41.5</ele>
      </trkpt>
      <trkpt lat="48.90175" lon="2.25948">
        <ele>42.6</ele>
      </trkpt>
      <trkpt lat="48.9018" lon="2.25943">
        <ele>42.6</ele>
      </trkpt>
      <trkpt lat="48.90193" lon="2.25936">
        <ele>42.7</ele>
      </trkpt>
      <trkpt lat="48.90203" lon="2.25926">
        <ele>42.8</ele>
      </trkpt>
      <trkpt lat="48.90207" lon="2.25923">
        <ele>42.9</ele>
      </trkpt>
      <trkpt lat="48.90209" lon="2.25921">
        <ele>42.9</ele>
      </trkpt>
      <trkpt lat="48.90216" lon="2.25914">
        <ele>43.0</ele>
      </trkpt>
      <trkpt lat="48.90219" lon="2.25911">
        <ele>43.0</ele>
      </trkpt>
      <trkpt lat="48.90231" lon="2.259">
        <ele>43.0</ele>
      </trkpt>
      <trkpt lat="48.90272" lon="2.258579">
        <ele>43.6</ele>
      </trkpt>
      <trkpt lat="48.90278" lon="2.258509">
        <ele>43.7</ele>
      </trkpt>
      <trkpt lat="48.90279" lon="2.25849">
        <ele>43.8</ele>
      </trkpt>
      <trkpt lat="48.90283" lon="2.2584">
        <ele>43.8</ele>
      </trkpt>
      <trkpt lat="48.90303" lon="2.2582">
        <ele>44.2</ele>
      </trkpt>
      <trkpt lat="48.90361" lon="2.257629">
        <ele>44.7</ele>
      </trkpt>
      <trkpt lat="48.9041" lon="2.25715">
        <ele>46.7</ele>
      </trkpt>
      <trkpt lat="48.90411" lon="2.25714">
        <ele>46.7</ele>
      </trkpt>
      <trkpt lat="48.90416" lon="2.25709">
        <ele>47.0</ele>
      </trkpt>
      <trkpt lat="48.90445" lon="2.2568">
        <ele>46.1</ele>
      </trkpt>
      <trkpt lat="48.90458" lon="2.25667">
        <ele>45.5</ele>
      </trkpt>
      <trkpt lat="48.90466" lon="2.25669">
        <ele>45.0</ele>
      </trkpt>
      <trkpt lat="48.90467" lon="2.25669">
        <ele>45.0</ele>
      </trkpt>
      <trkpt lat="48.90476" lon="2.25665">
        <ele>44.5</ele>
      </trkpt>
      <trkpt lat="48.9048" lon="2.25663">
        <ele>44.3</ele>
      </trkpt>
      <trkpt lat="48.90484" lon="2.25659">
        <ele>44.3</ele>
      </trkpt>
      <trkpt lat="48.90489" lon="2.25654">
        <ele>44.2</ele>
      </trkpt>
      <trkpt lat="48.90524" lon="2.25617">
        <ele>45.3</ele>
      </trkpt>
      <trkpt lat="48.90527" lon="2.256139">
        <ele>45.4</ele>
      </trkpt>
      <trkpt lat="48.90527" lon="2.256139">
        <ele>45.4</ele>
      </trkpt>
      <trkpt lat="48.90527" lon="2.25615">
        <ele>45.4</ele>
      </trkpt>
      <trkpt lat="48.90528" lon="2.25616">
        <ele>45.4</ele>
      </trkpt>
      <trkpt lat="48.90529" lon="2.25618">
        <ele>45.3</ele>
      </trkpt>
      <trkpt lat="48.90531" lon="2.25619">
        <ele>45.2</ele>
      </trkpt>
      <trkpt lat="48.90532" lon="2.2562">
        <ele>45.2</ele>
      </trkpt>
      <trkpt lat="48.90534" lon="2.25621">
        <ele>45.2</ele>
      </trkpt>
      <trkpt lat="48.90535" lon="2.25622">
        <ele>45.1</ele>
      </trkpt>
      <trkpt lat="48.90536" lon="2.25623">
        <ele>45.1</ele>
      </trkpt>
      <trkpt lat="48.90538" lon="2.25623">
        <ele>45.1</ele>
      </trkpt>
      <trkpt lat="48.90539" lon="2.25623">
        <ele>45.1</ele>
      </trkpt>
      <trkpt lat="48.90541" lon="2.25624">
        <ele>45.0</ele>
      </trkpt>
      <trkpt lat="48.90543" lon="2.25623">
        <ele>45.1</ele>
      </trkpt>
      <trkpt lat="48.90547" lon="2.25622">
        <ele>45.1</ele>
      </trkpt>
      <trkpt lat="48.9055" lon="2.25621">
        <ele>45.1</ele>
      </trkpt>
      <trkpt lat="48.90552" lon="2.25619">
        <ele>45.2</ele>
      </trkpt>
      <trkpt lat="48.90555" lon="2.25615">
        <ele>45.3</ele>
      </trkpt>
      <trkpt lat="48.90556" lon="2.25613">
        <ele>45.4</ele>
      </trkpt>
      <trkpt lat="48.90557" lon="2.25611">
        <ele>45.4</ele>
      </trkpt>
      <trkpt lat="48.90558" lon="2.25606">
        <ele>45.6</ele>
      </trkpt>
      <trkpt lat="48.905589" lon="2.255999">
        <ele>45.8</ele>
      </trkpt>
      <trkpt lat="48.905589" lon="2.25594">
        <ele>46.0</ele>
      </trkpt>
      <trkpt lat="48.905589" lon="2.25589">
        <ele>46.1</ele>
      </trkpt>
      <trkpt lat="48.90558" lon="2.255799">
        <ele>46.3</ele>
      </trkpt>
      <trkpt lat="48.90555" lon="2.25575">
        <ele>46.4</ele>
      </trkpt>
      <trkpt lat="48.90553" lon="2.255729">
        <ele>46.4</ele>
      </trkpt>
      <trkpt lat="48.90551" lon="2.25571">
        <ele>46.5</ele>
      </trkpt>
      <trkpt lat="48.90547" lon="2.25569">
        <ele>46.5</ele>
      </trkpt>
      <trkpt lat="48.90548" lon="2.25563">
        <ele>46.6</ele>
      </trkpt>
      <trkpt lat="48.90552" lon="2.25533">
        <ele>46.8</ele>
      </trkpt>
      <trkpt lat="48.90554" lon="2.2552">
        <ele>46.8</ele>
      </trkpt>
      <trkpt lat="48.905589" lon="2.25488">
        <ele>46.9</ele>
      </trkpt>
      <trkpt lat="48.905589" lon="2.25487">
        <ele>46.9</ele>
      </trkpt>
      <trkpt lat="48.90558" lon="2.25486">
        <ele>46.8</ele>
      </trkpt>
      <trkpt lat="48.90557" lon="2.2548">
        <ele>46.8</ele>
      </trkpt>
      <trkpt lat="48.90558" lon="2.25469">
        <ele>46.7</ele>
      </trkpt>
      <trkpt lat="48.90569" lon="2.253829">
        <ele>46.3</ele>
      </trkpt>
      <trkpt lat="48.90574" lon="2.25331">
        <ele>46.0</ele>
      </trkpt>
      <trkpt lat="48.90576" lon="2.25318">
        <ele>45.8</ele>
      </trkpt>
      <trkpt lat="48.90581" lon="2.25278">
        <ele>45.4</ele>
      </trkpt>
      <trkpt lat="48.90591" lon="2.25209">
        <ele>45.0</ele>
      </trkpt>
      <trkpt lat="48.90608" lon="2.25082">
        <ele>45.0</ele>
      </trkpt>
      <trkpt lat="48.90609" lon="2.25074">
        <ele>45.0</ele>
      </trkpt>
      <trkpt lat="48.90628" lon="2.24924">
        <ele>45.6</ele>
      </trkpt>
      <trkpt lat="48.90634" lon="2.24869">
        <ele>46.2</ele>
      </trkpt>
      <trkpt lat="48.90644" lon="2.24795">
        <ele>47.2</ele>
      </trkpt>
      <trkpt lat="48.90644" lon="2.24795">
        <ele>47.2</ele>
      </trkpt>
      <trkpt lat="48.90654" lon="2.24715">
        <ele>47.0</ele>
      </trkpt>
      <trkpt lat="48.90664" lon="2.24644">
        <ele>44.8</ele>
      </trkpt>
      <trkpt lat="48.90684" lon="2.24478">
        <ele>42.9</ele>
      </trkpt>
      <trkpt lat="48.9069" lon="2.24433">
        <ele>42.5</ele>
      </trkpt>
      <trkpt lat="48.90691" lon="2.24427">
        <ele>42.5</ele>
      </trkpt>
      <trkpt lat="48.90695" lon="2.24401">
        <ele>42.2</ele>
      </trkpt>
      <trkpt lat="48.90699" lon="2.24368">
        <ele>42.0</ele>
      </trkpt>
      <trkpt lat="48.90701" lon="2.24347">
        <ele>41.9</ele>
      </trkpt>
      <trkpt lat="48.90719" lon="2.24208">
        <ele>43.4</ele>
      </trkpt>
      <trkpt lat="48.90726" lon="2.24149">
        <ele>43.7</ele>
      </trkpt>
      <trkpt lat="48.90729" lon="2.241289">
        <ele>43.3</ele>
      </trkpt>
      <trkpt lat="48.90732" lon="2.24112">
        <ele>43.1</ele>
      </trkpt>
      <trkpt lat="48.90732" lon="2.24108">
        <ele>43.0</ele>
      </trkpt>
      <trkpt lat="48.90731" lon="2.24103">
        <ele>42.9</ele>
      </trkpt>
      <trkpt lat="48.90731" lon="2.24099">
        <ele>42.8</ele>
      </trkpt>
      <trkpt lat="48.90729" lon="2.24091">
        <ele>42.6</ele>
      </trkpt>
      <trkpt lat="48.90726" lon="2.24078">
        <ele>42.2</ele>
      </trkpt>
      <trkpt lat="48.90723" lon="2.240679">
        <ele>41.7</ele>
      </trkpt>
      <trkpt lat="48.907179" lon="2.24053">
        <ele>41.1</ele>
      </trkpt>
      <trkpt lat="48.90715" lon="2.24043">
        <ele>40.6</ele>
      </trkpt>
      <trkpt lat="48.90716" lon="2.24043">
        <ele>40.6</ele>
      </trkpt>
      <trkpt lat="48.90716" lon="2.24042">
        <ele>40.6</ele>
      </trkpt>
      <trkpt lat="48.90717" lon="2.24042">
        <ele>40.6</ele>
      </trkpt>
      <trkpt lat="48.90717" lon="2.240409">
        <ele>40.6</ele>
      </trkpt>
      <trkpt lat="48.907179" lon="2.240409">
        <ele>40.6</ele>
      </trkpt>
      <trkpt lat="48.907179" lon="2.2404">
        <ele>40.6</ele>
      </trkpt>
      <trkpt lat="48.907179" lon="2.24039">
        <ele>40.5</ele>
      </trkpt>
      <trkpt lat="48.90719" lon="2.24039">
        <ele>40.5</ele>
      </trkpt>
      <trkpt lat="48.90719" lon="2.24038">
        <ele>40.5</ele>
      </trkpt>
      <trkpt lat="48.90719" lon="2.24037">
        <ele>40.4</ele>
      </trkpt>
      <trkpt lat="48.90719" lon="2.24036">
        <ele>40.4</ele>
      </trkpt>
      <trkpt lat="48.9072" lon="2.24036">
        <ele>40.4</ele>
      </trkpt>
      <trkpt lat="48.9072" lon="2.24035">
        <ele>40.4</ele>
      </trkpt>
      <trkpt lat="48.9072" lon="2.24034">
        <ele>40.3</ele>
      </trkpt>
      <trkpt lat="48.9072" lon="2.24033">
        <ele>40.3</ele>
      </trkpt>
      <trkpt lat="48.9072" lon="2.24032">
        <ele>40.3</ele>
      </trkpt>
      <trkpt lat="48.90719" lon="2.24032">
        <ele>40.3</ele>
      </trkpt>
      <trkpt lat="48.90719" lon="2.24031">
        <ele>40.2</ele>
      </trkpt>
      <trkpt lat="48.90719" lon="2.2403">
        <ele>40.2</ele>
      </trkpt>
      <trkpt lat="48.90719" lon="2.24029">
        <ele>40.1</ele>
      </trkpt>
      <trkpt lat="48.907179" lon="2.24029">
        <ele>40.1</ele>
      </trkpt>
      <trkpt lat="48.907179" lon="2.24028">
        <ele>40.1</ele>
      </trkpt>
      <trkpt lat="48.907179" lon="2.24027">
        <ele>40.0</ele>
      </trkpt>
      <trkpt lat="48.90717" lon="2.24027">
        <ele>40.0</ele>
      </trkpt>
      <trkpt lat="48.90717" lon="2.24026">
        <ele>40.0</ele>
      </trkpt>
      <trkpt lat="48.90716" lon="2.24026">
        <ele>40.0</ele>
      </trkpt>
      <trkpt lat="48.90716" lon="2.24025">
        <ele>40.0</ele>
      </trkpt>
      <trkpt lat="48.90715" lon="2.24025">
        <ele>39.9</ele>
      </trkpt>
      <trkpt lat="48.90714" lon="2.24025">
        <ele>39.9</ele>
      </trkpt>
      <trkpt lat="48.90703" lon="2.23991">
        <ele>38.9</ele>
      </trkpt>
      <trkpt lat="48.90692" lon="2.23956">
        <ele>38.6</ele>
      </trkpt>
      <trkpt lat="48.90688" lon="2.23935">
        <ele>38.4</ele>
      </trkpt>
      <trkpt lat="48.90687" lon="2.23927">
        <ele>38.3</ele>
      </trkpt>
      <trkpt lat="48.90688" lon="2.2392">
        <ele>38.3</ele>
      </trkpt>
      <trkpt lat="48.90688" lon="2.23916">
        <ele>38.3</ele>
      </trkpt>
      <trkpt lat="48.90689" lon="2.23906">
        <ele>38.3</ele>
      </trkpt>
      <trkpt lat="48.90689" lon="2.23906">
        <ele>38.3</ele>
      </trkpt>
      <trkpt lat="48.90705" lon="2.23901">
        <ele>38.5</ele>
      </trkpt>
      <trkpt lat="48.90716" lon="2.23897">
        <ele>38.7</ele>
      </trkpt>
      <trkpt lat="48.90721" lon="2.23894">
        <ele>38.8</ele>
      </trkpt>
      <trkpt lat="48.90726" lon="2.2389">
        <ele>38.9</ele>
      </trkpt>
      <trkpt lat="48.90733" lon="2.23884">
        <ele>39.1</ele>
      </trkpt>
      <trkpt lat="48.90747" lon="2.2387">
        <ele>39.5</ele>
      </trkpt>
      <trkpt lat="48.9076" lon="2.23857">
        <ele>39.8</ele>
      </trkpt>
      <trkpt lat="48.9078" lon="2.23834">
        <ele>40.0</ele>
      </trkpt>
      <trkpt lat="48.90784" lon="2.23829">
        <ele>40.1</ele>
      </trkpt>
      <trkpt lat="48.90794" lon="2.23818">
        <ele>40.2</ele>
      </trkpt>
      <trkpt lat="48.90808" lon="2.23796">
        <ele>40.1</ele>
      </trkpt>
      <trkpt lat="48.90823" lon="2.23773">
        <ele>39.6</ele>
      </trkpt>
      <trkpt lat="48.90835" lon="2.23757">
        <ele>39.1</ele>
      </trkpt>
      <trkpt lat="48.90843" lon="2.23748">
        <ele>38.9</ele>
      </trkpt>
      <trkpt lat="48.90848" lon="2.237429">
        <ele>38.7</ele>
      </trkpt>
      <trkpt lat="48.90861" lon="2.23732">
        <ele>38.4</ele>
      </trkpt>
      <trkpt lat="48.90874" lon="2.23721">
        <ele>38.0</ele>
      </trkpt>
      <trkpt lat="48.90876" lon="2.2372">
        <ele>37.9</ele>
      </trkpt>
      <trkpt lat="48.90882" lon="2.23711">
        <ele>37.6</ele>
      </trkpt>
      <trkpt lat="48.90891" lon="2.23697">
        <ele>37.1</ele>
      </trkpt>
      <trkpt lat="48.90899" lon="2.23683">
        <ele>36.6</ele>
      </trkpt>
      <trkpt lat="48.9091" lon="2.23664">
        <ele>36.1</ele>
      </trkpt>
      <trkpt lat="48.9092" lon="2.23643">
        <ele>36.6</ele>
      </trkpt>
      <trkpt lat="48.90925" lon="2.23634">
        <ele>36.9</ele>
      </trkpt>
      <trkpt lat="48.90935" lon="2.23619">
        <ele>37.3</ele>
      </trkpt>
      <trkpt lat="48.91005" lon="2.23521">
        <ele>37.2</ele>
      </trkpt>
      <trkpt lat="48.91043" lon="2.23471">
        <ele>37.3</ele>
      </trkpt>
      <trkpt lat="48.91115" lon="2.23373">
        <ele>36.3</ele>
      </trkpt>
      <trkpt lat="48.91118" lon="2.23369">
        <ele>36.2</ele>
      </trkpt>
      <trkpt lat="48.91122" lon="2.233629">
        <ele>36.1</ele>
      </trkpt>
      <trkpt lat="48.91124" lon="2.23359">
        <ele>36.0</ele>
      </trkpt>
      <trkpt lat="48.91125" lon="2.23357">
        <ele>35.9</ele>
      </trkpt>
      <trkpt lat="48.91126" lon="2.23355">
        <ele>35.9</ele>
      </trkpt>
      <trkpt lat="48.91127" lon="2.23353">
        <ele>35.8</ele>
      </trkpt>
      <trkpt lat="48.91128" lon="2.23351">
        <ele>35.8</ele>
      </trkpt>
      <trkpt lat="48.9113" lon="2.23347">
        <ele>35.7</ele>
      </trkpt>
      <trkpt lat="48.91132" lon="2.233429">
        <ele>35.6</ele>
      </trkpt>
      <trkpt lat="48.91135" lon="2.23337">
        <ele>35.5</ele>
      </trkpt>
      <trkpt lat="48.91174" lon="2.23281">
        <ele>37.4</ele>
      </trkpt>
      <trkpt lat="48.91183" lon="2.23268">
        <ele>37.7</ele>
      </trkpt>
      <trkpt lat="48.912" lon="2.23245">
        <ele>37.9</ele>
      </trkpt>
      <trkpt lat="48.91319" lon="2.23078">
        <ele>38.2</ele>
      </trkpt>
      <trkpt lat="48.9133" lon="2.23063">
        <ele>38.7</ele>
      </trkpt>
      <trkpt lat="48.914029" lon="2.22979">
        <ele>39.1</ele>
      </trkpt>
      <trkpt lat="48.91454" lon="2.22917">
        <ele>38.0</ele>
      </trkpt>
      <trkpt lat="48.91462" lon="2.22904">
        <ele>38.1</ele>
      </trkpt>
      <trkpt lat="48.91501" lon="2.228479">
        <ele>38.0</ele>
      </trkpt>
      <trkpt lat="48.91599" lon="2.2271">
        <ele>35.7</ele>
      </trkpt>
      <trkpt lat="48.91613" lon="2.22691">
        <ele>35.7</ele>
      </trkpt>
      <trkpt lat="48.91632" lon="2.22664">
        <ele>35.3</ele>
      </trkpt>
      <trkpt lat="48.91644" lon="2.22646">
        <ele>35.2</ele>
      </trkpt>
      <trkpt lat="48.91695" lon="2.22576">
        <ele>34.4</ele>
      </trkpt>
      <trkpt lat="48.91699" lon="2.225699">
        <ele>34.2</ele>
      </trkpt>
      <trkpt lat="48.91702" lon="2.22567">
        <ele>34.0</ele>
      </trkpt>
      <trkpt lat="48.91704" lon="2.22565">
        <ele>34.0</ele>
      </trkpt>
      <trkpt lat="48.91706" lon="2.22564">
        <ele>33.9</ele>
      </trkpt>
      <trkpt lat="48.91707" lon="2.22563">
        <ele>33.8</ele>
      </trkpt>
      <trkpt lat="48.91709" lon="2.22562">
        <ele>33.7</ele>
      </trkpt>
      <trkpt lat="48.91711" lon="2.2256">
        <ele>33.6</ele>
      </trkpt>
      <trkpt lat="48.91713" lon="2.22557">
        <ele>33.6</ele>
      </trkpt>
      <trkpt lat="48.91714" lon="2.22555">
        <ele>33.5</ele>
      </trkpt>
      <trkpt lat="48.91744" lon="2.22515">
        <ele>32.9</ele>
      </trkpt>
      <trkpt lat="48.91758" lon="2.22495">
        <ele>32.5</ele>
      </trkpt>
      <trkpt lat="48.91778" lon="2.22467">
        <ele>31.1</ele>
      </trkpt>
      <trkpt lat="48.91805" lon="2.22431">
        <ele>29.4</ele>
      </trkpt>
      <trkpt lat="48.91813" lon="2.22418">
        <ele>29.0</ele>
      </trkpt>
      <trkpt lat="48.91821" lon="2.22404">
        <ele>28.8</ele>
      </trkpt>
      <trkpt lat="48.91829" lon="2.22393">
        <ele>28.7</ele>
      </trkpt>
      <trkpt lat="48.91839" lon="2.2238">
        <ele>28.9</ele>
      </trkpt>
      <trkpt lat="48.91851" lon="2.22365">
        <ele>29.2</ele>
      </trkpt>
      <trkpt lat="48.91861" lon="2.223529">
        <ele>29.4</ele>
      </trkpt>
      <trkpt lat="48.91865" lon="2.22348">
        <ele>29.4</ele>
      </trkpt>
      <trkpt lat="48.91865" lon="2.22347">
        <ele>29.4</ele>
      </trkpt>
      <trkpt lat="48.91867" lon="2.22344">
        <ele>29.4</ele>
      </trkpt>
      <trkpt lat="48.91867" lon="2.22344">
        <ele>29.4</ele>
      </trkpt>
      <trkpt lat="48.918729" lon="2.223329">
        <ele>29.5</ele>
      </trkpt>
      <trkpt lat="48.91877" lon="2.22324">
        <ele>29.5</ele>
      </trkpt>
      <trkpt lat="48.91881" lon="2.22317">
        <ele>29.5</ele>
      </trkpt>
      <trkpt lat="48.91888" lon="2.22306">
        <ele>29.6</ele>
      </trkpt>
      <trkpt lat="48.91889" lon="2.22303">
        <ele>29.6</ele>
      </trkpt>
      <trkpt lat="48.91896" lon="2.222919">
        <ele>29.6</ele>
      </trkpt>
      <trkpt lat="48.91896" lon="2.222919">
        <ele>29.6</ele>
      </trkpt>
      <trkpt lat="48.91883" lon="2.2228">
        <ele>29.8</ele>
      </trkpt>
      <trkpt lat="48.91856" lon="2.22316">
        <ele>29.8</ele>
      </trkpt>
      <trkpt lat="48.91855" lon="2.22317">
        <ele>29.8</ele>
      </trkpt>
      <trkpt lat="48.91846" lon="2.2233">
        <ele>29.9</ele>
      </trkpt>
      <trkpt lat="48.91842" lon="2.22335">
        <ele>29.9</ele>
      </trkpt>
      <trkpt lat="48.91825" lon="2.22357">
        <ele>29.5</ele>
      </trkpt>
      <trkpt lat="48.91825" lon="2.22357">
        <ele>29.5</ele>
      </trkpt>
      <trkpt lat="48.91827" lon="2.22378">
        <ele>29.1</ele>
      </trkpt>
      <trkpt lat="48.91829" lon="2.22393">
        <ele>28.7</ele>
      </trkpt>
      <trkpt lat="48.91839" lon="2.2238">
        <ele>28.9</ele>
      </trkpt>
      <trkpt lat="48.91851" lon="2.22365">
        <ele>29.2</ele>
      </trkpt>
      <trkpt lat="48.91861" lon="2.223529">
        <ele>29.4</ele>
      </trkpt>
      <trkpt lat="48.91865" lon="2.22348">
        <ele>29.4</ele>
      </trkpt>
      <trkpt lat="48.91865" lon="2.22347">
        <ele>29.4</ele>
      </trkpt>
      <trkpt lat="48.91867" lon="2.22344">
        <ele>29.4</ele>
      </trkpt>
      <trkpt lat="48.91876" lon="2.22335">
        <ele>29.5</ele>
      </trkpt>
      <trkpt lat="48.91877" lon="2.22334">
        <ele>29.5</ele>
      </trkpt>
      <trkpt lat="48.91886" lon="2.22324">
        <ele>29.4</ele>
      </trkpt>
      <trkpt lat="48.9189" lon="2.2232">
        <ele>29.4</ele>
      </trkpt>
      <trkpt lat="48.91893" lon="2.22316">
        <ele>29.4</ele>
      </trkpt>
      <trkpt lat="48.91897" lon="2.22309">
        <ele>29.5</ele>
      </trkpt>
      <trkpt lat="48.91903" lon="2.22298">
        <ele>29.5</ele>
      </trkpt>
      <trkpt lat="48.91912" lon="2.22274">
        <ele>29.7</ele>
      </trkpt>
      <trkpt lat="48.91918" lon="2.22262">
        <ele>29.9</ele>
      </trkpt>
      <trkpt lat="48.91949" lon="2.22214">
        <ele>29.7</ele>
      </trkpt>
      <trkpt lat="48.91984" lon="2.22163">
        <ele>28.4</ele>
      </trkpt>
      <trkpt lat="48.91996" lon="2.22146">
        <ele>28.1</ele>
      </trkpt>
      <trkpt lat="48.920029" lon="2.22137">
        <ele>27.9</ele>
      </trkpt>
      <trkpt lat="48.92007" lon="2.22131">
        <ele>27.8</ele>
      </trkpt>
      <trkpt lat="48.92008" lon="2.2213">
        <ele>27.8</ele>
      </trkpt>
      <trkpt lat="48.92017" lon="2.22117">
        <ele>27.6</ele>
      </trkpt>
      <trkpt lat="48.92065" lon="2.22049">
        <ele>26.3</ele>
      </trkpt>
      <trkpt lat="48.92065" lon="2.22049">
        <ele>26.3</ele>
      </trkpt>
      <trkpt lat="48.92121" lon="2.2197">
        <ele>25.3</ele>
      </trkpt>
      <trkpt lat="48.92124" lon="2.21966">
        <ele>25.3</ele>
      </trkpt>
      <trkpt lat="48.92134" lon="2.21952">
        <ele>25.3</ele>
      </trkpt>
      <trkpt lat="48.92138" lon="2.21948">
        <ele>25.3</ele>
      </trkpt>
      <trkpt lat="48.92139" lon="2.21946">
        <ele>25.3</ele>
      </trkpt>
      <trkpt lat="48.921439" lon="2.21939">
        <ele>25.4</ele>
      </trkpt>
      <trkpt lat="48.921639" lon="2.21914">
        <ele>26.0</ele>
      </trkpt>
      <trkpt lat="48.9217" lon="2.21903">
        <ele>26.4</ele>
      </trkpt>
      <trkpt lat="48.921729" lon="2.21898">
        <ele>26.6</ele>
      </trkpt>
      <trkpt lat="48.92194" lon="2.2187">
        <ele>27.6</ele>
      </trkpt>
      <trkpt lat="48.92214" lon="2.21842">
        <ele>28.0</ele>
      </trkpt>
      <trkpt lat="48.92227" lon="2.21825">
        <ele>28.0</ele>
      </trkpt>
      <trkpt lat="48.92245" lon="2.21801">
        <ele>28.0</ele>
      </trkpt>
      <trkpt lat="48.92251" lon="2.21794">
        <ele>28.0</ele>
      </trkpt>
      <trkpt lat="48.92255" lon="2.21791">
        <ele>28.2</ele>
      </trkpt>
      <trkpt lat="48.92255" lon="2.21791">
        <ele>28.2</ele>
      </trkpt>
      <trkpt lat="48.92259" lon="2.21786">
        <ele>28.4</ele>
      </trkpt>
      <trkpt lat="48.92261" lon="2.21785">
        <ele>28.5</ele>
      </trkpt>
      <trkpt lat="48.92263" lon="2.21785">
        <ele>28.6</ele>
      </trkpt>
      <trkpt lat="48.92268" lon="2.21785">
        <ele>28.8</ele>
      </trkpt>
      <trkpt lat="48.92265" lon="2.21769">
        <ele>28.6</ele>
      </trkpt>
      <trkpt lat="48.92262" lon="2.21745">
        <ele>28.5</ele>
      </trkpt>
      <trkpt lat="48.92266" lon="2.217229">
        <ele>28.7</ele>
      </trkpt>
      <trkpt lat="48.922669" lon="2.21707">
        <ele>28.8</ele>
      </trkpt>
      <trkpt lat="48.92268" lon="2.21692">
        <ele>28.9</ele>
      </trkpt>
      <trkpt lat="48.9227" lon="2.21672">
        <ele>29.0</ele>
      </trkpt>
      <trkpt lat="48.92286" lon="2.21527">
        <ele>27.7</ele>
      </trkpt>
      <trkpt lat="48.92291" lon="2.21486">
        <ele>27.2</ele>
      </trkpt>
      <trkpt lat="48.922939" lon="2.2146">
        <ele>27.5</ele>
      </trkpt>
      <trkpt lat="48.92298" lon="2.21423">
        <ele>28.1</ele>
      </trkpt>
      <trkpt lat="48.9231" lon="2.21337">
        <ele>27.5</ele>
      </trkpt>
      <trkpt lat="48.923139" lon="2.21312">
        <ele>27.7</ele>
      </trkpt>
      <trkpt lat="48.92318" lon="2.21276">
        <ele>27.9</ele>
      </trkpt>
      <trkpt lat="48.92326" lon="2.21204">
        <ele>27.6</ele>
      </trkpt>
      <trkpt lat="48.92335" lon="2.21124">
        <ele>28.0</ele>
      </trkpt>
      <trkpt lat="48.92343" lon="2.21042">
        <ele>29.1</ele>
      </trkpt>
      <trkpt lat="48.92347" lon="2.210039">
        <ele>29.3</ele>
      </trkpt>
      <trkpt lat="48.92351" lon="2.20978">
        <ele>29.4</ele>
      </trkpt>
      <trkpt lat="48.92354" lon="2.20942">
        <ele>29.3</ele>
      </trkpt>
      <trkpt lat="48.92359" lon="2.208889">
        <ele>29.3</ele>
      </trkpt>
      <trkpt lat="48.92362" lon="2.20861">
        <ele>29.3</ele>
      </trkpt>
      <trkpt lat="48.92366" lon="2.20823">
        <ele>29.5</ele>
      </trkpt>
      <trkpt lat="48.92367" lon="2.20808">
        <ele>29.7</ele>
      </trkpt>
      <trkpt lat="48.923699" lon="2.20796">
        <ele>29.9</ele>
      </trkpt>
      <trkpt lat="48.92374" lon="2.20757">
        <ele>30.4</ele>
      </trkpt>
      <trkpt lat="48.92374" lon="2.20745">
        <ele>30.3</ele>
      </trkpt>
      <trkpt lat="48.92381" lon="2.2069">
        <ele>28.6</ele>
      </trkpt>
      <trkpt lat="48.92383" lon="2.20671">
        <ele>28.0</ele>
      </trkpt>
      <trkpt lat="48.924" lon="2.20513">
        <ele>29.7</ele>
      </trkpt>
      <trkpt lat="48.92404" lon="2.20501">
        <ele>29.8</ele>
      </trkpt>
      <trkpt lat="48.92405" lon="2.20497">
        <ele>29.8</ele>
      </trkpt>
      <trkpt lat="48.92411" lon="2.20452">
        <ele>29.4</ele>
      </trkpt>
      <trkpt lat="48.924169" lon="2.20399">
        <ele>29.0</ele>
      </trkpt>
      <trkpt lat="48.92423" lon="2.20347">
        <ele>28.9</ele>
      </trkpt>
      <trkpt lat="48.92433" lon="2.202449">
        <ele>28.1</ele>
      </trkpt>
      <trkpt lat="48.92437" lon="2.20206">
        <ele>27.7</ele>
      </trkpt>
      <trkpt lat="48.92445" lon="2.20135">
        <ele>28.0</ele>
      </trkpt>
      <trkpt lat="48.9245" lon="2.20094">
        <ele>28.8</ele>
      </trkpt>
      <trkpt lat="48.92455" lon="2.20048">
        <ele>29.0</ele>
      </trkpt>
      <trkpt lat="48.92461" lon="2.19999">
        <ele>29.0</ele>
      </trkpt>
      <trkpt lat="48.92468" lon="2.19934">
        <ele>29.5</ele>
      </trkpt>
      <trkpt lat="48.92479" lon="2.19835">
        <ele>29.3</ele>
      </trkpt>
      <trkpt lat="48.92483" lon="2.19801">
        <ele>29.5</ele>
      </trkpt>
      <trkpt lat="48.92492" lon="2.19718">
        <ele>30.4</ele>
      </trkpt>
      <trkpt lat="48.92495" lon="2.19699">
        <ele>30.6</ele>
      </trkpt>
      <trkpt lat="48.92498" lon="2.19682">
        <ele>30.8</ele>
      </trkpt>
      <trkpt lat="48.92499" lon="2.19674">
        <ele>30.9</ele>
      </trkpt>
      <trkpt lat="48.92501" lon="2.19663">
        <ele>31.0</ele>
      </trkpt>
      <trkpt lat="48.92501" lon="2.196619">
        <ele>31.0</ele>
      </trkpt>
      <trkpt lat="48.92502" lon="2.19648">
        <ele>31.0</ele>
      </trkpt>
      <trkpt lat="48.92503" lon="2.1963">
        <ele>30.9</ele>
      </trkpt>
      <trkpt lat="48.92506" lon="2.19605">
        <ele>30.9</ele>
      </trkpt>
      <trkpt lat="48.92507" lon="2.19597">
        <ele>30.9</ele>
      </trkpt>
      <trkpt lat="48.925109" lon="2.19584">
        <ele>30.9</ele>
      </trkpt>
      <trkpt lat="48.92513" lon="2.19576">
        <ele>31.0</ele>
      </trkpt>
      <trkpt lat="48.92522" lon="2.19553">
        <ele>31.6</ele>
      </trkpt>
      <trkpt lat="48.92525" lon="2.19544">
        <ele>31.8</ele>
      </trkpt>
      <trkpt lat="48.92533" lon="2.1953">
        <ele>32.1</ele>
      </trkpt>
      <trkpt lat="48.92563" lon="2.19473">
        <ele>33.5</ele>
      </trkpt>
      <trkpt lat="48.92581" lon="2.1944">
        <ele>34.4</ele>
      </trkpt>
      <trkpt lat="48.92591" lon="2.1942">
        <ele>34.7</ele>
      </trkpt>
      <trkpt lat="48.92664" lon="2.19283">
        <ele>33.6</ele>
      </trkpt>
      <trkpt lat="48.92676" lon="2.1926">
        <ele>33.9</ele>
      </trkpt>
      <trkpt lat="48.92686" lon="2.19241">
        <ele>33.9</ele>
      </trkpt>
      <trkpt lat="48.92698" lon="2.1922">
        <ele>33.7</ele>
      </trkpt>
      <trkpt lat="48.92739" lon="2.19143">
        <ele>32.8</ele>
      </trkpt>
      <trkpt lat="48.92745" lon="2.19131">
        <ele>32.9</ele>
      </trkpt>
      <trkpt lat="48.92758" lon="2.19105">
        <ele>33.7</ele>
      </trkpt>
      <trkpt lat="48.9276" lon="2.191">
        <ele>33.8</ele>
      </trkpt>
      <trkpt lat="48.92762" lon="2.19097">
        <ele>33.9</ele>
      </trkpt>
      <trkpt lat="48.927639" lon="2.19091">
        <ele>34.0</ele>
      </trkpt>
      <trkpt lat="48.92768" lon="2.19082">
        <ele>34.3</ele>
      </trkpt>
      <trkpt lat="48.92772" lon="2.19075">
        <ele>34.6</ele>
      </trkpt>
      <trkpt lat="48.92772" lon="2.19074">
        <ele>34.6</ele>
      </trkpt>
      <trkpt lat="48.92775" lon="2.19065">
        <ele>35.0</ele>
      </trkpt>
      <trkpt lat="48.92854" lon="2.18916">
        <ele>40.8</ele>
      </trkpt>
      <trkpt lat="48.928579" lon="2.18906">
        <ele>41.1</ele>
      </trkpt>
      <trkpt lat="48.92883" lon="2.1886">
        <ele>42.3</ele>
      </trkpt>
      <trkpt lat="48.92907" lon="2.18813">
        <ele>43.4</ele>
      </trkpt>
      <trkpt lat="48.92911" lon="2.1881">
        <ele>43.5</ele>
      </trkpt>
      <trkpt lat="48.92922" lon="2.1879">
        <ele>44.2</ele>
      </trkpt>
      <trkpt lat="48.92947" lon="2.18742">
        <ele>45.5</ele>
      </trkpt>
      <trkpt lat="48.929609" lon="2.18718">
        <ele>46.1</ele>
      </trkpt>
      <trkpt lat="48.92963" lon="2.187129">
        <ele>46.1</ele>
      </trkpt>
      <trkpt lat="48.92976" lon="2.18689">
        <ele>46.3</ele>
      </trkpt>
      <trkpt lat="48.92988" lon="2.18666">
        <ele>46.3</ele>
      </trkpt>
      <trkpt lat="48.92994" lon="2.18655">
        <ele>46.5</ele>
      </trkpt>
      <trkpt lat="48.930459" lon="2.18556">
        <ele>48.8</ele>
      </trkpt>
      <trkpt lat="48.93056" lon="2.18538">
        <ele>48.6</ele>
      </trkpt>
      <trkpt lat="48.93063" lon="2.18524">
        <ele>48.5</ele>
      </trkpt>
      <trkpt lat="48.9308" lon="2.18492">
        <ele>48.1</ele>
      </trkpt>
      <trkpt lat="48.93104" lon="2.18446">
        <ele>48.8</ele>
      </trkpt>
      <trkpt lat="48.93155" lon="2.1835">
        <ele>48.8</ele>
      </trkpt>
      <trkpt lat="48.931579" lon="2.18344">
        <ele>48.8</ele>
      </trkpt>
      <trkpt lat="48.9317" lon="2.18322">
        <ele>49.4</ele>
      </trkpt>
      <trkpt lat="48.93185" lon="2.18294">
        <ele>50.3</ele>
      </trkpt>
      <trkpt lat="48.93194" lon="2.18275">
        <ele>50.7</ele>
      </trkpt>
      <trkpt lat="48.93221" lon="2.18224">
        <ele>50.5</ele>
      </trkpt>
      <trkpt lat="48.93239" lon="2.18192">
        <ele>49.7</ele>
      </trkpt>
      <trkpt lat="48.9324" lon="2.1819">
        <ele>49.6</ele>
      </trkpt>
      <trkpt lat="48.932609" lon="2.18149">
        <ele>48.6</ele>
      </trkpt>
      <trkpt lat="48.93273" lon="2.18126">
        <ele>48.0</ele>
      </trkpt>
      <trkpt lat="48.93289" lon="2.180959">
        <ele>47.3</ele>
      </trkpt>
      <trkpt lat="48.932899" lon="2.18094">
        <ele>47.3</ele>
      </trkpt>
      <trkpt lat="48.93307" lon="2.18061">
        <ele>46.6</ele>
      </trkpt>
      <trkpt lat="48.93312" lon="2.18052">
        <ele>46.4</ele>
      </trkpt>
      <trkpt lat="48.93319" lon="2.18039">
        <ele>46.1</ele>
      </trkpt>
      <trkpt lat="48.93343" lon="2.17994">
        <ele>45.1</ele>
      </trkpt>
      <trkpt lat="48.933549" lon="2.17972">
        <ele>45.2</ele>
      </trkpt>
      <trkpt lat="48.93374" lon="2.17931">
        <ele>45.4</ele>
      </trkpt>
      <trkpt lat="48.93398" lon="2.178789">
        <ele>45.1</ele>
      </trkpt>
      <trkpt lat="48.934019" lon="2.17871">
        <ele>45.1</ele>
      </trkpt>
      <trkpt lat="48.93408" lon="2.17857">
        <ele>45.0</ele>
      </trkpt>
      <trkpt lat="48.93423" lon="2.17823">
        <ele>45.2</ele>
      </trkpt>
      <trkpt lat="48.93433" lon="2.17801">
        <ele>45.5</ele>
      </trkpt>
      <trkpt lat="48.93445" lon="2.17774">
        <ele>45.8</ele>
      </trkpt>
      <trkpt lat="48.93452" lon="2.17762">
        <ele>45.9</ele>
      </trkpt>
      <trkpt lat="48.93453" lon="2.17758">
        <ele>45.9</ele>
      </trkpt>
      <trkpt lat="48.93463" lon="2.17741">
        <ele>46.0</ele>
      </trkpt>
      <trkpt lat="48.93472" lon="2.17723">
        <ele>45.9</ele>
      </trkpt>
      <trkpt lat="48.93479" lon="2.17709">
        <ele>45.9</ele>
      </trkpt>
      <trkpt lat="48.93493" lon="2.17684">
        <ele>45.9</ele>
      </trkpt>
      <trkpt lat="48.93495" lon="2.1768">
        <ele>45.9</ele>
      </trkpt>
      <trkpt lat="48.93506" lon="2.1766">
        <ele>45.8</ele>
      </trkpt>
      <trkpt lat="48.93515" lon="2.17644">
        <ele>45.4</ele>
      </trkpt>
      <trkpt lat="48.93529" lon="2.17621">
        <ele>44.9</ele>
      </trkpt>
      <trkpt lat="48.9354" lon="2.17602">
        <ele>44.6</ele>
      </trkpt>
      <trkpt lat="48.93559" lon="2.17572">
        <ele>44.3</ele>
      </trkpt>
      <trkpt lat="48.93594" lon="2.17515">
        <ele>43.9</ele>
      </trkpt>
      <trkpt lat="48.93598" lon="2.17509">
        <ele>43.8</ele>
      </trkpt>
      <trkpt lat="48.93606" lon="2.17496">
        <ele>43.7</ele>
      </trkpt>
      <trkpt lat="48.93636" lon="2.17441">
        <ele>42.7</ele>
      </trkpt>
      <trkpt lat="48.936549" lon="2.17404">
        <ele>42.2</ele>
      </trkpt>
      <trkpt lat="48.93698" lon="2.17323">
        <ele>42.4</ele>
      </trkpt>
      <trkpt lat="48.937579" lon="2.17209">
        <ele>40.5</ele>
      </trkpt>
      <trkpt lat="48.93763" lon="2.172">
        <ele>40.6</ele>
      </trkpt>
      <trkpt lat="48.93786" lon="2.17158">
        <ele>40.5</ele>
      </trkpt>
      <trkpt lat="48.93801" lon="2.17129">
        <ele>40.1</ele>
      </trkpt>
      <trkpt lat="48.93809" lon="2.17114">
        <ele>39.8</ele>
      </trkpt>
      <trkpt lat="48.93823" lon="2.17088">
        <ele>39.3</ele>
      </trkpt>
      <trkpt lat="48.93836" lon="2.17065">
        <ele>39.1</ele>
      </trkpt>
      <trkpt lat="48.9385" lon="2.17042">
        <ele>39.5</ele>
      </trkpt>
      <trkpt lat="48.93916" lon="2.16911">
        <ele>39.9</ele>
      </trkpt>
      <trkpt lat="48.93969" lon="2.16811">
        <ele>39.4</ele>
      </trkpt>
      <trkpt lat="48.94015" lon="2.16724">
        <ele>38.7</ele>
      </trkpt>
      <trkpt lat="48.94028" lon="2.167">
        <ele>38.1</ele>
      </trkpt>
      <trkpt lat="48.94048" lon="2.16664">
        <ele>36.9</ele>
      </trkpt>
      <trkpt lat="48.9409" lon="2.16586">
        <ele>36.9</ele>
      </trkpt>
      <trkpt lat="48.94091" lon="2.16584">
        <ele>36.9</ele>
      </trkpt>
      <trkpt lat="48.94097" lon="2.1657">
        <ele>36.5</ele>
      </trkpt>
      <trkpt lat="48.94097" lon="2.1657">
        <ele>36.5</ele>
      </trkpt>
      <trkpt lat="48.941" lon="2.16562">
        <ele>36.2</ele>
      </trkpt>
      <trkpt lat="48.94103" lon="2.16554">
        <ele>36.0</ele>
      </trkpt>
      <trkpt lat="48.94112" lon="2.16536">
        <ele>35.3</ele>
      </trkpt>
      <trkpt lat="48.94126" lon="2.165099">
        <ele>34.3</ele>
      </trkpt>
      <trkpt lat="48.94141" lon="2.16481">
        <ele>33.4</ele>
      </trkpt>
      <trkpt lat="48.94185" lon="2.16398">
        <ele>31.4</ele>
      </trkpt>
      <trkpt lat="48.94196" lon="2.16377">
        <ele>31.0</ele>
      </trkpt>
      <trkpt lat="48.94233" lon="2.16308">
        <ele>30.4</ele>
      </trkpt>
      <trkpt lat="48.94269" lon="2.162389">
        <ele>30.0</ele>
      </trkpt>
      <trkpt lat="48.94287" lon="2.16207">
        <ele>28.8</ele>
      </trkpt>
      <trkpt lat="48.94302" lon="2.16177">
        <ele>28.1</ele>
      </trkpt>
      <trkpt lat="48.943219" lon="2.16146">
        <ele>27.7</ele>
      </trkpt>
      <trkpt lat="48.94336" lon="2.16119">
        <ele>27.4</ele>
      </trkpt>
      <trkpt lat="48.94355" lon="2.16078">
        <ele>27.2</ele>
      </trkpt>
      <trkpt lat="48.94364" lon="2.16061">
        <ele>27.1</ele>
      </trkpt>
      <trkpt lat="48.94426" lon="2.15944">
        <ele>23.5</ele>
      </trkpt>
      <trkpt lat="48.94428" lon="2.15941">
        <ele>23.2</ele>
      </trkpt>
      <trkpt lat="48.9443" lon="2.15938">
        <ele>22.9</ele>
      </trkpt>
      <trkpt lat="48.94435" lon="2.15928">
        <ele>22.1</ele>
      </trkpt>
      <trkpt lat="48.9444" lon="2.15918">
        <ele>21.4</ele>
      </trkpt>
      <trkpt lat="48.944809" lon="2.1584">
        <ele>21.7</ele>
      </trkpt>
      <trkpt lat="48.944809" lon="2.1584">
        <ele>21.7</ele>
      </trkpt>
      <trkpt lat="48.94513" lon="2.1578">
        <ele>23.3</ele>
      </trkpt>
      <trkpt lat="48.94532" lon="2.15743">
        <ele>24.6</ele>
      </trkpt>
      <trkpt lat="48.945569" lon="2.15696">
        <ele>25.9</ele>
      </trkpt>
      <trkpt lat="48.94565" lon="2.15682">
        <ele>26.3</ele>
      </trkpt>
      <trkpt lat="48.94574" lon="2.1567">
        <ele>26.7</ele>
      </trkpt>
      <trkpt lat="48.9458" lon="2.15663">
        <ele>26.8</ele>
      </trkpt>
      <trkpt lat="48.9458" lon="2.15663">
        <ele>26.8</ele>
      </trkpt>
      <trkpt lat="48.94588" lon="2.15669">
        <ele>27.3</ele>
      </trkpt>
      <trkpt lat="48.94591" lon="2.15672">
        <ele>27.5</ele>
      </trkpt>
      <trkpt lat="48.94595" lon="2.15671">
        <ele>27.8</ele>
      </trkpt>
      <trkpt lat="48.94598" lon="2.1567">
        <ele>28.1</ele>
      </trkpt>
      <trkpt lat="48.94599" lon="2.15669">
        <ele>28.1</ele>
      </trkpt>
      <trkpt lat="48.94602" lon="2.15667">
        <ele>28.3</ele>
      </trkpt>
      <trkpt lat="48.94603" lon="2.15665">
        <ele>28.4</ele>
      </trkpt>
      <trkpt lat="48.94604" lon="2.15663">
        <ele>28.4</ele>
      </trkpt>
      <trkpt lat="48.94605" lon="2.1566">
        <ele>28.5</ele>
      </trkpt>
      <trkpt lat="48.94605" lon="2.15658">
        <ele>28.5</ele>
      </trkpt>
      <trkpt lat="48.94606" lon="2.15655">
        <ele>28.5</ele>
      </trkpt>
      <trkpt lat="48.94605" lon="2.15652">
        <ele>28.4</ele>
      </trkpt>
      <trkpt lat="48.94605" lon="2.15647">
        <ele>28.3</ele>
      </trkpt>
      <trkpt lat="48.94602" lon="2.15643">
        <ele>28.1</ele>
      </trkpt>
      <trkpt lat="48.94599" lon="2.15638">
        <ele>27.8</ele>
      </trkpt>
      <trkpt lat="48.94587" lon="2.15626">
        <ele>26.8</ele>
      </trkpt>
      <trkpt lat="48.94576" lon="2.156149">
        <ele>26.2</ele>
      </trkpt>
      <trkpt lat="48.945749" lon="2.156149">
        <ele>26.2</ele>
      </trkpt>
      <trkpt lat="48.94572" lon="2.15596">
        <ele>26.0</ele>
      </trkpt>
      <trkpt lat="48.94572" lon="2.15583">
        <ele>25.9</ele>
      </trkpt>
      <trkpt lat="48.94572" lon="2.1557">
        <ele>26.0</ele>
      </trkpt>
      <trkpt lat="48.94572" lon="2.155539">
        <ele>26.2</ele>
      </trkpt>
      <trkpt lat="48.9457" lon="2.15536">
        <ele>26.3</ele>
      </trkpt>
      <trkpt lat="48.94571" lon="2.15464">
        <ele>27.6</ele>
      </trkpt>
      <trkpt lat="48.94571" lon="2.15451">
        <ele>27.9</ele>
      </trkpt>
      <trkpt lat="48.94572" lon="2.15353">
        <ele>29.2</ele>
      </trkpt>
      <trkpt lat="48.94572" lon="2.15346">
        <ele>29.2</ele>
      </trkpt>
      <trkpt lat="48.94573" lon="2.1532">
        <ele>29.6</ele>
      </trkpt>
      <trkpt lat="48.945749" lon="2.15312">
        <ele>29.9</ele>
      </trkpt>
      <trkpt lat="48.94576" lon="2.15299">
        <ele>30.1</ele>
      </trkpt>
      <trkpt lat="48.94577" lon="2.15286">
        <ele>30.4</ele>
      </trkpt>
      <trkpt lat="48.94578" lon="2.15278">
        <ele>30.5</ele>
      </trkpt>
      <trkpt lat="48.94577" lon="2.15277">
        <ele>30.5</ele>
      </trkpt>
      <trkpt lat="48.94577" lon="2.15269">
        <ele>30.6</ele>
      </trkpt>
      <trkpt lat="48.94577" lon="2.15269">
        <ele>30.6</ele>
      </trkpt>
      <trkpt lat="48.94577" lon="2.15268">
        <ele>30.6</ele>
      </trkpt>
      <trkpt lat="48.94577" lon="2.15267">
        <ele>30.7</ele>
      </trkpt>
      <trkpt lat="48.94577" lon="2.15266">
        <ele>30.7</ele>
      </trkpt>
      <trkpt lat="48.94577" lon="2.15264">
        <ele>30.7</ele>
      </trkpt>
      <trkpt lat="48.94577" lon="2.15262">
        <ele>30.7</ele>
      </trkpt>
      <trkpt lat="48.945749" lon="2.15258">
        <ele>30.8</ele>
      </trkpt>
      <trkpt lat="48.94571" lon="2.15252">
        <ele>30.8</ele>
      </trkpt>
      <trkpt lat="48.94569" lon="2.1525">
        <ele>30.8</ele>
      </trkpt>
      <trkpt lat="48.945659" lon="2.15245">
        <ele>30.8</ele>
      </trkpt>
      <trkpt lat="48.94564" lon="2.15242">
        <ele>30.8</ele>
      </trkpt>
      <trkpt lat="48.94561" lon="2.15239">
        <ele>30.8</ele>
      </trkpt>
      <trkpt lat="48.94559" lon="2.15236">
        <ele>30.8</ele>
      </trkpt>
      <trkpt lat="48.945569" lon="2.15233">
        <ele>30.8</ele>
      </trkpt>
      <trkpt lat="48.94553" lon="2.15228">
        <ele>30.8</ele>
      </trkpt>
      <trkpt lat="48.94554" lon="2.1522">
        <ele>30.9</ele>
      </trkpt>
      <trkpt lat="48.94556" lon="2.15214">
        <ele>31.0</ele>
      </trkpt>
      <trkpt lat="48.94558" lon="2.15204">
        <ele>31.0</ele>
      </trkpt>
      <trkpt lat="48.94563" lon="2.151879">
        <ele>31.1</ele>
      </trkpt>
      <trkpt lat="48.94573" lon="2.1517">
        <ele>31.1</ele>
      </trkpt>
      <trkpt lat="48.94577" lon="2.15163">
        <ele>31.2</ele>
      </trkpt>
      <trkpt lat="48.94583" lon="2.15151">
        <ele>31.6</ele>
      </trkpt>
      <trkpt lat="48.94596" lon="2.151269">
        <ele>33.0</ele>
      </trkpt>
      <trkpt lat="48.9461" lon="2.15097">
        <ele>34.5</ele>
      </trkpt>
      <trkpt lat="48.946129" lon="2.15092">
        <ele>34.8</ele>
      </trkpt>
      <trkpt lat="48.94617" lon="2.15084">
        <ele>35.2</ele>
      </trkpt>
      <trkpt lat="48.94628" lon="2.15063">
        <ele>36.2</ele>
      </trkpt>
      <trkpt lat="48.94639" lon="2.15043">
        <ele>37.1</ele>
      </trkpt>
      <trkpt lat="48.94644" lon="2.15037">
        <ele>37.4</ele>
      </trkpt>
      <trkpt lat="48.94653" lon="2.15019">
        <ele>38.2</ele>
      </trkpt>
      <trkpt lat="48.94666" lon="2.14994">
        <ele>39.1</ele>
      </trkpt>
      <trkpt lat="48.94671" lon="2.14984">
        <ele>39.3</ele>
      </trkpt>
      <trkpt lat="48.94676" lon="2.14975">
        <ele>39.4</ele>
      </trkpt>
      <trkpt lat="48.946779" lon="2.14966">
        <ele>39.5</ele>
      </trkpt>
      <trkpt lat="48.94681" lon="2.1496">
        <ele>39.6</ele>
      </trkpt>
      <trkpt lat="48.946869" lon="2.14949">
        <ele>39.7</ele>
      </trkpt>
      <trkpt lat="48.94697" lon="2.14931">
        <ele>39.9</ele>
      </trkpt>
      <trkpt lat="48.94706" lon="2.14915">
        <ele>40.1</ele>
      </trkpt>
      <trkpt lat="48.94753" lon="2.14824">
        <ele>40.2</ele>
      </trkpt>
      <trkpt lat="48.94759" lon="2.14818">
        <ele>40.3</ele>
      </trkpt>
      <trkpt lat="48.94764" lon="2.14808">
        <ele>40.5</ele>
      </trkpt>
      <trkpt lat="48.947719" lon="2.14792">
        <ele>40.7</ele>
      </trkpt>
      <trkpt lat="48.947809" lon="2.14775">
        <ele>40.9</ele>
      </trkpt>
      <trkpt lat="48.947809" lon="2.14775">
        <ele>40.9</ele>
      </trkpt>
      <trkpt lat="48.94785" lon="2.14767">
        <ele>40.9</ele>
      </trkpt>
      <trkpt lat="48.94792" lon="2.14758">
        <ele>40.9</ele>
      </trkpt>
      <trkpt lat="48.94782" lon="2.14744">
        <ele>41.3</ele>
      </trkpt>
      <trkpt lat="48.947719" lon="2.14733">
        <ele>41.7</ele>
      </trkpt>
      <trkpt lat="48.947629" lon="2.14724">
        <ele>42.0</ele>
      </trkpt>
      <trkpt lat="48.94743" lon="2.14699">
        <ele>42.7</ele>
      </trkpt>
      <trkpt lat="48.94721" lon="2.1467">
        <ele>43.6</ele>
      </trkpt>
      <trkpt lat="48.94656" lon="2.14593">
        <ele>43.7</ele>
      </trkpt>
      <trkpt lat="48.94635" lon="2.14566">
        <ele>42.6</ele>
      </trkpt>
      <trkpt lat="48.94628" lon="2.14558">
        <ele>42.4</ele>
      </trkpt>
      <trkpt lat="48.94627" lon="2.14557">
        <ele>42.4</ele>
      </trkpt>
      <trkpt lat="48.9462" lon="2.14548">
        <ele>42.2</ele>
      </trkpt>
      <trkpt lat="48.94609" lon="2.14538">
        <ele>42.2</ele>
      </trkpt>
      <trkpt lat="48.94601" lon="2.14533">
        <ele>42.2</ele>
      </trkpt>
      <trkpt lat="48.945839" lon="2.14509">
        <ele>42.8</ele>
      </trkpt>
      <trkpt lat="48.94581" lon="2.14504">
        <ele>42.9</ele>
      </trkpt>
      <trkpt lat="48.94573" lon="2.14493">
        <ele>42.7</ele>
      </trkpt>
      <trkpt lat="48.945659" lon="2.14482">
        <ele>42.5</ele>
      </trkpt>
      <trkpt lat="48.94555" lon="2.14463">
        <ele>42.1</ele>
      </trkpt>
      <trkpt lat="48.94552" lon="2.14453">
        <ele>41.9</ele>
      </trkpt>
      <trkpt lat="48.94547" lon="2.14436">
        <ele>41.7</ele>
      </trkpt>
      <trkpt lat="48.94541" lon="2.14408">
        <ele>41.4</ele>
      </trkpt>
      <trkpt lat="48.94532" lon="2.14371">
        <ele>41.1</ele>
      </trkpt>
      <trkpt lat="48.94525" lon="2.14341">
        <ele>40.8</ele>
      </trkpt>
      <trkpt lat="48.945189" lon="2.14314">
        <ele>40.6</ele>
      </trkpt>
      <trkpt lat="48.94515" lon="2.14294">
        <ele>40.4</ele>
      </trkpt>
      <trkpt lat="48.94498" lon="2.14216">
        <ele>39.6</ele>
      </trkpt>
      <trkpt lat="48.94495" lon="2.14207">
        <ele>39.5</ele>
      </trkpt>
      <trkpt lat="48.944899" lon="2.14187">
        <ele>39.3</ele>
      </trkpt>
      <trkpt lat="48.94487" lon="2.14172">
        <ele>39.2</ele>
      </trkpt>
      <trkpt lat="48.944719" lon="2.14108">
        <ele>40.0</ele>
      </trkpt>
      <trkpt lat="48.94466" lon="2.14071">
        <ele>40.4</ele>
      </trkpt>
      <trkpt lat="48.94458" lon="2.14046">
        <ele>40.5</ele>
      </trkpt>
      <trkpt lat="48.94458" lon="2.14046">
        <ele>40.5</ele>
      </trkpt>
      <trkpt lat="48.94459" lon="2.14046">
        <ele>40.5</ele>
      </trkpt>
      <trkpt lat="48.94459" lon="2.14045">
        <ele>40.5</ele>
      </trkpt>
      <trkpt lat="48.94459" lon="2.14044">
        <ele>40.5</ele>
      </trkpt>
      <trkpt lat="48.94459" lon="2.14043">
        <ele>40.5</ele>
      </trkpt>
      <trkpt lat="48.9446" lon="2.14042">
        <ele>40.5</ele>
      </trkpt>
      <trkpt lat="48.9446" lon="2.14041">
        <ele>40.5</ele>
      </trkpt>
      <trkpt lat="48.9446" lon="2.1404">
        <ele>40.5</ele>
      </trkpt>
      <trkpt lat="48.9446" lon="2.14039">
        <ele>40.5</ele>
      </trkpt>
      <trkpt lat="48.9446" lon="2.14038">
        <ele>40.5</ele>
      </trkpt>
      <trkpt lat="48.9446" lon="2.14037">
        <ele>40.5</ele>
      </trkpt>
      <trkpt lat="48.9446" lon="2.14036">
        <ele>40.5</ele>
      </trkpt>
      <trkpt lat="48.9446" lon="2.14035">
        <ele>40.5</ele>
      </trkpt>
      <trkpt lat="48.94459" lon="2.14034">
        <ele>40.5</ele>
      </trkpt>
      <trkpt lat="48.94459" lon="2.14033">
        <ele>40.5</ele>
      </trkpt>
      <trkpt lat="48.94459" lon="2.14032">
        <ele>40.5</ele>
      </trkpt>
      <trkpt lat="48.94458" lon="2.14031">
        <ele>40.5</ele>
      </trkpt>
      <trkpt lat="48.94458" lon="2.1403">
        <ele>40.5</ele>
      </trkpt>
      <trkpt lat="48.94458" lon="2.140289">
        <ele>40.5</ele>
      </trkpt>
      <trkpt lat="48.94457" lon="2.140289">
        <ele>40.5</ele>
      </trkpt>
      <trkpt lat="48.94457" lon="2.14028">
        <ele>40.5</ele>
      </trkpt>
      <trkpt lat="48.94456" lon="2.14027">
        <ele>40.5</ele>
      </trkpt>
      <trkpt lat="48.94455" lon="2.14026">
        <ele>40.5</ele>
      </trkpt>
      <trkpt lat="48.94454" lon="2.14025">
        <ele>40.6</ele>
      </trkpt>
      <trkpt lat="48.94453" lon="2.14025">
        <ele>40.6</ele>
      </trkpt>
      <trkpt lat="48.94453" lon="2.14024">
        <ele>40.6</ele>
      </trkpt>
      <trkpt lat="48.94452" lon="2.14024">
        <ele>40.6</ele>
      </trkpt>
      <trkpt lat="48.94452" lon="2.14011">
        <ele>40.6</ele>
      </trkpt>
      <trkpt lat="48.94452" lon="2.13996">
        <ele>40.6</ele>
      </trkpt>
      <trkpt lat="48.94442" lon="2.13958">
        <ele>41.0</ele>
      </trkpt>
      <trkpt lat="48.94431" lon="2.13885">
        <ele>40.9</ele>
      </trkpt>
      <trkpt lat="48.9441" lon="2.1376">
        <ele>41.8</ele>
      </trkpt>
      <trkpt lat="48.94406" lon="2.13728">
        <ele>42.9</ele>
      </trkpt>
      <trkpt lat="48.94404" lon="2.13718">
        <ele>43.2</ele>
      </trkpt>
      <trkpt lat="48.94404" lon="2.13716">
        <ele>43.3</ele>
      </trkpt>
      <trkpt lat="48.94403" lon="2.13709">
        <ele>43.5</ele>
      </trkpt>
      <trkpt lat="48.94399" lon="2.13676">
        <ele>44.5</ele>
      </trkpt>
      <trkpt lat="48.94399" lon="2.13657">
        <ele>44.9</ele>
      </trkpt>
      <trkpt lat="48.94397" lon="2.13611">
        <ele>45.4</ele>
      </trkpt>
      <trkpt lat="48.94395" lon="2.13579">
        <ele>45.8</ele>
      </trkpt>
      <trkpt lat="48.94393" lon="2.13545">
        <ele>46.0</ele>
      </trkpt>
      <trkpt lat="48.94392" lon="2.13488">
        <ele>46.3</ele>
      </trkpt>
      <trkpt lat="48.94391" lon="2.13454">
        <ele>46.5</ele>
      </trkpt>
      <trkpt lat="48.94389" lon="2.13391">
        <ele>47.2</ele>
      </trkpt>
      <trkpt lat="48.94388" lon="2.133579">
        <ele>47.9</ele>
      </trkpt>
      <trkpt lat="48.943869" lon="2.13334">
        <ele>48.3</ele>
      </trkpt>
      <trkpt lat="48.94385" lon="2.13315">
        <ele>48.8</ele>
      </trkpt>
      <trkpt lat="48.94382" lon="2.13286">
        <ele>49.6</ele>
      </trkpt>
      <trkpt lat="48.94382" lon="2.13272">
        <ele>49.9</ele>
      </trkpt>
      <trkpt lat="48.94381" lon="2.13257">
        <ele>50.3</ele>
      </trkpt>
      <trkpt lat="48.94376" lon="2.13221">
        <ele>50.8</ele>
      </trkpt>
      <trkpt lat="48.9437" lon="2.131609">
        <ele>51.6</ele>
      </trkpt>
      <trkpt lat="48.94367" lon="2.13135">
        <ele>52.0</ele>
      </trkpt>
      <trkpt lat="48.94366" lon="2.13109">
        <ele>52.3</ele>
      </trkpt>
      <trkpt lat="48.94361" lon="2.13067">
        <ele>52.7</ele>
      </trkpt>
      <trkpt lat="48.94357" lon="2.13034">
        <ele>52.9</ele>
      </trkpt>
      <trkpt lat="48.94356" lon="2.13029">
        <ele>52.9</ele>
      </trkpt>
      <trkpt lat="48.94354" lon="2.13011">
        <ele>53.0</ele>
      </trkpt>
      <trkpt lat="48.94348" lon="2.12949">
        <ele>53.7</ele>
      </trkpt>
      <trkpt lat="48.94339" lon="2.12875">
        <ele>55.1</ele>
      </trkpt>
      <trkpt lat="48.94335" lon="2.12848">
        <ele>55.7</ele>
      </trkpt>
      <trkpt lat="48.94333" lon="2.12831">
        <ele>56.1</ele>
      </trkpt>
      <trkpt lat="48.94329" lon="2.12798">
        <ele>57.7</ele>
      </trkpt>
      <trkpt lat="48.94328" lon="2.12788">
        <ele>58.1</ele>
      </trkpt>
      <trkpt lat="48.94325" lon="2.127609">
        <ele>59.2</ele>
      </trkpt>
      <trkpt lat="48.94323" lon="2.12747">
        <ele>59.7</ele>
      </trkpt>
      <trkpt lat="48.94314" lon="2.12683">
        <ele>60.9</ele>
      </trkpt>
      <trkpt lat="48.94312" lon="2.12675">
        <ele>61.0</ele>
      </trkpt>
      <trkpt lat="48.94309" lon="2.12667">
        <ele>61.1</ele>
      </trkpt>
      <trkpt lat="48.94297" lon="2.125919">
        <ele>61.2</ele>
      </trkpt>
      <trkpt lat="48.9428" lon="2.12499">
        <ele>60.1</ele>
      </trkpt>
      <trkpt lat="48.94268" lon="2.12439">
        <ele>58.6</ele>
      </trkpt>
      <trkpt lat="48.94264" lon="2.12417">
        <ele>58.2</ele>
      </trkpt>
      <trkpt lat="48.94258" lon="2.12394">
        <ele>57.8</ele>
      </trkpt>
      <trkpt lat="48.94245" lon="2.12333">
        <ele>57.0</ele>
      </trkpt>
      <trkpt lat="48.94225" lon="2.12232">
        <ele>58.0</ele>
      </trkpt>
      <trkpt lat="48.94223" lon="2.12206">
        <ele>58.5</ele>
      </trkpt>
      <trkpt lat="48.94221" lon="2.12195">
        <ele>58.8</ele>
      </trkpt>
      <trkpt lat="48.94221" lon="2.12191">
        <ele>58.9</ele>
      </trkpt>
      <trkpt lat="48.94208" lon="2.12094">
        <ele>60.4</ele>
      </trkpt>
      <trkpt lat="48.94201" lon="2.1205">
        <ele>61.2</ele>
      </trkpt>
      <trkpt lat="48.94185" lon="2.11913">
        <ele>64.7</ele>
      </trkpt>
      <trkpt lat="48.94163" lon="2.11733">
        <ele>64.0</ele>
      </trkpt>
      <trkpt lat="48.94163" lon="2.11717">
        <ele>64.2</ele>
      </trkpt>
      <trkpt lat="48.94163" lon="2.11716">
        <ele>64.2</ele>
      </trkpt>
      <trkpt lat="48.94161" lon="2.116899">
        <ele>64.4</ele>
      </trkpt>
      <trkpt lat="48.94159" lon="2.11665">
        <ele>64.7</ele>
      </trkpt>
      <trkpt lat="48.94159" lon="2.11632">
        <ele>65.5</ele>
      </trkpt>
      <trkpt lat="48.94159" lon="2.11627">
        <ele>65.6</ele>
      </trkpt>
      <trkpt lat="48.94159" lon="2.11543">
        <ele>68.3</ele>
      </trkpt>
      <trkpt lat="48.94158" lon="2.11524">
        <ele>69.0</ele>
      </trkpt>
      <trkpt lat="48.94161" lon="2.11379">
        <ele>70.6</ele>
      </trkpt>
      <trkpt lat="48.94162" lon="2.11302">
        <ele>71.1</ele>
      </trkpt>
      <trkpt lat="48.94164" lon="2.11203">
        <ele>70.5</ele>
      </trkpt>
      <trkpt lat="48.94167" lon="2.11047">
        <ele>70.0</ele>
      </trkpt>
      <trkpt lat="48.94169" lon="2.1103">
        <ele>70.0</ele>
      </trkpt>
      <trkpt lat="48.9417" lon="2.10996">
        <ele>70.0</ele>
      </trkpt>
      <trkpt lat="48.94169" lon="2.10961">
        <ele>70.0</ele>
      </trkpt>
      <trkpt lat="48.94163" lon="2.10913">
        <ele>70.0</ele>
      </trkpt>
      <trkpt lat="48.94159" lon="2.10885">
        <ele>69.0</ele>
      </trkpt>
      <trkpt lat="48.94154" lon="2.10862">
        <ele>68.3</ele>
      </trkpt>
      <trkpt lat="48.94146" lon="2.108159">
        <ele>67.5</ele>
      </trkpt>
      <trkpt lat="48.94137" lon="2.10771">
        <ele>67.7</ele>
      </trkpt>
      <trkpt lat="48.94131" lon="2.107409">
        <ele>67.4</ele>
      </trkpt>
      <trkpt lat="48.94127" lon="2.10725">
        <ele>67.2</ele>
      </trkpt>
      <trkpt lat="48.94123" lon="2.10703">
        <ele>66.9</ele>
      </trkpt>
      <trkpt lat="48.94117" lon="2.10677">
        <ele>66.7</ele>
      </trkpt>
      <trkpt lat="48.9411" lon="2.10652">
        <ele>66.6</ele>
      </trkpt>
      <trkpt lat="48.941" lon="2.10613">
        <ele>66.7</ele>
      </trkpt>
      <trkpt lat="48.94083" lon="2.10547">
        <ele>67.5</ele>
      </trkpt>
      <trkpt lat="48.9406" lon="2.10459">
        <ele>69.6</ele>
      </trkpt>
      <trkpt lat="48.94041" lon="2.10387">
        <ele>68.9</ele>
      </trkpt>
      <trkpt lat="48.94028" lon="2.10337">
        <ele>66.8</ele>
      </trkpt>
      <trkpt lat="48.94021" lon="2.10307">
        <ele>66.5</ele>
      </trkpt>
      <trkpt lat="48.94014" lon="2.10279">
        <ele>66.3</ele>
      </trkpt>
      <trkpt lat="48.94013" lon="2.10267">
        <ele>66.3</ele>
      </trkpt>
      <trkpt lat="48.94011" lon="2.10252">
        <ele>66.3</ele>
      </trkpt>
      <trkpt lat="48.94008" lon="2.10235">
        <ele>66.4</ele>
      </trkpt>
      <trkpt lat="48.94006" lon="2.10212">
        <ele>66.6</ele>
      </trkpt>
      <trkpt lat="48.94" lon="2.10149">
        <ele>66.8</ele>
      </trkpt>
      <trkpt lat="48.939929" lon="2.10084">
        <ele>65.9</ele>
      </trkpt>
      <trkpt lat="48.93988" lon="2.10033">
        <ele>65.3</ele>
      </trkpt>
      <trkpt lat="48.93983" lon="2.09984">
        <ele>65.0</ele>
      </trkpt>
      <trkpt lat="48.93979" lon="2.09937">
        <ele>65.2</ele>
      </trkpt>
      <trkpt lat="48.93969" lon="2.09841">
        <ele>66.9</ele>
      </trkpt>
      <trkpt lat="48.93965" lon="2.098">
        <ele>66.9</ele>
      </trkpt>
      <trkpt lat="48.93962" lon="2.09777">
        <ele>66.9</ele>
      </trkpt>
      <trkpt lat="48.93959" lon="2.09747">
        <ele>66.9</ele>
      </trkpt>
      <trkpt lat="48.9396" lon="2.09739">
        <ele>66.8</ele>
      </trkpt>
      <trkpt lat="48.9396" lon="2.097379">
        <ele>66.7</ele>
      </trkpt>
      <trkpt lat="48.9396" lon="2.09737">
        <ele>66.7</ele>
      </trkpt>
      <trkpt lat="48.93959" lon="2.09734">
        <ele>66.7</ele>
      </trkpt>
      <trkpt lat="48.93959" lon="2.0973">
        <ele>66.6</ele>
      </trkpt>
      <trkpt lat="48.93959" lon="2.09727">
        <ele>66.6</ele>
      </trkpt>
      <trkpt lat="48.93959" lon="2.09721">
        <ele>66.5</ele>
      </trkpt>
      <trkpt lat="48.93959" lon="2.09716">
        <ele>66.4</ele>
      </trkpt>
      <trkpt lat="48.93959" lon="2.09689">
        <ele>65.9</ele>
      </trkpt>
      <trkpt lat="48.93959" lon="2.09663">
        <ele>65.5</ele>
      </trkpt>
      <trkpt lat="48.93958" lon="2.09625">
        <ele>65.5</ele>
      </trkpt>
      <trkpt lat="48.93957" lon="2.09585">
        <ele>65.5</ele>
      </trkpt>
      <trkpt lat="48.939549" lon="2.095629">
        <ele>65.8</ele>
      </trkpt>
      <trkpt lat="48.93953" lon="2.095489">
        <ele>66.0</ele>
      </trkpt>
      <trkpt lat="48.93952" lon="2.09534">
        <ele>66.2</ele>
      </trkpt>
      <trkpt lat="48.93951" lon="2.09516">
        <ele>66.4</ele>
      </trkpt>
      <trkpt lat="48.93949" lon="2.09493">
        <ele>66.5</ele>
      </trkpt>
      <trkpt lat="48.93949" lon="2.09491">
        <ele>66.5</ele>
      </trkpt>
      <trkpt lat="48.93947" lon="2.09484">
        <ele>66.4</ele>
      </trkpt>
      <trkpt lat="48.93942" lon="2.09222">
        <ele>65.6</ele>
      </trkpt>
      <trkpt lat="48.93941" lon="2.091829">
        <ele>64.7</ele>
      </trkpt>
      <trkpt lat="48.93941" lon="2.09141">
        <ele>63.7</ele>
      </trkpt>
      <trkpt lat="48.93942" lon="2.090869">
        <ele>62.5</ele>
      </trkpt>
      <trkpt lat="48.93944" lon="2.08998">
        <ele>59.0</ele>
      </trkpt>
      <trkpt lat="48.9395" lon="2.08799">
        <ele>55.9</ele>
      </trkpt>
      <trkpt lat="48.93954" lon="2.08665">
        <ele>52.5</ele>
      </trkpt>
      <trkpt lat="48.939549" lon="2.08632">
        <ele>52.1</ele>
      </trkpt>
      <trkpt lat="48.93961" lon="2.08445">
        <ele>48.7</ele>
      </trkpt>
      <trkpt lat="48.93963" lon="2.083689">
        <ele>47.4</ele>
      </trkpt>
      <trkpt lat="48.93964" lon="2.083289">
        <ele>46.8</ele>
      </trkpt>
      <trkpt lat="48.93965" lon="2.08306">
        <ele>46.7</ele>
      </trkpt>
      <trkpt lat="48.93965" lon="2.082879">
        <ele>46.6</ele>
      </trkpt>
      <trkpt lat="48.93964" lon="2.082679">
        <ele>46.5</ele>
      </trkpt>
      <trkpt lat="48.93964" lon="2.08242">
        <ele>46.4</ele>
      </trkpt>
      <trkpt lat="48.93963" lon="2.08229">
        <ele>46.4</ele>
      </trkpt>
      <trkpt lat="48.93962" lon="2.08212">
        <ele>46.5</ele>
      </trkpt>
      <trkpt lat="48.9396" lon="2.08184">
        <ele>46.5</ele>
      </trkpt>
      <trkpt lat="48.939549" lon="2.081249">
        <ele>47.0</ele>
      </trkpt>
      <trkpt lat="48.93951" lon="2.080709">
        <ele>47.6</ele>
      </trkpt>
      <trkpt lat="48.93941" lon="2.07953">
        <ele>49.5</ele>
      </trkpt>
      <trkpt lat="48.93932" lon="2.0785">
        <ele>51.0</ele>
      </trkpt>
      <trkpt lat="48.9393" lon="2.07809">
        <ele>52.1</ele>
      </trkpt>
      <trkpt lat="48.93929" lon="2.07798">
        <ele>52.5</ele>
      </trkpt>
      <trkpt lat="48.93929" lon="2.077859">
        <ele>52.9</ele>
      </trkpt>
      <trkpt lat="48.93929" lon="2.07775">
        <ele>53.4</ele>
      </trkpt>
      <trkpt lat="48.9393" lon="2.07763">
        <ele>53.8</ele>
      </trkpt>
      <trkpt lat="48.93933" lon="2.077189">
        <ele>55.1</ele>
      </trkpt>
      <trkpt lat="48.93942" lon="2.07606">
        <ele>56.8</ele>
      </trkpt>
      <trkpt lat="48.93942" lon="2.07598">
        <ele>56.9</ele>
      </trkpt>
      <trkpt lat="48.93944" lon="2.07578">
        <ele>57.1</ele>
      </trkpt>
      <trkpt lat="48.939459" lon="2.075489">
        <ele>57.7</ele>
      </trkpt>
      <trkpt lat="48.93948" lon="2.0751">
        <ele>58.4</ele>
      </trkpt>
      <trkpt lat="48.93949" lon="2.07497">
        <ele>58.6</ele>
      </trkpt>
      <trkpt lat="48.93949" lon="2.07478">
        <ele>58.8</ele>
      </trkpt>
      <trkpt lat="48.93949" lon="2.07458">
        <ele>59.0</ele>
      </trkpt>
      <trkpt lat="48.93949" lon="2.07439">
        <ele>59.2</ele>
      </trkpt>
      <trkpt lat="48.93948" lon="2.07421">
        <ele>59.4</ele>
      </trkpt>
      <trkpt lat="48.93947" lon="2.07404">
        <ele>59.1</ele>
      </trkpt>
      <trkpt lat="48.939459" lon="2.07385">
        <ele>58.6</ele>
      </trkpt>
      <trkpt lat="48.93945" lon="2.07371">
        <ele>58.2</ele>
      </trkpt>
      <trkpt lat="48.93939" lon="2.07331">
        <ele>57.3</ele>
      </trkpt>
      <trkpt lat="48.93935" lon="2.07306">
        <ele>56.6</ele>
      </trkpt>
      <trkpt lat="48.93932" lon="2.072909">
        <ele>56.1</ele>
      </trkpt>
      <trkpt lat="48.9393" lon="2.07279">
        <ele>55.7</ele>
      </trkpt>
      <trkpt lat="48.93927" lon="2.072649">
        <ele>55.3</ele>
      </trkpt>
      <trkpt lat="48.93924" lon="2.072509">
        <ele>54.8</ele>
      </trkpt>
      <trkpt lat="48.93918" lon="2.072299">
        <ele>54.2</ele>
      </trkpt>
      <trkpt lat="48.93914" lon="2.07215">
        <ele>53.9</ele>
      </trkpt>
      <trkpt lat="48.93909" lon="2.071959">
        <ele>53.5</ele>
      </trkpt>
      <trkpt lat="48.93891" lon="2.0714">
        <ele>52.6</ele>
      </trkpt>
      <trkpt lat="48.9387" lon="2.070679">
        <ele>51.2</ele>
      </trkpt>
      <trkpt lat="48.937959" lon="2.068229">
        <ele>47.0</ele>
      </trkpt>
      <trkpt lat="48.93735" lon="2.06626">
        <ele>42.7</ele>
      </trkpt>
      <trkpt lat="48.93726" lon="2.06597">
        <ele>42.7</ele>
      </trkpt>
      <trkpt lat="48.93717" lon="2.06569">
        <ele>42.7</ele>
      </trkpt>
      <trkpt lat="48.93659" lon="2.06379">
        <ele>39.8</ele>
      </trkpt>
      <trkpt lat="48.93633" lon="2.06293">
        <ele>38.4</ele>
      </trkpt>
      <trkpt lat="48.93611" lon="2.062209">
        <ele>35.5</ele>
      </trkpt>
      <trkpt lat="48.93603" lon="2.06195">
        <ele>33.9</ele>
      </trkpt>
      <trkpt lat="48.936" lon="2.061869">
        <ele>33.4</ele>
      </trkpt>
      <trkpt lat="48.93595" lon="2.06169">
        <ele>32.2</ele>
      </trkpt>
      <trkpt lat="48.93569" lon="2.06086">
        <ele>31.4</ele>
      </trkpt>
      <trkpt lat="48.93541" lon="2.05995">
        <ele>32.4</ele>
      </trkpt>
      <trkpt lat="48.93513" lon="2.059019">
        <ele>30.3</ele>
      </trkpt>
      <trkpt lat="48.93509" lon="2.0589">
        <ele>30.2</ele>
      </trkpt>
      <trkpt lat="48.93494" lon="2.058409">
        <ele>30.0</ele>
      </trkpt>
      <trkpt lat="48.9348" lon="2.05784">
        <ele>30.6</ele>
      </trkpt>
      <trkpt lat="48.934669" lon="2.05728">
        <ele>31.0</ele>
      </trkpt>
      <trkpt lat="48.93461" lon="2.05701">
        <ele>31.0</ele>
      </trkpt>
      <trkpt lat="48.934579" lon="2.056849">
        <ele>31.0</ele>
      </trkpt>
      <trkpt lat="48.934489" lon="2.056299">
        <ele>29.7</ele>
      </trkpt>
      <trkpt lat="48.93445" lon="2.05606">
        <ele>28.8</ele>
      </trkpt>
      <trkpt lat="48.93429" lon="2.05507">
        <ele>26.2</ele>
      </trkpt>
      <trkpt lat="48.9342" lon="2.05449">
        <ele>26.0</ele>
      </trkpt>
      <trkpt lat="48.93406" lon="2.05362">
        <ele>26.2</ele>
      </trkpt>
      <trkpt lat="48.93403" lon="2.05341">
        <ele>26.3</ele>
      </trkpt>
      <trkpt lat="48.93398" lon="2.053119">
        <ele>25.9</ele>
      </trkpt>
      <trkpt lat="48.93386" lon="2.052369">
        <ele>24.8</ele>
      </trkpt>
      <trkpt lat="48.93383" lon="2.05219">
        <ele>24.9</ele>
      </trkpt>
      <trkpt lat="48.93371" lon="2.05137">
        <ele>25.7</ele>
      </trkpt>
      <trkpt lat="48.93345" lon="2.04978">
        <ele>27.2</ele>
      </trkpt>
      <trkpt lat="48.93343" lon="2.049669">
        <ele>27.5</ele>
      </trkpt>
      <trkpt lat="48.93335" lon="2.04915">
        <ele>28.9</ele>
      </trkpt>
      <trkpt lat="48.93324" lon="2.0484">
        <ele>29.0</ele>
      </trkpt>
      <trkpt lat="48.93321" lon="2.048239">
        <ele>28.8</ele>
      </trkpt>
      <trkpt lat="48.93319" lon="2.04812">
        <ele>28.6</ele>
      </trkpt>
      <trkpt lat="48.93318" lon="2.048029">
        <ele>28.4</ele>
      </trkpt>
      <trkpt lat="48.93316" lon="2.04793">
        <ele>28.2</ele>
      </trkpt>
      <trkpt lat="48.93315" lon="2.0478">
        <ele>28.0</ele>
      </trkpt>
      <trkpt lat="48.93311" lon="2.04744">
        <ele>27.6</ele>
      </trkpt>
      <trkpt lat="48.9331" lon="2.04726">
        <ele>27.7</ele>
      </trkpt>
      <trkpt lat="48.933079" lon="2.04699">
        <ele>27.8</ele>
      </trkpt>
      <trkpt lat="48.93307" lon="2.04673">
        <ele>28.0</ele>
      </trkpt>
      <trkpt lat="48.93306" lon="2.04649">
        <ele>27.9</ele>
      </trkpt>
      <trkpt lat="48.93305" lon="2.04619">
        <ele>27.8</ele>
      </trkpt>
      <trkpt lat="48.93306" lon="2.04554">
        <ele>27.0</ele>
      </trkpt>
      <trkpt lat="48.93306" lon="2.04484">
        <ele>24.9</ele>
      </trkpt>
      <trkpt lat="48.93307" lon="2.04401">
        <ele>21.5</ele>
      </trkpt>
      <trkpt lat="48.93314" lon="2.043759">
        <ele>21.0</ele>
      </trkpt>
      <trkpt lat="48.93319" lon="2.04361">
        <ele>20.7</ele>
      </trkpt>
      <trkpt lat="48.93319" lon="2.04361">
        <ele>20.7</ele>
      </trkpt>
      <trkpt lat="48.93321" lon="2.0436">
        <ele>20.6</ele>
      </trkpt>
      <trkpt lat="48.93322" lon="2.04359">
        <ele>20.6</ele>
      </trkpt>
      <trkpt lat="48.93324" lon="2.04358">
        <ele>20.5</ele>
      </trkpt>
      <trkpt lat="48.93325" lon="2.04357">
        <ele>20.4</ele>
      </trkpt>
      <trkpt lat="48.93326" lon="2.043559">
        <ele>20.4</ele>
      </trkpt>
      <trkpt lat="48.93327" lon="2.04354">
        <ele>20.3</ele>
      </trkpt>
      <trkpt lat="48.93329" lon="2.04353">
        <ele>20.2</ele>
      </trkpt>
      <trkpt lat="48.9333" lon="2.043499">
        <ele>20.2</ele>
      </trkpt>
      <trkpt lat="48.93331" lon="2.043489">
        <ele>20.1</ele>
      </trkpt>
      <trkpt lat="48.93332" lon="2.04347">
        <ele>20.1</ele>
      </trkpt>
      <trkpt lat="48.93333" lon="2.04344">
        <ele>20.0</ele>
      </trkpt>
      <trkpt lat="48.93333" lon="2.043419">
        <ele>20.0</ele>
      </trkpt>
      <trkpt lat="48.93334" lon="2.0434">
        <ele>20.0</ele>
      </trkpt>
      <trkpt lat="48.93334" lon="2.04337">
        <ele>20.0</ele>
      </trkpt>
      <trkpt lat="48.93335" lon="2.04334">
        <ele>20.1</ele>
      </trkpt>
      <trkpt lat="48.93335" lon="2.04332">
        <ele>20.1</ele>
      </trkpt>
      <trkpt lat="48.93335" lon="2.0433">
        <ele>20.2</ele>
      </trkpt>
      <trkpt lat="48.93335" lon="2.04328">
        <ele>20.3</ele>
      </trkpt>
      <trkpt lat="48.93335" lon="2.04327">
        <ele>20.3</ele>
      </trkpt>
      <trkpt lat="48.93335" lon="2.04325">
        <ele>20.4</ele>
      </trkpt>
      <trkpt lat="48.93334" lon="2.043229">
        <ele>20.4</ele>
      </trkpt>
      <trkpt lat="48.93334" lon="2.043219">
        <ele>20.4</ele>
      </trkpt>
      <trkpt lat="48.93334" lon="2.0432">
        <ele>20.5</ele>
      </trkpt>
      <trkpt lat="48.93333" lon="2.04318">
        <ele>20.6</ele>
      </trkpt>
      <trkpt lat="48.93377" lon="2.04267">
        <ele>23.8</ele>
      </trkpt>
      <trkpt lat="48.93421" lon="2.04217">
        <ele>24.5</ele>
      </trkpt>
      <trkpt lat="48.9346" lon="2.04175">
        <ele>24.0</ele>
      </trkpt>
      <trkpt lat="48.93466" lon="2.04168">
        <ele>24.0</ele>
      </trkpt>
      <trkpt lat="48.93481" lon="2.04149">
        <ele>24.2</ele>
      </trkpt>
      <trkpt lat="48.93512" lon="2.04111">
        <ele>24.5</ele>
      </trkpt>
      <trkpt lat="48.93535" lon="2.0408">
        <ele>24.2</ele>
      </trkpt>
      <trkpt lat="48.93548" lon="2.04063">
        <ele>23.9</ele>
      </trkpt>
      <trkpt lat="48.93551" lon="2.04059">
        <ele>23.8</ele>
      </trkpt>
      <trkpt lat="48.93551" lon="2.040579">
        <ele>23.8</ele>
      </trkpt>
      <trkpt lat="48.935519" lon="2.040579">
        <ele>23.8</ele>
      </trkpt>
      <trkpt lat="48.935519" lon="2.04057">
        <ele>23.8</ele>
      </trkpt>
      <trkpt lat="48.935519" lon="2.04056">
        <ele>23.8</ele>
      </trkpt>
      <trkpt lat="48.935519" lon="2.040509">
        <ele>23.8</ele>
      </trkpt>
      <trkpt lat="48.93568" lon="2.04028">
        <ele>23.8</ele>
      </trkpt>
      <trkpt lat="48.935899" lon="2.03994">
        <ele>23.0</ele>
      </trkpt>
      <trkpt lat="48.93626" lon="2.03939">
        <ele>17.3</ele>
      </trkpt>
      <trkpt lat="48.93662" lon="2.03884">
        <ele>16.0</ele>
      </trkpt>
      <trkpt lat="48.93687" lon="2.038469">
        <ele>16.6</ele>
      </trkpt>
      <trkpt lat="48.9372" lon="2.03798">
        <ele>18.5</ele>
      </trkpt>
      <trkpt lat="48.93727" lon="2.03797">
        <ele>18.8</ele>
      </trkpt>
      <trkpt lat="48.93728" lon="2.03796">
        <ele>18.9</ele>
      </trkpt>
      <trkpt lat="48.93729" lon="2.03795">
        <ele>18.9</ele>
      </trkpt>
      <trkpt lat="48.937309" lon="2.037929">
        <ele>19.1</ele>
      </trkpt>
      <trkpt lat="48.93735" lon="2.03785">
        <ele>19.4</ele>
      </trkpt>
      <trkpt lat="48.93748" lon="2.037659">
        <ele>20.5</ele>
      </trkpt>
      <trkpt lat="48.9377" lon="2.03737">
        <ele>21.1</ele>
      </trkpt>
      <trkpt lat="48.937869" lon="2.03714">
        <ele>21.2</ele>
      </trkpt>
      <trkpt lat="48.9381" lon="2.036779">
        <ele>21.5</ele>
      </trkpt>
      <trkpt lat="48.93819" lon="2.03663">
        <ele>21.5</ele>
      </trkpt>
      <trkpt lat="48.9384" lon="2.03636">
        <ele>20.8</ele>
      </trkpt>
      <trkpt lat="48.93868" lon="2.03596">
        <ele>20.3</ele>
      </trkpt>
      <trkpt lat="48.9388" lon="2.0358">
        <ele>20.8</ele>
      </trkpt>
      <trkpt lat="48.9392" lon="2.03524">
        <ele>23.4</ele>
      </trkpt>
      <trkpt lat="48.93938" lon="2.03499">
        <ele>24.0</ele>
      </trkpt>
      <trkpt lat="48.9397" lon="2.034539">
        <ele>23.1</ele>
      </trkpt>
      <trkpt lat="48.939929" lon="2.03423">
        <ele>22.9</ele>
      </trkpt>
      <trkpt lat="48.93997" lon="2.03417">
        <ele>22.9</ele>
      </trkpt>
      <trkpt lat="48.94023" lon="2.033859">
        <ele>22.9</ele>
      </trkpt>
      <trkpt lat="48.94056" lon="2.03344">
        <ele>22.8</ele>
      </trkpt>
      <trkpt lat="48.94093" lon="2.032989">
        <ele>23.1</ele>
      </trkpt>
      <trkpt lat="48.94149" lon="2.0323">
        <ele>23.8</ele>
      </trkpt>
      <trkpt lat="48.94155" lon="2.03222">
        <ele>23.9</ele>
      </trkpt>
      <trkpt lat="48.94176" lon="2.03196">
        <ele>24.3</ele>
      </trkpt>
      <trkpt lat="48.94249" lon="2.031">
        <ele>27.8</ele>
      </trkpt>
      <trkpt lat="48.94312" lon="2.030199">
        <ele>29.7</ele>
      </trkpt>
      <trkpt lat="48.9435" lon="2.02972">
        <ele>30.0</ele>
      </trkpt>
      <trkpt lat="48.94377" lon="2.02938">
        <ele>30.0</ele>
      </trkpt>
      <trkpt lat="48.94404" lon="2.02903">
        <ele>30.0</ele>
      </trkpt>
      <trkpt lat="48.94433" lon="2.02863">
        <ele>29.9</ele>
      </trkpt>
      <trkpt lat="48.94454" lon="2.02836">
        <ele>30.0</ele>
      </trkpt>
      <trkpt lat="48.94467" lon="2.02822">
        <ele>30.1</ele>
      </trkpt>
      <trkpt lat="48.94503" lon="2.027839">
        <ele>29.9</ele>
      </trkpt>
      <trkpt lat="48.94517" lon="2.02769">
        <ele>29.7</ele>
      </trkpt>
      <trkpt lat="48.94543" lon="2.02745">
        <ele>29.5</ele>
      </trkpt>
      <trkpt lat="48.94549" lon="2.0274">
        <ele>29.5</ele>
      </trkpt>
      <trkpt lat="48.94563" lon="2.02727">
        <ele>29.5</ele>
      </trkpt>
      <trkpt lat="48.94582" lon="2.02711">
        <ele>29.5</ele>
      </trkpt>
      <trkpt lat="48.94594" lon="2.02701">
        <ele>29.4</ele>
      </trkpt>
      <trkpt lat="48.94616" lon="2.02684">
        <ele>29.3</ele>
      </trkpt>
      <trkpt lat="48.946309" lon="2.02673">
        <ele>29.3</ele>
      </trkpt>
      <trkpt lat="48.94661" lon="2.02651">
        <ele>29.1</ele>
      </trkpt>
      <trkpt lat="48.94671" lon="2.026409">
        <ele>29.0</ele>
      </trkpt>
      <trkpt lat="48.94699" lon="2.026209">
        <ele>29.2</ele>
      </trkpt>
      <trkpt lat="48.9474" lon="2.02591">
        <ele>29.8</ele>
      </trkpt>
      <trkpt lat="48.947539" lon="2.02581">
        <ele>30.0</ele>
      </trkpt>
      <trkpt lat="48.94784" lon="2.025599">
        <ele>29.8</ele>
      </trkpt>
      <trkpt lat="48.94841" lon="2.02518">
        <ele>30.5</ele>
      </trkpt>
      <trkpt lat="48.94854" lon="2.02511">
        <ele>30.6</ele>
      </trkpt>
      <trkpt lat="48.94863" lon="2.02504">
        <ele>30.6</ele>
      </trkpt>
      <trkpt lat="48.94863" lon="2.02504">
        <ele>30.6</ele>
      </trkpt>
      <trkpt lat="48.94864" lon="2.025049">
        <ele>30.6</ele>
      </trkpt>
      <trkpt lat="48.94864" lon="2.025059">
        <ele>30.6</ele>
      </trkpt>
      <trkpt lat="48.94865" lon="2.02507">
        <ele>30.5</ele>
      </trkpt>
      <trkpt lat="48.94865" lon="2.02508">
        <ele>30.5</ele>
      </trkpt>
      <trkpt lat="48.94865" lon="2.02509">
        <ele>30.5</ele>
      </trkpt>
      <trkpt lat="48.948659" lon="2.02509">
        <ele>30.5</ele>
      </trkpt>
      <trkpt lat="48.94867" lon="2.0251">
        <ele>30.5</ele>
      </trkpt>
      <trkpt lat="48.94867" lon="2.02511">
        <ele>30.5</ele>
      </trkpt>
      <trkpt lat="48.94868" lon="2.02511">
        <ele>30.5</ele>
      </trkpt>
      <trkpt lat="48.94868" lon="2.025119">
        <ele>30.5</ele>
      </trkpt>
      <trkpt lat="48.94869" lon="2.025119">
        <ele>30.5</ele>
      </trkpt>
      <trkpt lat="48.9487" lon="2.025129">
        <ele>30.5</ele>
      </trkpt>
      <trkpt lat="48.94871" lon="2.02514">
        <ele>30.4</ele>
      </trkpt>
      <trkpt lat="48.94872" lon="2.02514">
        <ele>30.4</ele>
      </trkpt>
      <trkpt lat="48.94873" lon="2.02514">
        <ele>30.4</ele>
      </trkpt>
      <trkpt lat="48.94874" lon="2.02514">
        <ele>30.4</ele>
      </trkpt>
      <trkpt lat="48.948749" lon="2.02514">
        <ele>30.4</ele>
      </trkpt>
      <trkpt lat="48.94876" lon="2.02514">
        <ele>30.4</ele>
      </trkpt>
      <trkpt lat="48.94877" lon="2.02514">
        <ele>30.4</ele>
      </trkpt>
      <trkpt lat="48.94878" lon="2.02514">
        <ele>30.4</ele>
      </trkpt>
      <trkpt lat="48.94878" lon="2.025129">
        <ele>30.4</ele>
      </trkpt>
      <trkpt lat="48.94879" lon="2.025129">
        <ele>30.4</ele>
      </trkpt>
      <trkpt lat="48.9488" lon="2.025129">
        <ele>30.4</ele>
      </trkpt>
      <trkpt lat="48.9488" lon="2.025119">
        <ele>30.4</ele>
      </trkpt>
      <trkpt lat="48.94881" lon="2.025119">
        <ele>30.4</ele>
      </trkpt>
      <trkpt lat="48.94882" lon="2.02511">
        <ele>30.4</ele>
      </trkpt>
      <trkpt lat="48.94883" lon="2.0251">
        <ele>30.4</ele>
      </trkpt>
      <trkpt lat="48.94883" lon="2.02509">
        <ele>30.4</ele>
      </trkpt>
      <trkpt lat="48.948839" lon="2.02508">
        <ele>30.4</ele>
      </trkpt>
      <trkpt lat="48.94885" lon="2.02507">
        <ele>30.4</ele>
      </trkpt>
      <trkpt lat="48.94885" lon="2.025059">
        <ele>30.4</ele>
      </trkpt>
      <trkpt lat="48.94885" lon="2.025049">
        <ele>30.4</ele>
      </trkpt>
      <trkpt lat="48.94886" lon="2.02504">
        <ele>30.4</ele>
      </trkpt>
      <trkpt lat="48.94886" lon="2.02503">
        <ele>30.4</ele>
      </trkpt>
      <trkpt lat="48.94886" lon="2.02502">
        <ele>30.4</ele>
      </trkpt>
      <trkpt lat="48.94887" lon="2.02501">
        <ele>30.4</ele>
      </trkpt>
      <trkpt lat="48.94887" lon="2.025">
        <ele>30.4</ele>
      </trkpt>
      <trkpt lat="48.94887" lon="2.024989">
        <ele>30.4</ele>
      </trkpt>
      <trkpt lat="48.94887" lon="2.024979">
        <ele>30.3</ele>
      </trkpt>
      <trkpt lat="48.94887" lon="2.02497">
        <ele>30.3</ele>
      </trkpt>
      <trkpt lat="48.94887" lon="2.02496">
        <ele>30.3</ele>
      </trkpt>
      <trkpt lat="48.94887" lon="2.02495">
        <ele>30.3</ele>
      </trkpt>
      <trkpt lat="48.94887" lon="2.02494">
        <ele>30.3</ele>
      </trkpt>
      <trkpt lat="48.94887" lon="2.02493">
        <ele>30.3</ele>
      </trkpt>
      <trkpt lat="48.94887" lon="2.024919">
        <ele>30.3</ele>
      </trkpt>
      <trkpt lat="48.94887" lon="2.02491">
        <ele>30.3</ele>
      </trkpt>
      <trkpt lat="48.94887" lon="2.0249">
        <ele>30.3</ele>
      </trkpt>
      <trkpt lat="48.94886" lon="2.02488">
        <ele>30.3</ele>
      </trkpt>
      <trkpt lat="48.94895" lon="2.0248">
        <ele>30.2</ele>
      </trkpt>
      <trkpt lat="48.94901" lon="2.02476">
        <ele>30.1</ele>
      </trkpt>
      <trkpt lat="48.949039" lon="2.024709">
        <ele>30.1</ele>
      </trkpt>
      <trkpt lat="48.94961" lon="2.0243">
        <ele>30.0</ele>
      </trkpt>
      <trkpt lat="48.949689" lon="2.024239">
        <ele>30.0</ele>
      </trkpt>
      <trkpt lat="48.95071" lon="2.02351">
        <ele>29.6</ele>
      </trkpt>
      <trkpt lat="48.95104" lon="2.02327">
        <ele>30.0</ele>
      </trkpt>
      <trkpt lat="48.95137" lon="2.02303">
        <ele>30.0</ele>
      </trkpt>
      <trkpt lat="48.95171" lon="2.02277">
        <ele>29.9</ele>
      </trkpt>
      <trkpt lat="48.95196" lon="2.02259">
        <ele>29.5</ele>
      </trkpt>
      <trkpt lat="48.95206" lon="2.022549">
        <ele>29.4</ele>
      </trkpt>
      <trkpt lat="48.95227" lon="2.0224">
        <ele>29.1</ele>
      </trkpt>
      <trkpt lat="48.95279" lon="2.02202">
        <ele>29.8</ele>
      </trkpt>
      <trkpt lat="48.95319" lon="2.021739">
        <ele>31.4</ele>
      </trkpt>
      <trkpt lat="48.95327" lon="2.02168">
        <ele>31.7</ele>
      </trkpt>
      <trkpt lat="48.95361" lon="2.02144">
        <ele>31.7</ele>
      </trkpt>
      <trkpt lat="48.95424" lon="2.020989">
        <ele>29.9</ele>
      </trkpt>
      <trkpt lat="48.95453" lon="2.02077">
        <ele>29.3</ele>
      </trkpt>
      <trkpt lat="48.954659" lon="2.02069">
        <ele>29.3</ele>
      </trkpt>
      <trkpt lat="48.95467" lon="2.0207">
        <ele>29.3</ele>
      </trkpt>
      <trkpt lat="48.95467" lon="2.020709">
        <ele>29.4</ele>
      </trkpt>
      <trkpt lat="48.95468" lon="2.020709">
        <ele>29.4</ele>
      </trkpt>
      <trkpt lat="48.95468" lon="2.020719">
        <ele>29.4</ele>
      </trkpt>
      <trkpt lat="48.95469" lon="2.020719">
        <ele>29.4</ele>
      </trkpt>
      <trkpt lat="48.95469" lon="2.02073">
        <ele>29.4</ele>
      </trkpt>
      <trkpt lat="48.9547" lon="2.02073">
        <ele>29.4</ele>
      </trkpt>
      <trkpt lat="48.95471" lon="2.02073">
        <ele>29.4</ele>
      </trkpt>
      <trkpt lat="48.95472" lon="2.02074">
        <ele>29.5</ele>
      </trkpt>
      <trkpt lat="48.95473" lon="2.02074">
        <ele>29.5</ele>
      </trkpt>
      <trkpt lat="48.95474" lon="2.02074">
        <ele>29.5</ele>
      </trkpt>
      <trkpt lat="48.95475" lon="2.02073">
        <ele>29.5</ele>
      </trkpt>
      <trkpt lat="48.95476" lon="2.02073">
        <ele>29.5</ele>
      </trkpt>
      <trkpt lat="48.95477" lon="2.02073">
        <ele>29.5</ele>
      </trkpt>
      <trkpt lat="48.95477" lon="2.020719">
        <ele>29.5</ele>
      </trkpt>
      <trkpt lat="48.95478" lon="2.020719">
        <ele>29.5</ele>
      </trkpt>
      <trkpt lat="48.95479" lon="2.020709">
        <ele>29.5</ele>
      </trkpt>
      <trkpt lat="48.9548" lon="2.0207">
        <ele>29.5</ele>
      </trkpt>
      <trkpt lat="48.95481" lon="2.02069">
        <ele>29.5</ele>
      </trkpt>
      <trkpt lat="48.95481" lon="2.02068">
        <ele>29.4</ele>
      </trkpt>
      <trkpt lat="48.95482" lon="2.02067">
        <ele>29.4</ele>
      </trkpt>
      <trkpt lat="48.95482" lon="2.02066">
        <ele>29.4</ele>
      </trkpt>
      <trkpt lat="48.95483" lon="2.02066">
        <ele>29.4</ele>
      </trkpt>
      <trkpt lat="48.95483" lon="2.020649">
        <ele>29.4</ele>
      </trkpt>
      <trkpt lat="48.95483" lon="2.02064">
        <ele>29.4</ele>
      </trkpt>
      <trkpt lat="48.95483" lon="2.02063">
        <ele>29.4</ele>
      </trkpt>
      <trkpt lat="48.95484" lon="2.02062">
        <ele>29.3</ele>
      </trkpt>
      <trkpt lat="48.95484" lon="2.02061">
        <ele>29.3</ele>
      </trkpt>
      <trkpt lat="48.95484" lon="2.0206">
        <ele>29.3</ele>
      </trkpt>
      <trkpt lat="48.95484" lon="2.02059">
        <ele>29.3</ele>
      </trkpt>
      <trkpt lat="48.95484" lon="2.020579">
        <ele>29.3</ele>
      </trkpt>
      <trkpt lat="48.95484" lon="2.02057">
        <ele>29.2</ele>
      </trkpt>
      <trkpt lat="48.95484" lon="2.02056">
        <ele>29.2</ele>
      </trkpt>
      <trkpt lat="48.95484" lon="2.02055">
        <ele>29.2</ele>
      </trkpt>
      <trkpt lat="48.95484" lon="2.02054">
        <ele>29.2</ele>
      </trkpt>
      <trkpt lat="48.95493" lon="2.02048">
        <ele>29.1</ele>
      </trkpt>
      <trkpt lat="48.95527" lon="2.02023">
        <ele>29.0</ele>
      </trkpt>
      <trkpt lat="48.95583" lon="2.019839">
        <ele>29.6</ele>
      </trkpt>
      <trkpt lat="48.95586" lon="2.01982">
        <ele>29.6</ele>
      </trkpt>
      <trkpt lat="48.95625" lon="2.01954">
        <ele>29.7</ele>
      </trkpt>
      <trkpt lat="48.9565" lon="2.019359">
        <ele>29.9</ele>
      </trkpt>
      <trkpt lat="48.95666" lon="2.01924">
        <ele>30.1</ele>
      </trkpt>
      <trkpt lat="48.95674" lon="2.01919">
        <ele>30.2</ele>
      </trkpt>
      <trkpt lat="48.95711" lon="2.01892">
        <ele>30.9</ele>
      </trkpt>
      <trkpt lat="48.95771" lon="2.01845">
        <ele>30.6</ele>
      </trkpt>
      <trkpt lat="48.95808" lon="2.01818">
        <ele>30.3</ele>
      </trkpt>
      <trkpt lat="48.95829" lon="2.01802">
        <ele>30.2</ele>
      </trkpt>
      <trkpt lat="48.9585" lon="2.01788">
        <ele>30.4</ele>
      </trkpt>
      <trkpt lat="48.95857" lon="2.01782">
        <ele>30.4</ele>
      </trkpt>
      <trkpt lat="48.95866" lon="2.01775">
        <ele>30.5</ele>
      </trkpt>
      <trkpt lat="48.95867" lon="2.01775">
        <ele>30.5</ele>
      </trkpt>
      <trkpt lat="48.95872" lon="2.01771">
        <ele>30.5</ele>
      </trkpt>
      <trkpt lat="48.95878" lon="2.017669">
        <ele>30.6</ele>
      </trkpt>
      <trkpt lat="48.95878" lon="2.017659">
        <ele>30.6</ele>
      </trkpt>
      <trkpt lat="48.958799" lon="2.01762">
        <ele>30.5</ele>
      </trkpt>
      <trkpt lat="48.95905" lon="2.01744">
        <ele>30.6</ele>
      </trkpt>
      <trkpt lat="48.959449" lon="2.01715">
        <ele>31.2</ele>
      </trkpt>
      <trkpt lat="48.95995" lon="2.016789">
        <ele>31.5</ele>
      </trkpt>
      <trkpt lat="48.96027" lon="2.01656">
        <ele>30.7</ele>
      </trkpt>
      <trkpt lat="48.9611" lon="2.01595">
        <ele>30.0</ele>
      </trkpt>
      <trkpt lat="48.96319" lon="2.01444">
        <ele>28.9</ele>
      </trkpt>
      <trkpt lat="48.96365" lon="2.0141">
        <ele>27.7</ele>
      </trkpt>
      <trkpt lat="48.96403" lon="2.01382">
        <ele>27.2</ele>
      </trkpt>
      <trkpt lat="48.96439" lon="2.01357">
        <ele>26.8</ele>
      </trkpt>
      <trkpt lat="48.9646" lon="2.01341">
        <ele>26.5</ele>
      </trkpt>
      <trkpt lat="48.96468" lon="2.01338">
        <ele>26.4</ele>
      </trkpt>
      <trkpt lat="48.96475" lon="2.01334">
        <ele>26.3</ele>
      </trkpt>
      <trkpt lat="48.96481" lon="2.01331">
        <ele>26.3</ele>
      </trkpt>
      <trkpt lat="48.96487" lon="2.01329">
        <ele>26.2</ele>
      </trkpt>
      <trkpt lat="48.965" lon="2.01324">
        <ele>26.1</ele>
      </trkpt>
      <trkpt lat="48.965" lon="2.01324">
        <ele>26.1</ele>
      </trkpt>
      <trkpt lat="48.96502" lon="2.013259">
        <ele>26.1</ele>
      </trkpt>
      <trkpt lat="48.96504" lon="2.01327">
        <ele>26.1</ele>
      </trkpt>
      <trkpt lat="48.96506" lon="2.01329">
        <ele>26.1</ele>
      </trkpt>
      <trkpt lat="48.96507" lon="2.0133">
        <ele>26.1</ele>
      </trkpt>
      <trkpt lat="48.965089" lon="2.01331">
        <ele>26.1</ele>
      </trkpt>
      <trkpt lat="48.96511" lon="2.01331">
        <ele>26.2</ele>
      </trkpt>
      <trkpt lat="48.96513" lon="2.01332">
        <ele>26.2</ele>
      </trkpt>
      <trkpt lat="48.96515" lon="2.01332">
        <ele>26.2</ele>
      </trkpt>
      <trkpt lat="48.965179" lon="2.01332">
        <ele>26.2</ele>
      </trkpt>
      <trkpt lat="48.96521" lon="2.01331">
        <ele>26.3</ele>
      </trkpt>
      <trkpt lat="48.96523" lon="2.0133">
        <ele>26.3</ele>
      </trkpt>
      <trkpt lat="48.96525" lon="2.01329">
        <ele>26.3</ele>
      </trkpt>
      <trkpt lat="48.965269" lon="2.01327">
        <ele>26.4</ele>
      </trkpt>
      <trkpt lat="48.9653" lon="2.01325">
        <ele>26.4</ele>
      </trkpt>
      <trkpt lat="48.96532" lon="2.01323">
        <ele>26.4</ele>
      </trkpt>
      <trkpt lat="48.96533" lon="2.013199">
        <ele>26.4</ele>
      </trkpt>
      <trkpt lat="48.96535" lon="2.01317">
        <ele>26.5</ele>
      </trkpt>
      <trkpt lat="48.965359" lon="2.01314">
        <ele>26.5</ele>
      </trkpt>
      <trkpt lat="48.96537" lon="2.013119">
        <ele>26.5</ele>
      </trkpt>
      <trkpt lat="48.96537" lon="2.01309">
        <ele>26.5</ele>
      </trkpt>
      <trkpt lat="48.96538" lon="2.01307">
        <ele>26.5</ele>
      </trkpt>
      <trkpt lat="48.96538" lon="2.01304">
        <ele>26.5</ele>
      </trkpt>
      <trkpt lat="48.96538" lon="2.01301">
        <ele>26.5</ele>
      </trkpt>
      <trkpt lat="48.96538" lon="2.01298">
        <ele>26.5</ele>
      </trkpt>
      <trkpt lat="48.96538" lon="2.01296">
        <ele>26.5</ele>
      </trkpt>
      <trkpt lat="48.96546" lon="2.01287">
        <ele>26.5</ele>
      </trkpt>
      <trkpt lat="48.96548" lon="2.01284">
        <ele>26.5</ele>
      </trkpt>
      <trkpt lat="48.96553" lon="2.012789">
        <ele>26.5</ele>
      </trkpt>
      <trkpt lat="48.96558" lon="2.01274">
        <ele>26.4</ele>
      </trkpt>
      <trkpt lat="48.96567" lon="2.01267">
        <ele>26.3</ele>
      </trkpt>
      <trkpt lat="48.96589" lon="2.012509">
        <ele>25.9</ele>
      </trkpt>
      <trkpt lat="48.96595" lon="2.01243">
        <ele>25.9</ele>
      </trkpt>
      <trkpt lat="48.96618" lon="2.01226">
        <ele>25.7</ele>
      </trkpt>
      <trkpt lat="48.96642" lon="2.01209">
        <ele>25.6</ele>
      </trkpt>
      <trkpt lat="48.9668" lon="2.01182">
        <ele>26.0</ele>
      </trkpt>
      <trkpt lat="48.96707" lon="2.01162">
        <ele>26.4</ele>
      </trkpt>
      <trkpt lat="48.967239" lon="2.011499">
        <ele>26.4</ele>
      </trkpt>
      <trkpt lat="48.96781" lon="2.01108">
        <ele>26.9</ele>
      </trkpt>
      <trkpt lat="48.96794" lon="2.01107">
        <ele>27.1</ele>
      </trkpt>
      <trkpt lat="48.96805" lon="2.011">
        <ele>27.1</ele>
      </trkpt>
      <trkpt lat="48.96829" lon="2.01084">
        <ele>27.0</ele>
      </trkpt>
      <trkpt lat="48.96851" lon="2.010679">
        <ele>27.6</ele>
      </trkpt>
      <trkpt lat="48.96866" lon="2.01057">
        <ele>28.0</ele>
      </trkpt>
      <trkpt lat="48.96896" lon="2.01032">
        <ele>28.5</ele>
      </trkpt>
      <trkpt lat="48.96938" lon="2.00998">
        <ele>28.8</ele>
      </trkpt>
      <trkpt lat="48.96971" lon="2.009729">
        <ele>29.5</ele>
      </trkpt>
      <trkpt lat="48.9698" lon="2.009659">
        <ele>29.7</ele>
      </trkpt>
      <trkpt lat="48.96985" lon="2.00962">
        <ele>29.7</ele>
      </trkpt>
      <trkpt lat="48.9699" lon="2.00957">
        <ele>29.7</ele>
      </trkpt>
      <trkpt lat="48.96994" lon="2.009529">
        <ele>29.7</ele>
      </trkpt>
      <trkpt lat="48.96999" lon="2.009469">
        <ele>29.7</ele>
      </trkpt>
      <trkpt lat="48.97002" lon="2.00944">
        <ele>29.6</ele>
      </trkpt>
      <trkpt lat="48.97005" lon="2.00942">
        <ele>29.6</ele>
      </trkpt>
      <trkpt lat="48.97008" lon="2.00941">
        <ele>29.5</ele>
      </trkpt>
      <trkpt lat="48.97011" lon="2.009389">
        <ele>29.4</ele>
      </trkpt>
      <trkpt lat="48.970149" lon="2.00938">
        <ele>29.4</ele>
      </trkpt>
      <trkpt lat="48.97021" lon="2.00936">
        <ele>29.3</ele>
      </trkpt>
      <trkpt lat="48.9703" lon="2.009329">
        <ele>29.1</ele>
      </trkpt>
      <trkpt lat="48.97034" lon="2.00932">
        <ele>29.0</ele>
      </trkpt>
      <trkpt lat="48.97037" lon="2.0093">
        <ele>28.9</ele>
      </trkpt>
      <trkpt lat="48.97039" lon="2.00929">
        <ele>28.9</ele>
      </trkpt>
      <trkpt lat="48.97042" lon="2.009259">
        <ele>28.8</ele>
      </trkpt>
      <trkpt lat="48.97046" lon="2.00923">
        <ele>28.6</ele>
      </trkpt>
      <trkpt lat="48.97049" lon="2.009199">
        <ele>28.5</ele>
      </trkpt>
      <trkpt lat="48.970529" lon="2.00915">
        <ele>28.3</ele>
      </trkpt>
      <trkpt lat="48.97056" lon="2.009129">
        <ele>28.3</ele>
      </trkpt>
      <trkpt lat="48.9706" lon="2.00909">
        <ele>28.2</ele>
      </trkpt>
      <trkpt lat="48.97069" lon="2.00902">
        <ele>28.0</ele>
      </trkpt>
      <trkpt lat="48.9709" lon="2.008859">
        <ele>27.8</ele>
      </trkpt>
      <trkpt lat="48.97094" lon="2.0088">
        <ele>27.9</ele>
      </trkpt>
      <trkpt lat="48.97146" lon="2.00842">
        <ele>28.7</ele>
      </trkpt>
      <trkpt lat="48.97155" lon="2.00836">
        <ele>28.8</ele>
      </trkpt>
      <trkpt lat="48.9718" lon="2.008169">
        <ele>28.4</ele>
      </trkpt>
      <trkpt lat="48.971939" lon="2.00807">
        <ele>28.2</ele>
      </trkpt>
      <trkpt lat="48.97219" lon="2.00789">
        <ele>27.7</ele>
      </trkpt>
      <trkpt lat="48.97249" lon="2.00768">
        <ele>27.4</ele>
      </trkpt>
      <trkpt lat="48.97284" lon="2.00742">
        <ele>28.1</ele>
      </trkpt>
      <trkpt lat="48.97303" lon="2.00728">
        <ele>28.7</ele>
      </trkpt>
      <trkpt lat="48.97319" lon="2.00717">
        <ele>29.3</ele>
      </trkpt>
      <trkpt lat="48.97334" lon="2.00707">
        <ele>30.0</ele>
      </trkpt>
      <trkpt lat="48.97343" lon="2.007019">
        <ele>30.0</ele>
      </trkpt>
      <trkpt lat="48.97352" lon="2.00698">
        <ele>29.9</ele>
      </trkpt>
      <trkpt lat="48.97368" lon="2.00694">
        <ele>29.9</ele>
      </trkpt>
      <trkpt lat="48.97387" lon="2.00688">
        <ele>29.7</ele>
      </trkpt>
      <trkpt lat="48.97405" lon="2.00684">
        <ele>29.5</ele>
      </trkpt>
      <trkpt lat="48.97422" lon="2.0068">
        <ele>29.4</ele>
      </trkpt>
      <trkpt lat="48.97455" lon="2.006759">
        <ele>29.7</ele>
      </trkpt>
      <trkpt lat="48.97498" lon="2.006679">
        <ele>30.0</ele>
      </trkpt>
      <trkpt lat="48.97523" lon="2.00665">
        <ele>30.5</ele>
      </trkpt>
      <trkpt lat="48.97546" lon="2.006609">
        <ele>31.0</ele>
      </trkpt>
      <trkpt lat="48.97557" lon="2.00659">
        <ele>31.2</ele>
      </trkpt>
      <trkpt lat="48.975679" lon="2.00656">
        <ele>31.4</ele>
      </trkpt>
      <trkpt lat="48.97575" lon="2.00654">
        <ele>31.5</ele>
      </trkpt>
      <trkpt lat="48.97582" lon="2.00652">
        <ele>31.6</ele>
      </trkpt>
      <trkpt lat="48.975879" lon="2.006479">
        <ele>31.8</ele>
      </trkpt>
      <trkpt lat="48.97595" lon="2.00645">
        <ele>32.0</ele>
      </trkpt>
      <trkpt lat="48.97605" lon="2.00638">
        <ele>32.2</ele>
      </trkpt>
      <trkpt lat="48.97638" lon="2.00613">
        <ele>32.5</ele>
      </trkpt>
      <trkpt lat="48.97657" lon="2.00595">
        <ele>32.3</ele>
      </trkpt>
      <trkpt lat="48.976819" lon="2.005739">
        <ele>32.1</ele>
      </trkpt>
      <trkpt lat="48.97697" lon="2.00561">
        <ele>32.0</ele>
      </trkpt>
      <trkpt lat="48.97699" lon="2.00559">
        <ele>32.0</ele>
      </trkpt>
      <trkpt lat="48.976999" lon="2.00558">
        <ele>32.0</ele>
      </trkpt>
      <trkpt lat="48.97701" lon="2.00556">
        <ele>31.9</ele>
      </trkpt>
      <trkpt lat="48.97703" lon="2.005529">
        <ele>31.9</ele>
      </trkpt>
      <trkpt lat="48.9772" lon="2.005199">
        <ele>30.9</ele>
      </trkpt>
      <trkpt lat="48.97723" lon="2.00515">
        <ele>30.7</ele>
      </trkpt>
      <trkpt lat="48.97726" lon="2.00511">
        <ele>30.7</ele>
      </trkpt>
      <trkpt lat="48.97729" lon="2.00507">
        <ele>30.6</ele>
      </trkpt>
      <trkpt lat="48.97732" lon="2.00503">
        <ele>30.5</ele>
      </trkpt>
      <trkpt lat="48.97735" lon="2.005">
        <ele>30.5</ele>
      </trkpt>
      <trkpt lat="48.97737" lon="2.00498">
        <ele>30.4</ele>
      </trkpt>
      <trkpt lat="48.97739" lon="2.00496">
        <ele>30.3</ele>
      </trkpt>
      <trkpt lat="48.97742" lon="2.00494">
        <ele>30.3</ele>
      </trkpt>
      <trkpt lat="48.977469" lon="2.00491">
        <ele>30.3</ele>
      </trkpt>
      <trkpt lat="48.97754" lon="2.00487">
        <ele>30.2</ele>
      </trkpt>
      <trkpt lat="48.97771" lon="2.00476">
        <ele>30.0</ele>
      </trkpt>
      <trkpt lat="48.9778" lon="2.004719">
        <ele>30.1</ele>
      </trkpt>
      <trkpt lat="48.97787" lon="2.00469">
        <ele>30.1</ele>
      </trkpt>
      <trkpt lat="48.97797" lon="2.004649">
        <ele>30.2</ele>
      </trkpt>
      <trkpt lat="48.9781" lon="2.00461">
        <ele>30.4</ele>
      </trkpt>
      <trkpt lat="48.9784" lon="2.004519">
        <ele>30.9</ele>
      </trkpt>
      <trkpt lat="48.97849" lon="2.00449">
        <ele>31.2</ele>
      </trkpt>
      <trkpt lat="48.97864" lon="2.00444">
        <ele>31.6</ele>
      </trkpt>
      <trkpt lat="48.97871" lon="2.00442">
        <ele>31.8</ele>
      </trkpt>
      <trkpt lat="48.97876" lon="2.0044">
        <ele>31.9</ele>
      </trkpt>
      <trkpt lat="48.97881" lon="2.004379">
        <ele>32.0</ele>
      </trkpt>
      <trkpt lat="48.97887" lon="2.00434">
        <ele>32.0</ele>
      </trkpt>
      <trkpt lat="48.9791" lon="2.00419">
        <ele>31.9</ele>
      </trkpt>
      <trkpt lat="48.97918" lon="2.00415">
        <ele>31.9</ele>
      </trkpt>
      <trkpt lat="48.979349" lon="2.00407">
        <ele>31.7</ele>
      </trkpt>
      <trkpt lat="48.979439" lon="2.00403">
        <ele>31.6</ele>
      </trkpt>
      <trkpt lat="48.97951" lon="2.00401">
        <ele>31.6</ele>
      </trkpt>
      <trkpt lat="48.97955" lon="2.00399">
        <ele>31.5</ele>
      </trkpt>
      <trkpt lat="48.97977" lon="2.00392">
        <ele>31.3</ele>
      </trkpt>
      <trkpt lat="48.97986" lon="2.00389">
        <ele>31.2</ele>
      </trkpt>
      <trkpt lat="48.98001" lon="2.003829">
        <ele>31.0</ele>
      </trkpt>
      <trkpt lat="48.98026" lon="2.00373">
        <ele>31.6</ele>
      </trkpt>
      <trkpt lat="48.98042" lon="2.00368">
        <ele>32.1</ele>
      </trkpt>
      <trkpt lat="48.98049" lon="2.003639">
        <ele>32.2</ele>
      </trkpt>
      <trkpt lat="48.98055" lon="2.00361">
        <ele>32.3</ele>
      </trkpt>
      <trkpt lat="48.98073" lon="2.00348">
        <ele>32.4</ele>
      </trkpt>
      <trkpt lat="48.98079" lon="2.003429">
        <ele>32.4</ele>
      </trkpt>
      <trkpt lat="48.98092" lon="2.00333">
        <ele>32.5</ele>
      </trkpt>
      <trkpt lat="48.981029" lon="2.00325">
        <ele>32.7</ele>
      </trkpt>
      <trkpt lat="48.98139" lon="2.00298">
        <ele>33.2</ele>
      </trkpt>
      <trkpt lat="48.98163" lon="2.00279">
        <ele>33.5</ele>
      </trkpt>
      <trkpt lat="48.981879" lon="2.00259">
        <ele>35.0</ele>
      </trkpt>
      <trkpt lat="48.981969" lon="2.0025">
        <ele>35.6</ele>
      </trkpt>
      <trkpt lat="48.98207" lon="2.00239">
        <ele>35.8</ele>
      </trkpt>
      <trkpt lat="48.98234" lon="2.002079">
        <ele>35.7</ele>
      </trkpt>
      <trkpt lat="48.98246" lon="2.00193">
        <ele>35.4</ele>
      </trkpt>
      <trkpt lat="48.98271" lon="2.00165">
        <ele>35.1</ele>
      </trkpt>
      <trkpt lat="48.98364" lon="2.000589">
        <ele>35.1</ele>
      </trkpt>
      <trkpt lat="48.98372" lon="2.000509">
        <ele>34.9</ele>
      </trkpt>
      <trkpt lat="48.98391" lon="2.000319">
        <ele>34.7</ele>
      </trkpt>
      <trkpt lat="48.98415" lon="2.00001">
        <ele>33.9</ele>
      </trkpt>
      <trkpt lat="48.98437" lon="1.99971">
        <ele>33.8</ele>
      </trkpt>
      <trkpt lat="48.98501" lon="1.99885">
        <ele>32.9</ele>
      </trkpt>
      <trkpt lat="48.98578" lon="1.99781">
        <ele>32.9</ele>
      </trkpt>
      <trkpt lat="48.98589" lon="1.99766">
        <ele>32.6</ele>
      </trkpt>
      <trkpt lat="48.98604" lon="1.99746">
        <ele>33.0</ele>
      </trkpt>
      <trkpt lat="48.986379" lon="1.99701">
        <ele>33.5</ele>
      </trkpt>
      <trkpt lat="48.98654" lon="1.9968">
        <ele>32.7</ele>
      </trkpt>
      <trkpt lat="48.98822" lon="1.99454">
        <ele>34.5</ele>
      </trkpt>
      <trkpt lat="48.98824" lon="1.99451">
        <ele>34.5</ele>
      </trkpt>
      <trkpt lat="48.98827" lon="1.99446">
        <ele>34.5</ele>
      </trkpt>
      <trkpt lat="48.98951" lon="1.9928">
        <ele>33.3</ele>
      </trkpt>
      <trkpt lat="48.98973" lon="1.9925">
        <ele>32.0</ele>
      </trkpt>
      <trkpt lat="48.989759" lon="1.99247">
        <ele>32.0</ele>
      </trkpt>
      <trkpt lat="48.99011" lon="1.99199">
        <ele>32.1</ele>
      </trkpt>
      <trkpt lat="48.990319" lon="1.99171">
        <ele>31.8</ele>
      </trkpt>
      <trkpt lat="48.99062" lon="1.99132">
        <ele>30.6</ele>
      </trkpt>
      <trkpt lat="48.99119" lon="1.99054">
        <ele>32.0</ele>
      </trkpt>
      <trkpt lat="48.99197" lon="1.9895">
        <ele>32.3</ele>
      </trkpt>
      <trkpt lat="48.99271" lon="1.9885">
        <ele>31.0</ele>
      </trkpt>
      <trkpt lat="48.99284" lon="1.98832">
        <ele>31.0</ele>
      </trkpt>
      <trkpt lat="48.99298" lon="1.98813">
        <ele>31.2</ele>
      </trkpt>
      <trkpt lat="48.99452" lon="1.98606">
        <ele>31.2</ele>
      </trkpt>
      <trkpt lat="48.994549" lon="1.98602">
        <ele>31.1</ele>
      </trkpt>
      <trkpt lat="48.99465" lon="1.98592">
        <ele>31.0</ele>
      </trkpt>
      <trkpt lat="48.99499" lon="1.98548">
        <ele>30.4</ele>
      </trkpt>
      <trkpt lat="48.99529" lon="1.98507">
        <ele>31.5</ele>
      </trkpt>
      <trkpt lat="48.99566" lon="1.98457">
        <ele>32.2</ele>
      </trkpt>
      <trkpt lat="48.99589" lon="1.98429">
        <ele>31.7</ele>
      </trkpt>
      <trkpt lat="48.99648" lon="1.98347">
        <ele>31.2</ele>
      </trkpt>
      <trkpt lat="48.99655" lon="1.98335">
        <ele>30.7</ele>
      </trkpt>
      <trkpt lat="48.99659" lon="1.98327">
        <ele>30.5</ele>
      </trkpt>
      <trkpt lat="48.99662" lon="1.98321">
        <ele>30.4</ele>
      </trkpt>
      <trkpt lat="48.99669" lon="1.98311">
        <ele>30.5</ele>
      </trkpt>
      <trkpt lat="48.99674" lon="1.98303">
        <ele>30.8</ele>
      </trkpt>
      <trkpt lat="48.99689" lon="1.98275">
        <ele>31.1</ele>
      </trkpt>
      <trkpt lat="48.99697" lon="1.98261">
        <ele>30.9</ele>
      </trkpt>
      <trkpt lat="48.99762" lon="1.98132">
        <ele>27.0</ele>
      </trkpt>
      <trkpt lat="48.99765" lon="1.98125">
        <ele>27.0</ele>
      </trkpt>
      <trkpt lat="48.99859" lon="1.97943">
        <ele>25.7</ele>
      </trkpt>
      <trkpt lat="48.99964" lon="1.9774">
        <ele>24.3</ele>
      </trkpt>
      <trkpt lat="48.99967" lon="1.97735">
        <ele>24.5</ele>
      </trkpt>
      <trkpt lat="48.9997" lon="1.97728">
        <ele>24.6</ele>
      </trkpt>
      <trkpt lat="48.99983" lon="1.97703">
        <ele>25.0</ele>
      </trkpt>
      <trkpt lat="49.0003" lon="1.97613">
        <ele>25.7</ele>
      </trkpt>
      <trkpt lat="49.00064" lon="1.97547">
        <ele>24.2</ele>
      </trkpt>
      <trkpt lat="49.0008" lon="1.97517">
        <ele>23.5</ele>
      </trkpt>
      <trkpt lat="49.00086" lon="1.97506">
        <ele>23.5</ele>
      </trkpt>
      <trkpt lat="49.0009" lon="1.975">
        <ele>23.7</ele>
      </trkpt>
      <trkpt lat="49.00098" lon="1.97487">
        <ele>24.3</ele>
      </trkpt>
      <trkpt lat="49.00116" lon="1.9746">
        <ele>25.1</ele>
      </trkpt>
      <trkpt lat="49.00145" lon="1.9742">
        <ele>25.1</ele>
      </trkpt>
      <trkpt lat="49.00166" lon="1.97391">
        <ele>25.0</ele>
      </trkpt>
      <trkpt lat="49.00197" lon="1.97347">
        <ele>25.2</ele>
      </trkpt>
      <trkpt lat="49.00203" lon="1.97338">
        <ele>25.0</ele>
      </trkpt>
      <trkpt lat="49.00212" lon="1.97326">
        <ele>25.0</ele>
      </trkpt>
      <trkpt lat="49.00216" lon="1.97319">
        <ele>25.1</ele>
      </trkpt>
      <trkpt lat="49.002249" lon="1.97307">
        <ele>25.1</ele>
      </trkpt>
      <trkpt lat="49.0024" lon="1.97286">
        <ele>25.0</ele>
      </trkpt>
      <trkpt lat="49.00244" lon="1.97277">
        <ele>24.8</ele>
      </trkpt>
      <trkpt lat="49.00251" lon="1.97265">
        <ele>24.6</ele>
      </trkpt>
      <trkpt lat="49.00258" lon="1.97247">
        <ele>24.6</ele>
      </trkpt>
      <trkpt lat="49.00262" lon="1.97235">
        <ele>24.8</ele>
      </trkpt>
      <trkpt lat="49.00271" lon="1.97211">
        <ele>25.1</ele>
      </trkpt>
      <trkpt lat="49.00287" lon="1.9717">
        <ele>25.3</ele>
      </trkpt>
      <trkpt lat="49.00304" lon="1.97124">
        <ele>26.1</ele>
      </trkpt>
      <trkpt lat="49.00316" lon="1.97092">
        <ele>26.8</ele>
      </trkpt>
      <trkpt lat="49.00327" lon="1.97061">
        <ele>27.0</ele>
      </trkpt>
      <trkpt lat="49.00333" lon="1.97044">
        <ele>27.0</ele>
      </trkpt>
      <trkpt lat="49.00338" lon="1.97033">
        <ele>27.1</ele>
      </trkpt>
      <trkpt lat="49.00342" lon="1.97022">
        <ele>27.1</ele>
      </trkpt>
      <trkpt lat="49.00345" lon="1.97012">
        <ele>27.0</ele>
      </trkpt>
      <trkpt lat="49.00354" lon="1.96989">
        <ele>27.0</ele>
      </trkpt>
      <trkpt lat="49.00362" lon="1.96965">
        <ele>26.9</ele>
      </trkpt>
      <trkpt lat="49.00367" lon="1.96953">
        <ele>26.9</ele>
      </trkpt>
      <trkpt lat="49.00371" lon="1.96948">
        <ele>27.0</ele>
      </trkpt>
      <trkpt lat="49.003749" lon="1.96938">
        <ele>27.0</ele>
      </trkpt>
      <trkpt lat="49.003839" lon="1.96914">
        <ele>27.0</ele>
      </trkpt>
      <trkpt lat="49.00394" lon="1.96887">
        <ele>26.7</ele>
      </trkpt>
      <trkpt lat="49.00401" lon="1.96868">
        <ele>26.4</ele>
      </trkpt>
      <trkpt lat="49.00411" lon="1.96839">
        <ele>25.9</ele>
      </trkpt>
      <trkpt lat="49.00412" lon="1.9683">
        <ele>25.7</ele>
      </trkpt>
      <trkpt lat="49.00416" lon="1.9682">
        <ele>25.7</ele>
      </trkpt>
      <trkpt lat="49.00421" lon="1.96805">
        <ele>25.8</ele>
      </trkpt>
      <trkpt lat="49.00432" lon="1.96777">
        <ele>26.4</ele>
      </trkpt>
      <trkpt lat="49.00442" lon="1.9675">
        <ele>26.7</ele>
      </trkpt>
      <trkpt lat="49.00454" lon="1.9672">
        <ele>27.0</ele>
      </trkpt>
      <trkpt lat="49.00454" lon="1.9672">
        <ele>27.0</ele>
      </trkpt>
      <trkpt lat="49.00455" lon="1.9672">
        <ele>27.1</ele>
      </trkpt>
      <trkpt lat="49.00455" lon="1.96721">
        <ele>27.1</ele>
      </trkpt>
      <trkpt lat="49.00456" lon="1.96721">
        <ele>27.2</ele>
      </trkpt>
      <trkpt lat="49.00457" lon="1.96721">
        <ele>27.3</ele>
      </trkpt>
      <trkpt lat="49.00458" lon="1.96721">
        <ele>27.4</ele>
      </trkpt>
      <trkpt lat="49.00459" lon="1.96721">
        <ele>27.5</ele>
      </trkpt>
      <trkpt lat="49.0046" lon="1.9672">
        <ele>27.6</ele>
      </trkpt>
      <trkpt lat="49.00461" lon="1.9672">
        <ele>27.7</ele>
      </trkpt>
      <trkpt lat="49.00461" lon="1.96719">
        <ele>27.7</ele>
      </trkpt>
      <trkpt lat="49.00462" lon="1.96719">
        <ele>27.7</ele>
      </trkpt>
      <trkpt lat="49.00462" lon="1.96718">
        <ele>27.7</ele>
      </trkpt>
      <trkpt lat="49.00462" lon="1.96717">
        <ele>27.7</ele>
      </trkpt>
      <trkpt lat="49.00463" lon="1.96717">
        <ele>27.8</ele>
      </trkpt>
      <trkpt lat="49.00463" lon="1.96716">
        <ele>27.7</ele>
      </trkpt>
      <trkpt lat="49.00463" lon="1.96715">
        <ele>27.7</ele>
      </trkpt>
      <trkpt lat="49.00463" lon="1.96714">
        <ele>27.7</ele>
      </trkpt>
      <trkpt lat="49.00463" lon="1.96713">
        <ele>27.6</ele>
      </trkpt>
      <trkpt lat="49.00464" lon="1.96713">
        <ele>27.7</ele>
      </trkpt>
      <trkpt lat="49.00464" lon="1.96712">
        <ele>27.7</ele>
      </trkpt>
      <trkpt lat="49.00464" lon="1.96711">
        <ele>27.6</ele>
      </trkpt>
      <trkpt lat="49.00463" lon="1.96711">
        <ele>27.5</ele>
      </trkpt>
      <trkpt lat="49.00463" lon="1.9671">
        <ele>27.5</ele>
      </trkpt>
      <trkpt lat="49.00463" lon="1.96709">
        <ele>27.5</ele>
      </trkpt>
      <trkpt lat="49.00463" lon="1.96708">
        <ele>27.4</ele>
      </trkpt>
      <trkpt lat="49.00463" lon="1.96707">
        <ele>27.4</ele>
      </trkpt>
      <trkpt lat="49.00462" lon="1.96707">
        <ele>27.3</ele>
      </trkpt>
      <trkpt lat="49.00462" lon="1.96706">
        <ele>27.3</ele>
      </trkpt>
      <trkpt lat="49.00462" lon="1.96705">
        <ele>27.2</ele>
      </trkpt>
      <trkpt lat="49.00461" lon="1.96705">
        <ele>27.1</ele>
      </trkpt>
      <trkpt lat="49.00461" lon="1.96704">
        <ele>27.1</ele>
      </trkpt>
      <trkpt lat="49.0046" lon="1.96704">
        <ele>27.0</ele>
      </trkpt>
      <trkpt lat="49.0046" lon="1.96703">
        <ele>27.0</ele>
      </trkpt>
      <trkpt lat="49.00459" lon="1.96703">
        <ele>26.9</ele>
      </trkpt>
      <trkpt lat="49.00458" lon="1.96703">
        <ele>26.8</ele>
      </trkpt>
      <trkpt lat="49.00457" lon="1.96703">
        <ele>26.7</ele>
      </trkpt>
      <trkpt lat="49.00456" lon="1.96703">
        <ele>26.6</ele>
      </trkpt>
      <trkpt lat="49.00455" lon="1.96703">
        <ele>26.5</ele>
      </trkpt>
      <trkpt lat="49.00455" lon="1.96704">
        <ele>26.5</ele>
      </trkpt>
      <trkpt lat="49.00454" lon="1.96704">
        <ele>26.4</ele>
      </trkpt>
      <trkpt lat="49.00454" lon="1.96705">
        <ele>26.5</ele>
      </trkpt>
      <trkpt lat="49.00453" lon="1.96705">
        <ele>26.4</ele>
      </trkpt>
      <trkpt lat="49.00453" lon="1.96706">
        <ele>26.4</ele>
      </trkpt>
      <trkpt lat="49.00452" lon="1.96707">
        <ele>26.3</ele>
      </trkpt>
      <trkpt lat="49.00452" lon="1.96708">
        <ele>26.4</ele>
      </trkpt>
      <trkpt lat="49.00452" lon="1.96709">
        <ele>26.4</ele>
      </trkpt>
      <trkpt lat="49.00452" lon="1.9671">
        <ele>26.5</ele>
      </trkpt>
      <trkpt lat="49.00451" lon="1.9671">
        <ele>26.4</ele>
      </trkpt>
      <trkpt lat="49.00451" lon="1.96711">
        <ele>26.4</ele>
      </trkpt>
      <trkpt lat="49.00451" lon="1.96712">
        <ele>26.4</ele>
      </trkpt>
      <trkpt lat="49.00451" lon="1.96713">
        <ele>26.5</ele>
      </trkpt>
      <trkpt lat="49.00451" lon="1.96714">
        <ele>26.5</ele>
      </trkpt>
      <trkpt lat="49.00452" lon="1.96714">
        <ele>26.6</ele>
      </trkpt>
      <trkpt lat="49.00452" lon="1.96715">
        <ele>26.6</ele>
      </trkpt>
      <trkpt lat="49.00452" lon="1.96716">
        <ele>26.7</ele>
      </trkpt>
      <trkpt lat="49.00452" lon="1.96717">
        <ele>26.7</ele>
      </trkpt>
      <trkpt lat="49.00453" lon="1.96717">
        <ele>26.8</ele>
      </trkpt>
      <trkpt lat="49.00453" lon="1.96718">
        <ele>26.8</ele>
      </trkpt>
      <trkpt lat="49.00453" lon="1.96719">
        <ele>26.9</ele>
      </trkpt>
      <trkpt lat="49.00454" lon="1.96719">
        <ele>27.0</ele>
      </trkpt>
      <trkpt lat="49.00454" lon="1.9672">
        <ele>27.0</ele>
      </trkpt>
      <trkpt lat="49.00442" lon="1.9675">
        <ele>26.7</ele>
      </trkpt>
      <trkpt lat="49.00432" lon="1.96777">
        <ele>26.4</ele>
      </trkpt>
      <trkpt lat="49.00421" lon="1.96805">
        <ele>25.8</ele>
      </trkpt>
      <trkpt lat="49.00416" lon="1.9682">
        <ele>25.7</ele>
      </trkpt>
      <trkpt lat="49.00412" lon="1.9683">
        <ele>25.7</ele>
      </trkpt>
      <trkpt lat="49.00408" lon="1.96836">
        <ele>25.7</ele>
      </trkpt>
      <trkpt lat="49.00405" lon="1.96843">
        <ele>25.8</ele>
      </trkpt>
      <trkpt lat="49.004" lon="1.96856">
        <ele>26.0</ele>
      </trkpt>
      <trkpt lat="49.00395" lon="1.96866">
        <ele>26.0</ele>
      </trkpt>
      <trkpt lat="49.0039" lon="1.9688">
        <ele>26.2</ele>
      </trkpt>
      <trkpt lat="49.0038" lon="1.96905">
        <ele>26.4</ele>
      </trkpt>
      <trkpt lat="49.00373" lon="1.96928">
        <ele>26.7</ele>
      </trkpt>
      <trkpt lat="49.00371" lon="1.96935">
        <ele>26.7</ele>
      </trkpt>
      <trkpt lat="49.00368" lon="1.96945">
        <ele>26.8</ele>
      </trkpt>
      <trkpt lat="49.00367" lon="1.96953">
        <ele>26.9</ele>
      </trkpt>
      <trkpt lat="49.00362" lon="1.96965">
        <ele>26.9</ele>
      </trkpt>
      <trkpt lat="49.00354" lon="1.96989">
        <ele>27.0</ele>
      </trkpt>
      <trkpt lat="49.00345" lon="1.97012">
        <ele>27.0</ele>
      </trkpt>
      <trkpt lat="49.00342" lon="1.97022">
        <ele>27.1</ele>
      </trkpt>
      <trkpt lat="49.00338" lon="1.97033">
        <ele>27.1</ele>
      </trkpt>
      <trkpt lat="49.00333" lon="1.97044">
        <ele>27.0</ele>
      </trkpt>
      <trkpt lat="49.00327" lon="1.97061">
        <ele>27.0</ele>
      </trkpt>
      <trkpt lat="49.00316" lon="1.97092">
        <ele>26.8</ele>
      </trkpt>
      <trkpt lat="49.00304" lon="1.97124">
        <ele>26.1</ele>
      </trkpt>
      <trkpt lat="49.00287" lon="1.9717">
        <ele>25.3</ele>
      </trkpt>
      <trkpt lat="49.00271" lon="1.97211">
        <ele>25.1</ele>
      </trkpt>
      <trkpt lat="49.00262" lon="1.97235">
        <ele>24.8</ele>
      </trkpt>
      <trkpt lat="49.00258" lon="1.97247">
        <ele>24.6</ele>
      </trkpt>
      <trkpt lat="49.00251" lon="1.97265">
        <ele>24.6</ele>
      </trkpt>
      <trkpt lat="49.00244" lon="1.97277">
        <ele>24.8</ele>
      </trkpt>
      <trkpt lat="49.0024" lon="1.97286">
        <ele>25.0</ele>
      </trkpt>
      <trkpt lat="49.002249" lon="1.97307">
        <ele>25.1</ele>
      </trkpt>
      <trkpt lat="49.00216" lon="1.97319">
        <ele>25.1</ele>
      </trkpt>
      <trkpt lat="49.00212" lon="1.97326">
        <ele>25.0</ele>
      </trkpt>
      <trkpt lat="49.00203" lon="1.97338">
        <ele>25.0</ele>
      </trkpt>
      <trkpt lat="49.00197" lon="1.97347">
        <ele>25.2</ele>
      </trkpt>
      <trkpt lat="49.00166" lon="1.97391">
        <ele>25.0</ele>
      </trkpt>
      <trkpt lat="49.00145" lon="1.9742">
        <ele>25.1</ele>
      </trkpt>
      <trkpt lat="49.00116" lon="1.9746">
        <ele>25.1</ele>
      </trkpt>
      <trkpt lat="49.00098" lon="1.97487">
        <ele>24.3</ele>
      </trkpt>
      <trkpt lat="49.0009" lon="1.975">
        <ele>23.7</ele>
      </trkpt>
      <trkpt lat="49.00086" lon="1.97506">
        <ele>23.5</ele>
      </trkpt>
      <trkpt lat="49.0008" lon="1.97517">
        <ele>23.5</ele>
      </trkpt>
      <trkpt lat="49.00064" lon="1.97547">
        <ele>24.2</ele>
      </trkpt>
      <trkpt lat="49.0003" lon="1.97613">
        <ele>25.7</ele>
      </trkpt>
      <trkpt lat="48.99983" lon="1.97703">
        <ele>25.0</ele>
      </trkpt>
      <trkpt lat="48.9997" lon="1.97728">
        <ele>24.6</ele>
      </trkpt>
      <trkpt lat="48.99967" lon="1.97735">
        <ele>24.5</ele>
      </trkpt>
      <trkpt lat="48.99964" lon="1.9774">
        <ele>24.3</ele>
      </trkpt>
      <trkpt lat="48.99859" lon="1.97943">
        <ele>25.7</ele>
      </trkpt>
      <trkpt lat="48.99765" lon="1.98125">
        <ele>27.0</ele>
      </trkpt>
      <trkpt lat="48.99762" lon="1.98132">
        <ele>27.0</ele>
      </trkpt>
      <trkpt lat="48.99697" lon="1.98261">
        <ele>30.9</ele>
      </trkpt>
      <trkpt lat="48.99689" lon="1.98275">
        <ele>31.1</ele>
      </trkpt>
      <trkpt lat="48.99674" lon="1.98303">
        <ele>30.8</ele>
      </trkpt>
      <trkpt lat="48.99669" lon="1.98311">
        <ele>30.5</ele>
      </trkpt>
      <trkpt lat="48.99662" lon="1.98321">
        <ele>30.4</ele>
      </trkpt>
      <trkpt lat="48.99659" lon="1.98327">
        <ele>30.5</ele>
      </trkpt>
      <trkpt lat="48.99653" lon="1.98331">
        <ele>30.4</ele>
      </trkpt>
      <trkpt lat="48.99632" lon="1.98361">
        <ele>31.2</ele>
      </trkpt>
      <trkpt lat="48.9958" lon="1.98426">
        <ele>30.7</ele>
      </trkpt>
      <trkpt lat="48.9958" lon="1.98426">
        <ele>30.7</ele>
      </trkpt>
      <trkpt lat="48.99563" lon="1.98447">
        <ele>31.2</ele>
      </trkpt>
      <trkpt lat="48.99495" lon="1.98542">
        <ele>29.7</ele>
      </trkpt>
      <trkpt lat="48.99462" lon="1.98587">
        <ele>30.2</ele>
      </trkpt>
      <trkpt lat="48.994549" lon="1.98602">
        <ele>31.1</ele>
      </trkpt>
      <trkpt lat="48.99452" lon="1.98606">
        <ele>31.2</ele>
      </trkpt>
      <trkpt lat="48.99298" lon="1.98813">
        <ele>31.2</ele>
      </trkpt>
      <trkpt lat="48.99284" lon="1.98832">
        <ele>31.0</ele>
      </trkpt>
      <trkpt lat="48.99271" lon="1.9885">
        <ele>31.0</ele>
      </trkpt>
      <trkpt lat="48.99197" lon="1.9895">
        <ele>32.3</ele>
      </trkpt>
      <trkpt lat="48.99119" lon="1.99054">
        <ele>32.0</ele>
      </trkpt>
      <trkpt lat="48.99062" lon="1.99132">
        <ele>30.6</ele>
      </trkpt>
      <trkpt lat="48.990319" lon="1.99171">
        <ele>31.8</ele>
      </trkpt>
      <trkpt lat="48.99011" lon="1.99199">
        <ele>32.1</ele>
      </trkpt>
      <trkpt lat="48.989759" lon="1.99247">
        <ele>32.0</ele>
      </trkpt>
      <trkpt lat="48.98973" lon="1.9925">
        <ele>32.0</ele>
      </trkpt>
      <trkpt lat="48.98951" lon="1.9928">
        <ele>33.3</ele>
      </trkpt>
      <trkpt lat="48.98827" lon="1.99446">
        <ele>34.5</ele>
      </trkpt>
      <trkpt lat="48.98824" lon="1.99451">
        <ele>34.5</ele>
      </trkpt>
      <trkpt lat="48.98822" lon="1.99454">
        <ele>34.5</ele>
      </trkpt>
      <trkpt lat="48.98654" lon="1.9968">
        <ele>32.7</ele>
      </trkpt>
      <trkpt lat="48.986379" lon="1.99701">
        <ele>33.5</ele>
      </trkpt>
      <trkpt lat="48.98604" lon="1.99746">
        <ele>33.0</ele>
      </trkpt>
      <trkpt lat="48.98604" lon="1.99746">
        <ele>33.0</ele>
      </trkpt>
      <trkpt lat="48.986109" lon="1.99754">
        <ele>34.8</ele>
      </trkpt>
      <trkpt lat="48.98613" lon="1.99756">
        <ele>35.3</ele>
      </trkpt>
      <trkpt lat="48.98614" lon="1.99757">
        <ele>35.5</ele>
      </trkpt>
      <trkpt lat="48.98615" lon="1.99757">
        <ele>35.7</ele>
      </trkpt>
      <trkpt lat="48.98617" lon="1.99758">
        <ele>36.1</ele>
      </trkpt>
      <trkpt lat="48.98618" lon="1.99757">
        <ele>36.2</ele>
      </trkpt>
      <trkpt lat="48.9865" lon="1.99734">
        <ele>38.6</ele>
      </trkpt>
      <trkpt lat="48.98651" lon="1.99733">
        <ele>38.6</ele>
      </trkpt>
      <trkpt lat="48.98654" lon="1.99732">
        <ele>38.9</ele>
      </trkpt>
      <trkpt lat="48.98659" lon="1.99732">
        <ele>39.6</ele>
      </trkpt>
      <trkpt lat="48.98664" lon="1.99732">
        <ele>40.3</ele>
      </trkpt>
      <trkpt lat="48.986669" lon="1.99733">
        <ele>40.8</ele>
      </trkpt>
      <trkpt lat="48.98672" lon="1.99735">
        <ele>41.9</ele>
      </trkpt>
      <trkpt lat="48.9868" lon="1.99737">
        <ele>43.5</ele>
      </trkpt>
      <trkpt lat="48.98686" lon="1.99737">
        <ele>44.5</ele>
      </trkpt>
      <trkpt lat="48.98694" lon="1.99734">
        <ele>45.4</ele>
      </trkpt>
      <trkpt lat="48.9871" lon="1.99723">
        <ele>46.6</ele>
      </trkpt>
      <trkpt lat="48.98719" lon="1.99716">
        <ele>47.1</ele>
      </trkpt>
      <trkpt lat="48.98729" lon="1.99701">
        <ele>46.6</ele>
      </trkpt>
      <trkpt lat="48.9874" lon="1.99684">
        <ele>45.9</ele>
      </trkpt>
      <trkpt lat="48.9875" lon="1.99672">
        <ele>45.8</ele>
      </trkpt>
      <trkpt lat="48.98752" lon="1.9967">
        <ele>45.7</ele>
      </trkpt>
      <trkpt lat="48.98755" lon="1.99669">
        <ele>45.9</ele>
      </trkpt>
      <trkpt lat="48.98758" lon="1.99668">
        <ele>46.1</ele>
      </trkpt>
      <trkpt lat="48.987609" lon="1.99668">
        <ele>46.4</ele>
      </trkpt>
      <trkpt lat="48.98764" lon="1.99668">
        <ele>46.7</ele>
      </trkpt>
      <trkpt lat="48.98766" lon="1.99669">
        <ele>47.1</ele>
      </trkpt>
      <trkpt lat="48.98773" lon="1.99682">
        <ele>49.6</ele>
      </trkpt>
      <trkpt lat="48.987789" lon="1.99694">
        <ele>52.0</ele>
      </trkpt>
      <trkpt lat="48.98786" lon="1.99706">
        <ele>54.4</ele>
      </trkpt>
      <trkpt lat="48.98786" lon="1.99706">
        <ele>54.4</ele>
      </trkpt>
      <trkpt lat="48.98802" lon="1.99682">
        <ele>52.7</ele>
      </trkpt>
      <trkpt lat="48.98812" lon="1.99666">
        <ele>51.6</ele>
      </trkpt>
      <trkpt lat="48.98822" lon="1.99647">
        <ele>50.8</ele>
      </trkpt>
      <trkpt lat="48.988349" lon="1.99627">
        <ele>50.4</ele>
      </trkpt>
      <trkpt lat="48.98846" lon="1.99611">
        <ele>50.6</ele>
      </trkpt>
      <trkpt lat="48.988639" lon="1.99587">
        <ele>51.1</ele>
      </trkpt>
      <trkpt lat="48.988819" lon="1.99564">
        <ele>51.7</ele>
      </trkpt>
      <trkpt lat="48.98908" lon="1.99533">
        <ele>52.3</ele>
      </trkpt>
      <trkpt lat="48.98924" lon="1.99512">
        <ele>52.6</ele>
      </trkpt>
      <trkpt lat="48.98933" lon="1.99498">
        <ele>52.5</ele>
      </trkpt>
      <trkpt lat="48.98971" lon="1.99441">
        <ele>52.5</ele>
      </trkpt>
      <trkpt lat="48.98984" lon="1.99422">
        <ele>52.7</ele>
      </trkpt>
      <trkpt lat="48.98993" lon="1.99408">
        <ele>52.6</ele>
      </trkpt>
      <trkpt lat="48.99002" lon="1.99398">
        <ele>52.9</ele>
      </trkpt>
      <trkpt lat="48.99008" lon="1.99392">
        <ele>53.0</ele>
      </trkpt>
      <trkpt lat="48.9903" lon="1.99373">
        <ele>54.1</ele>
      </trkpt>
      <trkpt lat="48.99035" lon="1.99368">
        <ele>54.3</ele>
      </trkpt>
      <trkpt lat="48.99039" lon="1.99363">
        <ele>54.3</ele>
      </trkpt>
      <trkpt lat="48.99041" lon="1.9936">
        <ele>54.3</ele>
      </trkpt>
      <trkpt lat="48.99043" lon="1.99355">
        <ele>54.0</ele>
      </trkpt>
      <trkpt lat="48.99043" lon="1.99354">
        <ele>53.8</ele>
      </trkpt>
      <trkpt lat="48.99044" lon="1.9935">
        <ele>53.5</ele>
      </trkpt>
      <trkpt lat="48.99047" lon="1.99342">
        <ele>53.0</ele>
      </trkpt>
      <trkpt lat="48.99049" lon="1.99336">
        <ele>52.6</ele>
      </trkpt>
      <trkpt lat="48.99054" lon="1.99325">
        <ele>51.8</ele>
      </trkpt>
      <trkpt lat="48.99062" lon="1.99312">
        <ele>51.0</ele>
      </trkpt>
      <trkpt lat="48.99072" lon="1.99296">
        <ele>50.0</ele>
      </trkpt>
      <trkpt lat="48.9908" lon="1.99285">
        <ele>49.4</ele>
      </trkpt>
      <trkpt lat="48.99089" lon="1.99275">
        <ele>49.1</ele>
      </trkpt>
      <trkpt lat="48.99106" lon="1.99259">
        <ele>49.4</ele>
      </trkpt>
      <trkpt lat="48.99112" lon="1.99254">
        <ele>49.7</ele>
      </trkpt>
      <trkpt lat="48.99118" lon="1.99247">
        <ele>49.9</ele>
      </trkpt>
      <trkpt lat="48.9912" lon="1.99244">
        <ele>49.9</ele>
      </trkpt>
      <trkpt lat="48.99121" lon="1.99241">
        <ele>49.8</ele>
      </trkpt>
      <trkpt lat="48.99123" lon="1.99237">
        <ele>49.7</ele>
      </trkpt>
      <trkpt lat="48.99125" lon="1.99229">
        <ele>49.1</ele>
      </trkpt>
      <trkpt lat="48.9912" lon="1.9922">
        <ele>47.2</ele>
      </trkpt>
      <trkpt lat="48.99116" lon="1.99213">
        <ele>45.6</ele>
      </trkpt>
      <trkpt lat="48.99113" lon="1.9921">
        <ele>44.7</ele>
      </trkpt>
      <trkpt lat="48.9911" lon="1.99204">
        <ele>43.5</ele>
      </trkpt>
      <trkpt lat="48.99097" lon="1.99183">
        <ele>38.6</ele>
      </trkpt>
      <trkpt lat="48.99078" lon="1.99154">
        <ele>32.8</ele>
      </trkpt>
      <trkpt lat="48.99062" lon="1.99132">
        <ele>30.6</ele>
      </trkpt>
      <trkpt lat="48.99062" lon="1.99132">
        <ele>30.6</ele>
      </trkpt>
      <trkpt lat="48.99119" lon="1.99054">
        <ele>32.0</ele>
      </trkpt>
      <trkpt lat="48.99197" lon="1.9895">
        <ele>32.3</ele>
      </trkpt>
      <trkpt lat="48.99271" lon="1.9885">
        <ele>31.0</ele>
      </trkpt>
      <trkpt lat="48.99284" lon="1.98832">
        <ele>31.0</ele>
      </trkpt>
      <trkpt lat="48.99298" lon="1.98813">
        <ele>31.2</ele>
      </trkpt>
      <trkpt lat="48.99452" lon="1.98606">
        <ele>31.2</ele>
      </trkpt>
      <trkpt lat="48.994549" lon="1.98602">
        <ele>31.1</ele>
      </trkpt>
      <trkpt lat="48.99465" lon="1.98592">
        <ele>31.0</ele>
      </trkpt>
      <trkpt lat="48.99499" lon="1.98548">
        <ele>30.4</ele>
      </trkpt>
      <trkpt lat="48.99529" lon="1.98507">
        <ele>31.5</ele>
      </trkpt>
      <trkpt lat="48.99566" lon="1.98457">
        <ele>32.2</ele>
      </trkpt>
      <trkpt lat="48.99589" lon="1.98429">
        <ele>31.7</ele>
      </trkpt>
      <trkpt lat="48.99648" lon="1.98347">
        <ele>31.2</ele>
      </trkpt>
      <trkpt lat="48.99655" lon="1.98335">
        <ele>30.7</ele>
      </trkpt>
      <trkpt lat="48.99659" lon="1.98327">
        <ele>30.5</ele>
      </trkpt>
      <trkpt lat="48.99662" lon="1.98321">
        <ele>30.4</ele>
      </trkpt>
      <trkpt lat="48.99669" lon="1.98311">
        <ele>30.5</ele>
      </trkpt>
      <trkpt lat="48.99674" lon="1.98303">
        <ele>30.8</ele>
      </trkpt>
      <trkpt lat="48.99689" lon="1.98275">
        <ele>31.1</ele>
      </trkpt>
      <trkpt lat="48.99697" lon="1.98261">
        <ele>30.9</ele>
      </trkpt>
      <trkpt lat="48.99762" lon="1.98132">
        <ele>27.0</ele>
      </trkpt>
      <trkpt lat="48.99765" lon="1.98125">
        <ele>27.0</ele>
      </trkpt>
      <trkpt lat="48.99859" lon="1.97943">
        <ele>25.7</ele>
      </trkpt>
      <trkpt lat="48.99964" lon="1.9774">
        <ele>24.3</ele>
      </trkpt>
      <trkpt lat="48.99967" lon="1.97735">
        <ele>24.5</ele>
      </trkpt>
      <trkpt lat="48.9997" lon="1.97728">
        <ele>24.6</ele>
      </trkpt>
      <trkpt lat="48.99983" lon="1.97703">
        <ele>25.0</ele>
      </trkpt>
      <trkpt lat="49.0003" lon="1.97613">
        <ele>25.7</ele>
      </trkpt>
      <trkpt lat="49.00064" lon="1.97547">
        <ele>24.2</ele>
      </trkpt>
      <trkpt lat="49.0008" lon="1.97517">
        <ele>23.5</ele>
      </trkpt>
      <trkpt lat="49.00086" lon="1.97506">
        <ele>23.5</ele>
      </trkpt>
      <trkpt lat="49.0009" lon="1.975">
        <ele>23.7</ele>
      </trkpt>
      <trkpt lat="49.00098" lon="1.97487">
        <ele>24.3</ele>
      </trkpt>
      <trkpt lat="49.00116" lon="1.9746">
        <ele>25.1</ele>
      </trkpt>
      <trkpt lat="49.00145" lon="1.9742">
        <ele>25.1</ele>
      </trkpt>
      <trkpt lat="49.00166" lon="1.97391">
        <ele>25.0</ele>
      </trkpt>
      <trkpt lat="49.00197" lon="1.97347">
        <ele>25.2</ele>
      </trkpt>
      <trkpt lat="49.00203" lon="1.97338">
        <ele>25.0</ele>
      </trkpt>
      <trkpt lat="49.00212" lon="1.97326">
        <ele>25.0</ele>
      </trkpt>
      <trkpt lat="49.00216" lon="1.97319">
        <ele>25.1</ele>
      </trkpt>
      <trkpt lat="49.002249" lon="1.97307">
        <ele>25.1</ele>
      </trkpt>
      <trkpt lat="49.0024" lon="1.97286">
        <ele>25.0</ele>
      </trkpt>
      <trkpt lat="49.00244" lon="1.97277">
        <ele>24.8</ele>
      </trkpt>
      <trkpt lat="49.00251" lon="1.97265">
        <ele>24.6</ele>
      </trkpt>
      <trkpt lat="49.00258" lon="1.97247">
        <ele>24.6</ele>
      </trkpt>
      <trkpt lat="49.00262" lon="1.97235">
        <ele>24.8</ele>
      </trkpt>
      <trkpt lat="49.00271" lon="1.97211">
        <ele>25.1</ele>
      </trkpt>
      <trkpt lat="49.00287" lon="1.9717">
        <ele>25.3</ele>
      </trkpt>
      <trkpt lat="49.00304" lon="1.97124">
        <ele>26.1</ele>
      </trkpt>
      <trkpt lat="49.00316" lon="1.97092">
        <ele>26.8</ele>
      </trkpt>
      <trkpt lat="49.00327" lon="1.97061">
        <ele>27.0</ele>
      </trkpt>
      <trkpt lat="49.00333" lon="1.97044">
        <ele>27.0</ele>
      </trkpt>
      <trkpt lat="49.00338" lon="1.97033">
        <ele>27.1</ele>
      </trkpt>
      <trkpt lat="49.00342" lon="1.97022">
        <ele>27.1</ele>
      </trkpt>
      <trkpt lat="49.00345" lon="1.97012">
        <ele>27.0</ele>
      </trkpt>
      <trkpt lat="49.00354" lon="1.96989">
        <ele>27.0</ele>
      </trkpt>
      <trkpt lat="49.00362" lon="1.96965">
        <ele>26.9</ele>
      </trkpt>
      <trkpt lat="49.00367" lon="1.96953">
        <ele>26.9</ele>
      </trkpt>
      <trkpt lat="49.00371" lon="1.96948">
        <ele>27.0</ele>
      </trkpt>
      <trkpt lat="49.003749" lon="1.96938">
        <ele>27.0</ele>
      </trkpt>
      <trkpt lat="49.003839" lon="1.96914">
        <ele>27.0</ele>
      </trkpt>
      <trkpt lat="49.00394" lon="1.96887">
        <ele>26.7</ele>
      </trkpt>
      <trkpt lat="49.00401" lon="1.96868">
        <ele>26.4</ele>
      </trkpt>
      <trkpt lat="49.00411" lon="1.96839">
        <ele>25.9</ele>
      </trkpt>
      <trkpt lat="49.00412" lon="1.9683">
        <ele>25.7</ele>
      </trkpt>
      <trkpt lat="49.00416" lon="1.9682">
        <ele>25.7</ele>
      </trkpt>
      <trkpt lat="49.00421" lon="1.96805">
        <ele>25.8</ele>
      </trkpt>
      <trkpt lat="49.00432" lon="1.96777">
        <ele>26.4</ele>
      </trkpt>
      <trkpt lat="49.00442" lon="1.9675">
        <ele>26.7</ele>
      </trkpt>
      <trkpt lat="49.00454" lon="1.9672">
        <ele>27.0</ele>
      </trkpt>
      <trkpt lat="49.00455" lon="1.9672">
        <ele>27.1</ele>
      </trkpt>
      <trkpt lat="49.00455" lon="1.96721">
        <ele>27.1</ele>
      </trkpt>
      <trkpt lat="49.00456" lon="1.96721">
        <ele>27.2</ele>
      </trkpt>
      <trkpt lat="49.00457" lon="1.96721">
        <ele>27.3</ele>
      </trkpt>
      <trkpt lat="49.00458" lon="1.96721">
        <ele>27.4</ele>
      </trkpt>
      <trkpt lat="49.00459" lon="1.96721">
        <ele>27.5</ele>
      </trkpt>
      <trkpt lat="49.0046" lon="1.9672">
        <ele>27.6</ele>
      </trkpt>
      <trkpt lat="49.00461" lon="1.9672">
        <ele>27.7</ele>
      </trkpt>
      <trkpt lat="49.00461" lon="1.96719">
        <ele>27.7</ele>
      </trkpt>
      <trkpt lat="49.00462" lon="1.96719">
        <ele>27.7</ele>
      </trkpt>
      <trkpt lat="49.00462" lon="1.96718">
        <ele>27.7</ele>
      </trkpt>
      <trkpt lat="49.00462" lon="1.96717">
        <ele>27.7</ele>
      </trkpt>
      <trkpt lat="49.00463" lon="1.96717">
        <ele>27.8</ele>
      </trkpt>
      <trkpt lat="49.00463" lon="1.96716">
        <ele>27.7</ele>
      </trkpt>
      <trkpt lat="49.00463" lon="1.96715">
        <ele>27.7</ele>
      </trkpt>
      <trkpt lat="49.00463" lon="1.96714">
        <ele>27.7</ele>
      </trkpt>
      <trkpt lat="49.00463" lon="1.96713">
        <ele>27.6</ele>
      </trkpt>
      <trkpt lat="49.00464" lon="1.96713">
        <ele>27.7</ele>
      </trkpt>
      <trkpt lat="49.00464" lon="1.96712">
        <ele>27.7</ele>
      </trkpt>
      <trkpt lat="49.00464" lon="1.96711">
        <ele>27.6</ele>
      </trkpt>
      <trkpt lat="49.00463" lon="1.96711">
        <ele>27.5</ele>
      </trkpt>
      <trkpt lat="49.00463" lon="1.9671">
        <ele>27.5</ele>
      </trkpt>
      <trkpt lat="49.00463" lon="1.96709">
        <ele>27.5</ele>
      </trkpt>
      <trkpt lat="49.00463" lon="1.96708">
        <ele>27.4</ele>
      </trkpt>
      <trkpt lat="49.00463" lon="1.96707">
        <ele>27.4</ele>
      </trkpt>
      <trkpt lat="49.00462" lon="1.96707">
        <ele>27.3</ele>
      </trkpt>
      <trkpt lat="49.00462" lon="1.96706">
        <ele>27.3</ele>
      </trkpt>
      <trkpt lat="49.00462" lon="1.96705">
        <ele>27.2</ele>
      </trkpt>
      <trkpt lat="49.00461" lon="1.96705">
        <ele>27.1</ele>
      </trkpt>
      <trkpt lat="49.00461" lon="1.96704">
        <ele>27.1</ele>
      </trkpt>
      <trkpt lat="49.0046" lon="1.96704">
        <ele>27.0</ele>
      </trkpt>
      <trkpt lat="49.0046" lon="1.96703">
        <ele>27.0</ele>
      </trkpt>
      <trkpt lat="49.00459" lon="1.96703">
        <ele>26.9</ele>
      </trkpt>
      <trkpt lat="49.004689" lon="1.96671">
        <ele>26.6</ele>
      </trkpt>
      <trkpt lat="49.00489" lon="1.96621">
        <ele>27.6</ele>
      </trkpt>
      <trkpt lat="49.005" lon="1.9659">
        <ele>28.1</ele>
      </trkpt>
      <trkpt lat="49.00523" lon="1.96525">
        <ele>27.7</ele>
      </trkpt>
      <trkpt lat="49.00531" lon="1.96506">
        <ele>27.5</ele>
      </trkpt>
      <trkpt lat="49.00546" lon="1.96464">
        <ele>26.8</ele>
      </trkpt>
      <trkpt lat="49.00556" lon="1.96436">
        <ele>26.2</ele>
      </trkpt>
      <trkpt lat="49.00562" lon="1.9642">
        <ele>25.9</ele>
      </trkpt>
      <trkpt lat="49.00568" lon="1.96404">
        <ele>25.7</ele>
      </trkpt>
      <trkpt lat="49.005719" lon="1.96394">
        <ele>25.5</ele>
      </trkpt>
      <trkpt lat="49.005809" lon="1.96371">
        <ele>25.2</ele>
      </trkpt>
      <trkpt lat="49.00593" lon="1.96337">
        <ele>25.6</ele>
      </trkpt>
      <trkpt lat="49.00609" lon="1.96294">
        <ele>27.1</ele>
      </trkpt>
      <trkpt lat="49.0066" lon="1.96153">
        <ele>29.1</ele>
      </trkpt>
      <trkpt lat="49.00678" lon="1.96108">
        <ele>28.9</ele>
      </trkpt>
      <trkpt lat="49.00685" lon="1.96089">
        <ele>28.8</ele>
      </trkpt>
      <trkpt lat="49.00692" lon="1.96069">
        <ele>28.6</ele>
      </trkpt>
      <trkpt lat="49.00699" lon="1.9605">
        <ele>28.4</ele>
      </trkpt>
      <trkpt lat="49.00711" lon="1.96016">
        <ele>27.9</ele>
      </trkpt>
      <trkpt lat="49.00715" lon="1.96005">
        <ele>27.7</ele>
      </trkpt>
      <trkpt lat="49.00721" lon="1.95989">
        <ele>27.6</ele>
      </trkpt>
      <trkpt lat="49.00728" lon="1.95969">
        <ele>27.7</ele>
      </trkpt>
      <trkpt lat="49.00737" lon="1.95941">
        <ele>27.6</ele>
      </trkpt>
      <trkpt lat="49.00742" lon="1.95926">
        <ele>27.6</ele>
      </trkpt>
      <trkpt lat="49.00747" lon="1.95909">
        <ele>27.6</ele>
      </trkpt>
      <trkpt lat="49.00753" lon="1.95891">
        <ele>27.6</ele>
      </trkpt>
      <trkpt lat="49.00759" lon="1.95877">
        <ele>27.8</ele>
      </trkpt>
      <trkpt lat="49.00766" lon="1.95862">
        <ele>27.8</ele>
      </trkpt>
      <trkpt lat="49.007689" lon="1.95856">
        <ele>27.9</ele>
      </trkpt>
      <trkpt lat="49.00771" lon="1.95852">
        <ele>27.9</ele>
      </trkpt>
      <trkpt lat="49.00785" lon="1.9584">
        <ele>28.4</ele>
      </trkpt>
      <trkpt lat="49.00796" lon="1.95831">
        <ele>28.7</ele>
      </trkpt>
      <trkpt lat="49.00805" lon="1.95822">
        <ele>29.1</ele>
      </trkpt>
      <trkpt lat="49.00808" lon="1.95818">
        <ele>29.2</ele>
      </trkpt>
      <trkpt lat="49.00812" lon="1.95812">
        <ele>29.3</ele>
      </trkpt>
      <trkpt lat="49.00814" lon="1.95807">
        <ele>29.4</ele>
      </trkpt>
      <trkpt lat="49.008159" lon="1.95802">
        <ele>29.4</ele>
      </trkpt>
      <trkpt lat="49.00831" lon="1.95762">
        <ele>29.2</ele>
      </trkpt>
      <trkpt lat="49.00835" lon="1.95754">
        <ele>29.3</ele>
      </trkpt>
      <trkpt lat="49.00839" lon="1.95744">
        <ele>29.7</ele>
      </trkpt>
      <trkpt lat="49.00844" lon="1.95732">
        <ele>30.4</ele>
      </trkpt>
      <trkpt lat="49.00866" lon="1.95677">
        <ele>33.0</ele>
      </trkpt>
      <trkpt lat="49.00869" lon="1.95666">
        <ele>33.3</ele>
      </trkpt>
      <trkpt lat="49.008719" lon="1.95654">
        <ele>33.6</ele>
      </trkpt>
      <trkpt lat="49.00874" lon="1.95644">
        <ele>33.9</ele>
      </trkpt>
      <trkpt lat="49.00877" lon="1.95626">
        <ele>34.2</ele>
      </trkpt>
      <trkpt lat="49.00889" lon="1.95539">
        <ele>34.4</ele>
      </trkpt>
      <trkpt lat="49.00893" lon="1.9551">
        <ele>34.2</ele>
      </trkpt>
      <trkpt lat="49.00907" lon="1.95403">
        <ele>31.7</ele>
      </trkpt>
      <trkpt lat="49.00911" lon="1.95376">
        <ele>31.9</ele>
      </trkpt>
      <trkpt lat="49.00915" lon="1.95348">
        <ele>32.0</ele>
      </trkpt>
      <trkpt lat="49.00917" lon="1.95333">
        <ele>32.1</ele>
      </trkpt>
      <trkpt lat="49.0092" lon="1.95309">
        <ele>32.5</ele>
      </trkpt>
      <trkpt lat="49.00921" lon="1.95295">
        <ele>32.6</ele>
      </trkpt>
      <trkpt lat="49.00923" lon="1.95278">
        <ele>32.8</ele>
      </trkpt>
      <trkpt lat="49.00924" lon="1.95268">
        <ele>32.9</ele>
      </trkpt>
      <trkpt lat="49.00926" lon="1.95244">
        <ele>32.9</ele>
      </trkpt>
      <trkpt lat="49.00929" lon="1.95208">
        <ele>32.8</ele>
      </trkpt>
      <trkpt lat="49.0093" lon="1.95196">
        <ele>32.7</ele>
      </trkpt>
      <trkpt lat="49.00933" lon="1.95148">
        <ele>32.5</ele>
      </trkpt>
      <trkpt lat="49.00936" lon="1.9511">
        <ele>32.7</ele>
      </trkpt>
      <trkpt lat="49.00939" lon="1.95072">
        <ele>32.8</ele>
      </trkpt>
      <trkpt lat="49.00941" lon="1.95046">
        <ele>32.6</ele>
      </trkpt>
      <trkpt lat="49.00944" lon="1.95007">
        <ele>32.4</ele>
      </trkpt>
      <trkpt lat="49.00947" lon="1.94968">
        <ele>32.5</ele>
      </trkpt>
      <trkpt lat="49.00949" lon="1.9494">
        <ele>32.6</ele>
      </trkpt>
      <trkpt lat="49.00951" lon="1.94916">
        <ele>32.8</ele>
      </trkpt>
      <trkpt lat="49.00952" lon="1.9489">
        <ele>32.6</ele>
      </trkpt>
      <trkpt lat="49.00954" lon="1.94865">
        <ele>32.7</ele>
      </trkpt>
      <trkpt lat="49.00955" lon="1.94858">
        <ele>32.7</ele>
      </trkpt>
      <trkpt lat="49.009569" lon="1.94839">
        <ele>32.8</ele>
      </trkpt>
      <trkpt lat="49.00958" lon="1.94826">
        <ele>32.9</ele>
      </trkpt>
      <trkpt lat="49.00959" lon="1.94812">
        <ele>33.0</ele>
      </trkpt>
      <trkpt lat="49.00961" lon="1.94786">
        <ele>33.1</ele>
      </trkpt>
      <trkpt lat="49.00962" lon="1.94773">
        <ele>33.2</ele>
      </trkpt>
      <trkpt lat="49.00963" lon="1.9476">
        <ele>33.3</ele>
      </trkpt>
      <trkpt lat="49.00964" lon="1.94747">
        <ele>33.4</ele>
      </trkpt>
      <trkpt lat="49.00964" lon="1.94734">
        <ele>33.5</ele>
      </trkpt>
      <trkpt lat="49.00965" lon="1.94721">
        <ele>33.7</ele>
      </trkpt>
      <trkpt lat="49.00965" lon="1.94708">
        <ele>33.8</ele>
      </trkpt>
      <trkpt lat="49.00965" lon="1.94694">
        <ele>33.9</ele>
      </trkpt>
      <trkpt lat="49.00964" lon="1.94681">
        <ele>33.9</ele>
      </trkpt>
      <trkpt lat="49.00963" lon="1.94667">
        <ele>33.8</ele>
      </trkpt>
      <trkpt lat="49.00963" lon="1.94654">
        <ele>33.9</ele>
      </trkpt>
      <trkpt lat="49.00962" lon="1.9464">
        <ele>33.8</ele>
      </trkpt>
      <trkpt lat="49.0096" lon="1.94613">
        <ele>33.6</ele>
      </trkpt>
      <trkpt lat="49.009569" lon="1.94584">
        <ele>33.3</ele>
      </trkpt>
      <trkpt lat="49.00955" lon="1.94555">
        <ele>33.1</ele>
      </trkpt>
      <trkpt lat="49.00954" lon="1.94538">
        <ele>33.0</ele>
      </trkpt>
      <trkpt lat="49.00953" lon="1.94517">
        <ele>32.9</ele>
      </trkpt>
      <trkpt lat="49.0095" lon="1.94488">
        <ele>32.6</ele>
      </trkpt>
      <trkpt lat="49.00949" lon="1.9446">
        <ele>32.8</ele>
      </trkpt>
      <trkpt lat="49.00947" lon="1.94433">
        <ele>32.8</ele>
      </trkpt>
      <trkpt lat="49.00946" lon="1.94414">
        <ele>33.0</ele>
      </trkpt>
      <trkpt lat="49.00944" lon="1.94392">
        <ele>32.9</ele>
      </trkpt>
      <trkpt lat="49.00943" lon="1.94378">
        <ele>32.9</ele>
      </trkpt>
      <trkpt lat="49.00942" lon="1.94363">
        <ele>32.9</ele>
      </trkpt>
      <trkpt lat="49.00941" lon="1.94347">
        <ele>32.9</ele>
      </trkpt>
      <trkpt lat="49.00939" lon="1.94325">
        <ele>32.7</ele>
      </trkpt>
      <trkpt lat="49.009369" lon="1.94287">
        <ele>32.1</ele>
      </trkpt>
      <trkpt lat="49.00936" lon="1.94273">
        <ele>31.9</ele>
      </trkpt>
      <trkpt lat="49.00934" lon="1.94248">
        <ele>31.4</ele>
      </trkpt>
      <trkpt lat="49.00932" lon="1.94209">
        <ele>32.3</ele>
      </trkpt>
      <trkpt lat="49.0093" lon="1.94177">
        <ele>33.1</ele>
      </trkpt>
      <trkpt lat="49.009279" lon="1.94147">
        <ele>33.3</ele>
      </trkpt>
      <trkpt lat="49.00926" lon="1.94122">
        <ele>33.3</ele>
      </trkpt>
      <trkpt lat="49.00923" lon="1.94078">
        <ele>33.3</ele>
      </trkpt>
      <trkpt lat="49.00921" lon="1.94051">
        <ele>32.9</ele>
      </trkpt>
      <trkpt lat="49.0092" lon="1.94037">
        <ele>32.7</ele>
      </trkpt>
      <trkpt lat="49.0092" lon="1.94025">
        <ele>32.7</ele>
      </trkpt>
      <trkpt lat="49.00917" lon="1.9399">
        <ele>32.0</ele>
      </trkpt>
      <trkpt lat="49.00913" lon="1.93931">
        <ele>30.9</ele>
      </trkpt>
      <trkpt lat="49.00912" lon="1.93907">
        <ele>30.6</ele>
      </trkpt>
      <trkpt lat="49.00909" lon="1.93872">
        <ele>30.3</ele>
      </trkpt>
      <trkpt lat="49.00906" lon="1.93825">
        <ele>30.1</ele>
      </trkpt>
      <trkpt lat="49.00902" lon="1.93754">
        <ele>32.3</ele>
      </trkpt>
      <trkpt lat="49.00899" lon="1.93717">
        <ele>32.2</ele>
      </trkpt>
      <trkpt lat="49.00898" lon="1.93692">
        <ele>32.1</ele>
      </trkpt>
      <trkpt lat="49.00895" lon="1.93661">
        <ele>31.9</ele>
      </trkpt>
      <trkpt lat="49.00895" lon="1.93661">
        <ele>31.9</ele>
      </trkpt>
      <trkpt lat="49.00888" lon="1.93662">
        <ele>31.2</ele>
      </trkpt>
      <trkpt lat="49.00882" lon="1.93662">
        <ele>30.7</ele>
      </trkpt>
      <trkpt lat="49.00874" lon="1.93663">
        <ele>29.9</ele>
      </trkpt>
      <trkpt lat="49.00864" lon="1.93665">
        <ele>28.9</ele>
      </trkpt>
      <trkpt lat="49.00859" lon="1.93665">
        <ele>28.5</ele>
      </trkpt>
      <trkpt lat="49.00857" lon="1.93666">
        <ele>28.3</ele>
      </trkpt>
      <trkpt lat="49.00856" lon="1.93666">
        <ele>28.2</ele>
      </trkpt>
      <trkpt lat="49.00856" lon="1.93667">
        <ele>28.2</ele>
      </trkpt>
      <trkpt lat="49.00855" lon="1.93667">
        <ele>28.1</ele>
      </trkpt>
      <trkpt lat="49.00855" lon="1.93668">
        <ele>28.1</ele>
      </trkpt>
      <trkpt lat="49.00855" lon="1.93669">
        <ele>28.1</ele>
      </trkpt>
      <trkpt lat="49.00855" lon="1.93672">
        <ele>28.0</ele>
      </trkpt>
      <trkpt lat="49.00855" lon="1.93677">
        <ele>28.0</ele>
      </trkpt>
      <trkpt lat="49.00856" lon="1.93687">
        <ele>28.0</ele>
      </trkpt>
      <trkpt lat="49.00856" lon="1.93694">
        <ele>27.9</ele>
      </trkpt>
      <trkpt lat="49.00857" lon="1.93696">
        <ele>28.0</ele>
      </trkpt>
      <trkpt lat="49.00857" lon="1.93697">
        <ele>28.0</ele>
      </trkpt>
      <trkpt lat="49.00858" lon="1.93697">
        <ele>28.1</ele>
      </trkpt>
      <trkpt lat="49.00857" lon="1.93697">
        <ele>28.0</ele>
      </trkpt>
      <trkpt lat="49.00857" lon="1.93696">
        <ele>28.0</ele>
      </trkpt>
      <trkpt lat="49.00856" lon="1.93694">
        <ele>27.9</ele>
      </trkpt>
      <trkpt lat="49.00856" lon="1.93687">
        <ele>28.0</ele>
      </trkpt>
      <trkpt lat="49.00855" lon="1.93677">
        <ele>28.0</ele>
      </trkpt>
      <trkpt lat="49.00855" lon="1.93672">
        <ele>28.0</ele>
      </trkpt>
      <trkpt lat="49.00855" lon="1.93669">
        <ele>28.1</ele>
      </trkpt>
      <trkpt lat="49.00855" lon="1.93668">
        <ele>28.1</ele>
      </trkpt>
      <trkpt lat="49.00855" lon="1.93667">
        <ele>28.1</ele>
      </trkpt>
      <trkpt lat="49.00856" lon="1.93667">
        <ele>28.2</ele>
      </trkpt>
      <trkpt lat="49.00856" lon="1.93666">
        <ele>28.2</ele>
      </trkpt>
      <trkpt lat="49.00857" lon="1.93666">
        <ele>28.3</ele>
      </trkpt>
      <trkpt lat="49.00859" lon="1.93665">
        <ele>28.5</ele>
      </trkpt>
      <trkpt lat="49.00864" lon="1.93665">
        <ele>28.9</ele>
      </trkpt>
      <trkpt lat="49.00874" lon="1.93663">
        <ele>29.9</ele>
      </trkpt>
      <trkpt lat="49.00882" lon="1.93662">
        <ele>30.7</ele>
      </trkpt>
      <trkpt lat="49.00888" lon="1.93662">
        <ele>31.2</ele>
      </trkpt>
      <trkpt lat="49.00895" lon="1.93661">
        <ele>31.9</ele>
      </trkpt>
      <trkpt lat="49.00895" lon="1.93661">
        <ele>31.9</ele>
      </trkpt>
      <trkpt lat="49.0089" lon="1.93589">
        <ele>31.1</ele>
      </trkpt>
      <trkpt lat="49.00888" lon="1.93558">
        <ele>31.8</ele>
      </trkpt>
      <trkpt lat="49.00884" lon="1.93509">
        <ele>33.0</ele>
      </trkpt>
      <trkpt lat="49.00883" lon="1.93486">
        <ele>33.6</ele>
      </trkpt>
      <trkpt lat="49.008809" lon="1.93454">
        <ele>34.3</ele>
      </trkpt>
      <trkpt lat="49.00879" lon="1.93425">
        <ele>34.9</ele>
      </trkpt>
      <trkpt lat="49.00877" lon="1.93398">
        <ele>34.7</ele>
      </trkpt>
      <trkpt lat="49.00876" lon="1.93372">
        <ele>34.4</ele>
      </trkpt>
      <trkpt lat="49.00874" lon="1.93347">
        <ele>34.0</ele>
      </trkpt>
      <trkpt lat="49.00873" lon="1.93335">
        <ele>33.8</ele>
      </trkpt>
      <trkpt lat="49.00871" lon="1.9331">
        <ele>33.8</ele>
      </trkpt>
      <trkpt lat="49.00869" lon="1.93287">
        <ele>33.9</ele>
      </trkpt>
      <trkpt lat="49.00869" lon="1.93278">
        <ele>34.0</ele>
      </trkpt>
      <trkpt lat="49.00868" lon="1.93264">
        <ele>34.1</ele>
      </trkpt>
      <trkpt lat="49.00867" lon="1.93248">
        <ele>34.3</ele>
      </trkpt>
      <trkpt lat="49.00865" lon="1.93231">
        <ele>34.4</ele>
      </trkpt>
      <trkpt lat="49.00864" lon="1.9322">
        <ele>34.5</ele>
      </trkpt>
      <trkpt lat="49.008629" lon="1.93205">
        <ele>34.6</ele>
      </trkpt>
      <trkpt lat="49.00861" lon="1.93189">
        <ele>34.6</ele>
      </trkpt>
      <trkpt lat="49.00858" lon="1.9317">
        <ele>34.5</ele>
      </trkpt>
      <trkpt lat="49.00856" lon="1.93157">
        <ele>34.6</ele>
      </trkpt>
      <trkpt lat="49.00855" lon="1.93149">
        <ele>34.7</ele>
      </trkpt>
      <trkpt lat="49.00851" lon="1.93128">
        <ele>34.8</ele>
      </trkpt>
      <trkpt lat="49.0085" lon="1.93119">
        <ele>35.0</ele>
      </trkpt>
      <trkpt lat="49.00847" lon="1.93105">
        <ele>35.1</ele>
      </trkpt>
      <trkpt lat="49.00845" lon="1.93088">
        <ele>35.4</ele>
      </trkpt>
      <trkpt lat="49.00841" lon="1.93068">
        <ele>35.4</ele>
      </trkpt>
      <trkpt lat="49.00838" lon="1.9305">
        <ele>35.5</ele>
      </trkpt>
      <trkpt lat="49.00835" lon="1.9303">
        <ele>35.5</ele>
      </trkpt>
      <trkpt lat="49.008339" lon="1.93021">
        <ele>35.6</ele>
      </trkpt>
      <trkpt lat="49.00832" lon="1.93013">
        <ele>35.5</ele>
      </trkpt>
      <trkpt lat="49.0083" lon="1.93003">
        <ele>35.6</ele>
      </trkpt>
      <trkpt lat="49.00828" lon="1.92998">
        <ele>35.5</ele>
      </trkpt>
      <trkpt lat="49.008249" lon="1.92985">
        <ele>35.6</ele>
      </trkpt>
      <trkpt lat="49.00811" lon="1.92931">
        <ele>35.9</ele>
      </trkpt>
      <trkpt lat="49.00803" lon="1.92898">
        <ele>36.1</ele>
      </trkpt>
      <trkpt lat="49.00777" lon="1.928">
        <ele>35.8</ele>
      </trkpt>
      <trkpt lat="49.00753" lon="1.92705">
        <ele>34.6</ele>
      </trkpt>
      <trkpt lat="49.00734" lon="1.92632">
        <ele>34.0</ele>
      </trkpt>
      <trkpt lat="49.00728" lon="1.92606">
        <ele>33.6</ele>
      </trkpt>
      <trkpt lat="49.00723" lon="1.92584">
        <ele>33.1</ele>
      </trkpt>
      <trkpt lat="49.00719" lon="1.92562">
        <ele>33.1</ele>
      </trkpt>
      <trkpt lat="49.00717" lon="1.9255">
        <ele>33.1</ele>
      </trkpt>
      <trkpt lat="49.00711" lon="1.92518">
        <ele>33.0</ele>
      </trkpt>
      <trkpt lat="49.00704" lon="1.92468">
        <ele>32.9</ele>
      </trkpt>
      <trkpt lat="49.006749" lon="1.92277">
        <ele>30.6</ele>
      </trkpt>
      <trkpt lat="49.00671" lon="1.92244">
        <ele>30.4</ele>
      </trkpt>
      <trkpt lat="49.00667" lon="1.9222">
        <ele>30.9</ele>
      </trkpt>
      <trkpt lat="49.00603" lon="1.91794">
        <ele>31.1</ele>
      </trkpt>
      <trkpt lat="49.00553" lon="1.91453">
        <ele>30.0</ele>
      </trkpt>
      <trkpt lat="49.00544" lon="1.91404">
        <ele>29.7</ele>
      </trkpt>
      <trkpt lat="49.00544" lon="1.91398">
        <ele>29.9</ele>
      </trkpt>
      <trkpt lat="49.00505" lon="1.91129">
        <ele>29.3</ele>
      </trkpt>
      <trkpt lat="49.00504" lon="1.91122">
        <ele>29.2</ele>
      </trkpt>
      <trkpt lat="49.00504" lon="1.91115">
        <ele>29.3</ele>
      </trkpt>
      <trkpt lat="49.00492" lon="1.9105">
        <ele>28.3</ele>
      </trkpt>
      <trkpt lat="49.0049" lon="1.91036">
        <ele>28.1</ele>
      </trkpt>
      <trkpt lat="49.00488" lon="1.91018">
        <ele>28.0</ele>
      </trkpt>
      <trkpt lat="49.00486" lon="1.91011">
        <ele>27.8</ele>
      </trkpt>
      <trkpt lat="49.00482" lon="1.91003">
        <ele>27.5</ele>
      </trkpt>
      <trkpt lat="49.00482" lon="1.91003">
        <ele>27.5</ele>
      </trkpt>
      <trkpt lat="49.00485" lon="1.90995">
        <ele>27.7</ele>
      </trkpt>
      <trkpt lat="49.00486" lon="1.90992">
        <ele>27.8</ele>
      </trkpt>
      <trkpt lat="49.00488" lon="1.90981">
        <ele>28.0</ele>
      </trkpt>
      <trkpt lat="49.0049" lon="1.90976">
        <ele>28.2</ele>
      </trkpt>
      <trkpt lat="49.00504" lon="1.90913">
        <ele>29.5</ele>
      </trkpt>
      <trkpt lat="49.00512" lon="1.90873">
        <ele>29.7</ele>
      </trkpt>
      <trkpt lat="49.005159" lon="1.9085">
        <ele>29.6</ele>
      </trkpt>
      <trkpt lat="49.0052" lon="1.90832">
        <ele>29.6</ele>
      </trkpt>
      <trkpt lat="49.00531" lon="1.90789">
        <ele>29.2</ele>
      </trkpt>
      <trkpt lat="49.00542" lon="1.90768">
        <ele>29.0</ele>
      </trkpt>
      <trkpt lat="49.00551" lon="1.90754">
        <ele>28.7</ele>
      </trkpt>
      <trkpt lat="49.0056" lon="1.90741">
        <ele>28.6</ele>
      </trkpt>
      <trkpt lat="49.00567" lon="1.90732">
        <ele>28.6</ele>
      </trkpt>
      <trkpt lat="49.00575" lon="1.90721">
        <ele>28.6</ele>
      </trkpt>
      <trkpt lat="49.005809" lon="1.90714">
        <ele>28.6</ele>
      </trkpt>
      <trkpt lat="49.005809" lon="1.90714">
        <ele>28.6</ele>
      </trkpt>
      <trkpt lat="49.005719" lon="1.90645">
        <ele>26.1</ele>
      </trkpt>
      <trkpt lat="49.005719" lon="1.90645">
        <ele>26.1</ele>
      </trkpt>
      <trkpt lat="49.00594" lon="1.90628">
        <ele>26.3</ele>
      </trkpt>
      <trkpt lat="49.00605" lon="1.9062">
        <ele>26.4</ele>
      </trkpt>
      <trkpt lat="49.00625" lon="1.90606">
        <ele>26.3</ele>
      </trkpt>
      <trkpt lat="49.00669" lon="1.90578">
        <ele>26.0</ele>
      </trkpt>
      <trkpt lat="49.00687" lon="1.90565">
        <ele>26.2</ele>
      </trkpt>
      <trkpt lat="49.00719" lon="1.90545">
        <ele>25.5</ele>
      </trkpt>
      <trkpt lat="49.00723" lon="1.90542">
        <ele>25.3</ele>
      </trkpt>
      <trkpt lat="49.00732" lon="1.90536">
        <ele>24.9</ele>
      </trkpt>
      <trkpt lat="49.00748" lon="1.90526">
        <ele>23.9</ele>
      </trkpt>
      <trkpt lat="49.00762" lon="1.90519">
        <ele>23.9</ele>
      </trkpt>
      <trkpt lat="49.00771" lon="1.90514">
        <ele>23.9</ele>
      </trkpt>
      <trkpt lat="49.00776" lon="1.90513">
        <ele>24.0</ele>
      </trkpt>
      <trkpt lat="49.00781" lon="1.90511">
        <ele>24.1</ele>
      </trkpt>
      <trkpt lat="49.00786" lon="1.90509">
        <ele>24.1</ele>
      </trkpt>
      <trkpt lat="49.0079" lon="1.90508">
        <ele>24.2</ele>
      </trkpt>
      <trkpt lat="49.00798" lon="1.90506">
        <ele>24.3</ele>
      </trkpt>
      <trkpt lat="49.00804" lon="1.90506">
        <ele>24.5</ele>
      </trkpt>
      <trkpt lat="49.00809" lon="1.90505">
        <ele>24.6</ele>
      </trkpt>
      <trkpt lat="49.008159" lon="1.90505">
        <ele>24.9</ele>
      </trkpt>
      <trkpt lat="49.00824" lon="1.90506">
        <ele>25.3</ele>
      </trkpt>
      <trkpt lat="49.00832" lon="1.90506">
        <ele>25.6</ele>
      </trkpt>
      <trkpt lat="49.00838" lon="1.90507">
        <ele>25.7</ele>
      </trkpt>
      <trkpt lat="49.00843" lon="1.90507">
        <ele>25.6</ele>
      </trkpt>
      <trkpt lat="49.00848" lon="1.90507">
        <ele>25.5</ele>
      </trkpt>
      <trkpt lat="49.00854" lon="1.90506">
        <ele>25.3</ele>
      </trkpt>
      <trkpt lat="49.00857" lon="1.90505">
        <ele>25.2</ele>
      </trkpt>
      <trkpt lat="49.00861" lon="1.90504">
        <ele>25.1</ele>
      </trkpt>
      <trkpt lat="49.00865" lon="1.90502">
        <ele>24.8</ele>
      </trkpt>
      <trkpt lat="49.00869" lon="1.905">
        <ele>24.6</ele>
      </trkpt>
      <trkpt lat="49.00874" lon="1.90499">
        <ele>24.5</ele>
      </trkpt>
      <trkpt lat="49.008809" lon="1.90495">
        <ele>24.3</ele>
      </trkpt>
      <trkpt lat="49.00903" lon="1.90482">
        <ele>23.9</ele>
      </trkpt>
      <trkpt lat="49.00918" lon="1.90473">
        <ele>23.6</ele>
      </trkpt>
      <trkpt lat="49.00925" lon="1.90468">
        <ele>23.4</ele>
      </trkpt>
      <trkpt lat="49.00932" lon="1.90463">
        <ele>23.2</ele>
      </trkpt>
      <trkpt lat="49.00949" lon="1.90447">
        <ele>22.6</ele>
      </trkpt>
      <trkpt lat="49.00987" lon="1.90412">
        <ele>21.3</ele>
      </trkpt>
      <trkpt lat="49.00991" lon="1.90411">
        <ele>21.2</ele>
      </trkpt>
      <trkpt lat="49.00994" lon="1.9041">
        <ele>21.1</ele>
      </trkpt>
      <trkpt lat="49.01" lon="1.90406">
        <ele>21.0</ele>
      </trkpt>
      <trkpt lat="49.01008" lon="1.90399">
        <ele>21.1</ele>
      </trkpt>
      <trkpt lat="49.01008" lon="1.90399">
        <ele>21.1</ele>
      </trkpt>
      <trkpt lat="49.01009" lon="1.90396">
        <ele>21.1</ele>
      </trkpt>
      <trkpt lat="49.010129" lon="1.90393">
        <ele>21.1</ele>
      </trkpt>
      <trkpt lat="49.01023" lon="1.90385">
        <ele>21.1</ele>
      </trkpt>
      <trkpt lat="49.01033" lon="1.90378">
        <ele>21.0</ele>
      </trkpt>
      <trkpt lat="49.01039" lon="1.90373">
        <ele>21.0</ele>
      </trkpt>
      <trkpt lat="49.01043" lon="1.9037">
        <ele>20.9</ele>
      </trkpt>
      <trkpt lat="49.01049" lon="1.90368">
        <ele>20.9</ele>
      </trkpt>
      <trkpt lat="49.01054" lon="1.90363">
        <ele>20.8</ele>
      </trkpt>
      <trkpt lat="49.01065" lon="1.90352">
        <ele>20.6</ele>
      </trkpt>
      <trkpt lat="49.010779" lon="1.90341">
        <ele>20.2</ele>
      </trkpt>
      <trkpt lat="49.01089" lon="1.9033">
        <ele>20.1</ele>
      </trkpt>
      <trkpt lat="49.01092" lon="1.90325">
        <ele>20.1</ele>
      </trkpt>
      <trkpt lat="49.01094" lon="1.90318">
        <ele>20.1</ele>
      </trkpt>
      <trkpt lat="49.01096" lon="1.90317">
        <ele>20.2</ele>
      </trkpt>
      <trkpt lat="49.01109" lon="1.90304">
        <ele>20.3</ele>
      </trkpt>
      <trkpt lat="49.01119" lon="1.90295">
        <ele>20.4</ele>
      </trkpt>
      <trkpt lat="49.01133" lon="1.90283">
        <ele>20.6</ele>
      </trkpt>
      <trkpt lat="49.01142" lon="1.90274">
        <ele>20.7</ele>
      </trkpt>
      <trkpt lat="49.01152" lon="1.90265">
        <ele>20.8</ele>
      </trkpt>
      <trkpt lat="49.0117" lon="1.90247">
        <ele>21.0</ele>
      </trkpt>
      <trkpt lat="49.01253" lon="1.90172">
        <ele>21.1</ele>
      </trkpt>
      <trkpt lat="49.01293" lon="1.90136">
        <ele>21.7</ele>
      </trkpt>
      <trkpt lat="49.01312" lon="1.90119">
        <ele>21.9</ele>
      </trkpt>
      <trkpt lat="49.01319" lon="1.90112">
        <ele>21.9</ele>
      </trkpt>
      <trkpt lat="49.01333" lon="1.901">
        <ele>22.0</ele>
      </trkpt>
      <trkpt lat="49.01338" lon="1.901">
        <ele>22.0</ele>
      </trkpt>
      <trkpt lat="49.0134" lon="1.901">
        <ele>22.0</ele>
      </trkpt>
      <trkpt lat="49.01342" lon="1.90099">
        <ele>22.1</ele>
      </trkpt>
      <trkpt lat="49.01345" lon="1.90097">
        <ele>22.1</ele>
      </trkpt>
      <trkpt lat="49.01348" lon="1.90094">
        <ele>22.1</ele>
      </trkpt>
      <trkpt lat="49.01353" lon="1.90089">
        <ele>22.0</ele>
      </trkpt>
      <trkpt lat="49.01367" lon="1.90076">
        <ele>21.9</ele>
      </trkpt>
      <trkpt lat="49.01376" lon="1.90066">
        <ele>21.8</ele>
      </trkpt>
      <trkpt lat="49.01393" lon="1.90045">
        <ele>21.5</ele>
      </trkpt>
      <trkpt lat="49.014" lon="1.90035">
        <ele>21.4</ele>
      </trkpt>
      <trkpt lat="49.01409" lon="1.90017">
        <ele>21.2</ele>
      </trkpt>
      <trkpt lat="49.014249" lon="1.89978">
        <ele>21.7</ele>
      </trkpt>
      <trkpt lat="49.01426" lon="1.89974">
        <ele>21.8</ele>
      </trkpt>
      <trkpt lat="49.01428" lon="1.89971">
        <ele>21.9</ele>
      </trkpt>
      <trkpt lat="49.01443" lon="1.89913">
        <ele>23.2</ele>
      </trkpt>
      <trkpt lat="49.01443" lon="1.89913">
        <ele>23.2</ele>
      </trkpt>
      <trkpt lat="49.014449" lon="1.89913">
        <ele>23.2</ele>
      </trkpt>
      <trkpt lat="49.01447" lon="1.89912">
        <ele>23.2</ele>
      </trkpt>
      <trkpt lat="49.01449" lon="1.89911">
        <ele>23.3</ele>
      </trkpt>
      <trkpt lat="49.0145" lon="1.89909">
        <ele>23.4</ele>
      </trkpt>
      <trkpt lat="49.01452" lon="1.89907">
        <ele>23.5</ele>
      </trkpt>
      <trkpt lat="49.01453" lon="1.89905">
        <ele>23.6</ele>
      </trkpt>
      <trkpt lat="49.01455" lon="1.89902">
        <ele>23.7</ele>
      </trkpt>
      <trkpt lat="49.01455" lon="1.89899">
        <ele>23.9</ele>
      </trkpt>
      <trkpt lat="49.01456" lon="1.89895">
        <ele>24.1</ele>
      </trkpt>
      <trkpt lat="49.01455" lon="1.89891">
        <ele>24.3</ele>
      </trkpt>
      <trkpt lat="49.01455" lon="1.89889">
        <ele>24.4</ele>
      </trkpt>
      <trkpt lat="49.01462" lon="1.89874">
        <ele>25.0</ele>
      </trkpt>
      <trkpt lat="49.014719" lon="1.89855">
        <ele>25.7</ele>
      </trkpt>
      <trkpt lat="49.01481" lon="1.89839">
        <ele>26.2</ele>
      </trkpt>
      <trkpt lat="49.01486" lon="1.8983">
        <ele>26.6</ele>
      </trkpt>
      <trkpt lat="49.01487" lon="1.89828">
        <ele>26.8</ele>
      </trkpt>
      <trkpt lat="49.01487" lon="1.89826">
        <ele>26.9</ele>
      </trkpt>
      <trkpt lat="49.01488" lon="1.89819">
        <ele>27.5</ele>
      </trkpt>
      <trkpt lat="49.015" lon="1.89805">
        <ele>28.4</ele>
      </trkpt>
      <trkpt lat="49.015009" lon="1.89803">
        <ele>28.5</ele>
      </trkpt>
      <trkpt lat="49.01526" lon="1.89772">
        <ele>29.4</ele>
      </trkpt>
      <trkpt lat="49.01547" lon="1.89746">
        <ele>29.4</ele>
      </trkpt>
      <trkpt lat="49.01587" lon="1.89697">
        <ele>29.6</ele>
      </trkpt>
      <trkpt lat="49.01617" lon="1.89659">
        <ele>30.9</ele>
      </trkpt>
      <trkpt lat="49.01637" lon="1.89631">
        <ele>32.1</ele>
      </trkpt>
      <trkpt lat="49.01645" lon="1.8962">
        <ele>32.3</ele>
      </trkpt>
      <trkpt lat="49.01657" lon="1.89603">
        <ele>32.1</ele>
      </trkpt>
      <trkpt lat="49.01694" lon="1.8955">
        <ele>32.2</ele>
      </trkpt>
      <trkpt lat="49.01721" lon="1.89511">
        <ele>32.4</ele>
      </trkpt>
      <trkpt lat="49.01731" lon="1.89493">
        <ele>32.4</ele>
      </trkpt>
      <trkpt lat="49.01744" lon="1.8947">
        <ele>32.2</ele>
      </trkpt>
      <trkpt lat="49.01759" lon="1.89438">
        <ele>31.9</ele>
      </trkpt>
      <trkpt lat="49.01768" lon="1.89416">
        <ele>31.7</ele>
      </trkpt>
      <trkpt lat="49.01777" lon="1.89389">
        <ele>32.9</ele>
      </trkpt>
      <trkpt lat="49.01829" lon="1.89218">
        <ele>33.9</ele>
      </trkpt>
      <trkpt lat="49.01835" lon="1.89199">
        <ele>33.9</ele>
      </trkpt>
      <trkpt lat="49.01837" lon="1.89193">
        <ele>34.0</ele>
      </trkpt>
      <trkpt lat="49.01859" lon="1.8912">
        <ele>33.4</ele>
      </trkpt>
      <trkpt lat="49.018659" lon="1.89108">
        <ele>32.4</ele>
      </trkpt>
      <trkpt lat="49.01871" lon="1.89104">
        <ele>31.6</ele>
      </trkpt>
      <trkpt lat="49.01878" lon="1.89091">
        <ele>30.4</ele>
      </trkpt>
      <trkpt lat="49.01883" lon="1.89078">
        <ele>29.8</ele>
      </trkpt>
      <trkpt lat="49.01892" lon="1.89055">
        <ele>29.3</ele>
      </trkpt>
      <trkpt lat="49.01894" lon="1.89055">
        <ele>28.9</ele>
      </trkpt>
      <trkpt lat="49.01896" lon="1.89055">
        <ele>28.5</ele>
      </trkpt>
      <trkpt lat="49.01897" lon="1.89054">
        <ele>28.3</ele>
      </trkpt>
      <trkpt lat="49.019" lon="1.89052">
        <ele>27.9</ele>
      </trkpt>
      <trkpt lat="49.01901" lon="1.89049">
        <ele>27.8</ele>
      </trkpt>
      <trkpt lat="49.01902" lon="1.89047">
        <ele>27.7</ele>
      </trkpt>
      <trkpt lat="49.01903" lon="1.89044">
        <ele>27.7</ele>
      </trkpt>
      <trkpt lat="49.01903" lon="1.89043">
        <ele>27.7</ele>
      </trkpt>
      <trkpt lat="49.019039" lon="1.8904">
        <ele>27.7</ele>
      </trkpt>
      <trkpt lat="49.019039" lon="1.89039">
        <ele>27.7</ele>
      </trkpt>
      <trkpt lat="49.019039" lon="1.89037">
        <ele>27.8</ele>
      </trkpt>
      <trkpt lat="49.019039" lon="1.89035">
        <ele>27.9</ele>
      </trkpt>
      <trkpt lat="49.019039" lon="1.89034">
        <ele>28.0</ele>
      </trkpt>
      <trkpt lat="49.01903" lon="1.89032">
        <ele>28.3</ele>
      </trkpt>
      <trkpt lat="49.01902" lon="1.89031">
        <ele>28.5</ele>
      </trkpt>
      <trkpt lat="49.01907" lon="1.89014">
        <ele>28.4</ele>
      </trkpt>
      <trkpt lat="49.01932" lon="1.88944">
        <ele>33.9</ele>
      </trkpt>
      <trkpt lat="49.019329" lon="1.88943">
        <ele>33.9</ele>
      </trkpt>
      <trkpt lat="49.019329" lon="1.88942">
        <ele>34.1</ele>
      </trkpt>
      <trkpt lat="49.019329" lon="1.8894">
        <ele>34.3</ele>
      </trkpt>
      <trkpt lat="49.01934" lon="1.88935">
        <ele>34.9</ele>
      </trkpt>
      <trkpt lat="49.01948" lon="1.88904">
        <ele>36.9</ele>
      </trkpt>
      <trkpt lat="49.01967" lon="1.88861">
        <ele>37.9</ele>
      </trkpt>
      <trkpt lat="49.01977" lon="1.8884">
        <ele>37.7</ele>
      </trkpt>
      <trkpt lat="49.01987" lon="1.88821">
        <ele>37.2</ele>
      </trkpt>
      <trkpt lat="49.01994" lon="1.88804">
        <ele>37.5</ele>
      </trkpt>
      <trkpt lat="49.02005" lon="1.8878">
        <ele>38.1</ele>
      </trkpt>
      <trkpt lat="49.02018" lon="1.88747">
        <ele>39.0</ele>
      </trkpt>
      <trkpt lat="49.02026" lon="1.88725">
        <ele>39.1</ele>
      </trkpt>
      <trkpt lat="49.02038" lon="1.88694">
        <ele>38.4</ele>
      </trkpt>
      <trkpt lat="49.02056" lon="1.88644">
        <ele>35.3</ele>
      </trkpt>
      <trkpt lat="49.02086" lon="1.88563">
        <ele>30.0</ele>
      </trkpt>
      <trkpt lat="49.021389" lon="1.88416">
        <ele>35.3</ele>
      </trkpt>
      <trkpt lat="49.0216" lon="1.88358">
        <ele>34.6</ele>
      </trkpt>
      <trkpt lat="49.021769" lon="1.88299">
        <ele>36.4</ele>
      </trkpt>
      <trkpt lat="49.02185" lon="1.88262">
        <ele>37.7</ele>
      </trkpt>
      <trkpt lat="49.02188" lon="1.88244">
        <ele>38.0</ele>
      </trkpt>
      <trkpt lat="49.0219" lon="1.88226">
        <ele>38.1</ele>
      </trkpt>
      <trkpt lat="49.02194" lon="1.882">
        <ele>38.1</ele>
      </trkpt>
      <trkpt lat="49.02196" lon="1.88174">
        <ele>38.3</ele>
      </trkpt>
      <trkpt lat="49.022" lon="1.88147">
        <ele>38.7</ele>
      </trkpt>
      <trkpt lat="49.02203" lon="1.88121">
        <ele>39.1</ele>
      </trkpt>
      <trkpt lat="49.02207" lon="1.88099">
        <ele>39.2</ele>
      </trkpt>
      <trkpt lat="49.02211" lon="1.88075">
        <ele>39.2</ele>
      </trkpt>
      <trkpt lat="49.02218" lon="1.88049">
        <ele>38.8</ele>
      </trkpt>
      <trkpt lat="49.022239" lon="1.88027">
        <ele>38.4</ele>
      </trkpt>
      <trkpt lat="49.02234" lon="1.87993">
        <ele>37.8</ele>
      </trkpt>
      <trkpt lat="49.02244" lon="1.87961">
        <ele>36.1</ele>
      </trkpt>
      <trkpt lat="49.022709" lon="1.87877">
        <ele>33.2</ele>
      </trkpt>
      <trkpt lat="49.02291" lon="1.87818">
        <ele>31.6</ele>
      </trkpt>
      <trkpt lat="49.02316" lon="1.87736">
        <ele>31.3</ele>
      </trkpt>
      <trkpt lat="49.023269" lon="1.87701">
        <ele>31.6</ele>
      </trkpt>
      <trkpt lat="49.023449" lon="1.87643">
        <ele>33.0</ele>
      </trkpt>
      <trkpt lat="49.0235" lon="1.87632">
        <ele>33.3</ele>
      </trkpt>
      <trkpt lat="49.02363" lon="1.87591">
        <ele>34.1</ele>
      </trkpt>
      <trkpt lat="49.02367" lon="1.87576">
        <ele>34.4</ele>
      </trkpt>
      <trkpt lat="49.02375" lon="1.87544">
        <ele>34.9</ele>
      </trkpt>
      <trkpt lat="49.02378" lon="1.87529">
        <ele>35.2</ele>
      </trkpt>
      <trkpt lat="49.02381" lon="1.87517">
        <ele>35.3</ele>
      </trkpt>
      <trkpt lat="49.02382" lon="1.87508">
        <ele>35.5</ele>
      </trkpt>
      <trkpt lat="49.02384" lon="1.87501">
        <ele>35.5</ele>
      </trkpt>
      <trkpt lat="49.02386" lon="1.87489">
        <ele>35.6</ele>
      </trkpt>
      <trkpt lat="49.02387" lon="1.87482">
        <ele>35.6</ele>
      </trkpt>
      <trkpt lat="49.02388" lon="1.87474">
        <ele>35.6</ele>
      </trkpt>
      <trkpt lat="49.02393" lon="1.87452">
        <ele>35.5</ele>
      </trkpt>
      <trkpt lat="49.02393" lon="1.8744">
        <ele>35.5</ele>
      </trkpt>
      <trkpt lat="49.02395" lon="1.87432">
        <ele>35.5</ele>
      </trkpt>
      <trkpt lat="49.02397" lon="1.87424">
        <ele>35.4</ele>
      </trkpt>
      <trkpt lat="49.02399" lon="1.87418">
        <ele>35.3</ele>
      </trkpt>
      <trkpt lat="49.02402" lon="1.87411">
        <ele>35.3</ele>
      </trkpt>
      <trkpt lat="49.02408" lon="1.87397">
        <ele>35.5</ele>
      </trkpt>
      <trkpt lat="49.02413" lon="1.87386">
        <ele>35.7</ele>
      </trkpt>
      <trkpt lat="49.02417" lon="1.87378">
        <ele>35.8</ele>
      </trkpt>
      <trkpt lat="49.024209" lon="1.87372">
        <ele>36.0</ele>
      </trkpt>
      <trkpt lat="49.024299" lon="1.87358">
        <ele>36.2</ele>
      </trkpt>
      <trkpt lat="49.02438" lon="1.8735">
        <ele>36.2</ele>
      </trkpt>
      <trkpt lat="49.02442" lon="1.87346">
        <ele>36.2</ele>
      </trkpt>
      <trkpt lat="49.02449" lon="1.8734">
        <ele>36.2</ele>
      </trkpt>
      <trkpt lat="49.02481" lon="1.87312">
        <ele>35.8</ele>
      </trkpt>
      <trkpt lat="49.02494" lon="1.873">
        <ele>35.8</ele>
      </trkpt>
      <trkpt lat="49.02501" lon="1.8729">
        <ele>36.1</ele>
      </trkpt>
      <trkpt lat="49.0251" lon="1.87278">
        <ele>36.4</ele>
      </trkpt>
      <trkpt lat="49.02516" lon="1.87269">
        <ele>36.7</ele>
      </trkpt>
      <trkpt lat="49.02525" lon="1.87255">
        <ele>37.2</ele>
      </trkpt>
      <trkpt lat="49.0253" lon="1.87247">
        <ele>37.4</ele>
      </trkpt>
      <trkpt lat="49.0253" lon="1.87245">
        <ele>37.4</ele>
      </trkpt>
      <trkpt lat="49.025329" lon="1.87238">
        <ele>37.6</ele>
      </trkpt>
      <trkpt lat="49.02537" lon="1.87228">
        <ele>37.8</ele>
      </trkpt>
      <trkpt lat="49.025419" lon="1.87217">
        <ele>38.0</ele>
      </trkpt>
      <trkpt lat="49.02545" lon="1.87206">
        <ele>38.3</ele>
      </trkpt>
      <trkpt lat="49.02547" lon="1.87198">
        <ele>38.5</ele>
      </trkpt>
      <trkpt lat="49.02553" lon="1.87178">
        <ele>39.0</ele>
      </trkpt>
      <trkpt lat="49.02558" lon="1.8716">
        <ele>39.4</ele>
      </trkpt>
      <trkpt lat="49.02563" lon="1.87146">
        <ele>39.6</ele>
      </trkpt>
      <trkpt lat="49.02577" lon="1.87113">
        <ele>40.2</ele>
      </trkpt>
      <trkpt lat="49.02587" lon="1.87085">
        <ele>40.8</ele>
      </trkpt>
      <trkpt lat="49.025979" lon="1.87059">
        <ele>40.9</ele>
      </trkpt>
      <trkpt lat="49.02609" lon="1.87035">
        <ele>40.7</ele>
      </trkpt>
      <trkpt lat="49.026179" lon="1.87018">
        <ele>40.3</ele>
      </trkpt>
      <trkpt lat="49.026269" lon="1.87001">
        <ele>39.8</ele>
      </trkpt>
      <trkpt lat="49.02632" lon="1.86993">
        <ele>39.7</ele>
      </trkpt>
      <trkpt lat="49.02648" lon="1.8697">
        <ele>39.1</ele>
      </trkpt>
      <trkpt lat="49.02663" lon="1.8695">
        <ele>38.5</ele>
      </trkpt>
      <trkpt lat="49.02696" lon="1.86909">
        <ele>37.5</ele>
      </trkpt>
      <trkpt lat="49.02707" lon="1.86899">
        <ele>37.0</ele>
      </trkpt>
      <trkpt lat="49.027209" lon="1.86874">
        <ele>36.6</ele>
      </trkpt>
      <trkpt lat="49.02731" lon="1.86857">
        <ele>36.2</ele>
      </trkpt>
      <trkpt lat="49.02743" lon="1.86834">
        <ele>35.6</ele>
      </trkpt>
      <trkpt lat="49.02758" lon="1.86802">
        <ele>35.2</ele>
      </trkpt>
      <trkpt lat="49.02776" lon="1.86758">
        <ele>35.3</ele>
      </trkpt>
      <trkpt lat="49.02787" lon="1.86726">
        <ele>35.8</ele>
      </trkpt>
      <trkpt lat="49.02802" lon="1.8668">
        <ele>36.7</ele>
      </trkpt>
      <trkpt lat="49.02807" lon="1.86661">
        <ele>37.2</ele>
      </trkpt>
      <trkpt lat="49.02819" lon="1.86623">
        <ele>38.7</ele>
      </trkpt>
      <trkpt lat="49.02836" lon="1.86554">
        <ele>40.1</ele>
      </trkpt>
      <trkpt lat="49.02838" lon="1.86545">
        <ele>40.1</ele>
      </trkpt>
      <trkpt lat="49.02844" lon="1.86517">
        <ele>39.9</ele>
      </trkpt>
      <trkpt lat="49.02851" lon="1.86481">
        <ele>39.3</ele>
      </trkpt>
      <trkpt lat="49.02853" lon="1.86466">
        <ele>39.0</ele>
      </trkpt>
      <trkpt lat="49.02857" lon="1.86432">
        <ele>38.4</ele>
      </trkpt>
      <trkpt lat="49.02858" lon="1.86404">
        <ele>37.8</ele>
      </trkpt>
      <trkpt lat="49.0286" lon="1.86305">
        <ele>35.9</ele>
      </trkpt>
      <trkpt lat="49.02859" lon="1.86205">
        <ele>38.0</ele>
      </trkpt>
      <trkpt lat="49.02857" lon="1.86146">
        <ele>39.6</ele>
      </trkpt>
      <trkpt lat="49.02855" lon="1.86102">
        <ele>41.1</ele>
      </trkpt>
      <trkpt lat="49.02851" lon="1.86006">
        <ele>41.8</ele>
      </trkpt>
      <trkpt lat="49.02849" lon="1.85954">
        <ele>42.5</ele>
      </trkpt>
      <trkpt lat="49.02849" lon="1.85944">
        <ele>42.6</ele>
      </trkpt>
      <trkpt lat="49.02845" lon="1.85842">
        <ele>42.4</ele>
      </trkpt>
      <trkpt lat="49.02844" lon="1.85809">
        <ele>42.3</ele>
      </trkpt>
      <trkpt lat="49.02843" lon="1.85768">
        <ele>42.3</ele>
      </trkpt>
      <trkpt lat="49.02844" lon="1.85754">
        <ele>42.4</ele>
      </trkpt>
      <trkpt lat="49.02844" lon="1.8574">
        <ele>42.5</ele>
      </trkpt>
      <trkpt lat="49.02844" lon="1.85736">
        <ele>42.5</ele>
      </trkpt>
      <trkpt lat="49.02845" lon="1.85688">
        <ele>43.0</ele>
      </trkpt>
      <trkpt lat="49.02845" lon="1.85644">
        <ele>43.7</ele>
      </trkpt>
      <trkpt lat="49.02845" lon="1.85629">
        <ele>44.0</ele>
      </trkpt>
      <trkpt lat="49.02843" lon="1.8561">
        <ele>44.5</ele>
      </trkpt>
      <trkpt lat="49.02844" lon="1.85592">
        <ele>44.9</ele>
      </trkpt>
      <trkpt lat="49.02845" lon="1.85576">
        <ele>45.2</ele>
      </trkpt>
      <trkpt lat="49.02847" lon="1.85559">
        <ele>45.2</ele>
      </trkpt>
      <trkpt lat="49.02848" lon="1.85547">
        <ele>45.3</ele>
      </trkpt>
      <trkpt lat="49.02852" lon="1.85525">
        <ele>45.4</ele>
      </trkpt>
      <trkpt lat="49.02858" lon="1.8549">
        <ele>45.7</ele>
      </trkpt>
      <trkpt lat="49.028619" lon="1.85473">
        <ele>45.9</ele>
      </trkpt>
      <trkpt lat="49.02866" lon="1.85454">
        <ele>46.1</ele>
      </trkpt>
      <trkpt lat="49.02872" lon="1.85433">
        <ele>46.4</ele>
      </trkpt>
      <trkpt lat="49.02877" lon="1.85415">
        <ele>46.5</ele>
      </trkpt>
      <trkpt lat="49.02879" lon="1.85406">
        <ele>46.6</ele>
      </trkpt>
      <trkpt lat="49.02881" lon="1.854">
        <ele>46.6</ele>
      </trkpt>
      <trkpt lat="49.02881" lon="1.85394">
        <ele>46.6</ele>
      </trkpt>
      <trkpt lat="49.02883" lon="1.85387">
        <ele>46.7</ele>
      </trkpt>
      <trkpt lat="49.02884" lon="1.85381">
        <ele>46.7</ele>
      </trkpt>
      <trkpt lat="49.02886" lon="1.85374">
        <ele>46.7</ele>
      </trkpt>
      <trkpt lat="49.0289" lon="1.85368">
        <ele>46.7</ele>
      </trkpt>
      <trkpt lat="49.02895" lon="1.85358">
        <ele>46.6</ele>
      </trkpt>
      <trkpt lat="49.029" lon="1.8535">
        <ele>46.5</ele>
      </trkpt>
      <trkpt lat="49.02906" lon="1.85341">
        <ele>46.3</ele>
      </trkpt>
      <trkpt lat="49.02911" lon="1.85332">
        <ele>46.1</ele>
      </trkpt>
      <trkpt lat="49.02917" lon="1.85318">
        <ele>45.9</ele>
      </trkpt>
      <trkpt lat="49.02919" lon="1.85312">
        <ele>46.0</ele>
      </trkpt>
      <trkpt lat="49.0292" lon="1.85304">
        <ele>46.0</ele>
      </trkpt>
      <trkpt lat="49.02938" lon="1.85264">
        <ele>47.0</ele>
      </trkpt>
      <trkpt lat="49.029559" lon="1.85221">
        <ele>47.8</ele>
      </trkpt>
      <trkpt lat="49.02968" lon="1.85193">
        <ele>48.0</ele>
      </trkpt>
      <trkpt lat="49.03" lon="1.85118">
        <ele>47.8</ele>
      </trkpt>
      <trkpt lat="49.03009" lon="1.85089">
        <ele>47.8</ele>
      </trkpt>
      <trkpt lat="49.03018" lon="1.85052">
        <ele>47.6</ele>
      </trkpt>
      <trkpt lat="49.03023" lon="1.8503">
        <ele>47.6</ele>
      </trkpt>
      <trkpt lat="49.03037" lon="1.84963">
        <ele>49.0</ele>
      </trkpt>
      <trkpt lat="49.03043" lon="1.84933">
        <ele>50.2</ele>
      </trkpt>
      <trkpt lat="49.03057" lon="1.84853">
        <ele>50.6</ele>
      </trkpt>
      <trkpt lat="49.03061" lon="1.84826">
        <ele>50.5</ele>
      </trkpt>
      <trkpt lat="49.03069" lon="1.84732">
        <ele>51.1</ele>
      </trkpt>
      <trkpt lat="49.03075" lon="1.84639">
        <ele>52.9</ele>
      </trkpt>
      <trkpt lat="49.03076" lon="1.84604">
        <ele>53.4</ele>
      </trkpt>
      <trkpt lat="49.03074" lon="1.84585">
        <ele>53.5</ele>
      </trkpt>
      <trkpt lat="49.03069" lon="1.84552">
        <ele>53.6</ele>
      </trkpt>
      <trkpt lat="49.03067" lon="1.84541">
        <ele>53.6</ele>
      </trkpt>
      <trkpt lat="49.03062" lon="1.84523">
        <ele>53.5</ele>
      </trkpt>
      <trkpt lat="49.03042" lon="1.84463">
        <ele>53.6</ele>
      </trkpt>
      <trkpt lat="49.03032" lon="1.84437">
        <ele>53.5</ele>
      </trkpt>
      <trkpt lat="49.03019" lon="1.84398">
        <ele>53.7</ele>
      </trkpt>
      <trkpt lat="49.03018" lon="1.84395">
        <ele>53.7</ele>
      </trkpt>
      <trkpt lat="49.03008" lon="1.84373">
        <ele>53.5</ele>
      </trkpt>
      <trkpt lat="49.02999" lon="1.84345">
        <ele>53.6</ele>
      </trkpt>
      <trkpt lat="49.02992" lon="1.84314">
        <ele>54.5</ele>
      </trkpt>
      <trkpt lat="49.02986" lon="1.84283">
        <ele>55.4</ele>
      </trkpt>
      <trkpt lat="49.02981" lon="1.84247">
        <ele>56.3</ele>
      </trkpt>
      <trkpt lat="49.02977" lon="1.84217">
        <ele>56.9</ele>
      </trkpt>
      <trkpt lat="49.02979" lon="1.84198">
        <ele>57.7</ele>
      </trkpt>
      <trkpt lat="49.02981" lon="1.84162">
        <ele>58.9</ele>
      </trkpt>
      <trkpt lat="49.02984" lon="1.84136">
        <ele>59.0</ele>
      </trkpt>
      <trkpt lat="49.02985" lon="1.8412">
        <ele>59.0</ele>
      </trkpt>
      <trkpt lat="49.02986" lon="1.84109">
        <ele>59.0</ele>
      </trkpt>
      <trkpt lat="49.02988" lon="1.84065">
        <ele>59.5</ele>
      </trkpt>
      <trkpt lat="49.02993" lon="1.84009">
        <ele>61.0</ele>
      </trkpt>
      <trkpt lat="49.02995" lon="1.83993">
        <ele>61.3</ele>
      </trkpt>
      <trkpt lat="49.02996" lon="1.83982">
        <ele>61.6</ele>
      </trkpt>
      <trkpt lat="49.03002" lon="1.83902">
        <ele>62.7</ele>
      </trkpt>
      <trkpt lat="49.03002" lon="1.83893">
        <ele>62.4</ele>
      </trkpt>
      <trkpt lat="49.03007" lon="1.83835">
        <ele>61.0</ele>
      </trkpt>
      <trkpt lat="49.03007" lon="1.83829">
        <ele>60.8</ele>
      </trkpt>
      <trkpt lat="49.03007" lon="1.8379">
        <ele>60.0</ele>
      </trkpt>
      <trkpt lat="49.03002" lon="1.83731">
        <ele>58.5</ele>
      </trkpt>
      <trkpt lat="49.02995" lon="1.83661">
        <ele>58.9</ele>
      </trkpt>
      <trkpt lat="49.02991" lon="1.83581">
        <ele>58.9</ele>
      </trkpt>
      <trkpt lat="49.02991" lon="1.83518">
        <ele>59.7</ele>
      </trkpt>
      <trkpt lat="49.02992" lon="1.83459">
        <ele>60.4</ele>
      </trkpt>
      <trkpt lat="49.02995" lon="1.83362">
        <ele>60.9</ele>
      </trkpt>
      <trkpt lat="49.02995" lon="1.83343">
        <ele>60.9</ele>
      </trkpt>
      <trkpt lat="49.02999" lon="1.83239">
        <ele>61.4</ele>
      </trkpt>
      <trkpt lat="49.03005" lon="1.83174">
        <ele>64.4</ele>
      </trkpt>
      <trkpt lat="49.03011" lon="1.83139">
        <ele>65.8</ele>
      </trkpt>
      <trkpt lat="49.03016" lon="1.83103">
        <ele>66.9</ele>
      </trkpt>
      <trkpt lat="49.03022" lon="1.83072">
        <ele>68.3</ele>
      </trkpt>
      <trkpt lat="49.03025" lon="1.83057">
        <ele>69.2</ele>
      </trkpt>
      <trkpt lat="49.03027" lon="1.83043">
        <ele>69.9</ele>
      </trkpt>
      <trkpt lat="49.0304" lon="1.82974">
        <ele>71.9</ele>
      </trkpt>
      <trkpt lat="49.03052" lon="1.82905">
        <ele>71.0</ele>
      </trkpt>
      <trkpt lat="49.030589" lon="1.8288">
        <ele>71.5</ele>
      </trkpt>
      <trkpt lat="49.03066" lon="1.82843">
        <ele>71.8</ele>
      </trkpt>
      <trkpt lat="49.030679" lon="1.82831">
        <ele>71.9</ele>
      </trkpt>
      <trkpt lat="49.03071" lon="1.82811">
        <ele>72.1</ele>
      </trkpt>
      <trkpt lat="49.03071" lon="1.82809">
        <ele>72.1</ele>
      </trkpt>
      <trkpt lat="49.03072" lon="1.8279">
        <ele>72.2</ele>
      </trkpt>
      <trkpt lat="49.03074" lon="1.82761">
        <ele>72.3</ele>
      </trkpt>
      <trkpt lat="49.03075" lon="1.82759">
        <ele>72.4</ele>
      </trkpt>
      <trkpt lat="49.030769" lon="1.82726">
        <ele>72.6</ele>
      </trkpt>
      <trkpt lat="49.03078" lon="1.82697">
        <ele>72.7</ele>
      </trkpt>
      <trkpt lat="49.03078" lon="1.82669">
        <ele>72.7</ele>
      </trkpt>
      <trkpt lat="49.03079" lon="1.82626">
        <ele>72.8</ele>
      </trkpt>
      <trkpt lat="49.03081" lon="1.82539">
        <ele>73.9</ele>
      </trkpt>
      <trkpt lat="49.03082" lon="1.82474">
        <ele>74.9</ele>
      </trkpt>
      <trkpt lat="49.03083" lon="1.82377">
        <ele>74.5</ele>
      </trkpt>
      <trkpt lat="49.03087" lon="1.82183">
        <ele>78.1</ele>
      </trkpt>
      <trkpt lat="49.0309" lon="1.82055">
        <ele>79.7</ele>
      </trkpt>
      <trkpt lat="49.03093" lon="1.82026">
        <ele>80.0</ele>
      </trkpt>
      <trkpt lat="49.03102" lon="1.81971">
        <ele>81.0</ele>
      </trkpt>
      <trkpt lat="49.0311" lon="1.81951">
        <ele>81.8</ele>
      </trkpt>
      <trkpt lat="49.03123" lon="1.81928">
        <ele>82.9</ele>
      </trkpt>
      <trkpt lat="49.03143" lon="1.819">
        <ele>83.9</ele>
      </trkpt>
      <trkpt lat="49.03158" lon="1.81878">
        <ele>84.1</ele>
      </trkpt>
      <trkpt lat="49.03169" lon="1.81864">
        <ele>84.4</ele>
      </trkpt>
      <trkpt lat="49.03184" lon="1.81845">
        <ele>85.3</ele>
      </trkpt>
      <trkpt lat="49.03192" lon="1.81833">
        <ele>85.7</ele>
      </trkpt>
      <trkpt lat="49.03206" lon="1.81805">
        <ele>86.9</ele>
      </trkpt>
      <trkpt lat="49.03216" lon="1.81784">
        <ele>87.7</ele>
      </trkpt>
      <trkpt lat="49.03223" lon="1.81765">
        <ele>88.3</ele>
      </trkpt>
      <trkpt lat="49.032269" lon="1.81759">
        <ele>88.6</ele>
      </trkpt>
      <trkpt lat="49.03232" lon="1.81747">
        <ele>89.1</ele>
      </trkpt>
      <trkpt lat="49.03258" lon="1.81697">
        <ele>91.7</ele>
      </trkpt>
      <trkpt lat="49.0329" lon="1.81638">
        <ele>93.7</ele>
      </trkpt>
      <trkpt lat="49.03328" lon="1.81571">
        <ele>94.4</ele>
      </trkpt>
      <trkpt lat="49.0337" lon="1.81496">
        <ele>94.1</ele>
      </trkpt>
      <trkpt lat="49.033969" lon="1.81439">
        <ele>94.0</ele>
      </trkpt>
      <trkpt lat="49.03403" lon="1.81423">
        <ele>93.7</ele>
      </trkpt>
      <trkpt lat="49.034059" lon="1.8141">
        <ele>93.4</ele>
      </trkpt>
      <trkpt lat="49.03409" lon="1.81398">
        <ele>93.0</ele>
      </trkpt>
      <trkpt lat="49.03413" lon="1.81374">
        <ele>92.3</ele>
      </trkpt>
      <trkpt lat="49.03419" lon="1.8134">
        <ele>91.4</ele>
      </trkpt>
      <trkpt lat="49.03423" lon="1.81319">
        <ele>90.9</ele>
      </trkpt>
      <trkpt lat="49.03428" lon="1.81291">
        <ele>90.1</ele>
      </trkpt>
      <trkpt lat="49.03435" lon="1.81264">
        <ele>89.8</ele>
      </trkpt>
      <trkpt lat="49.03451" lon="1.81216">
        <ele>91.0</ele>
      </trkpt>
      <trkpt lat="49.03486" lon="1.81113">
        <ele>91.6</ele>
      </trkpt>
      <trkpt lat="49.03488" lon="1.81108">
        <ele>91.5</ele>
      </trkpt>
      <trkpt lat="49.03495" lon="1.81093">
        <ele>91.2</ele>
      </trkpt>
      <trkpt lat="49.034999" lon="1.81081">
        <ele>90.9</ele>
      </trkpt>
      <trkpt lat="49.03506" lon="1.8107">
        <ele>90.8</ele>
      </trkpt>
      <trkpt lat="49.03512" lon="1.8106">
        <ele>90.7</ele>
      </trkpt>
      <trkpt lat="49.035179" lon="1.81049">
        <ele>90.5</ele>
      </trkpt>
      <trkpt lat="49.03524" lon="1.8104">
        <ele>90.3</ele>
      </trkpt>
      <trkpt lat="49.03525" lon="1.81038">
        <ele>90.3</ele>
      </trkpt>
      <trkpt lat="49.03532" lon="1.8103">
        <ele>90.3</ele>
      </trkpt>
      <trkpt lat="49.03537" lon="1.81023">
        <ele>90.1</ele>
      </trkpt>
      <trkpt lat="49.03542" lon="1.81017">
        <ele>90.0</ele>
      </trkpt>
      <trkpt lat="49.035469" lon="1.81012">
        <ele>90.0</ele>
      </trkpt>
      <trkpt lat="49.03551" lon="1.81008">
        <ele>90.0</ele>
      </trkpt>
      <trkpt lat="49.03555" lon="1.81004">
        <ele>89.9</ele>
      </trkpt>
      <trkpt lat="49.03564" lon="1.80997">
        <ele>89.9</ele>
      </trkpt>
      <trkpt lat="49.03573" lon="1.80991">
        <ele>90.0</ele>
      </trkpt>
      <trkpt lat="49.03578" lon="1.80986">
        <ele>89.9</ele>
      </trkpt>
      <trkpt lat="49.03584" lon="1.80982">
        <ele>90.0</ele>
      </trkpt>
      <trkpt lat="49.036119" lon="1.8096">
        <ele>90.7</ele>
      </trkpt>
      <trkpt lat="49.036499" lon="1.80928">
        <ele>90.3</ele>
      </trkpt>
      <trkpt lat="49.03681" lon="1.80896">
        <ele>90.1</ele>
      </trkpt>
      <trkpt lat="49.03687" lon="1.8089">
        <ele>90.4</ele>
      </trkpt>
      <trkpt lat="49.037" lon="1.80875">
        <ele>90.6</ele>
      </trkpt>
      <trkpt lat="49.0372" lon="1.8085">
        <ele>90.6</ele>
      </trkpt>
      <trkpt lat="49.03731" lon="1.80834">
        <ele>90.2</ele>
      </trkpt>
      <trkpt lat="49.03736" lon="1.80833">
        <ele>90.6</ele>
      </trkpt>
      <trkpt lat="49.03774" lon="1.80778">
        <ele>90.8</ele>
      </trkpt>
      <trkpt lat="49.03774" lon="1.80778">
        <ele>90.8</ele>
      </trkpt>
      <trkpt lat="49.0377" lon="1.80771">
        <ele>89.9</ele>
      </trkpt>
      <trkpt lat="49.0377" lon="1.80763">
        <ele>89.4</ele>
      </trkpt>
      <trkpt lat="49.0377" lon="1.80755">
        <ele>88.8</ele>
      </trkpt>
      <trkpt lat="49.0377" lon="1.8075">
        <ele>88.4</ele>
      </trkpt>
      <trkpt lat="49.0377" lon="1.80743">
        <ele>88.2</ele>
      </trkpt>
      <trkpt lat="49.03771" lon="1.80735">
        <ele>87.9</ele>
      </trkpt>
      <trkpt lat="49.03772" lon="1.80727">
        <ele>87.7</ele>
      </trkpt>
      <trkpt lat="49.03772" lon="1.80719">
        <ele>87.4</ele>
      </trkpt>
      <trkpt lat="49.03774" lon="1.80709">
        <ele>87.0</ele>
      </trkpt>
      <trkpt lat="49.03776" lon="1.80694">
        <ele>86.5</ele>
      </trkpt>
      <trkpt lat="49.03782" lon="1.80666">
        <ele>85.4</ele>
      </trkpt>
      <trkpt lat="49.03784" lon="1.80654">
        <ele>85.2</ele>
      </trkpt>
      <trkpt lat="49.03794" lon="1.80602">
        <ele>84.3</ele>
      </trkpt>
      <trkpt lat="49.03796" lon="1.8059">
        <ele>84.0</ele>
      </trkpt>
      <trkpt lat="49.03806" lon="1.80538">
        <ele>84.7</ele>
      </trkpt>
      <trkpt lat="49.03825" lon="1.80435">
        <ele>87.8</ele>
      </trkpt>
      <trkpt lat="49.03845" lon="1.80323">
        <ele>96.7</ele>
      </trkpt>
      <trkpt lat="49.03851" lon="1.80292">
        <ele>98.6</ele>
      </trkpt>
      <trkpt lat="49.03857" lon="1.80262">
        <ele>100.2</ele>
      </trkpt>
      <trkpt lat="49.03861" lon="1.80237">
        <ele>101.1</ele>
      </trkpt>
      <trkpt lat="49.03863" lon="1.80223">
        <ele>101.3</ele>
      </trkpt>
      <trkpt lat="49.03864" lon="1.80218">
        <ele>101.3</ele>
      </trkpt>
      <trkpt lat="49.03879" lon="1.80106">
        <ele>102.4</ele>
      </trkpt>
      <trkpt lat="49.03887" lon="1.80033">
        <ele>102.7</ele>
      </trkpt>
      <trkpt lat="49.03891" lon="1.80005">
        <ele>102.5</ele>
      </trkpt>
      <trkpt lat="49.03892" lon="1.79996">
        <ele>102.6</ele>
      </trkpt>
      <trkpt lat="49.03893" lon="1.79982">
        <ele>103.2</ele>
      </trkpt>
      <trkpt lat="49.038939" lon="1.79965">
        <ele>103.8</ele>
      </trkpt>
      <trkpt lat="49.03895" lon="1.79957">
        <ele>104.1</ele>
      </trkpt>
      <trkpt lat="49.03895" lon="1.79947">
        <ele>104.6</ele>
      </trkpt>
      <trkpt lat="49.03896" lon="1.79937">
        <ele>104.9</ele>
      </trkpt>
      <trkpt lat="49.03896" lon="1.79911">
        <ele>106.0</ele>
      </trkpt>
      <trkpt lat="49.03898" lon="1.79857">
        <ele>106.5</ele>
      </trkpt>
      <trkpt lat="49.03898" lon="1.79846">
        <ele>106.6</ele>
      </trkpt>
      <trkpt lat="49.03899" lon="1.79839">
        <ele>106.6</ele>
      </trkpt>
      <trkpt lat="49.03901" lon="1.79815">
        <ele>107.1</ele>
      </trkpt>
      <trkpt lat="49.03906" lon="1.79781">
        <ele>107.7</ele>
      </trkpt>
      <trkpt lat="49.03907" lon="1.79775">
        <ele>107.9</ele>
      </trkpt>
      <trkpt lat="49.03908" lon="1.7977">
        <ele>108.0</ele>
      </trkpt>
      <trkpt lat="49.03909" lon="1.79765">
        <ele>108.0</ele>
      </trkpt>
      <trkpt lat="49.0391" lon="1.79761">
        <ele>108.1</ele>
      </trkpt>
      <trkpt lat="49.039119" lon="1.79753">
        <ele>108.2</ele>
      </trkpt>
      <trkpt lat="49.03919" lon="1.7973">
        <ele>109.0</ele>
      </trkpt>
      <trkpt lat="49.03923" lon="1.7972">
        <ele>109.5</ele>
      </trkpt>
      <trkpt lat="49.03926" lon="1.79711">
        <ele>110.0</ele>
      </trkpt>
      <trkpt lat="49.03944" lon="1.79672">
        <ele>113.0</ele>
      </trkpt>
      <trkpt lat="49.03956" lon="1.79649">
        <ele>114.2</ele>
      </trkpt>
      <trkpt lat="49.039589" lon="1.79644">
        <ele>114.4</ele>
      </trkpt>
      <trkpt lat="49.03961" lon="1.79641">
        <ele>114.6</ele>
      </trkpt>
      <trkpt lat="49.03965" lon="1.79637">
        <ele>114.8</ele>
      </trkpt>
      <trkpt lat="49.0397" lon="1.79632">
        <ele>115.1</ele>
      </trkpt>
      <trkpt lat="49.03991" lon="1.7959">
        <ele>116.6</ele>
      </trkpt>
      <trkpt lat="49.03996" lon="1.7958">
        <ele>116.9</ele>
      </trkpt>
      <trkpt lat="49.04003" lon="1.79565">
        <ele>117.4</ele>
      </trkpt>
      <trkpt lat="49.04014" lon="1.79535">
        <ele>118.2</ele>
      </trkpt>
      <trkpt lat="49.04057" lon="1.79411">
        <ele>121.9</ele>
      </trkpt>
      <trkpt lat="49.04072" lon="1.79368">
        <ele>124.1</ele>
      </trkpt>
      <trkpt lat="49.04088" lon="1.79321">
        <ele>126.4</ele>
      </trkpt>
      <trkpt lat="49.04094" lon="1.79301">
        <ele>126.7</ele>
      </trkpt>
      <trkpt lat="49.04099" lon="1.79283">
        <ele>127.0</ele>
      </trkpt>
      <trkpt lat="49.04101" lon="1.7927">
        <ele>127.0</ele>
      </trkpt>
      <trkpt lat="49.04103" lon="1.79258">
        <ele>127.0</ele>
      </trkpt>
      <trkpt lat="49.04105" lon="1.7924">
        <ele>126.9</ele>
      </trkpt>
      <trkpt lat="49.04106" lon="1.79217">
        <ele>126.8</ele>
      </trkpt>
      <trkpt lat="49.04106" lon="1.79193">
        <ele>126.5</ele>
      </trkpt>
      <trkpt lat="49.04104" lon="1.79171">
        <ele>126.3</ele>
      </trkpt>
      <trkpt lat="49.04103" lon="1.79159">
        <ele>126.3</ele>
      </trkpt>
      <trkpt lat="49.04101" lon="1.79142">
        <ele>126.4</ele>
      </trkpt>
      <trkpt lat="49.04084" lon="1.79043">
        <ele>127.5</ele>
      </trkpt>
      <trkpt lat="49.0408" lon="1.79018">
        <ele>127.8</ele>
      </trkpt>
      <trkpt lat="49.04076" lon="1.78975">
        <ele>128.1</ele>
      </trkpt>
      <trkpt lat="49.04074" lon="1.78957">
        <ele>128.1</ele>
      </trkpt>
      <trkpt lat="49.04075" lon="1.78901">
        <ele>128.4</ele>
      </trkpt>
      <trkpt lat="49.04078" lon="1.78846">
        <ele>128.9</ele>
      </trkpt>
      <trkpt lat="49.04079" lon="1.78832">
        <ele>129.1</ele>
      </trkpt>
      <trkpt lat="49.04079" lon="1.78818">
        <ele>129.2</ele>
      </trkpt>
      <trkpt lat="49.04079" lon="1.78806">
        <ele>129.4</ele>
      </trkpt>
      <trkpt lat="49.04079" lon="1.78791">
        <ele>129.6</ele>
      </trkpt>
      <trkpt lat="49.04078" lon="1.78777">
        <ele>129.7</ele>
      </trkpt>
      <trkpt lat="49.04078" lon="1.78763">
        <ele>129.9</ele>
      </trkpt>
      <trkpt lat="49.04077" lon="1.78749">
        <ele>130.1</ele>
      </trkpt>
      <trkpt lat="49.04076" lon="1.78735">
        <ele>130.1</ele>
      </trkpt>
      <trkpt lat="49.04074" lon="1.78721">
        <ele>130.1</ele>
      </trkpt>
      <trkpt lat="49.04072" lon="1.78707">
        <ele>130.1</ele>
      </trkpt>
      <trkpt lat="49.04069" lon="1.7868">
        <ele>130.0</ele>
      </trkpt>
      <trkpt lat="49.04063" lon="1.78638">
        <ele>129.5</ele>
      </trkpt>
      <trkpt lat="49.0405" lon="1.78535">
        <ele>127.9</ele>
      </trkpt>
      <trkpt lat="49.04049" lon="1.78519">
        <ele>127.6</ele>
      </trkpt>
      <trkpt lat="49.04047" lon="1.78503">
        <ele>127.4</ele>
      </trkpt>
      <trkpt lat="49.04046" lon="1.78472">
        <ele>127.0</ele>
      </trkpt>
      <trkpt lat="49.0404" lon="1.78262">
        <ele>126.6</ele>
      </trkpt>
      <trkpt lat="49.0404" lon="1.78247">
        <ele>126.6</ele>
      </trkpt>
      <trkpt lat="49.04039" lon="1.78229">
        <ele>127.1</ele>
      </trkpt>
      <trkpt lat="49.04038" lon="1.78196">
        <ele>127.9</ele>
      </trkpt>
      <trkpt lat="49.04036" lon="1.78147">
        <ele>128.7</ele>
      </trkpt>
      <trkpt lat="49.04031" lon="1.78017">
        <ele>129.7</ele>
      </trkpt>
      <trkpt lat="49.04027" lon="1.77916">
        <ele>132.3</ele>
      </trkpt>
      <trkpt lat="49.04019" lon="1.7771">
        <ele>134.0</ele>
      </trkpt>
      <trkpt lat="49.04016" lon="1.77636">
        <ele>135.5</ele>
      </trkpt>
      <trkpt lat="49.04015" lon="1.77588">
        <ele>137.6</ele>
      </trkpt>
      <trkpt lat="49.04012" lon="1.7754">
        <ele>140.7</ele>
      </trkpt>
      <trkpt lat="49.0401" lon="1.77503">
        <ele>143.2</ele>
      </trkpt>
      <trkpt lat="49.04009" lon="1.77486">
        <ele>143.5</ele>
      </trkpt>
      <trkpt lat="49.04007" lon="1.77449">
        <ele>143.6</ele>
      </trkpt>
      <trkpt lat="49.04007" lon="1.7744">
        <ele>143.6</ele>
      </trkpt>
      <trkpt lat="49.04005" lon="1.7743">
        <ele>143.7</ele>
      </trkpt>
      <trkpt lat="49.04002" lon="1.77411">
        <ele>143.9</ele>
      </trkpt>
      <trkpt lat="49.03999" lon="1.77395">
        <ele>144.1</ele>
      </trkpt>
      <trkpt lat="49.03995" lon="1.77381">
        <ele>144.4</ele>
      </trkpt>
      <trkpt lat="49.03989" lon="1.77362">
        <ele>144.9</ele>
      </trkpt>
      <trkpt lat="49.03984" lon="1.77349">
        <ele>145.2</ele>
      </trkpt>
      <trkpt lat="49.03947" lon="1.77265">
        <ele>148.6</ele>
      </trkpt>
      <trkpt lat="49.03924" lon="1.77216">
        <ele>152.8</ele>
      </trkpt>
      <trkpt lat="49.03923" lon="1.77213">
        <ele>153.0</ele>
      </trkpt>
      <trkpt lat="49.03857" lon="1.7707">
        <ele>163.8</ele>
      </trkpt>
      <trkpt lat="49.03842" lon="1.77043">
        <ele>163.4</ele>
      </trkpt>
      <trkpt lat="49.03823" lon="1.77013">
        <ele>162.9</ele>
      </trkpt>
      <trkpt lat="49.03792" lon="1.76969">
        <ele>165.1</ele>
      </trkpt>
      <trkpt lat="49.03761" lon="1.76924">
        <ele>166.9</ele>
      </trkpt>
      <trkpt lat="49.03754" lon="1.76915">
        <ele>167.1</ele>
      </trkpt>
      <trkpt lat="49.03748" lon="1.76909">
        <ele>167.2</ele>
      </trkpt>
      <trkpt lat="49.03742" lon="1.76902">
        <ele>167.3</ele>
      </trkpt>
      <trkpt lat="49.03734" lon="1.76896">
        <ele>167.1</ele>
      </trkpt>
      <trkpt lat="49.03726" lon="1.76889">
        <ele>166.9</ele>
      </trkpt>
      <trkpt lat="49.03718" lon="1.76885">
        <ele>166.6</ele>
      </trkpt>
      <trkpt lat="49.0371" lon="1.76881">
        <ele>166.3</ele>
      </trkpt>
      <trkpt lat="49.03701" lon="1.76879">
        <ele>165.9</ele>
      </trkpt>
      <trkpt lat="49.03692" lon="1.76876">
        <ele>165.4</ele>
      </trkpt>
      <trkpt lat="49.03684" lon="1.76874">
        <ele>164.9</ele>
      </trkpt>
      <trkpt lat="49.03677" lon="1.76873">
        <ele>164.5</ele>
      </trkpt>
      <trkpt lat="49.03666" lon="1.7687">
        <ele>163.8</ele>
      </trkpt>
      <trkpt lat="49.03649" lon="1.76866">
        <ele>162.6</ele>
      </trkpt>
      <trkpt lat="49.0364" lon="1.76863">
        <ele>162.0</ele>
      </trkpt>
      <trkpt lat="49.0363" lon="1.76859">
        <ele>161.3</ele>
      </trkpt>
      <trkpt lat="49.036209" lon="1.76855">
        <ele>160.6</ele>
      </trkpt>
      <trkpt lat="49.036119" lon="1.7685">
        <ele>160.0</ele>
      </trkpt>
      <trkpt lat="49.03562" lon="1.76824">
        <ele>157.5</ele>
      </trkpt>
      <trkpt lat="49.03537" lon="1.7681">
        <ele>157.1</ele>
      </trkpt>
      <trkpt lat="49.0351" lon="1.76793">
        <ele>156.8</ele>
      </trkpt>
      <trkpt lat="49.0349" lon="1.7678">
        <ele>156.3</ele>
      </trkpt>
      <trkpt lat="49.03487" lon="1.76776">
        <ele>156.2</ele>
      </trkpt>
      <trkpt lat="49.03475" lon="1.76763">
        <ele>155.7</ele>
      </trkpt>
      <trkpt lat="49.03468" lon="1.76754">
        <ele>155.4</ele>
      </trkpt>
      <trkpt lat="49.034619" lon="1.76746">
        <ele>155.2</ele>
      </trkpt>
      <trkpt lat="49.03456" lon="1.76736">
        <ele>155.4</ele>
      </trkpt>
      <trkpt lat="49.03445" lon="1.76716">
        <ele>156.0</ele>
      </trkpt>
      <trkpt lat="49.03357" lon="1.76545">
        <ele>151.2</ele>
      </trkpt>
      <trkpt lat="49.033499" lon="1.7653">
        <ele>150.1</ele>
      </trkpt>
      <trkpt lat="49.03345" lon="1.76519">
        <ele>149.4</ele>
      </trkpt>
      <trkpt lat="49.0334" lon="1.76507">
        <ele>148.8</ele>
      </trkpt>
      <trkpt lat="49.03331" lon="1.76482">
        <ele>147.7</ele>
      </trkpt>
      <trkpt lat="49.03313" lon="1.76427">
        <ele>146.1</ele>
      </trkpt>
      <trkpt lat="49.033119" lon="1.76423">
        <ele>146.0</ele>
      </trkpt>
      <trkpt lat="49.03251" lon="1.76233">
        <ele>138.6</ele>
      </trkpt>
      <trkpt lat="49.0322" lon="1.76135">
        <ele>135.7</ele>
      </trkpt>
      <trkpt lat="49.031329" lon="1.75866">
        <ele>129.9</ele>
      </trkpt>
      <trkpt lat="49.03111" lon="1.75797">
        <ele>128.8</ele>
      </trkpt>
      <trkpt lat="49.03094" lon="1.7574">
        <ele>127.9</ele>
      </trkpt>
      <trkpt lat="49.03089" lon="1.75722">
        <ele>127.7</ele>
      </trkpt>
      <trkpt lat="49.03085" lon="1.757">
        <ele>127.7</ele>
      </trkpt>
      <trkpt lat="49.03079" lon="1.75666">
        <ele>127.7</ele>
      </trkpt>
      <trkpt lat="49.03078" lon="1.75649">
        <ele>127.5</ele>
      </trkpt>
      <trkpt lat="49.030769" lon="1.75632">
        <ele>127.2</ele>
      </trkpt>
      <trkpt lat="49.03076" lon="1.75608">
        <ele>126.9</ele>
      </trkpt>
      <trkpt lat="49.030769" lon="1.75584">
        <ele>126.7</ele>
      </trkpt>
      <trkpt lat="49.03078" lon="1.75567">
        <ele>126.9</ele>
      </trkpt>
      <trkpt lat="49.0308" lon="1.7555">
        <ele>127.2</ele>
      </trkpt>
      <trkpt lat="49.03081" lon="1.75536">
        <ele>127.4</ele>
      </trkpt>
      <trkpt lat="49.03084" lon="1.7552">
        <ele>127.8</ele>
      </trkpt>
      <trkpt lat="49.030859" lon="1.75507">
        <ele>128.0</ele>
      </trkpt>
      <trkpt lat="49.0309" lon="1.75487">
        <ele>128.3</ele>
      </trkpt>
      <trkpt lat="49.03093" lon="1.75475">
        <ele>128.4</ele>
      </trkpt>
      <trkpt lat="49.03098" lon="1.7546">
        <ele>128.6</ele>
      </trkpt>
      <trkpt lat="49.03102" lon="1.75446">
        <ele>128.8</ele>
      </trkpt>
      <trkpt lat="49.031059" lon="1.75435">
        <ele>129.0</ele>
      </trkpt>
      <trkpt lat="49.03122" lon="1.75395">
        <ele>129.9</ele>
      </trkpt>
      <trkpt lat="49.03146" lon="1.75333">
        <ele>131.0</ele>
      </trkpt>
      <trkpt lat="49.03166" lon="1.7528">
        <ele>130.7</ele>
      </trkpt>
      <trkpt lat="49.0319" lon="1.75221">
        <ele>130.6</ele>
      </trkpt>
      <trkpt lat="49.0327" lon="1.75015">
        <ele>128.3</ele>
      </trkpt>
      <trkpt lat="49.03334" lon="1.74858">
        <ele>122.2</ele>
      </trkpt>
      <trkpt lat="49.03339" lon="1.7485">
        <ele>121.7</ele>
      </trkpt>
      <trkpt lat="49.033499" lon="1.74827">
        <ele>120.4</ele>
      </trkpt>
      <trkpt lat="49.03355" lon="1.74817">
        <ele>120.0</ele>
      </trkpt>
      <trkpt lat="49.033589" lon="1.74809">
        <ele>119.8</ele>
      </trkpt>
      <trkpt lat="49.0336" lon="1.74805">
        <ele>119.7</ele>
      </trkpt>
      <trkpt lat="49.03366" lon="1.74784">
        <ele>119.1</ele>
      </trkpt>
      <trkpt lat="49.03378" lon="1.74747">
        <ele>118.5</ele>
      </trkpt>
      <trkpt lat="49.03385" lon="1.74732">
        <ele>118.7</ele>
      </trkpt>
      <trkpt lat="49.0342" lon="1.74642">
        <ele>121.7</ele>
      </trkpt>
      <trkpt lat="49.0352" lon="1.74393">
        <ele>129.1</ele>
      </trkpt>
      <trkpt lat="49.0355" lon="1.74318">
        <ele>130.3</ele>
      </trkpt>
      <trkpt lat="49.03605" lon="1.74186">
        <ele>131.0</ele>
      </trkpt>
      <trkpt lat="49.0361" lon="1.74175">
        <ele>131.2</ele>
      </trkpt>
      <trkpt lat="49.03632" lon="1.74128">
        <ele>131.4</ele>
      </trkpt>
      <trkpt lat="49.03645" lon="1.74107">
        <ele>131.6</ele>
      </trkpt>
      <trkpt lat="49.03647" lon="1.74105">
        <ele>131.6</ele>
      </trkpt>
      <trkpt lat="49.03671" lon="1.7408">
        <ele>131.8</ele>
      </trkpt>
      <trkpt lat="49.03686" lon="1.7407">
        <ele>131.3</ele>
      </trkpt>
      <trkpt lat="49.03734" lon="1.74047">
        <ele>129.9</ele>
      </trkpt>
      <trkpt lat="49.03801" lon="1.74019">
        <ele>130.5</ele>
      </trkpt>
      <trkpt lat="49.0397" lon="1.73944">
        <ele>136.7</ele>
      </trkpt>
      <trkpt lat="49.04047" lon="1.7391">
        <ele>140.3</ele>
      </trkpt>
      <trkpt lat="49.0415" lon="1.73867">
        <ele>143.2</ele>
      </trkpt>
      <trkpt lat="49.04184" lon="1.73852">
        <ele>143.2</ele>
      </trkpt>
      <trkpt lat="49.044379" lon="1.7374">
        <ele>146.0</ele>
      </trkpt>
      <trkpt lat="49.04548" lon="1.73692">
        <ele>145.8</ele>
      </trkpt>
      <trkpt lat="49.04633" lon="1.73655">
        <ele>146.2</ele>
      </trkpt>
      <trkpt lat="49.04797" lon="1.73585">
        <ele>145.7</ele>
      </trkpt>
      <trkpt lat="49.04843" lon="1.73563">
        <ele>144.5</ele>
      </trkpt>
      <trkpt lat="49.04874" lon="1.73549">
        <ele>144.3</ele>
      </trkpt>
      <trkpt lat="49.0496" lon="1.73494">
        <ele>144.8</ele>
      </trkpt>
      <trkpt lat="49.05017" lon="1.73455">
        <ele>146.4</ele>
      </trkpt>
      <trkpt lat="49.0508" lon="1.73413">
        <ele>147.3</ele>
      </trkpt>
      <trkpt lat="49.0511" lon="1.73393">
        <ele>147.2</ele>
      </trkpt>
      <trkpt lat="49.05295" lon="1.73271">
        <ele>152.0</ele>
      </trkpt>
      <trkpt lat="49.05308" lon="1.73262">
        <ele>152.8</ele>
      </trkpt>
      <trkpt lat="49.05397" lon="1.73203">
        <ele>154.1</ele>
      </trkpt>
      <trkpt lat="49.05554" lon="1.73099">
        <ele>152.6</ele>
      </trkpt>
      <trkpt lat="49.05639" lon="1.73043">
        <ele>149.6</ele>
      </trkpt>
      <trkpt lat="49.05653" lon="1.73034">
        <ele>148.7</ele>
      </trkpt>
      <trkpt lat="49.05671" lon="1.73021">
        <ele>147.4</ele>
      </trkpt>
      <trkpt lat="49.05722" lon="1.72987">
        <ele>142.6</ele>
      </trkpt>
      <trkpt lat="49.058079" lon="1.72933">
        <ele>138.0</ele>
      </trkpt>
      <trkpt lat="49.05909" lon="1.72865">
        <ele>137.3</ele>
      </trkpt>
      <trkpt lat="49.05923" lon="1.72857">
        <ele>137.2</ele>
      </trkpt>
      <trkpt lat="49.0596" lon="1.72831">
        <ele>136.5</ele>
      </trkpt>
      <trkpt lat="49.05965" lon="1.72828">
        <ele>136.3</ele>
      </trkpt>
      <trkpt lat="49.06016" lon="1.72794">
        <ele>134.9</ele>
      </trkpt>
      <trkpt lat="49.06025" lon="1.72788">
        <ele>134.7</ele>
      </trkpt>
      <trkpt lat="49.061079" lon="1.72732">
        <ele>130.7</ele>
      </trkpt>
      <trkpt lat="49.06134" lon="1.72712">
        <ele>127.4</ele>
      </trkpt>
      <trkpt lat="49.06143" lon="1.72704">
        <ele>126.4</ele>
      </trkpt>
      <trkpt lat="49.06149" lon="1.72698">
        <ele>125.7</ele>
      </trkpt>
      <trkpt lat="49.06156" lon="1.72688">
        <ele>124.9</ele>
      </trkpt>
      <trkpt lat="49.06166" lon="1.72673">
        <ele>123.9</ele>
      </trkpt>
      <trkpt lat="49.06176" lon="1.72653">
        <ele>123.1</ele>
      </trkpt>
      <trkpt lat="49.06196" lon="1.72603">
        <ele>121.1</ele>
      </trkpt>
      <trkpt lat="49.06217" lon="1.72533">
        <ele>119.5</ele>
      </trkpt>
      <trkpt lat="49.0625" lon="1.72414">
        <ele>120.1</ele>
      </trkpt>
      <trkpt lat="49.06267" lon="1.72344">
        <ele>118.9</ele>
      </trkpt>
      <trkpt lat="49.06299" lon="1.72227">
        <ele>109.1</ele>
      </trkpt>
      <trkpt lat="49.06304" lon="1.72208">
        <ele>107.8</ele>
      </trkpt>
      <trkpt lat="49.0631" lon="1.72187">
        <ele>106.5</ele>
      </trkpt>
      <trkpt lat="49.06322" lon="1.72144">
        <ele>102.8</ele>
      </trkpt>
      <trkpt lat="49.06326" lon="1.72119">
        <ele>100.7</ele>
      </trkpt>
      <trkpt lat="49.06326" lon="1.72105">
        <ele>99.9</ele>
      </trkpt>
      <trkpt lat="49.06324" lon="1.72091">
        <ele>99.3</ele>
      </trkpt>
      <trkpt lat="49.06319" lon="1.72076">
        <ele>98.6</ele>
      </trkpt>
      <trkpt lat="49.06313" lon="1.72062">
        <ele>97.6</ele>
      </trkpt>
      <trkpt lat="49.0631" lon="1.72057">
        <ele>97.3</ele>
      </trkpt>
      <trkpt lat="49.06299" lon="1.7204">
        <ele>96.1</ele>
      </trkpt>
      <trkpt lat="49.06285" lon="1.72025">
        <ele>95.0</ele>
      </trkpt>
      <trkpt lat="49.06275" lon="1.72014">
        <ele>94.0</ele>
      </trkpt>
      <trkpt lat="49.06257" lon="1.71997">
        <ele>92.5</ele>
      </trkpt>
      <trkpt lat="49.06235" lon="1.71979">
        <ele>91.1</ele>
      </trkpt>
      <trkpt lat="49.0622" lon="1.71973">
        <ele>90.4</ele>
      </trkpt>
      <trkpt lat="49.06209" lon="1.71972">
        <ele>90.3</ele>
      </trkpt>
      <trkpt lat="49.06196" lon="1.71976">
        <ele>90.9</ele>
      </trkpt>
      <trkpt lat="49.06194" lon="1.71977">
        <ele>91.0</ele>
      </trkpt>
      <trkpt lat="49.06185" lon="1.71982">
        <ele>91.8</ele>
      </trkpt>
      <trkpt lat="49.06176" lon="1.71985">
        <ele>92.4</ele>
      </trkpt>
      <trkpt lat="49.06169" lon="1.71986">
        <ele>92.6</ele>
      </trkpt>
      <trkpt lat="49.0616" lon="1.71981">
        <ele>91.8</ele>
      </trkpt>
      <trkpt lat="49.0615" lon="1.7197">
        <ele>89.9</ele>
      </trkpt>
      <trkpt lat="49.06147" lon="1.71956">
        <ele>87.5</ele>
      </trkpt>
      <trkpt lat="49.061459" lon="1.7194">
        <ele>84.7</ele>
      </trkpt>
      <trkpt lat="49.06148" lon="1.71929">
        <ele>82.9</ele>
      </trkpt>
      <trkpt lat="49.06149" lon="1.71927">
        <ele>82.6</ele>
      </trkpt>
      <trkpt lat="49.06154" lon="1.71917">
        <ele>80.9</ele>
      </trkpt>
      <trkpt lat="49.06163" lon="1.71904">
        <ele>79.8</ele>
      </trkpt>
      <trkpt lat="49.06174" lon="1.71892">
        <ele>79.0</ele>
      </trkpt>
      <trkpt lat="49.06186" lon="1.71875">
        <ele>78.2</ele>
      </trkpt>
      <trkpt lat="49.06206" lon="1.71842">
        <ele>76.6</ele>
      </trkpt>
      <trkpt lat="49.06222" lon="1.71811">
        <ele>75.1</ele>
      </trkpt>
      <trkpt lat="49.06241" lon="1.7178">
        <ele>73.4</ele>
      </trkpt>
      <trkpt lat="49.06255" lon="1.71762">
        <ele>72.2</ele>
      </trkpt>
      <trkpt lat="49.06273" lon="1.71743">
        <ele>70.4</ele>
      </trkpt>
      <trkpt lat="49.062959" lon="1.71724">
        <ele>68.3</ele>
      </trkpt>
      <trkpt lat="49.06336" lon="1.71702">
        <ele>65.6</ele>
      </trkpt>
      <trkpt lat="49.06359" lon="1.71688">
        <ele>63.0</ele>
      </trkpt>
      <trkpt lat="49.06364" lon="1.71685">
        <ele>62.4</ele>
      </trkpt>
      <trkpt lat="49.06369" lon="1.71681">
        <ele>61.8</ele>
      </trkpt>
      <trkpt lat="49.06373" lon="1.71675">
        <ele>61.0</ele>
      </trkpt>
      <trkpt lat="49.06376" lon="1.7167">
        <ele>60.4</ele>
      </trkpt>
      <trkpt lat="49.06378" lon="1.71664">
        <ele>59.7</ele>
      </trkpt>
      <trkpt lat="49.0638" lon="1.71659">
        <ele>59.2</ele>
      </trkpt>
      <trkpt lat="49.063809" lon="1.71644">
        <ele>57.8</ele>
      </trkpt>
      <trkpt lat="49.06383" lon="1.71498">
        <ele>51.0</ele>
      </trkpt>
      <trkpt lat="49.06384" lon="1.71488">
        <ele>50.7</ele>
      </trkpt>
      <trkpt lat="49.06384" lon="1.71443">
        <ele>49.9</ele>
      </trkpt>
      <trkpt lat="49.06385" lon="1.71413">
        <ele>49.2</ele>
      </trkpt>
      <trkpt lat="49.06385" lon="1.71393">
        <ele>49.1</ele>
      </trkpt>
      <trkpt lat="49.06386" lon="1.71332">
        <ele>48.4</ele>
      </trkpt>
      <trkpt lat="49.06387" lon="1.71289">
        <ele>46.8</ele>
      </trkpt>
      <trkpt lat="49.06392" lon="1.70961">
        <ele>40.2</ele>
      </trkpt>
      <trkpt lat="49.06393" lon="1.70951">
        <ele>39.9</ele>
      </trkpt>
      <trkpt lat="49.06393" lon="1.70924">
        <ele>39.3</ele>
      </trkpt>
      <trkpt lat="49.06397" lon="1.70687">
        <ele>34.6</ele>
      </trkpt>
      <trkpt lat="49.06397" lon="1.70626">
        <ele>32.8</ele>
      </trkpt>
      <trkpt lat="49.06402" lon="1.7044">
        <ele>28.8</ele>
      </trkpt>
      <trkpt lat="49.06368" lon="1.70333">
        <ele>28.7</ele>
      </trkpt>
      <trkpt lat="49.06348" lon="1.70277">
        <ele>29.2</ele>
      </trkpt>
      <trkpt lat="49.063339" lon="1.70235">
        <ele>29.6</ele>
      </trkpt>
      <trkpt lat="49.06328" lon="1.70218">
        <ele>29.6</ele>
      </trkpt>
      <trkpt lat="49.06317" lon="1.70191">
        <ele>29.8</ele>
      </trkpt>
      <trkpt lat="49.06317" lon="1.70191">
        <ele>29.8</ele>
      </trkpt>
      <trkpt lat="49.06335" lon="1.70183">
        <ele>28.3</ele>
      </trkpt>
      <trkpt lat="49.06377" lon="1.70161">
        <ele>25.2</ele>
      </trkpt>
      <trkpt lat="49.06397" lon="1.70154">
        <ele>23.9</ele>
      </trkpt>
      <trkpt lat="49.064279" lon="1.70142">
        <ele>23.7</ele>
      </trkpt>
      <trkpt lat="49.06461" lon="1.70128">
        <ele>26.5</ele>
      </trkpt>
      <trkpt lat="49.06466" lon="1.70122">
        <ele>26.9</ele>
      </trkpt>
      <trkpt lat="49.06472" lon="1.70113">
        <ele>27.4</ele>
      </trkpt>
      <trkpt lat="49.06476" lon="1.70101">
        <ele>27.8</ele>
      </trkpt>
      <trkpt lat="49.06494" lon="1.70053">
        <ele>28.7</ele>
      </trkpt>
      <trkpt lat="49.06511" lon="1.70004">
        <ele>29.7</ele>
      </trkpt>
      <trkpt lat="49.0652" lon="1.69984">
        <ele>29.6</ele>
      </trkpt>
      <trkpt lat="49.065309" lon="1.69963">
        <ele>29.5</ele>
      </trkpt>
      <trkpt lat="49.065489" lon="1.69939">
        <ele>29.8</ele>
      </trkpt>
      <trkpt lat="49.0659" lon="1.69891">
        <ele>30.4</ele>
      </trkpt>
      <trkpt lat="49.06618" lon="1.69856">
        <ele>32.0</ele>
      </trkpt>
      <trkpt lat="49.06636" lon="1.69832">
        <ele>32.6</ele>
      </trkpt>
      <trkpt lat="49.06716" lon="1.69725">
        <ele>35.6</ele>
      </trkpt>
      <trkpt lat="49.067839" lon="1.69626">
        <ele>38.3</ele>
      </trkpt>
      <trkpt lat="49.06798" lon="1.69603">
        <ele>38.0</ele>
      </trkpt>
      <trkpt lat="49.068309" lon="1.69548">
        <ele>34.0</ele>
      </trkpt>
      <trkpt lat="49.06874" lon="1.69478">
        <ele>33.5</ele>
      </trkpt>
      <trkpt lat="49.06919" lon="1.694">
        <ele>26.9</ele>
      </trkpt>
      <trkpt lat="49.06939" lon="1.69367">
        <ele>31.1</ele>
      </trkpt>
      <trkpt lat="49.06949" lon="1.69349">
        <ele>31.9</ele>
      </trkpt>
      <trkpt lat="49.07048" lon="1.6918">
        <ele>31.4</ele>
      </trkpt>
      <trkpt lat="49.07124" lon="1.6905">
        <ele>31.2</ele>
      </trkpt>
      <trkpt lat="49.07161" lon="1.68986">
        <ele>29.4</ele>
      </trkpt>
      <trkpt lat="49.07201" lon="1.68915">
        <ele>30.6</ele>
      </trkpt>
      <trkpt lat="49.072249" lon="1.68875">
        <ele>30.9</ele>
      </trkpt>
      <trkpt lat="49.07245" lon="1.68838">
        <ele>29.9</ele>
      </trkpt>
      <trkpt lat="49.072539" lon="1.68822">
        <ele>30.6</ele>
      </trkpt>
      <trkpt lat="49.072719" lon="1.68788">
        <ele>32.7</ele>
      </trkpt>
      <trkpt lat="49.07311" lon="1.68713">
        <ele>32.6</ele>
      </trkpt>
      <trkpt lat="49.0735" lon="1.68639">
        <ele>32.6</ele>
      </trkpt>
      <trkpt lat="49.07444" lon="1.68457">
        <ele>30.0</ele>
      </trkpt>
      <trkpt lat="49.07472" lon="1.68404">
        <ele>28.2</ele>
      </trkpt>
      <trkpt lat="49.07481" lon="1.68387">
        <ele>28.1</ele>
      </trkpt>
      <trkpt lat="49.07513" lon="1.68326">
        <ele>29.2</ele>
      </trkpt>
      <trkpt lat="49.0752" lon="1.68312">
        <ele>29.9</ele>
      </trkpt>
      <trkpt lat="49.07529" lon="1.68294">
        <ele>30.5</ele>
      </trkpt>
      <trkpt lat="49.07544" lon="1.68265">
        <ele>30.7</ele>
      </trkpt>
      <trkpt lat="49.07562" lon="1.68222">
        <ele>30.3</ele>
      </trkpt>
      <trkpt lat="49.07577" lon="1.68184">
        <ele>29.7</ele>
      </trkpt>
      <trkpt lat="49.07636" lon="1.68032">
        <ele>28.5</ele>
      </trkpt>
      <trkpt lat="49.07652" lon="1.67989">
        <ele>25.7</ele>
      </trkpt>
      <trkpt lat="49.07661" lon="1.67965">
        <ele>25.1</ele>
      </trkpt>
      <trkpt lat="49.07682" lon="1.6791">
        <ele>25.9</ele>
      </trkpt>
      <trkpt lat="49.0772" lon="1.67814">
        <ele>27.4</ele>
      </trkpt>
      <trkpt lat="49.07724" lon="1.67803">
        <ele>27.4</ele>
      </trkpt>
      <trkpt lat="49.07746" lon="1.67748">
        <ele>26.6</ele>
      </trkpt>
      <trkpt lat="49.07747" lon="1.67745">
        <ele>26.5</ele>
      </trkpt>
      <trkpt lat="49.077509" lon="1.67734">
        <ele>26.5</ele>
      </trkpt>
      <trkpt lat="49.07784" lon="1.676469">
        <ele>27.2</ele>
      </trkpt>
      <trkpt lat="49.07786" lon="1.67643">
        <ele>27.2</ele>
      </trkpt>
      <trkpt lat="49.07794" lon="1.67623">
        <ele>26.9</ele>
      </trkpt>
      <trkpt lat="49.07803" lon="1.67599">
        <ele>26.0</ele>
      </trkpt>
      <trkpt lat="49.07808" lon="1.67587">
        <ele>25.5</ele>
      </trkpt>
      <trkpt lat="49.07811" lon="1.675789">
        <ele>25.2</ele>
      </trkpt>
      <trkpt lat="49.07849" lon="1.67481">
        <ele>26.2</ele>
      </trkpt>
      <trkpt lat="49.07875" lon="1.674129">
        <ele>29.8</ele>
      </trkpt>
      <trkpt lat="49.07916" lon="1.67307">
        <ele>26.4</ele>
      </trkpt>
      <trkpt lat="49.07921" lon="1.67297">
        <ele>27.4</ele>
      </trkpt>
      <trkpt lat="49.07944" lon="1.67266">
        <ele>32.5</ele>
      </trkpt>
      <trkpt lat="49.07951" lon="1.672569">
        <ele>33.7</ele>
      </trkpt>
      <trkpt lat="49.07956" lon="1.67249">
        <ele>34.2</ele>
      </trkpt>
      <trkpt lat="49.0796" lon="1.67244">
        <ele>34.9</ele>
      </trkpt>
      <trkpt lat="49.07964" lon="1.67237">
        <ele>35.3</ele>
      </trkpt>
      <trkpt lat="49.07968" lon="1.672299">
        <ele>35.6</ele>
      </trkpt>
      <trkpt lat="49.07971" lon="1.67224">
        <ele>35.8</ele>
      </trkpt>
      <trkpt lat="49.07974" lon="1.67219">
        <ele>36.0</ele>
      </trkpt>
      <trkpt lat="49.07977" lon="1.672129">
        <ele>36.0</ele>
      </trkpt>
      <trkpt lat="49.07981" lon="1.67201">
        <ele>35.5</ele>
      </trkpt>
      <trkpt lat="49.07981" lon="1.67201">
        <ele>35.5</ele>
      </trkpt>
      <trkpt lat="49.07965" lon="1.67194">
        <ele>31.1</ele>
      </trkpt>
      <trkpt lat="49.079569" lon="1.6719">
        <ele>29.0</ele>
      </trkpt>
      <trkpt lat="49.07954" lon="1.67187">
        <ele>28.0</ele>
      </trkpt>
      <trkpt lat="49.0795" lon="1.67184">
        <ele>26.9</ele>
      </trkpt>
      <trkpt lat="49.079479" lon="1.6718">
        <ele>26.1</ele>
      </trkpt>
      <trkpt lat="49.07945" lon="1.67175">
        <ele>25.1</ele>
      </trkpt>
      <trkpt lat="49.07944" lon="1.67171">
        <ele>24.6</ele>
      </trkpt>
      <trkpt lat="49.07942" lon="1.67164">
        <ele>23.8</ele>
      </trkpt>
      <trkpt lat="49.0794" lon="1.67158">
        <ele>23.3</ele>
      </trkpt>
      <trkpt lat="49.07912" lon="1.6711">
        <ele>19.1</ele>
      </trkpt>
      <trkpt lat="49.07912" lon="1.6711">
        <ele>19.1</ele>
      </trkpt>
      <trkpt lat="49.07891" lon="1.67179">
        <ele>20.3</ele>
      </trkpt>
      <trkpt lat="49.0788" lon="1.67217">
        <ele>21.7</ele>
      </trkpt>
      <trkpt lat="49.07879" lon="1.67221">
        <ele>21.8</ele>
      </trkpt>
      <trkpt lat="49.07879" lon="1.67225">
        <ele>21.9</ele>
      </trkpt>
      <trkpt lat="49.07879" lon="1.67229">
        <ele>22.0</ele>
      </trkpt>
      <trkpt lat="49.07879" lon="1.67234">
        <ele>22.1</ele>
      </trkpt>
      <trkpt lat="49.07881" lon="1.67239">
        <ele>22.3</ele>
      </trkpt>
      <trkpt lat="49.07885" lon="1.67244">
        <ele>22.4</ele>
      </trkpt>
      <trkpt lat="49.07911" lon="1.67267">
        <ele>23.9</ele>
      </trkpt>
      <trkpt lat="49.07914" lon="1.6727">
        <ele>24.1</ele>
      </trkpt>
      <trkpt lat="49.07916" lon="1.67273">
        <ele>24.4</ele>
      </trkpt>
      <trkpt lat="49.07917" lon="1.67278">
        <ele>24.8</ele>
      </trkpt>
      <trkpt lat="49.07917" lon="1.67282">
        <ele>25.0</ele>
      </trkpt>
      <trkpt lat="49.07916" lon="1.67307">
        <ele>26.4</ele>
      </trkpt>
      <trkpt lat="49.07916" lon="1.67307">
        <ele>26.4</ele>
      </trkpt>
      <trkpt lat="49.07921" lon="1.67297">
        <ele>27.4</ele>
      </trkpt>
      <trkpt lat="49.07944" lon="1.67266">
        <ele>32.5</ele>
      </trkpt>
      <trkpt lat="49.07951" lon="1.672569">
        <ele>33.7</ele>
      </trkpt>
      <trkpt lat="49.07956" lon="1.67249">
        <ele>34.2</ele>
      </trkpt>
      <trkpt lat="49.0796" lon="1.67244">
        <ele>34.9</ele>
      </trkpt>
      <trkpt lat="49.07964" lon="1.67237">
        <ele>35.3</ele>
      </trkpt>
      <trkpt lat="49.07968" lon="1.672299">
        <ele>35.6</ele>
      </trkpt>
      <trkpt lat="49.07971" lon="1.67224">
        <ele>35.8</ele>
      </trkpt>
      <trkpt lat="49.07974" lon="1.67219">
        <ele>36.0</ele>
      </trkpt>
      <trkpt lat="49.07977" lon="1.672129">
        <ele>36.0</ele>
      </trkpt>
      <trkpt lat="49.07981" lon="1.67201">
        <ele>35.5</ele>
      </trkpt>
      <trkpt lat="49.07983" lon="1.67194">
        <ele>35.1</ele>
      </trkpt>
      <trkpt lat="49.07985" lon="1.67188">
        <ele>34.8</ele>
      </trkpt>
      <trkpt lat="49.079859" lon="1.67183">
        <ele>34.4</ele>
      </trkpt>
      <trkpt lat="49.07987" lon="1.67178">
        <ele>34.0</ele>
      </trkpt>
      <trkpt lat="49.07991" lon="1.6715">
        <ele>32.0</ele>
      </trkpt>
      <trkpt lat="49.07994" lon="1.67124">
        <ele>30.5</ele>
      </trkpt>
      <trkpt lat="49.07996" lon="1.67112">
        <ele>29.9</ele>
      </trkpt>
      <trkpt lat="49.07998" lon="1.67104">
        <ele>29.5</ele>
      </trkpt>
      <trkpt lat="49.08001" lon="1.67096">
        <ele>29.5</ele>
      </trkpt>
      <trkpt lat="49.08005" lon="1.67087">
        <ele>30.4</ele>
      </trkpt>
      <trkpt lat="49.08014" lon="1.6707">
        <ele>32.6</ele>
      </trkpt>
      <trkpt lat="49.08031" lon="1.67027">
        <ele>34.3</ele>
      </trkpt>
      <trkpt lat="49.08045" lon="1.66989">
        <ele>34.1</ele>
      </trkpt>
      <trkpt lat="49.08092" lon="1.66844">
        <ele>32.6</ele>
      </trkpt>
      <trkpt lat="49.081" lon="1.66818">
        <ele>33.0</ele>
      </trkpt>
      <trkpt lat="49.08106" lon="1.66798">
        <ele>33.1</ele>
      </trkpt>
      <trkpt lat="49.08118" lon="1.66748">
        <ele>31.8</ele>
      </trkpt>
      <trkpt lat="49.08153" lon="1.66594">
        <ele>33.6</ele>
      </trkpt>
      <trkpt lat="49.0816" lon="1.66564">
        <ele>33.0</ele>
      </trkpt>
      <trkpt lat="49.08172" lon="1.66516">
        <ele>31.5</ele>
      </trkpt>
      <trkpt lat="49.08178" lon="1.6649">
        <ele>31.2</ele>
      </trkpt>
      <trkpt lat="49.08193" lon="1.66427">
        <ele>30.9</ele>
      </trkpt>
      <trkpt lat="49.08209" lon="1.66364">
        <ele>31.3</ele>
      </trkpt>
      <trkpt lat="49.082099" lon="1.663589">
        <ele>31.3</ele>
      </trkpt>
      <trkpt lat="49.08222" lon="1.66312">
        <ele>31.0</ele>
      </trkpt>
      <trkpt lat="49.08223" lon="1.66306">
        <ele>30.8</ele>
      </trkpt>
      <trkpt lat="49.08228" lon="1.66287">
        <ele>30.6</ele>
      </trkpt>
      <trkpt lat="49.08233" lon="1.66263">
        <ele>30.0</ele>
      </trkpt>
      <trkpt lat="49.0825" lon="1.66195">
        <ele>27.4</ele>
      </trkpt>
      <trkpt lat="49.08258" lon="1.66164">
        <ele>27.7</ele>
      </trkpt>
      <trkpt lat="49.0828" lon="1.66063">
        <ele>27.0</ele>
      </trkpt>
      <trkpt lat="49.08284" lon="1.66039">
        <ele>27.2</ele>
      </trkpt>
      <trkpt lat="49.08306" lon="1.65921">
        <ele>30.4</ele>
      </trkpt>
      <trkpt lat="49.08307" lon="1.65919">
        <ele>30.6</ele>
      </trkpt>
      <trkpt lat="49.08312" lon="1.65895">
        <ele>31.3</ele>
      </trkpt>
      <trkpt lat="49.0833" lon="1.658">
        <ele>31.9</ele>
      </trkpt>
      <trkpt lat="49.08336" lon="1.65768">
        <ele>31.9</ele>
      </trkpt>
      <trkpt lat="49.0835" lon="1.65702">
        <ele>31.6</ele>
      </trkpt>
      <trkpt lat="49.08357" lon="1.65674">
        <ele>30.9</ele>
      </trkpt>
      <trkpt lat="49.08364" lon="1.65638">
        <ele>31.3</ele>
      </trkpt>
      <trkpt lat="49.08366" lon="1.65623">
        <ele>31.4</ele>
      </trkpt>
      <trkpt lat="49.08371" lon="1.6559">
        <ele>32.0</ele>
      </trkpt>
      <trkpt lat="49.08374" lon="1.65571">
        <ele>32.4</ele>
      </trkpt>
      <trkpt lat="49.08378" lon="1.65535">
        <ele>32.8</ele>
      </trkpt>
      <trkpt lat="49.08387" lon="1.65441">
        <ele>32.0</ele>
      </trkpt>
      <trkpt lat="49.08397" lon="1.65373">
        <ele>29.7</ele>
      </trkpt>
      <trkpt lat="49.08405" lon="1.65321">
        <ele>27.5</ele>
      </trkpt>
      <trkpt lat="49.0841" lon="1.65289">
        <ele>28.1</ele>
      </trkpt>
      <trkpt lat="49.08411" lon="1.65283">
        <ele>28.3</ele>
      </trkpt>
      <trkpt lat="49.08413" lon="1.65255">
        <ele>28.5</ele>
      </trkpt>
      <trkpt lat="49.08413" lon="1.6524">
        <ele>28.5</ele>
      </trkpt>
      <trkpt lat="49.08415" lon="1.6517">
        <ele>28.8</ele>
      </trkpt>
      <trkpt lat="49.08415" lon="1.6515">
        <ele>28.4</ele>
      </trkpt>
      <trkpt lat="49.08415" lon="1.65145">
        <ele>28.3</ele>
      </trkpt>
      <trkpt lat="49.08416" lon="1.65035">
        <ele>26.3</ele>
      </trkpt>
      <trkpt lat="49.08417" lon="1.650199">
        <ele>26.4</ele>
      </trkpt>
      <trkpt lat="49.08417" lon="1.649759">
        <ele>27.0</ele>
      </trkpt>
      <trkpt lat="49.08418" lon="1.64918">
        <ele>29.6</ele>
      </trkpt>
      <trkpt lat="49.08418" lon="1.64889">
        <ele>29.6</ele>
      </trkpt>
      <trkpt lat="49.08418" lon="1.64868">
        <ele>29.6</ele>
      </trkpt>
      <trkpt lat="49.0842" lon="1.64792">
        <ele>30.5</ele>
      </trkpt>
      <trkpt lat="49.08423" lon="1.64499">
        <ele>30.9</ele>
      </trkpt>
      <trkpt lat="49.08424" lon="1.644879">
        <ele>31.0</ele>
      </trkpt>
      <trkpt lat="49.08424" lon="1.64455">
        <ele>30.6</ele>
      </trkpt>
      <trkpt lat="49.08424" lon="1.64428">
        <ele>30.2</ele>
      </trkpt>
      <trkpt lat="49.08424" lon="1.64387">
        <ele>31.1</ele>
      </trkpt>
      <trkpt lat="49.08422" lon="1.64356">
        <ele>31.6</ele>
      </trkpt>
      <trkpt lat="49.08416" lon="1.64302">
        <ele>33.1</ele>
      </trkpt>
      <trkpt lat="49.084" lon="1.64185">
        <ele>35.6</ele>
      </trkpt>
      <trkpt lat="49.08393" lon="1.64136">
        <ele>35.5</ele>
      </trkpt>
      <trkpt lat="49.08364" lon="1.63929">
        <ele>30.7</ele>
      </trkpt>
      <trkpt lat="49.08352" lon="1.638439">
        <ele>29.7</ele>
      </trkpt>
      <trkpt lat="49.0833" lon="1.6369">
        <ele>30.4</ele>
      </trkpt>
      <trkpt lat="49.0833" lon="1.63672">
        <ele>31.2</ele>
      </trkpt>
      <trkpt lat="49.08318" lon="1.63597">
        <ele>34.7</ele>
      </trkpt>
      <trkpt lat="49.08315" lon="1.63571">
        <ele>35.7</ele>
      </trkpt>
      <trkpt lat="49.08298" lon="1.63454">
        <ele>34.6</ele>
      </trkpt>
      <trkpt lat="49.08292" lon="1.63422">
        <ele>32.7</ele>
      </trkpt>
      <trkpt lat="49.08285" lon="1.63391">
        <ele>31.6</ele>
      </trkpt>
      <trkpt lat="49.0828" lon="1.63376">
        <ele>30.9</ele>
      </trkpt>
      <trkpt lat="49.082769" lon="1.63367">
        <ele>30.5</ele>
      </trkpt>
      <trkpt lat="49.08276" lon="1.63363">
        <ele>30.4</ele>
      </trkpt>
      <trkpt lat="49.0827" lon="1.6334">
        <ele>29.7</ele>
      </trkpt>
      <trkpt lat="49.08247" lon="1.6326">
        <ele>30.2</ele>
      </trkpt>
      <trkpt lat="49.08236" lon="1.6322">
        <ele>31.9</ele>
      </trkpt>
      <trkpt lat="49.08232" lon="1.631999">
        <ele>32.8</ele>
      </trkpt>
      <trkpt lat="49.08223" lon="1.63137">
        <ele>35.7</ele>
      </trkpt>
      <trkpt lat="49.0822" lon="1.63119">
        <ele>36.5</ele>
      </trkpt>
      <trkpt lat="49.08218" lon="1.63109">
        <ele>36.7</ele>
      </trkpt>
      <trkpt lat="49.08213" lon="1.63099">
        <ele>36.2</ele>
      </trkpt>
      <trkpt lat="49.08209" lon="1.6309">
        <ele>35.8</ele>
      </trkpt>
      <trkpt lat="49.08204" lon="1.63082">
        <ele>35.0</ele>
      </trkpt>
      <trkpt lat="49.08198" lon="1.63075">
        <ele>34.1</ele>
      </trkpt>
      <trkpt lat="49.081919" lon="1.6307">
        <ele>32.9</ele>
      </trkpt>
      <trkpt lat="49.08186" lon="1.63066">
        <ele>31.6</ele>
      </trkpt>
      <trkpt lat="49.08174" lon="1.63063">
        <ele>28.4</ele>
      </trkpt>
      <trkpt lat="49.081539" lon="1.63057">
        <ele>25.6</ele>
      </trkpt>
      <trkpt lat="49.08153" lon="1.63056">
        <ele>25.6</ele>
      </trkpt>
      <trkpt lat="49.08151" lon="1.63056">
        <ele>25.5</ele>
      </trkpt>
      <trkpt lat="49.08149" lon="1.63054">
        <ele>25.4</ele>
      </trkpt>
      <trkpt lat="49.08149" lon="1.630509">
        <ele>25.6</ele>
      </trkpt>
      <trkpt lat="49.08142" lon="1.63032">
        <ele>25.9</ele>
      </trkpt>
      <trkpt lat="49.08137" lon="1.63021">
        <ele>25.9</ele>
      </trkpt>
      <trkpt lat="49.08131" lon="1.63003">
        <ele>26.0</ele>
      </trkpt>
      <trkpt lat="49.08125" lon="1.62988">
        <ele>25.9</ele>
      </trkpt>
      <trkpt lat="49.08122" lon="1.62979">
        <ele>25.8</ele>
      </trkpt>
      <trkpt lat="49.08105" lon="1.62942">
        <ele>24.6</ele>
      </trkpt>
      <trkpt lat="49.08096" lon="1.62924">
        <ele>23.7</ele>
      </trkpt>
      <trkpt lat="49.08055" lon="1.62827">
        <ele>24.0</ele>
      </trkpt>
      <trkpt lat="49.08053" lon="1.6282">
        <ele>24.2</ele>
      </trkpt>
      <trkpt lat="49.080509" lon="1.62811">
        <ele>24.6</ele>
      </trkpt>
      <trkpt lat="49.08049" lon="1.62801">
        <ele>25.0</ele>
      </trkpt>
      <trkpt lat="49.08039" lon="1.62744">
        <ele>26.9</ele>
      </trkpt>
      <trkpt lat="49.08036" lon="1.62723">
        <ele>27.0</ele>
      </trkpt>
      <trkpt lat="49.08035" lon="1.6272">
        <ele>27.0</ele>
      </trkpt>
      <trkpt lat="49.08034" lon="1.62716">
        <ele>26.9</ele>
      </trkpt>
      <trkpt lat="49.080329" lon="1.62713">
        <ele>26.8</ele>
      </trkpt>
      <trkpt lat="49.0803" lon="1.62707">
        <ele>26.5</ele>
      </trkpt>
      <trkpt lat="49.0803" lon="1.62707">
        <ele>26.5</ele>
      </trkpt>
      <trkpt lat="49.08031" lon="1.62706">
        <ele>26.7</ele>
      </trkpt>
      <trkpt lat="49.08031" lon="1.62703">
        <ele>26.8</ele>
      </trkpt>
      <trkpt lat="49.08031" lon="1.62701">
        <ele>26.8</ele>
      </trkpt>
      <trkpt lat="49.08031" lon="1.62698">
        <ele>26.9</ele>
      </trkpt>
      <trkpt lat="49.08031" lon="1.62696">
        <ele>26.9</ele>
      </trkpt>
      <trkpt lat="49.0803" lon="1.62694">
        <ele>26.8</ele>
      </trkpt>
      <trkpt lat="49.08029" lon="1.62692">
        <ele>26.7</ele>
      </trkpt>
      <trkpt lat="49.08028" lon="1.6269">
        <ele>26.6</ele>
      </trkpt>
      <trkpt lat="49.08027" lon="1.62689">
        <ele>26.4</ele>
      </trkpt>
      <trkpt lat="49.08026" lon="1.62687">
        <ele>26.3</ele>
      </trkpt>
      <trkpt lat="49.08025" lon="1.62686">
        <ele>26.2</ele>
      </trkpt>
      <trkpt lat="49.08023" lon="1.62686">
        <ele>25.8</ele>
      </trkpt>
      <trkpt lat="49.08024" lon="1.62676">
        <ele>26.2</ele>
      </trkpt>
      <trkpt lat="49.08025" lon="1.62665">
        <ele>26.5</ele>
      </trkpt>
      <trkpt lat="49.08025" lon="1.62657">
        <ele>26.7</ele>
      </trkpt>
      <trkpt lat="49.08024" lon="1.62648">
        <ele>26.7</ele>
      </trkpt>
      <trkpt lat="49.08019" lon="1.62619">
        <ele>26.4</ele>
      </trkpt>
      <trkpt lat="49.08014" lon="1.62591">
        <ele>25.9</ele>
      </trkpt>
      <trkpt lat="49.07984" lon="1.62404">
        <ele>33.6</ele>
      </trkpt>
      <trkpt lat="49.07978" lon="1.62365">
        <ele>37.6</ele>
      </trkpt>
      <trkpt lat="49.07971" lon="1.62321">
        <ele>41.0</ele>
      </trkpt>
      <trkpt lat="49.07956" lon="1.6221">
        <ele>44.3</ele>
      </trkpt>
      <trkpt lat="49.07953" lon="1.62179">
        <ele>44.1</ele>
      </trkpt>
      <trkpt lat="49.07951" lon="1.62168">
        <ele>43.7</ele>
      </trkpt>
      <trkpt lat="49.079479" lon="1.621559">
        <ele>44.3</ele>
      </trkpt>
      <trkpt lat="49.07945" lon="1.621459">
        <ele>44.8</ele>
      </trkpt>
      <trkpt lat="49.07941" lon="1.62138">
        <ele>44.7</ele>
      </trkpt>
      <trkpt lat="49.07931" lon="1.6212">
        <ele>44.4</ele>
      </trkpt>
      <trkpt lat="49.07925" lon="1.62107">
        <ele>44.9</ele>
      </trkpt>
      <trkpt lat="49.07912" lon="1.62082">
        <ele>45.9</ele>
      </trkpt>
      <trkpt lat="49.079009" lon="1.62052">
        <ele>48.2</ele>
      </trkpt>
      <trkpt lat="49.07896" lon="1.62037">
        <ele>49.3</ele>
      </trkpt>
      <trkpt lat="49.07885" lon="1.61993">
        <ele>52.4</ele>
      </trkpt>
      <trkpt lat="49.07864" lon="1.61915">
        <ele>53.8</ele>
      </trkpt>
      <trkpt lat="49.07864" lon="1.61904">
        <ele>54.8</ele>
      </trkpt>
      <trkpt lat="49.07864" lon="1.61893">
        <ele>55.8</ele>
      </trkpt>
      <trkpt lat="49.07865" lon="1.6188">
        <ele>57.5</ele>
      </trkpt>
      <trkpt lat="49.07868" lon="1.61866">
        <ele>60.0</ele>
      </trkpt>
      <trkpt lat="49.07869" lon="1.61858">
        <ele>61.1</ele>
      </trkpt>
      <trkpt lat="49.07871" lon="1.61846">
        <ele>62.9</ele>
      </trkpt>
      <trkpt lat="49.078719" lon="1.61833">
        <ele>64.4</ele>
      </trkpt>
      <trkpt lat="49.078719" lon="1.618239">
        <ele>65.5</ele>
      </trkpt>
      <trkpt lat="49.078719" lon="1.61815">
        <ele>66.6</ele>
      </trkpt>
      <trkpt lat="49.07871" lon="1.61805">
        <ele>67.5</ele>
      </trkpt>
      <trkpt lat="49.07869" lon="1.61796">
        <ele>68.0</ele>
      </trkpt>
      <trkpt lat="49.07867" lon="1.61786">
        <ele>68.7</ele>
      </trkpt>
      <trkpt lat="49.07864" lon="1.61777">
        <ele>69.2</ele>
      </trkpt>
      <trkpt lat="49.07861" lon="1.6177">
        <ele>69.4</ele>
      </trkpt>
      <trkpt lat="49.07858" lon="1.617629">
        <ele>69.8</ele>
      </trkpt>
      <trkpt lat="49.078539" lon="1.61758">
        <ele>69.7</ele>
      </trkpt>
      <trkpt lat="49.0785" lon="1.61752">
        <ele>69.9</ele>
      </trkpt>
      <trkpt lat="49.078449" lon="1.61748">
        <ele>69.6</ele>
      </trkpt>
      <trkpt lat="49.07839" lon="1.61744">
        <ele>69.2</ele>
      </trkpt>
      <trkpt lat="49.07832" lon="1.61742">
        <ele>68.1</ele>
      </trkpt>
      <trkpt lat="49.07823" lon="1.61739">
        <ele>65.6</ele>
      </trkpt>
      <trkpt lat="49.07814" lon="1.61738">
        <ele>62.8</ele>
      </trkpt>
      <trkpt lat="49.07808" lon="1.61736">
        <ele>61.2</ele>
      </trkpt>
      <trkpt lat="49.07802" lon="1.61733">
        <ele>59.7</ele>
      </trkpt>
      <trkpt lat="49.07797" lon="1.61727">
        <ele>59.2</ele>
      </trkpt>
      <trkpt lat="49.07793" lon="1.61721">
        <ele>59.0</ele>
      </trkpt>
      <trkpt lat="49.077889" lon="1.617119">
        <ele>59.4</ele>
      </trkpt>
      <trkpt lat="49.07786" lon="1.61703">
        <ele>60.1</ele>
      </trkpt>
      <trkpt lat="49.07784" lon="1.61693">
        <ele>61.4</ele>
      </trkpt>
      <trkpt lat="49.07783" lon="1.61682">
        <ele>63.1</ele>
      </trkpt>
      <trkpt lat="49.07783" lon="1.61671">
        <ele>65.3</ele>
      </trkpt>
      <trkpt lat="49.07785" lon="1.6166">
        <ele>67.0</ele>
      </trkpt>
      <trkpt lat="49.0779" lon="1.61634">
        <ele>69.5</ele>
      </trkpt>
      <trkpt lat="49.07794" lon="1.61614">
        <ele>71.2</ele>
      </trkpt>
      <trkpt lat="49.07794" lon="1.61605">
        <ele>71.5</ele>
      </trkpt>
      <trkpt lat="49.07794" lon="1.61594">
        <ele>71.7</ele>
      </trkpt>
      <trkpt lat="49.07793" lon="1.61581">
        <ele>72.0</ele>
      </trkpt>
      <trkpt lat="49.07792" lon="1.61572">
        <ele>72.3</ele>
      </trkpt>
      <trkpt lat="49.077889" lon="1.61561">
        <ele>72.5</ele>
      </trkpt>
      <trkpt lat="49.07785" lon="1.615459">
        <ele>73.1</ele>
      </trkpt>
      <trkpt lat="49.07781" lon="1.61535">
        <ele>73.5</ele>
      </trkpt>
      <trkpt lat="49.07775" lon="1.6152">
        <ele>74.5</ele>
      </trkpt>
      <trkpt lat="49.07761" lon="1.61493">
        <ele>76.6</ele>
      </trkpt>
      <trkpt lat="49.07757" lon="1.61481">
        <ele>77.2</ele>
      </trkpt>
      <trkpt lat="49.07755" lon="1.61474">
        <ele>77.5</ele>
      </trkpt>
      <trkpt lat="49.07755" lon="1.6147">
        <ele>77.7</ele>
      </trkpt>
      <trkpt lat="49.07755" lon="1.61466">
        <ele>78.0</ele>
      </trkpt>
      <trkpt lat="49.07757" lon="1.61461">
        <ele>78.2</ele>
      </trkpt>
      <trkpt lat="49.077599" lon="1.61456">
        <ele>78.4</ele>
      </trkpt>
      <trkpt lat="49.07762" lon="1.61452">
        <ele>78.5</ele>
      </trkpt>
      <trkpt lat="49.07772" lon="1.61443">
        <ele>78.5</ele>
      </trkpt>
      <trkpt lat="49.07782" lon="1.61436">
        <ele>78.2</ele>
      </trkpt>
      <trkpt lat="49.078" lon="1.61428">
        <ele>77.4</ele>
      </trkpt>
      <trkpt lat="49.0788" lon="1.61389">
        <ele>70.7</ele>
      </trkpt>
      <trkpt lat="49.07887" lon="1.61385">
        <ele>70.1</ele>
      </trkpt>
      <trkpt lat="49.080039" lon="1.6133">
        <ele>60.7</ele>
      </trkpt>
      <trkpt lat="49.08028" lon="1.61318">
        <ele>59.4</ele>
      </trkpt>
      <trkpt lat="49.08047" lon="1.61309">
        <ele>58.5</ele>
      </trkpt>
      <trkpt lat="49.0805" lon="1.61308">
        <ele>58.4</ele>
      </trkpt>
      <trkpt lat="49.0805" lon="1.61308">
        <ele>58.4</ele>
      </trkpt>
      <trkpt lat="49.0811" lon="1.61278">
        <ele>55.6</ele>
      </trkpt>
      <trkpt lat="49.0812" lon="1.61273">
        <ele>55.0</ele>
      </trkpt>
      <trkpt lat="49.08156" lon="1.61254">
        <ele>52.0</ele>
      </trkpt>
      <trkpt lat="49.081829" lon="1.61243">
        <ele>50.1</ele>
      </trkpt>
      <trkpt lat="49.08199" lon="1.61234">
        <ele>49.0</ele>
      </trkpt>
      <trkpt lat="49.08264" lon="1.61203">
        <ele>42.2</ele>
      </trkpt>
      <trkpt lat="49.08275" lon="1.612">
        <ele>40.4</ele>
      </trkpt>
      <trkpt lat="49.08284" lon="1.61199">
        <ele>39.0</ele>
      </trkpt>
      <trkpt lat="49.08311" lon="1.61202">
        <ele>35.4</ele>
      </trkpt>
      <trkpt lat="49.08325" lon="1.61204">
        <ele>33.7</ele>
      </trkpt>
      <trkpt lat="49.08369" lon="1.61209">
        <ele>29.4</ele>
      </trkpt>
      <trkpt lat="49.0839" lon="1.6121">
        <ele>27.3</ele>
      </trkpt>
      <trkpt lat="49.08401" lon="1.6121">
        <ele>26.2</ele>
      </trkpt>
      <trkpt lat="49.08409" lon="1.61208">
        <ele>25.3</ele>
      </trkpt>
      <trkpt lat="49.0842" lon="1.61201">
        <ele>24.1</ele>
      </trkpt>
      <trkpt lat="49.08444" lon="1.61175">
        <ele>22.3</ele>
      </trkpt>
      <trkpt lat="49.08456" lon="1.611629">
        <ele>21.5</ele>
      </trkpt>
      <trkpt lat="49.0846" lon="1.6116">
        <ele>21.4</ele>
      </trkpt>
      <trkpt lat="49.08464" lon="1.61155">
        <ele>21.2</ele>
      </trkpt>
      <trkpt lat="49.08472" lon="1.61148">
        <ele>20.9</ele>
      </trkpt>
      <trkpt lat="49.08476" lon="1.61144">
        <ele>20.7</ele>
      </trkpt>
      <trkpt lat="49.084919" lon="1.611289">
        <ele>20.2</ele>
      </trkpt>
      <trkpt lat="49.08499" lon="1.61123">
        <ele>20.0</ele>
      </trkpt>
      <trkpt lat="49.08506" lon="1.61117">
        <ele>20.0</ele>
      </trkpt>
      <trkpt lat="49.08516" lon="1.61106">
        <ele>20.1</ele>
      </trkpt>
      <trkpt lat="49.08523" lon="1.61099">
        <ele>20.1</ele>
      </trkpt>
      <trkpt lat="49.08525" lon="1.61097">
        <ele>20.0</ele>
      </trkpt>
      <trkpt lat="49.085299" lon="1.61092">
        <ele>20.0</ele>
      </trkpt>
      <trkpt lat="49.08538" lon="1.61086">
        <ele>20.0</ele>
      </trkpt>
      <trkpt lat="49.08544" lon="1.6108">
        <ele>20.1</ele>
      </trkpt>
      <trkpt lat="49.08551" lon="1.610749">
        <ele>20.2</ele>
      </trkpt>
      <trkpt lat="49.08558" lon="1.610679">
        <ele>20.3</ele>
      </trkpt>
      <trkpt lat="49.08558" lon="1.610679">
        <ele>20.3</ele>
      </trkpt>
      <trkpt lat="49.08565" lon="1.61063">
        <ele>20.4</ele>
      </trkpt>
      <trkpt lat="49.08553" lon="1.60948">
        <ele>21.6</ele>
      </trkpt>
      <trkpt lat="49.08554" lon="1.60896">
        <ele>21.8</ele>
      </trkpt>
      <trkpt lat="49.0856" lon="1.60832">
        <ele>22.3</ele>
      </trkpt>
      <trkpt lat="49.08564" lon="1.60798">
        <ele>23.0</ele>
      </trkpt>
      <trkpt lat="49.08573" lon="1.60755">
        <ele>23.5</ele>
      </trkpt>
      <trkpt lat="49.08578" lon="1.60732">
        <ele>23.1</ele>
      </trkpt>
      <trkpt lat="49.0859" lon="1.60681">
        <ele>22.3</ele>
      </trkpt>
      <trkpt lat="49.08621" lon="1.60566">
        <ele>23.2</ele>
      </trkpt>
      <trkpt lat="49.0863" lon="1.60527">
        <ele>22.9</ele>
      </trkpt>
      <trkpt lat="49.08632" lon="1.60517">
        <ele>22.8</ele>
      </trkpt>
      <trkpt lat="49.08635" lon="1.60507">
        <ele>22.7</ele>
      </trkpt>
      <trkpt lat="49.08647" lon="1.60461">
        <ele>23.5</ele>
      </trkpt>
      <trkpt lat="49.08657" lon="1.604139">
        <ele>24.7</ele>
      </trkpt>
      <trkpt lat="49.08664" lon="1.60366">
        <ele>25.0</ele>
      </trkpt>
      <trkpt lat="49.08669" lon="1.60325">
        <ele>25.1</ele>
      </trkpt>
      <trkpt lat="49.086709" lon="1.60281">
        <ele>25.5</ele>
      </trkpt>
      <trkpt lat="49.086709" lon="1.6024">
        <ele>25.6</ele>
      </trkpt>
      <trkpt lat="49.08667" lon="1.60191">
        <ele>24.6</ele>
      </trkpt>
      <trkpt lat="49.08665" lon="1.60164">
        <ele>24.0</ele>
      </trkpt>
      <trkpt lat="49.0866" lon="1.60124">
        <ele>23.3</ele>
      </trkpt>
      <trkpt lat="49.08652" lon="1.60086">
        <ele>22.8</ele>
      </trkpt>
      <trkpt lat="49.08645" lon="1.60055">
        <ele>22.9</ele>
      </trkpt>
      <trkpt lat="49.08639" lon="1.60029">
        <ele>22.9</ele>
      </trkpt>
      <trkpt lat="49.08562" lon="1.59749">
        <ele>20.3</ele>
      </trkpt>
      <trkpt lat="49.08553" lon="1.59717">
        <ele>20.9</ele>
      </trkpt>
      <trkpt lat="49.08529" lon="1.59615">
        <ele>22.3</ele>
      </trkpt>
      <trkpt lat="49.08527" lon="1.59606">
        <ele>22.4</ele>
      </trkpt>
      <trkpt lat="49.08507" lon="1.59503">
        <ele>21.1</ele>
      </trkpt>
      <trkpt lat="49.08502" lon="1.594749">
        <ele>21.3</ele>
      </trkpt>
      <trkpt lat="49.08488" lon="1.5939">
        <ele>22.8</ele>
      </trkpt>
      <trkpt lat="49.08486" lon="1.59364">
        <ele>23.1</ele>
      </trkpt>
      <trkpt lat="49.08485" lon="1.59354">
        <ele>23.3</ele>
      </trkpt>
      <trkpt lat="49.08485" lon="1.59317">
        <ele>23.2</ele>
      </trkpt>
      <trkpt lat="49.08485" lon="1.59301">
        <ele>22.8</ele>
      </trkpt>
      <trkpt lat="49.08491" lon="1.592479">
        <ele>21.4</ele>
      </trkpt>
      <trkpt lat="49.0851" lon="1.591529">
        <ele>21.1</ele>
      </trkpt>
      <trkpt lat="49.08515" lon="1.59142">
        <ele>21.1</ele>
      </trkpt>
      <trkpt lat="49.08519" lon="1.59123">
        <ele>21.1</ele>
      </trkpt>
      <trkpt lat="49.08526" lon="1.59084">
        <ele>20.9</ele>
      </trkpt>
      <trkpt lat="49.085299" lon="1.59057">
        <ele>21.8</ele>
      </trkpt>
      <trkpt lat="49.085299" lon="1.59035">
        <ele>22.4</ele>
      </trkpt>
      <trkpt lat="49.085299" lon="1.5902">
        <ele>22.9</ele>
      </trkpt>
      <trkpt lat="49.08529" lon="1.58996">
        <ele>23.6</ele>
      </trkpt>
      <trkpt lat="49.08526" lon="1.58976">
        <ele>24.3</ele>
      </trkpt>
      <trkpt lat="49.08523" lon="1.58965">
        <ele>24.6</ele>
      </trkpt>
      <trkpt lat="49.08517" lon="1.5895">
        <ele>24.9</ele>
      </trkpt>
      <trkpt lat="49.08513" lon="1.58938">
        <ele>25.1</ele>
      </trkpt>
      <trkpt lat="49.08502" lon="1.58912">
        <ele>25.5</ele>
      </trkpt>
      <trkpt lat="49.08491" lon="1.58886">
        <ele>26.5</ele>
      </trkpt>
      <trkpt lat="49.08446" lon="1.58793">
        <ele>27.6</ele>
      </trkpt>
      <trkpt lat="49.08425" lon="1.58751">
        <ele>27.2</ele>
      </trkpt>
      <trkpt lat="49.08408" lon="1.58713">
        <ele>29.4</ele>
      </trkpt>
      <trkpt lat="49.08368" lon="1.58625">
        <ele>33.5</ele>
      </trkpt>
      <trkpt lat="49.08354" lon="1.58602">
        <ele>33.1</ele>
      </trkpt>
      <trkpt lat="49.083509" lon="1.58598">
        <ele>32.8</ele>
      </trkpt>
      <trkpt lat="49.08347" lon="1.58589">
        <ele>32.7</ele>
      </trkpt>
      <trkpt lat="49.08309" lon="1.58518">
        <ele>29.6</ele>
      </trkpt>
      <trkpt lat="49.08298" lon="1.58505">
        <ele>28.9</ele>
      </trkpt>
      <trkpt lat="49.08278" lon="1.58462">
        <ele>29.2</ele>
      </trkpt>
      <trkpt lat="49.08276" lon="1.58459">
        <ele>29.2</ele>
      </trkpt>
      <trkpt lat="49.08267" lon="1.58445">
        <ele>29.1</ele>
      </trkpt>
      <trkpt lat="49.08263" lon="1.58433">
        <ele>29.3</ele>
      </trkpt>
      <trkpt lat="49.08222" lon="1.58298">
        <ele>31.5</ele>
      </trkpt>
      <trkpt lat="49.081919" lon="1.58202">
        <ele>31.8</ele>
      </trkpt>
      <trkpt lat="49.08144" lon="1.58058">
        <ele>31.7</ele>
      </trkpt>
      <trkpt lat="49.081359" lon="1.58033">
        <ele>32.8</ele>
      </trkpt>
      <trkpt lat="49.080979" lon="1.57927">
        <ele>33.5</ele>
      </trkpt>
      <trkpt lat="49.080509" lon="1.57792">
        <ele>34.6</ele>
      </trkpt>
      <trkpt lat="49.080329" lon="1.5774">
        <ele>33.8</ele>
      </trkpt>
      <trkpt lat="49.08012" lon="1.57676">
        <ele>32.3</ele>
      </trkpt>
      <trkpt lat="49.08003" lon="1.57642">
        <ele>31.0</ele>
      </trkpt>
      <trkpt lat="49.079949" lon="1.57602">
        <ele>30.7</ele>
      </trkpt>
      <trkpt lat="49.07989" lon="1.57556">
        <ele>31.8</ele>
      </trkpt>
      <trkpt lat="49.07978" lon="1.5742">
        <ele>35.1</ele>
      </trkpt>
      <trkpt lat="49.07975" lon="1.57383">
        <ele>35.0</ele>
      </trkpt>
      <trkpt lat="49.07967" lon="1.572889">
        <ele>35.8</ele>
      </trkpt>
      <trkpt lat="49.07965" lon="1.5727">
        <ele>36.1</ele>
      </trkpt>
      <trkpt lat="49.07955" lon="1.57205">
        <ele>35.1</ele>
      </trkpt>
      <trkpt lat="49.07949" lon="1.57162">
        <ele>34.2</ele>
      </trkpt>
      <trkpt lat="49.07943" lon="1.57124">
        <ele>32.7</ele>
      </trkpt>
      <trkpt lat="49.07937" lon="1.57071">
        <ele>31.3</ele>
      </trkpt>
      <trkpt lat="49.07935" lon="1.57049">
        <ele>30.9</ele>
      </trkpt>
      <trkpt lat="49.07928" lon="1.5692">
        <ele>29.2</ele>
      </trkpt>
      <trkpt lat="49.07922" lon="1.56847">
        <ele>27.0</ele>
      </trkpt>
      <trkpt lat="49.079189" lon="1.56807">
        <ele>26.8</ele>
      </trkpt>
      <trkpt lat="49.07918" lon="1.56796">
        <ele>26.8</ele>
      </trkpt>
      <trkpt lat="49.07912" lon="1.56748">
        <ele>27.5</ele>
      </trkpt>
      <trkpt lat="49.07908" lon="1.56717">
        <ele>27.7</ele>
      </trkpt>
      <trkpt lat="49.07907" lon="1.56712">
        <ele>27.7</ele>
      </trkpt>
      <trkpt lat="49.07904" lon="1.56692">
        <ele>27.7</ele>
      </trkpt>
      <trkpt lat="49.07895" lon="1.56634">
        <ele>26.6</ele>
      </trkpt>
      <trkpt lat="49.07886" lon="1.56583">
        <ele>25.0</ele>
      </trkpt>
      <trkpt lat="49.07886" lon="1.5658">
        <ele>25.0</ele>
      </trkpt>
      <trkpt lat="49.07868" lon="1.56486">
        <ele>23.9</ele>
      </trkpt>
      <trkpt lat="49.07858" lon="1.56438">
        <ele>23.8</ele>
      </trkpt>
      <trkpt lat="49.07849" lon="1.56385">
        <ele>24.0</ele>
      </trkpt>
      <trkpt lat="49.07846" lon="1.56365">
        <ele>24.1</ele>
      </trkpt>
      <trkpt lat="49.0784" lon="1.56328">
        <ele>23.9</ele>
      </trkpt>
      <trkpt lat="49.07832" lon="1.56272">
        <ele>22.7</ele>
      </trkpt>
      <trkpt lat="49.07818" lon="1.56168">
        <ele>24.1</ele>
      </trkpt>
      <trkpt lat="49.07815" lon="1.56132">
        <ele>24.1</ele>
      </trkpt>
      <trkpt lat="49.07814" lon="1.56122">
        <ele>24.1</ele>
      </trkpt>
      <trkpt lat="49.07808" lon="1.56061">
        <ele>24.4</ele>
      </trkpt>
      <trkpt lat="49.07803" lon="1.56003">
        <ele>25.3</ele>
      </trkpt>
      <trkpt lat="49.07783" lon="1.55785">
        <ele>26.8</ele>
      </trkpt>
      <trkpt lat="49.07781" lon="1.55758">
        <ele>26.3</ele>
      </trkpt>
      <trkpt lat="49.0778" lon="1.55755">
        <ele>26.1</ele>
      </trkpt>
      <trkpt lat="49.07774" lon="1.55681">
        <ele>27.9</ele>
      </trkpt>
      <trkpt lat="49.07759" lon="1.555299">
        <ele>29.3</ele>
      </trkpt>
      <trkpt lat="49.07745" lon="1.55417">
        <ele>30.3</ele>
      </trkpt>
      <trkpt lat="49.07733" lon="1.55309">
        <ele>36.3</ele>
      </trkpt>
      <trkpt lat="49.07726" lon="1.55264">
        <ele>38.3</ele>
      </trkpt>
      <trkpt lat="49.07719" lon="1.55233">
        <ele>37.9</ele>
      </trkpt>
      <trkpt lat="49.07688" lon="1.55125">
        <ele>30.1</ele>
      </trkpt>
      <trkpt lat="49.07679" lon="1.551">
        <ele>27.6</ele>
      </trkpt>
      <trkpt lat="49.07653" lon="1.55045">
        <ele>25.3</ele>
      </trkpt>
      <trkpt lat="49.07629" lon="1.54992">
        <ele>25.2</ele>
      </trkpt>
      <trkpt lat="49.07624" lon="1.5498">
        <ele>26.2</ele>
      </trkpt>
      <trkpt lat="49.0762" lon="1.54967">
        <ele>27.3</ele>
      </trkpt>
      <trkpt lat="49.07616" lon="1.54955">
        <ele>28.0</ele>
      </trkpt>
      <trkpt lat="49.07614" lon="1.54943">
        <ele>29.0</ele>
      </trkpt>
      <trkpt lat="49.07592" lon="1.54837">
        <ele>32.5</ele>
      </trkpt>
      <trkpt lat="49.07588" lon="1.54822">
        <ele>32.3</ele>
      </trkpt>
      <trkpt lat="49.07567" lon="1.54749">
        <ele>34.3</ele>
      </trkpt>
      <trkpt lat="49.075159" lon="1.54584">
        <ele>28.1</ele>
      </trkpt>
      <trkpt lat="49.07509" lon="1.54562">
        <ele>27.1</ele>
      </trkpt>
      <trkpt lat="49.07497" lon="1.545129">
        <ele>26.7</ele>
      </trkpt>
      <trkpt lat="49.07481" lon="1.54434">
        <ele>28.5</ele>
      </trkpt>
      <trkpt lat="49.0748" lon="1.5443">
        <ele>28.5</ele>
      </trkpt>
      <trkpt lat="49.0747" lon="1.54378">
        <ele>28.5</ele>
      </trkpt>
      <trkpt lat="49.07463" lon="1.54354">
        <ele>27.8</ele>
      </trkpt>
      <trkpt lat="49.07456" lon="1.54335">
        <ele>27.0</ele>
      </trkpt>
      <trkpt lat="49.07423" lon="1.54266">
        <ele>21.2</ele>
      </trkpt>
      <trkpt lat="49.0742" lon="1.54258">
        <ele>20.6</ele>
      </trkpt>
      <trkpt lat="49.07416" lon="1.54247">
        <ele>20.1</ele>
      </trkpt>
      <trkpt lat="49.07412" lon="1.54233">
        <ele>20.3</ele>
      </trkpt>
      <trkpt lat="49.07409" lon="1.542249">
        <ele>20.4</ele>
      </trkpt>
      <trkpt lat="49.07407" lon="1.54214">
        <ele>20.6</ele>
      </trkpt>
      <trkpt lat="49.074039" lon="1.5419">
        <ele>21.1</ele>
      </trkpt>
      <trkpt lat="49.07403" lon="1.54157">
        <ele>21.8</ele>
      </trkpt>
      <trkpt lat="49.074039" lon="1.5415">
        <ele>21.8</ele>
      </trkpt>
      <trkpt lat="49.07405" lon="1.54146">
        <ele>21.9</ele>
      </trkpt>
      <trkpt lat="49.07405" lon="1.54141">
        <ele>21.9</ele>
      </trkpt>
      <trkpt lat="49.074039" lon="1.54134">
        <ele>22.0</ele>
      </trkpt>
      <trkpt lat="49.07405" lon="1.5407">
        <ele>22.3</ele>
      </trkpt>
      <trkpt lat="49.07405" lon="1.54007">
        <ele>21.8</ele>
      </trkpt>
      <trkpt lat="49.07405" lon="1.53984">
        <ele>21.4</ele>
      </trkpt>
      <trkpt lat="49.07405" lon="1.53982">
        <ele>21.3</ele>
      </trkpt>
      <trkpt lat="49.07407" lon="1.53955">
        <ele>20.8</ele>
      </trkpt>
      <trkpt lat="49.07409" lon="1.53912">
        <ele>19.9</ele>
      </trkpt>
      <trkpt lat="49.07414" lon="1.538689">
        <ele>20.0</ele>
      </trkpt>
      <trkpt lat="49.07416" lon="1.538589">
        <ele>20.0</ele>
      </trkpt>
      <trkpt lat="49.07418" lon="1.5384">
        <ele>20.1</ele>
      </trkpt>
      <trkpt lat="49.07424" lon="1.53802">
        <ele>20.9</ele>
      </trkpt>
      <trkpt lat="49.07429" lon="1.53768">
        <ele>21.5</ele>
      </trkpt>
      <trkpt lat="49.07437" lon="1.53715">
        <ele>22.0</ele>
      </trkpt>
      <trkpt lat="49.07445" lon="1.536589">
        <ele>22.3</ele>
      </trkpt>
      <trkpt lat="49.0745" lon="1.53629">
        <ele>22.1</ele>
      </trkpt>
      <trkpt lat="49.07457" lon="1.5356">
        <ele>21.2</ele>
      </trkpt>
      <trkpt lat="49.07461" lon="1.5351">
        <ele>20.6</ele>
      </trkpt>
      <trkpt lat="49.07465" lon="1.53445">
        <ele>19.9</ele>
      </trkpt>
      <trkpt lat="49.07468" lon="1.5338">
        <ele>18.9</ele>
      </trkpt>
      <trkpt lat="49.074689" lon="1.5336">
        <ele>18.5</ele>
      </trkpt>
      <trkpt lat="49.074689" lon="1.533539">
        <ele>18.4</ele>
      </trkpt>
      <trkpt lat="49.0747" lon="1.53309">
        <ele>17.8</ele>
      </trkpt>
      <trkpt lat="49.0747" lon="1.53268">
        <ele>17.5</ele>
      </trkpt>
      <trkpt lat="49.074689" lon="1.53207">
        <ele>17.7</ele>
      </trkpt>
      <trkpt lat="49.07466" lon="1.5317">
        <ele>18.0</ele>
      </trkpt>
      <trkpt lat="49.07463" lon="1.53147">
        <ele>18.0</ele>
      </trkpt>
      <trkpt lat="49.07463" lon="1.53138">
        <ele>18.0</ele>
      </trkpt>
      <trkpt lat="49.07459" lon="1.531099">
        <ele>18.0</ele>
      </trkpt>
      <trkpt lat="49.07455" lon="1.53082">
        <ele>18.0</ele>
      </trkpt>
      <trkpt lat="49.07453" lon="1.53074">
        <ele>18.0</ele>
      </trkpt>
      <trkpt lat="49.0745" lon="1.53055">
        <ele>17.9</ele>
      </trkpt>
      <trkpt lat="49.07445" lon="1.53024">
        <ele>17.8</ele>
      </trkpt>
      <trkpt lat="49.07443" lon="1.5301">
        <ele>17.7</ele>
      </trkpt>
      <trkpt lat="49.07442" lon="1.52997">
        <ele>17.7</ele>
      </trkpt>
      <trkpt lat="49.07443" lon="1.52993">
        <ele>17.8</ele>
      </trkpt>
      <trkpt lat="49.07445" lon="1.529879">
        <ele>18.0</ele>
      </trkpt>
      <trkpt lat="49.07445" lon="1.52984">
        <ele>18.1</ele>
      </trkpt>
      <trkpt lat="49.07444" lon="1.5298">
        <ele>18.2</ele>
      </trkpt>
      <trkpt lat="49.07443" lon="1.52977">
        <ele>18.3</ele>
      </trkpt>
      <trkpt lat="49.07441" lon="1.52974">
        <ele>18.3</ele>
      </trkpt>
      <trkpt lat="49.07439" lon="1.529709">
        <ele>18.3</ele>
      </trkpt>
      <trkpt lat="49.07436" lon="1.52968">
        <ele>18.3</ele>
      </trkpt>
      <trkpt lat="49.07433" lon="1.52957">
        <ele>18.5</ele>
      </trkpt>
      <trkpt lat="49.074309" lon="1.52945">
        <ele>18.8</ele>
      </trkpt>
      <trkpt lat="49.07427" lon="1.52905">
        <ele>19.5</ele>
      </trkpt>
      <trkpt lat="49.07427" lon="1.529029">
        <ele>19.5</ele>
      </trkpt>
      <trkpt lat="49.07425" lon="1.52871">
        <ele>19.7</ele>
      </trkpt>
      <trkpt lat="49.07425" lon="1.52846">
        <ele>20.0</ele>
      </trkpt>
      <trkpt lat="49.07425" lon="1.52838">
        <ele>20.1</ele>
      </trkpt>
      <trkpt lat="49.07425" lon="1.52805">
        <ele>19.7</ele>
      </trkpt>
      <trkpt lat="49.07426" lon="1.5278">
        <ele>19.3</ele>
      </trkpt>
      <trkpt lat="49.07425" lon="1.52757">
        <ele>18.9</ele>
      </trkpt>
      <trkpt lat="49.0743" lon="1.52704">
        <ele>19.2</ele>
      </trkpt>
      <trkpt lat="49.07434" lon="1.5268">
        <ele>19.4</ele>
      </trkpt>
      <trkpt lat="49.07438" lon="1.52655">
        <ele>19.3</ele>
      </trkpt>
      <trkpt lat="49.07448" lon="1.52614">
        <ele>18.5</ele>
      </trkpt>
      <trkpt lat="49.07458" lon="1.52581">
        <ele>18.0</ele>
      </trkpt>
      <trkpt lat="49.07468" lon="1.525539">
        <ele>18.0</ele>
      </trkpt>
      <trkpt lat="49.07486" lon="1.52509">
        <ele>19.0</ele>
      </trkpt>
      <trkpt lat="49.07503" lon="1.52474">
        <ele>19.4</ele>
      </trkpt>
      <trkpt lat="49.07518" lon="1.52446">
        <ele>18.8</ele>
      </trkpt>
      <trkpt lat="49.0753" lon="1.52427">
        <ele>18.6</ele>
      </trkpt>
      <trkpt lat="49.07536" lon="1.52418">
        <ele>18.5</ele>
      </trkpt>
      <trkpt lat="49.07567" lon="1.52372">
        <ele>18.3</ele>
      </trkpt>
      <trkpt lat="49.07583" lon="1.52351">
        <ele>18.2</ele>
      </trkpt>
      <trkpt lat="49.07594" lon="1.52334">
        <ele>18.1</ele>
      </trkpt>
      <trkpt lat="49.07631" lon="1.5228">
        <ele>17.9</ele>
      </trkpt>
      <trkpt lat="49.07655" lon="1.52245">
        <ele>17.8</ele>
      </trkpt>
      <trkpt lat="49.07669" lon="1.52224">
        <ele>17.9</ele>
      </trkpt>
      <trkpt lat="49.07688" lon="1.52192">
        <ele>18.6</ele>
      </trkpt>
      <trkpt lat="49.07714" lon="1.52148">
        <ele>18.9</ele>
      </trkpt>
      <trkpt lat="49.07733" lon="1.52113">
        <ele>19.0</ele>
      </trkpt>
      <trkpt lat="49.07764" lon="1.52053">
        <ele>19.2</ele>
      </trkpt>
      <trkpt lat="49.077979" lon="1.5199">
        <ele>18.9</ele>
      </trkpt>
      <trkpt lat="49.0782" lon="1.51952">
        <ele>18.2</ele>
      </trkpt>
      <trkpt lat="49.07831" lon="1.51936">
        <ele>17.9</ele>
      </trkpt>
      <trkpt lat="49.07853" lon="1.51902">
        <ele>17.7</ele>
      </trkpt>
      <trkpt lat="49.07866" lon="1.51884">
        <ele>17.9</ele>
      </trkpt>
      <trkpt lat="49.07878" lon="1.51868">
        <ele>17.9</ele>
      </trkpt>
      <trkpt lat="49.07909" lon="1.51829">
        <ele>17.6</ele>
      </trkpt>
      <trkpt lat="49.07934" lon="1.518">
        <ele>17.1</ele>
      </trkpt>
      <trkpt lat="49.07947" lon="1.51787">
        <ele>17.1</ele>
      </trkpt>
      <trkpt lat="49.07974" lon="1.517609">
        <ele>17.2</ele>
      </trkpt>
      <trkpt lat="49.07989" lon="1.51746">
        <ele>17.3</ele>
      </trkpt>
      <trkpt lat="49.08022" lon="1.51714">
        <ele>17.6</ele>
      </trkpt>
      <trkpt lat="49.08027" lon="1.51709">
        <ele>17.7</ele>
      </trkpt>
      <trkpt lat="49.08034" lon="1.51704">
        <ele>17.8</ele>
      </trkpt>
      <trkpt lat="49.08054" lon="1.51685">
        <ele>17.7</ele>
      </trkpt>
      <trkpt lat="49.08056" lon="1.51684">
        <ele>17.8</ele>
      </trkpt>
      <trkpt lat="49.08087" lon="1.51656">
        <ele>17.5</ele>
      </trkpt>
      <trkpt lat="49.08117" lon="1.51627">
        <ele>16.7</ele>
      </trkpt>
      <trkpt lat="49.08139" lon="1.516049">
        <ele>16.2</ele>
      </trkpt>
      <trkpt lat="49.08171" lon="1.51573">
        <ele>16.1</ele>
      </trkpt>
      <trkpt lat="49.08185" lon="1.51559">
        <ele>16.7</ele>
      </trkpt>
      <trkpt lat="49.08262" lon="1.51485">
        <ele>17.9</ele>
      </trkpt>
      <trkpt lat="49.08278" lon="1.51468">
        <ele>17.8</ele>
      </trkpt>
      <trkpt lat="49.08374" lon="1.51374">
        <ele>19.1</ele>
      </trkpt>
      <trkpt lat="49.08419" lon="1.51329">
        <ele>19.0</ele>
      </trkpt>
      <trkpt lat="49.08463" lon="1.51285">
        <ele>19.8</ele>
      </trkpt>
      <trkpt lat="49.08479" lon="1.51267">
        <ele>19.0</ele>
      </trkpt>
      <trkpt lat="49.084919" lon="1.51251">
        <ele>17.8</ele>
      </trkpt>
      <trkpt lat="49.08507" lon="1.5123">
        <ele>18.3</ele>
      </trkpt>
      <trkpt lat="49.08534" lon="1.51194">
        <ele>19.5</ele>
      </trkpt>
      <trkpt lat="49.08561" lon="1.51155">
        <ele>18.6</ele>
      </trkpt>
      <trkpt lat="49.08576" lon="1.511339">
        <ele>18.6</ele>
      </trkpt>
      <trkpt lat="49.08612" lon="1.51079">
        <ele>18.6</ele>
      </trkpt>
      <trkpt lat="49.086419" lon="1.51034">
        <ele>18.5</ele>
      </trkpt>
      <trkpt lat="49.0867" lon="1.50992">
        <ele>17.2</ele>
      </trkpt>
      <trkpt lat="49.08706" lon="1.50932">
        <ele>17.6</ele>
      </trkpt>
      <trkpt lat="49.08734" lon="1.50889">
        <ele>17.1</ele>
      </trkpt>
      <trkpt lat="49.08764" lon="1.50841">
        <ele>17.8</ele>
      </trkpt>
      <trkpt lat="49.08822" lon="1.50764">
        <ele>19.4</ele>
      </trkpt>
      <trkpt lat="49.08841" lon="1.50735">
        <ele>20.2</ele>
      </trkpt>
      <trkpt lat="49.08871" lon="1.50685">
        <ele>21.7</ele>
      </trkpt>
      <trkpt lat="49.08978" lon="1.50502">
        <ele>21.6</ele>
      </trkpt>
      <trkpt lat="49.09034" lon="1.504219">
        <ele>24.3</ele>
      </trkpt>
      <trkpt lat="49.09043" lon="1.50417">
        <ele>25.3</ele>
      </trkpt>
      <trkpt lat="49.09044" lon="1.50414">
        <ele>25.2</ele>
      </trkpt>
      <trkpt lat="49.09067" lon="1.50372">
        <ele>24.0</ele>
      </trkpt>
      <trkpt lat="49.09089" lon="1.50336">
        <ele>21.8</ele>
      </trkpt>
      <trkpt lat="49.09099" lon="1.50319">
        <ele>22.7</ele>
      </trkpt>
      <trkpt lat="49.09107" lon="1.50297">
        <ele>22.5</ele>
      </trkpt>
      <trkpt lat="49.09108" lon="1.50296">
        <ele>22.5</ele>
      </trkpt>
      <trkpt lat="49.09156" lon="1.50209">
        <ele>20.3</ele>
      </trkpt>
      <trkpt lat="49.09158" lon="1.50206">
        <ele>20.2</ele>
      </trkpt>
      <trkpt lat="49.09243" lon="1.50057">
        <ele>20.7</ele>
      </trkpt>
      <trkpt lat="49.09301" lon="1.49961">
        <ele>22.0</ele>
      </trkpt>
      <trkpt lat="49.09323" lon="1.49923">
        <ele>19.4</ele>
      </trkpt>
      <trkpt lat="49.09373" lon="1.49826">
        <ele>20.4</ele>
      </trkpt>
      <trkpt lat="49.09404" lon="1.4977">
        <ele>19.3</ele>
      </trkpt>
      <trkpt lat="49.09449" lon="1.49697">
        <ele>21.4</ele>
      </trkpt>
      <trkpt lat="49.09469" lon="1.49661">
        <ele>20.8</ele>
      </trkpt>
      <trkpt lat="49.09486" lon="1.49632">
        <ele>20.9</ele>
      </trkpt>
      <trkpt lat="49.09513" lon="1.4957">
        <ele>20.9</ele>
      </trkpt>
      <trkpt lat="49.09525" lon="1.49542">
        <ele>21.2</ele>
      </trkpt>
      <trkpt lat="49.09541" lon="1.49511">
        <ele>20.4</ele>
      </trkpt>
      <trkpt lat="49.09576" lon="1.49458">
        <ele>19.2</ele>
      </trkpt>
      <trkpt lat="49.09621" lon="1.49387">
        <ele>19.7</ele>
      </trkpt>
      <trkpt lat="49.09679" lon="1.49274">
        <ele>17.1</ele>
      </trkpt>
      <trkpt lat="49.09682" lon="1.49268">
        <ele>17.1</ele>
      </trkpt>
      <trkpt lat="49.09683" lon="1.49262">
        <ele>17.0</ele>
      </trkpt>
      <trkpt lat="49.09686" lon="1.4925">
        <ele>16.7</ele>
      </trkpt>
      <trkpt lat="49.09686" lon="1.49242">
        <ele>16.7</ele>
      </trkpt>
      <trkpt lat="49.09685" lon="1.49223">
        <ele>16.8</ele>
      </trkpt>
      <trkpt lat="49.09684" lon="1.49216">
        <ele>16.8</ele>
      </trkpt>
      <trkpt lat="49.09683" lon="1.49211">
        <ele>16.8</ele>
      </trkpt>
      <trkpt lat="49.09682" lon="1.49207">
        <ele>16.8</ele>
      </trkpt>
      <trkpt lat="49.0968" lon="1.49199">
        <ele>16.8</ele>
      </trkpt>
      <trkpt lat="49.09676" lon="1.49187">
        <ele>16.8</ele>
      </trkpt>
      <trkpt lat="49.09664" lon="1.49157">
        <ele>16.8</ele>
      </trkpt>
      <trkpt lat="49.09662" lon="1.49152">
        <ele>16.7</ele>
      </trkpt>
      <trkpt lat="49.09659" lon="1.49143">
        <ele>16.6</ele>
      </trkpt>
      <trkpt lat="49.09658" lon="1.49132">
        <ele>16.5</ele>
      </trkpt>
      <trkpt lat="49.09657" lon="1.49119">
        <ele>16.3</ele>
      </trkpt>
      <trkpt lat="49.09657" lon="1.49117">
        <ele>16.3</ele>
      </trkpt>
      <trkpt lat="49.09663" lon="1.49065">
        <ele>16.0</ele>
      </trkpt>
      <trkpt lat="49.09664" lon="1.49059">
        <ele>16.0</ele>
      </trkpt>
      <trkpt lat="49.09667" lon="1.49042">
        <ele>16.0</ele>
      </trkpt>
      <trkpt lat="49.09675" lon="1.48977">
        <ele>16.2</ele>
      </trkpt>
      <trkpt lat="49.0968" lon="1.48971">
        <ele>16.4</ele>
      </trkpt>
      <trkpt lat="49.09683" lon="1.489679">
        <ele>16.6</ele>
      </trkpt>
      <trkpt lat="49.09687" lon="1.489579">
        <ele>16.7</ele>
      </trkpt>
      <trkpt lat="49.09687" lon="1.489579">
        <ele>16.7</ele>
      </trkpt>
      <trkpt lat="49.09688" lon="1.489579">
        <ele>16.8</ele>
      </trkpt>
      <trkpt lat="49.09689" lon="1.48959">
        <ele>16.8</ele>
      </trkpt>
      <trkpt lat="49.09691" lon="1.4896">
        <ele>17.0</ele>
      </trkpt>
      <trkpt lat="49.09692" lon="1.4896">
        <ele>17.0</ele>
      </trkpt>
      <trkpt lat="49.09693" lon="1.48961">
        <ele>17.1</ele>
      </trkpt>
      <trkpt lat="49.09695" lon="1.48961">
        <ele>17.2</ele>
      </trkpt>
      <trkpt lat="49.09696" lon="1.48961">
        <ele>17.3</ele>
      </trkpt>
      <trkpt lat="49.09697" lon="1.48961">
        <ele>17.3</ele>
      </trkpt>
      <trkpt lat="49.09699" lon="1.4896">
        <ele>17.4</ele>
      </trkpt>
      <trkpt lat="49.097" lon="1.4896">
        <ele>17.5</ele>
      </trkpt>
      <trkpt lat="49.09702" lon="1.48959">
        <ele>17.6</ele>
      </trkpt>
      <trkpt lat="49.097029" lon="1.489579">
        <ele>17.7</ele>
      </trkpt>
      <trkpt lat="49.09705" lon="1.489579">
        <ele>17.8</ele>
      </trkpt>
      <trkpt lat="49.09706" lon="1.48956">
        <ele>17.9</ele>
      </trkpt>
      <trkpt lat="49.09707" lon="1.48955">
        <ele>17.9</ele>
      </trkpt>
      <trkpt lat="49.09708" lon="1.48954">
        <ele>18.0</ele>
      </trkpt>
      <trkpt lat="49.09709" lon="1.48953">
        <ele>18.0</ele>
      </trkpt>
      <trkpt lat="49.09709" lon="1.48952">
        <ele>18.0</ele>
      </trkpt>
      <trkpt lat="49.0971" lon="1.489509">
        <ele>18.1</ele>
      </trkpt>
      <trkpt lat="49.0971" lon="1.4895">
        <ele>18.1</ele>
      </trkpt>
      <trkpt lat="49.09711" lon="1.48949">
        <ele>18.2</ele>
      </trkpt>
      <trkpt lat="49.09711" lon="1.48948">
        <ele>18.2</ele>
      </trkpt>
      <trkpt lat="49.09711" lon="1.48947">
        <ele>18.2</ele>
      </trkpt>
      <trkpt lat="49.097119" lon="1.48946">
        <ele>18.2</ele>
      </trkpt>
      <trkpt lat="49.097119" lon="1.48944">
        <ele>18.2</ele>
      </trkpt>
      <trkpt lat="49.097119" lon="1.48942">
        <ele>18.2</ele>
      </trkpt>
      <trkpt lat="49.097119" lon="1.4894">
        <ele>18.2</ele>
      </trkpt>
      <trkpt lat="49.09713" lon="1.48938">
        <ele>18.3</ele>
      </trkpt>
      <trkpt lat="49.09713" lon="1.48936">
        <ele>18.3</ele>
      </trkpt>
      <trkpt lat="49.097119" lon="1.48934">
        <ele>18.2</ele>
      </trkpt>
      <trkpt lat="49.097119" lon="1.48933">
        <ele>18.2</ele>
      </trkpt>
      <trkpt lat="49.097119" lon="1.48931">
        <ele>18.2</ele>
      </trkpt>
      <trkpt lat="49.097119" lon="1.48929">
        <ele>18.3</ele>
      </trkpt>
      <trkpt lat="49.09711" lon="1.48926">
        <ele>18.2</ele>
      </trkpt>
      <trkpt lat="49.0971" lon="1.489239">
        <ele>18.1</ele>
      </trkpt>
      <trkpt lat="49.09709" lon="1.48922">
        <ele>18.0</ele>
      </trkpt>
      <trkpt lat="49.09709" lon="1.48921">
        <ele>18.0</ele>
      </trkpt>
      <trkpt lat="49.09708" lon="1.4892">
        <ele>18.0</ele>
      </trkpt>
      <trkpt lat="49.09707" lon="1.48918">
        <ele>17.9</ele>
      </trkpt>
      <trkpt lat="49.09706" lon="1.48917">
        <ele>17.8</ele>
      </trkpt>
      <trkpt lat="49.09705" lon="1.48916">
        <ele>17.7</ele>
      </trkpt>
      <trkpt lat="49.09704" lon="1.48915">
        <ele>17.6</ele>
      </trkpt>
      <trkpt lat="49.097029" lon="1.48914">
        <ele>17.5</ele>
      </trkpt>
      <trkpt lat="49.09702" lon="1.48913">
        <ele>17.4</ele>
      </trkpt>
      <trkpt lat="49.09701" lon="1.48913">
        <ele>17.4</ele>
      </trkpt>
      <trkpt lat="49.09699" lon="1.48912">
        <ele>17.2</ele>
      </trkpt>
      <trkpt lat="49.09698" lon="1.48912">
        <ele>17.1</ele>
      </trkpt>
      <trkpt lat="49.09697" lon="1.48912">
        <ele>17.0</ele>
      </trkpt>
      <trkpt lat="49.09696" lon="1.48912">
        <ele>17.0</ele>
      </trkpt>
      <trkpt lat="49.096939" lon="1.48912">
        <ele>16.8</ele>
      </trkpt>
      <trkpt lat="49.09693" lon="1.48912">
        <ele>16.7</ele>
      </trkpt>
      <trkpt lat="49.09692" lon="1.48912">
        <ele>16.7</ele>
      </trkpt>
      <trkpt lat="49.09691" lon="1.48913">
        <ele>16.6</ele>
      </trkpt>
      <trkpt lat="49.0969" lon="1.48914">
        <ele>16.6</ele>
      </trkpt>
      <trkpt lat="49.09688" lon="1.48914">
        <ele>16.4</ele>
      </trkpt>
      <trkpt lat="49.09687" lon="1.48915">
        <ele>16.4</ele>
      </trkpt>
      <trkpt lat="49.09686" lon="1.48916">
        <ele>16.4</ele>
      </trkpt>
      <trkpt lat="49.09685" lon="1.48918">
        <ele>16.3</ele>
      </trkpt>
      <trkpt lat="49.09668" lon="1.48909">
        <ele>14.8</ele>
      </trkpt>
      <trkpt lat="49.09636" lon="1.4886">
        <ele>12.6</ele>
      </trkpt>
      <trkpt lat="49.09603" lon="1.4881">
        <ele>10.3</ele>
      </trkpt>
      <trkpt lat="49.09592" lon="1.48795">
        <ele>10.1</ele>
      </trkpt>
      <trkpt lat="49.09578" lon="1.48773">
        <ele>10.2</ele>
      </trkpt>
      <trkpt lat="49.09559" lon="1.48745">
        <ele>11.2</ele>
      </trkpt>
      <trkpt lat="49.09542" lon="1.48721">
        <ele>12.5</ele>
      </trkpt>
      <trkpt lat="49.09518" lon="1.48686">
        <ele>14.9</ele>
      </trkpt>
      <trkpt lat="49.09504" lon="1.48666">
        <ele>16.7</ele>
      </trkpt>
      <trkpt lat="49.09491" lon="1.48647">
        <ele>17.9</ele>
      </trkpt>
      <trkpt lat="49.09483" lon="1.48635">
        <ele>18.5</ele>
      </trkpt>
      <trkpt lat="49.09478" lon="1.48627">
        <ele>19.0</ele>
      </trkpt>
      <trkpt lat="49.09478" lon="1.48627">
        <ele>19.0</ele>
      </trkpt>
      <trkpt lat="49.09507" lon="1.48586">
        <ele>19.6</ele>
      </trkpt>
      <trkpt lat="49.09516" lon="1.485749">
        <ele>19.4</ele>
      </trkpt>
      <trkpt lat="49.09527" lon="1.48565">
        <ele>19.0</ele>
      </trkpt>
      <trkpt lat="49.09539" lon="1.48555">
        <ele>18.4</ele>
      </trkpt>
      <trkpt lat="49.09539" lon="1.48556">
        <ele>18.4</ele>
      </trkpt>
      <trkpt lat="49.09539" lon="1.48557">
        <ele>18.4</ele>
      </trkpt>
      <trkpt lat="49.09539" lon="1.485579">
        <ele>18.5</ele>
      </trkpt>
      <trkpt lat="49.0954" lon="1.48559">
        <ele>18.4</ele>
      </trkpt>
      <trkpt lat="49.0954" lon="1.4856">
        <ele>18.4</ele>
      </trkpt>
      <trkpt lat="49.0954" lon="1.48561">
        <ele>18.4</ele>
      </trkpt>
      <trkpt lat="49.09541" lon="1.48561">
        <ele>18.4</ele>
      </trkpt>
      <trkpt lat="49.09541" lon="1.48562">
        <ele>18.4</ele>
      </trkpt>
      <trkpt lat="49.09542" lon="1.48563">
        <ele>18.4</ele>
      </trkpt>
      <trkpt lat="49.09542" lon="1.48564">
        <ele>18.4</ele>
      </trkpt>
      <trkpt lat="49.09543" lon="1.48564">
        <ele>18.3</ele>
      </trkpt>
      <trkpt lat="49.09544" lon="1.48565">
        <ele>18.3</ele>
      </trkpt>
      <trkpt lat="49.09545" lon="1.48566">
        <ele>18.3</ele>
      </trkpt>
      <trkpt lat="49.09546" lon="1.48566">
        <ele>18.2</ele>
      </trkpt>
      <trkpt lat="49.09547" lon="1.48566">
        <ele>18.2</ele>
      </trkpt>
      <trkpt lat="49.09548" lon="1.48567">
        <ele>18.2</ele>
      </trkpt>
      <trkpt lat="49.09548" lon="1.48566">
        <ele>18.2</ele>
      </trkpt>
      <trkpt lat="49.09549" lon="1.48566">
        <ele>18.1</ele>
      </trkpt>
      <trkpt lat="49.0955" lon="1.48566">
        <ele>18.1</ele>
      </trkpt>
      <trkpt lat="49.09551" lon="1.48566">
        <ele>18.0</ele>
      </trkpt>
      <trkpt lat="49.09552" lon="1.48565">
        <ele>18.0</ele>
      </trkpt>
      <trkpt lat="49.095529" lon="1.48565">
        <ele>18.0</ele>
      </trkpt>
      <trkpt lat="49.095529" lon="1.48564">
        <ele>17.9</ele>
      </trkpt>
      <trkpt lat="49.09554" lon="1.48563">
        <ele>17.9</ele>
      </trkpt>
      <trkpt lat="49.09555" lon="1.48562">
        <ele>17.9</ele>
      </trkpt>
      <trkpt lat="49.09555" lon="1.48561">
        <ele>17.8</ele>
      </trkpt>
      <trkpt lat="49.09556" lon="1.4856">
        <ele>17.8</ele>
      </trkpt>
      <trkpt lat="49.09556" lon="1.48559">
        <ele>17.8</ele>
      </trkpt>
      <trkpt lat="49.09556" lon="1.485579">
        <ele>17.8</ele>
      </trkpt>
      <trkpt lat="49.09557" lon="1.48557">
        <ele>17.7</ele>
      </trkpt>
      <trkpt lat="49.09557" lon="1.48556">
        <ele>17.7</ele>
      </trkpt>
      <trkpt lat="49.09557" lon="1.48555">
        <ele>17.7</ele>
      </trkpt>
      <trkpt lat="49.09557" lon="1.48554">
        <ele>17.7</ele>
      </trkpt>
      <trkpt lat="49.09557" lon="1.48553">
        <ele>17.7</ele>
      </trkpt>
      <trkpt lat="49.09557" lon="1.48552">
        <ele>17.7</ele>
      </trkpt>
      <trkpt lat="49.09557" lon="1.48551">
        <ele>17.7</ele>
      </trkpt>
      <trkpt lat="49.09557" lon="1.4855">
        <ele>17.7</ele>
      </trkpt>
      <trkpt lat="49.09557" lon="1.48549">
        <ele>17.7</ele>
      </trkpt>
      <trkpt lat="49.09557" lon="1.48548">
        <ele>17.7</ele>
      </trkpt>
      <trkpt lat="49.09557" lon="1.48547">
        <ele>17.6</ele>
      </trkpt>
      <trkpt lat="49.09561" lon="1.48539">
        <ele>17.4</ele>
      </trkpt>
      <trkpt lat="49.09564" lon="1.48532">
        <ele>17.2</ele>
      </trkpt>
      <trkpt lat="49.09567" lon="1.48527">
        <ele>17.0</ele>
      </trkpt>
      <trkpt lat="49.095709" lon="1.48516">
        <ele>16.8</ele>
      </trkpt>
      <trkpt lat="49.095709" lon="1.48516">
        <ele>16.8</ele>
      </trkpt>
      <trkpt lat="49.09576" lon="1.484969">
        <ele>16.4</ele>
      </trkpt>
      <trkpt lat="49.09579" lon="1.48484">
        <ele>16.6</ele>
      </trkpt>
      <trkpt lat="49.09581" lon="1.48476">
        <ele>16.7</ele>
      </trkpt>
      <trkpt lat="49.09583" lon="1.48462">
        <ele>16.9</ele>
      </trkpt>
      <trkpt lat="49.09587" lon="1.48442">
        <ele>17.1</ele>
      </trkpt>
      <trkpt lat="49.0959" lon="1.4842">
        <ele>17.3</ele>
      </trkpt>
      <trkpt lat="49.09592" lon="1.48408">
        <ele>17.2</ele>
      </trkpt>
      <trkpt lat="49.09591" lon="1.48396">
        <ele>17.3</ele>
      </trkpt>
      <trkpt lat="49.09595" lon="1.483749">
        <ele>16.9</ele>
      </trkpt>
      <trkpt lat="49.09598" lon="1.48351">
        <ele>16.6</ele>
      </trkpt>
      <trkpt lat="49.09601" lon="1.4833">
        <ele>16.3</ele>
      </trkpt>
      <trkpt lat="49.09605" lon="1.48313">
        <ele>15.9</ele>
      </trkpt>
      <trkpt lat="49.09606" lon="1.48304">
        <ele>15.8</ele>
      </trkpt>
      <trkpt lat="49.09608" lon="1.48294">
        <ele>15.6</ele>
      </trkpt>
      <trkpt lat="49.0961" lon="1.48287">
        <ele>15.4</ele>
      </trkpt>
      <trkpt lat="49.09612" lon="1.48277">
        <ele>15.2</ele>
      </trkpt>
      <trkpt lat="49.09617" lon="1.48257">
        <ele>14.8</ele>
      </trkpt>
      <trkpt lat="49.09619" lon="1.48245">
        <ele>14.8</ele>
      </trkpt>
      <trkpt lat="49.09622" lon="1.48235">
        <ele>15.0</ele>
      </trkpt>
      <trkpt lat="49.09626" lon="1.48222">
        <ele>15.3</ele>
      </trkpt>
      <trkpt lat="49.09631" lon="1.48211">
        <ele>15.5</ele>
      </trkpt>
      <trkpt lat="49.0964" lon="1.481849">
        <ele>16.5</ele>
      </trkpt>
      <trkpt lat="49.096559" lon="1.48145">
        <ele>17.5</ele>
      </trkpt>
      <trkpt lat="49.09675" lon="1.480969">
        <ele>17.3</ele>
      </trkpt>
      <trkpt lat="49.097" lon="1.48034">
        <ele>16.5</ele>
      </trkpt>
      <trkpt lat="49.09723" lon="1.47978">
        <ele>16.5</ele>
      </trkpt>
      <trkpt lat="49.09745" lon="1.47922">
        <ele>17.1</ele>
      </trkpt>
      <trkpt lat="49.09764" lon="1.478699">
        <ele>16.8</ele>
      </trkpt>
      <trkpt lat="49.09782" lon="1.47823">
        <ele>16.9</ele>
      </trkpt>
      <trkpt lat="49.098149" lon="1.47745">
        <ele>16.6</ele>
      </trkpt>
      <trkpt lat="49.09829" lon="1.47707">
        <ele>17.6</ele>
      </trkpt>
      <trkpt lat="49.09838" lon="1.47685">
        <ele>18.2</ele>
      </trkpt>
      <trkpt lat="49.09842" lon="1.47674">
        <ele>18.5</ele>
      </trkpt>
      <trkpt lat="49.09851" lon="1.4765">
        <ele>19.0</ele>
      </trkpt>
      <trkpt lat="49.09882" lon="1.47568">
        <ele>19.8</ele>
      </trkpt>
      <trkpt lat="49.09889" lon="1.47561">
        <ele>19.6</ele>
      </trkpt>
      <trkpt lat="49.0993" lon="1.47456">
        <ele>18.2</ele>
      </trkpt>
      <trkpt lat="49.09937" lon="1.47437">
        <ele>18.1</ele>
      </trkpt>
      <trkpt lat="49.09946" lon="1.47415">
        <ele>17.7</ele>
      </trkpt>
      <trkpt lat="49.09948" lon="1.4741">
        <ele>17.9</ele>
      </trkpt>
      <trkpt lat="49.09979" lon="1.47328">
        <ele>20.3</ele>
      </trkpt>
      <trkpt lat="49.09981" lon="1.473139">
        <ele>20.5</ele>
      </trkpt>
      <trkpt lat="49.1001" lon="1.4724">
        <ele>21.0</ele>
      </trkpt>
      <trkpt lat="49.10039" lon="1.47163">
        <ele>20.5</ele>
      </trkpt>
      <trkpt lat="49.10051" lon="1.47134">
        <ele>20.2</ele>
      </trkpt>
      <trkpt lat="49.10066" lon="1.47097">
        <ele>20.0</ele>
      </trkpt>
      <trkpt lat="49.10125" lon="1.46947">
        <ele>18.2</ele>
      </trkpt>
      <trkpt lat="49.10166" lon="1.468429">
        <ele>17.0</ele>
      </trkpt>
      <trkpt lat="49.10188" lon="1.46787">
        <ele>17.3</ele>
      </trkpt>
      <trkpt lat="49.10202" lon="1.46752">
        <ele>17.8</ele>
      </trkpt>
      <trkpt lat="49.10223" lon="1.46696">
        <ele>18.8</ele>
      </trkpt>
      <trkpt lat="49.10235" lon="1.46663">
        <ele>19.0</ele>
      </trkpt>
      <trkpt lat="49.10252" lon="1.46622">
        <ele>18.4</ele>
      </trkpt>
      <trkpt lat="49.10268" lon="1.46578">
        <ele>18.1</ele>
      </trkpt>
      <trkpt lat="49.10281" lon="1.46544">
        <ele>18.5</ele>
      </trkpt>
      <trkpt lat="49.10304" lon="1.46486">
        <ele>19.2</ele>
      </trkpt>
      <trkpt lat="49.10343" lon="1.46389">
        <ele>20.0</ele>
      </trkpt>
      <trkpt lat="49.10366" lon="1.46328">
        <ele>20.2</ele>
      </trkpt>
      <trkpt lat="49.10368" lon="1.46323">
        <ele>20.2</ele>
      </trkpt>
      <trkpt lat="49.10386" lon="1.46278">
        <ele>19.7</ele>
      </trkpt>
      <trkpt lat="49.10389" lon="1.46274">
        <ele>19.7</ele>
      </trkpt>
      <trkpt lat="49.10392" lon="1.46271">
        <ele>19.6</ele>
      </trkpt>
      <trkpt lat="49.10396" lon="1.46261">
        <ele>19.5</ele>
      </trkpt>
      <trkpt lat="49.10403" lon="1.46244">
        <ele>19.3</ele>
      </trkpt>
      <trkpt lat="49.1041" lon="1.46227">
        <ele>18.9</ele>
      </trkpt>
      <trkpt lat="49.104259" lon="1.46186">
        <ele>18.0</ele>
      </trkpt>
      <trkpt lat="49.10433" lon="1.4617">
        <ele>17.6</ele>
      </trkpt>
      <trkpt lat="49.10441" lon="1.46152">
        <ele>17.4</ele>
      </trkpt>
      <trkpt lat="49.10449" lon="1.461379">
        <ele>17.2</ele>
      </trkpt>
      <trkpt lat="49.10452" lon="1.4613">
        <ele>17.2</ele>
      </trkpt>
      <trkpt lat="49.10455" lon="1.46123">
        <ele>17.1</ele>
      </trkpt>
      <trkpt lat="49.1046" lon="1.46113">
        <ele>17.0</ele>
      </trkpt>
      <trkpt lat="49.10465" lon="1.461039">
        <ele>16.8</ele>
      </trkpt>
      <trkpt lat="49.10468" lon="1.46097">
        <ele>16.8</ele>
      </trkpt>
      <trkpt lat="49.10471" lon="1.46091">
        <ele>16.7</ele>
      </trkpt>
      <trkpt lat="49.10473" lon="1.460869">
        <ele>16.6</ele>
      </trkpt>
      <trkpt lat="49.10475" lon="1.46082">
        <ele>16.6</ele>
      </trkpt>
      <trkpt lat="49.10479" lon="1.46074">
        <ele>16.5</ele>
      </trkpt>
      <trkpt lat="49.104819" lon="1.46063">
        <ele>16.4</ele>
      </trkpt>
      <trkpt lat="49.10486" lon="1.46051">
        <ele>16.3</ele>
      </trkpt>
      <trkpt lat="49.1049" lon="1.46039">
        <ele>16.2</ele>
      </trkpt>
      <trkpt lat="49.10492" lon="1.46029">
        <ele>16.2</ele>
      </trkpt>
      <trkpt lat="49.10494" lon="1.46022">
        <ele>16.1</ele>
      </trkpt>
      <trkpt lat="49.10496" lon="1.46015">
        <ele>16.1</ele>
      </trkpt>
      <trkpt lat="49.10497" lon="1.46007">
        <ele>16.1</ele>
      </trkpt>
      <trkpt lat="49.10498" lon="1.46001">
        <ele>16.0</ele>
      </trkpt>
      <trkpt lat="49.104999" lon="1.45991">
        <ele>16.2</ele>
      </trkpt>
      <trkpt lat="49.10501" lon="1.45977">
        <ele>16.6</ele>
      </trkpt>
      <trkpt lat="49.10503" lon="1.45962">
        <ele>16.9</ele>
      </trkpt>
      <trkpt lat="49.10503" lon="1.45951">
        <ele>17.2</ele>
      </trkpt>
      <trkpt lat="49.10505" lon="1.45929">
        <ele>17.7</ele>
      </trkpt>
      <trkpt lat="49.10507" lon="1.45909">
        <ele>18.1</ele>
      </trkpt>
      <trkpt lat="49.1051" lon="1.4589">
        <ele>18.4</ele>
      </trkpt>
      <trkpt lat="49.10511" lon="1.45883">
        <ele>18.5</ele>
      </trkpt>
      <trkpt lat="49.10513" lon="1.45874">
        <ele>18.6</ele>
      </trkpt>
      <trkpt lat="49.10517" lon="1.45856">
        <ele>18.8</ele>
      </trkpt>
      <trkpt lat="49.10518" lon="1.45853">
        <ele>18.8</ele>
      </trkpt>
      <trkpt lat="49.10519" lon="1.45851">
        <ele>18.8</ele>
      </trkpt>
      <trkpt lat="49.10522" lon="1.45844">
        <ele>18.8</ele>
      </trkpt>
      <trkpt lat="49.10527" lon="1.45829">
        <ele>18.7</ele>
      </trkpt>
      <trkpt lat="49.10528" lon="1.45827">
        <ele>18.7</ele>
      </trkpt>
      <trkpt lat="49.10534" lon="1.458159">
        <ele>18.4</ele>
      </trkpt>
      <trkpt lat="49.105379" lon="1.45809">
        <ele>18.3</ele>
      </trkpt>
      <trkpt lat="49.10541" lon="1.45804">
        <ele>18.2</ele>
      </trkpt>
      <trkpt lat="49.10544" lon="1.457989">
        <ele>18.1</ele>
      </trkpt>
      <trkpt lat="49.10549" lon="1.45792">
        <ele>18.0</ele>
      </trkpt>
      <trkpt lat="49.10552" lon="1.45788">
        <ele>18.0</ele>
      </trkpt>
      <trkpt lat="49.105559" lon="1.45783">
        <ele>17.9</ele>
      </trkpt>
      <trkpt lat="49.10565" lon="1.45773">
        <ele>17.8</ele>
      </trkpt>
      <trkpt lat="49.10571" lon="1.45767">
        <ele>17.8</ele>
      </trkpt>
      <trkpt lat="49.10578" lon="1.45759">
        <ele>17.9</ele>
      </trkpt>
      <trkpt lat="49.10599" lon="1.45737">
        <ele>18.7</ele>
      </trkpt>
      <trkpt lat="49.10605" lon="1.45731">
        <ele>19.0</ele>
      </trkpt>
      <trkpt lat="49.10629" lon="1.457039">
        <ele>19.8</ele>
      </trkpt>
      <trkpt lat="49.10638" lon="1.45698">
        <ele>19.9</ele>
      </trkpt>
      <trkpt lat="49.106499" lon="1.45686">
        <ele>20.0</ele>
      </trkpt>
      <trkpt lat="49.10672" lon="1.45663">
        <ele>19.9</ele>
      </trkpt>
      <trkpt lat="49.10684" lon="1.45649">
        <ele>19.8</ele>
      </trkpt>
      <trkpt lat="49.10706" lon="1.45625">
        <ele>19.3</ele>
      </trkpt>
      <trkpt lat="49.10713" lon="1.45618">
        <ele>19.1</ele>
      </trkpt>
      <trkpt lat="49.10742" lon="1.45586">
        <ele>18.3</ele>
      </trkpt>
      <trkpt lat="49.10776" lon="1.45547">
        <ele>18.5</ele>
      </trkpt>
      <trkpt lat="49.10796" lon="1.45525">
        <ele>18.5</ele>
      </trkpt>
      <trkpt lat="49.10818" lon="1.45502">
        <ele>18.2</ele>
      </trkpt>
      <trkpt lat="49.10834" lon="1.45484">
        <ele>18.2</ele>
      </trkpt>
      <trkpt lat="49.10851" lon="1.45466">
        <ele>18.2</ele>
      </trkpt>
      <trkpt lat="49.10872" lon="1.454429">
        <ele>18.2</ele>
      </trkpt>
      <trkpt lat="49.1088" lon="1.45434">
        <ele>18.2</ele>
      </trkpt>
      <trkpt lat="49.10904" lon="1.45407">
        <ele>18.2</ele>
      </trkpt>
      <trkpt lat="49.10931" lon="1.45379">
        <ele>18.4</ele>
      </trkpt>
      <trkpt lat="49.10936" lon="1.4537">
        <ele>18.4</ele>
      </trkpt>
      <trkpt lat="49.10955" lon="1.45348">
        <ele>18.4</ele>
      </trkpt>
      <trkpt lat="49.11005" lon="1.452939">
        <ele>18.0</ele>
      </trkpt>
      <trkpt lat="49.11119" lon="1.45169">
        <ele>18.3</ele>
      </trkpt>
      <trkpt lat="49.111669" lon="1.45114">
        <ele>19.4</ele>
      </trkpt>
      <trkpt lat="49.11196" lon="1.45079">
        <ele>18.6</ele>
      </trkpt>
      <trkpt lat="49.11221" lon="1.45048">
        <ele>17.9</ele>
      </trkpt>
      <trkpt lat="49.11235" lon="1.45041">
        <ele>17.7</ele>
      </trkpt>
      <trkpt lat="49.11236" lon="1.45041">
        <ele>17.7</ele>
      </trkpt>
      <trkpt lat="49.11237" lon="1.45041">
        <ele>17.6</ele>
      </trkpt>
      <trkpt lat="49.11238" lon="1.45041">
        <ele>17.6</ele>
      </trkpt>
      <trkpt lat="49.11239" lon="1.45041">
        <ele>17.6</ele>
      </trkpt>
      <trkpt lat="49.1124" lon="1.45041">
        <ele>17.6</ele>
      </trkpt>
      <trkpt lat="49.112409" lon="1.45041">
        <ele>17.6</ele>
      </trkpt>
      <trkpt lat="49.11242" lon="1.4504">
        <ele>17.6</ele>
      </trkpt>
      <trkpt lat="49.11243" lon="1.4504">
        <ele>17.6</ele>
      </trkpt>
      <trkpt lat="49.11244" lon="1.45039">
        <ele>17.5</ele>
      </trkpt>
      <trkpt lat="49.11245" lon="1.45039">
        <ele>17.5</ele>
      </trkpt>
      <trkpt lat="49.11245" lon="1.45038">
        <ele>17.5</ele>
      </trkpt>
      <trkpt lat="49.11246" lon="1.45038">
        <ele>17.5</ele>
      </trkpt>
      <trkpt lat="49.11246" lon="1.45037">
        <ele>17.5</ele>
      </trkpt>
      <trkpt lat="49.11247" lon="1.45036">
        <ele>17.5</ele>
      </trkpt>
      <trkpt lat="49.11248" lon="1.45035">
        <ele>17.4</ele>
      </trkpt>
      <trkpt lat="49.11248" lon="1.45034">
        <ele>17.4</ele>
      </trkpt>
      <trkpt lat="49.11248" lon="1.450329">
        <ele>17.4</ele>
      </trkpt>
      <trkpt lat="49.11249" lon="1.450329">
        <ele>17.4</ele>
      </trkpt>
      <trkpt lat="49.11249" lon="1.45032">
        <ele>17.4</ele>
      </trkpt>
      <trkpt lat="49.11249" lon="1.45031">
        <ele>17.4</ele>
      </trkpt>
      <trkpt lat="49.1125" lon="1.4503">
        <ele>17.4</ele>
      </trkpt>
      <trkpt lat="49.1125" lon="1.45029">
        <ele>17.3</ele>
      </trkpt>
      <trkpt lat="49.1125" lon="1.45028">
        <ele>17.3</ele>
      </trkpt>
      <trkpt lat="49.1125" lon="1.45027">
        <ele>17.3</ele>
      </trkpt>
      <trkpt lat="49.1125" lon="1.45026">
        <ele>17.3</ele>
      </trkpt>
      <trkpt lat="49.11251" lon="1.45025">
        <ele>17.3</ele>
      </trkpt>
      <trkpt lat="49.11251" lon="1.45024">
        <ele>17.3</ele>
      </trkpt>
      <trkpt lat="49.11251" lon="1.45023">
        <ele>17.3</ele>
      </trkpt>
      <trkpt lat="49.11251" lon="1.45021">
        <ele>17.2</ele>
      </trkpt>
      <trkpt lat="49.11262" lon="1.45002">
        <ele>16.9</ele>
      </trkpt>
      <trkpt lat="49.11262" lon="1.45002">
        <ele>16.9</ele>
      </trkpt>
      <trkpt lat="49.112879" lon="1.44983">
        <ele>16.6</ele>
      </trkpt>
      <trkpt lat="49.11295" lon="1.44975">
        <ele>16.6</ele>
      </trkpt>
      <trkpt lat="49.11331" lon="1.44937">
        <ele>17.5</ele>
      </trkpt>
      <trkpt lat="49.1139" lon="1.44872">
        <ele>16.7</ele>
      </trkpt>
      <trkpt lat="49.11448" lon="1.44807">
        <ele>17.1</ele>
      </trkpt>
      <trkpt lat="49.11546" lon="1.44702">
        <ele>17.2</ele>
      </trkpt>
      <trkpt lat="49.11598" lon="1.44644">
        <ele>15.7</ele>
      </trkpt>
      <trkpt lat="49.11642" lon="1.44596">
        <ele>15.8</ele>
      </trkpt>
      <trkpt lat="49.11752" lon="1.44477">
        <ele>15.3</ele>
      </trkpt>
      <trkpt lat="49.11903" lon="1.44312">
        <ele>16.7</ele>
      </trkpt>
      <trkpt lat="49.11919" lon="1.44298">
        <ele>17.0</ele>
      </trkpt>
      <trkpt lat="49.11927" lon="1.4429">
        <ele>17.0</ele>
      </trkpt>
      <trkpt lat="49.120199" lon="1.441889">
        <ele>18.0</ele>
      </trkpt>
      <trkpt lat="49.12078" lon="1.44127">
        <ele>16.6</ele>
      </trkpt>
      <trkpt lat="49.121" lon="1.44103">
        <ele>16.4</ele>
      </trkpt>
      <trkpt lat="49.12149" lon="1.44048">
        <ele>15.4</ele>
      </trkpt>
      <trkpt lat="49.12196" lon="1.43995">
        <ele>15.1</ele>
      </trkpt>
      <trkpt lat="49.12216" lon="1.4397">
        <ele>15.4</ele>
      </trkpt>
      <trkpt lat="49.12229" lon="1.43955">
        <ele>15.5</ele>
      </trkpt>
      <trkpt lat="49.12382" lon="1.43788">
        <ele>16.2</ele>
      </trkpt>
      <trkpt lat="49.12429" lon="1.43736">
        <ele>16.3</ele>
      </trkpt>
      <trkpt lat="49.12507" lon="1.43648">
        <ele>16.1</ele>
      </trkpt>
      <trkpt lat="49.12559" lon="1.43588">
        <ele>16.0</ele>
      </trkpt>
      <trkpt lat="49.12597" lon="1.43544">
        <ele>16.2</ele>
      </trkpt>
      <trkpt lat="49.12639" lon="1.43494">
        <ele>15.1</ele>
      </trkpt>
      <trkpt lat="49.12673" lon="1.43454">
        <ele>15.1</ele>
      </trkpt>
      <trkpt lat="49.12714" lon="1.434059">
        <ele>16.1</ele>
      </trkpt>
      <trkpt lat="49.12733" lon="1.43384">
        <ele>16.4</ele>
      </trkpt>
      <trkpt lat="49.12771" lon="1.43339">
        <ele>16.9</ele>
      </trkpt>
      <trkpt lat="49.1281" lon="1.43293">
        <ele>16.8</ele>
      </trkpt>
      <trkpt lat="49.12855" lon="1.432399">
        <ele>16.1</ele>
      </trkpt>
      <trkpt lat="49.12862" lon="1.43232">
        <ele>16.1</ele>
      </trkpt>
      <trkpt lat="49.12882" lon="1.43208">
        <ele>15.9</ele>
      </trkpt>
      <trkpt lat="49.12905" lon="1.4318">
        <ele>15.4</ele>
      </trkpt>
      <trkpt lat="49.12919" lon="1.43163">
        <ele>15.1</ele>
      </trkpt>
      <trkpt lat="49.12921" lon="1.4316">
        <ele>15.2</ele>
      </trkpt>
      <trkpt lat="49.12925" lon="1.43156">
        <ele>15.3</ele>
      </trkpt>
      <trkpt lat="49.12946" lon="1.4313">
        <ele>16.1</ele>
      </trkpt>
      <trkpt lat="49.12971" lon="1.431">
        <ele>16.7</ele>
      </trkpt>
      <trkpt lat="49.13005" lon="1.43059">
        <ele>17.4</ele>
      </trkpt>
      <trkpt lat="49.13084" lon="1.42966">
        <ele>16.8</ele>
      </trkpt>
      <trkpt lat="49.13126" lon="1.42916">
        <ele>16.5</ele>
      </trkpt>
      <trkpt lat="49.13139" lon="1.429009">
        <ele>16.4</ele>
      </trkpt>
      <trkpt lat="49.13164" lon="1.42872">
        <ele>16.2</ele>
      </trkpt>
      <trkpt lat="49.13178" lon="1.42856">
        <ele>16.2</ele>
      </trkpt>
      <trkpt lat="49.13188" lon="1.42843">
        <ele>16.3</ele>
      </trkpt>
      <trkpt lat="49.13197" lon="1.42832">
        <ele>16.3</ele>
      </trkpt>
      <trkpt lat="49.13223" lon="1.42802">
        <ele>16.7</ele>
      </trkpt>
      <trkpt lat="49.13264" lon="1.42754">
        <ele>17.5</ele>
      </trkpt>
      <trkpt lat="49.13305" lon="1.42703">
        <ele>16.9</ele>
      </trkpt>
      <trkpt lat="49.13351" lon="1.42645">
        <ele>16.2</ele>
      </trkpt>
      <trkpt lat="49.13411" lon="1.425689">
        <ele>14.9</ele>
      </trkpt>
      <trkpt lat="49.13467" lon="1.42498">
        <ele>15.3</ele>
      </trkpt>
      <trkpt lat="49.13539" lon="1.42406">
        <ele>16.1</ele>
      </trkpt>
      <trkpt lat="49.13596" lon="1.42333">
        <ele>15.7</ele>
      </trkpt>
      <trkpt lat="49.13653" lon="1.4226">
        <ele>18.4</ele>
      </trkpt>
      <trkpt lat="49.13684" lon="1.42222">
        <ele>19.4</ele>
      </trkpt>
      <trkpt lat="49.13735" lon="1.42164">
        <ele>19.6</ele>
      </trkpt>
      <trkpt lat="49.13753" lon="1.42145">
        <ele>20.0</ele>
      </trkpt>
      <trkpt lat="49.13785" lon="1.4211">
        <ele>20.6</ele>
      </trkpt>
      <trkpt lat="49.138" lon="1.42095">
        <ele>20.9</ele>
      </trkpt>
      <trkpt lat="49.13807" lon="1.42088">
        <ele>21.0</ele>
      </trkpt>
      <trkpt lat="49.1384" lon="1.42054">
        <ele>21.8</ele>
      </trkpt>
      <trkpt lat="49.13865" lon="1.42031">
        <ele>22.6</ele>
      </trkpt>
      <trkpt lat="49.13872" lon="1.42023">
        <ele>22.8</ele>
      </trkpt>
      <trkpt lat="49.1388" lon="1.42016">
        <ele>22.8</ele>
      </trkpt>
      <trkpt lat="49.13922" lon="1.41976">
        <ele>23.7</ele>
      </trkpt>
      <trkpt lat="49.13973" lon="1.41927">
        <ele>23.1</ele>
      </trkpt>
      <trkpt lat="49.13978" lon="1.41923">
        <ele>22.7</ele>
      </trkpt>
      <trkpt lat="49.13982" lon="1.41919">
        <ele>22.4</ele>
      </trkpt>
      <trkpt lat="49.13986" lon="1.41915">
        <ele>22.4</ele>
      </trkpt>
      <trkpt lat="49.13994" lon="1.41907">
        <ele>22.8</ele>
      </trkpt>
      <trkpt lat="49.140009" lon="1.419">
        <ele>23.1</ele>
      </trkpt>
      <trkpt lat="49.14016" lon="1.41884">
        <ele>24.3</ele>
      </trkpt>
      <trkpt lat="49.1403" lon="1.41868">
        <ele>24.6</ele>
      </trkpt>
      <trkpt lat="49.14034" lon="1.41863">
        <ele>24.6</ele>
      </trkpt>
      <trkpt lat="49.14037" lon="1.41859">
        <ele>24.5</ele>
      </trkpt>
      <trkpt lat="49.14041" lon="1.41854">
        <ele>24.4</ele>
      </trkpt>
      <trkpt lat="49.14045" lon="1.41848">
        <ele>24.3</ele>
      </trkpt>
      <trkpt lat="49.14047" lon="1.41844">
        <ele>24.2</ele>
      </trkpt>
      <trkpt lat="49.1405" lon="1.4184">
        <ele>24.0</ele>
      </trkpt>
      <trkpt lat="49.14053" lon="1.41836">
        <ele>23.7</ele>
      </trkpt>
      <trkpt lat="49.14056" lon="1.41831">
        <ele>23.7</ele>
      </trkpt>
      <trkpt lat="49.14058" lon="1.41827">
        <ele>23.9</ele>
      </trkpt>
      <trkpt lat="49.14059" lon="1.41825">
        <ele>24.0</ele>
      </trkpt>
      <trkpt lat="49.14064" lon="1.41819">
        <ele>23.8</ele>
      </trkpt>
      <trkpt lat="49.14067" lon="1.418129">
        <ele>24.0</ele>
      </trkpt>
      <trkpt lat="49.14069" lon="1.41808">
        <ele>24.3</ele>
      </trkpt>
      <trkpt lat="49.14074" lon="1.41801">
        <ele>24.0</ele>
      </trkpt>
      <trkpt lat="49.14076" lon="1.41797">
        <ele>24.0</ele>
      </trkpt>
      <trkpt lat="49.14078" lon="1.41794">
        <ele>23.8</ele>
      </trkpt>
      <trkpt lat="49.1408" lon="1.4179">
        <ele>23.7</ele>
      </trkpt>
      <trkpt lat="49.14082" lon="1.41785">
        <ele>23.8</ele>
      </trkpt>
      <trkpt lat="49.14084" lon="1.41782">
        <ele>23.7</ele>
      </trkpt>
      <trkpt lat="49.14086" lon="1.41778">
        <ele>24.0</ele>
      </trkpt>
      <trkpt lat="49.14089" lon="1.41772">
        <ele>24.5</ele>
      </trkpt>
      <trkpt lat="49.14092" lon="1.41767">
        <ele>24.7</ele>
      </trkpt>
      <trkpt lat="49.14093" lon="1.41764">
        <ele>25.0</ele>
      </trkpt>
      <trkpt lat="49.14096" lon="1.41758">
        <ele>25.3</ele>
      </trkpt>
      <trkpt lat="49.14098" lon="1.41754">
        <ele>25.5</ele>
      </trkpt>
      <trkpt lat="49.14112" lon="1.41722">
        <ele>25.6</ele>
      </trkpt>
      <trkpt lat="49.14115" lon="1.41714">
        <ele>25.6</ele>
      </trkpt>
      <trkpt lat="49.14133" lon="1.41675">
        <ele>23.8</ele>
      </trkpt>
      <trkpt lat="49.14143" lon="1.41655">
        <ele>21.7</ele>
      </trkpt>
      <trkpt lat="49.141979" lon="1.41541">
        <ele>16.8</ele>
      </trkpt>
      <trkpt lat="49.14202" lon="1.41533">
        <ele>16.7</ele>
      </trkpt>
      <trkpt lat="49.14206" lon="1.415249">
        <ele>16.7</ele>
      </trkpt>
      <trkpt lat="49.142069" lon="1.41523">
        <ele>16.6</ele>
      </trkpt>
      <trkpt lat="49.14227" lon="1.414809">
        <ele>16.7</ele>
      </trkpt>
      <trkpt lat="49.1424" lon="1.41452">
        <ele>17.2</ele>
      </trkpt>
      <trkpt lat="49.14251" lon="1.414299">
        <ele>17.7</ele>
      </trkpt>
      <trkpt lat="49.14258" lon="1.41417">
        <ele>18.0</ele>
      </trkpt>
      <trkpt lat="49.1427" lon="1.41389">
        <ele>18.5</ele>
      </trkpt>
      <trkpt lat="49.14276" lon="1.413759">
        <ele>18.8</ele>
      </trkpt>
      <trkpt lat="49.14279" lon="1.4137">
        <ele>18.9</ele>
      </trkpt>
      <trkpt lat="49.14282" lon="1.41362">
        <ele>19.2</ele>
      </trkpt>
      <trkpt lat="49.14285" lon="1.41356">
        <ele>19.3</ele>
      </trkpt>
      <trkpt lat="49.14288" lon="1.41345">
        <ele>19.6</ele>
      </trkpt>
      <trkpt lat="49.14293" lon="1.41324">
        <ele>20.4</ele>
      </trkpt>
      <trkpt lat="49.14294" lon="1.41322">
        <ele>20.5</ele>
      </trkpt>
      <trkpt lat="49.14295" lon="1.41316">
        <ele>20.8</ele>
      </trkpt>
      <trkpt lat="49.14307" lon="1.41262">
        <ele>23.5</ele>
      </trkpt>
      <trkpt lat="49.14334" lon="1.411419">
        <ele>32.5</ele>
      </trkpt>
      <trkpt lat="49.14347" lon="1.41084">
        <ele>35.6</ele>
      </trkpt>
      <trkpt lat="49.14351" lon="1.41065">
        <ele>36.2</ele>
      </trkpt>
      <trkpt lat="49.14354" lon="1.410469">
        <ele>36.7</ele>
      </trkpt>
      <trkpt lat="49.143569" lon="1.41025">
        <ele>37.3</ele>
      </trkpt>
      <trkpt lat="49.14424" lon="1.40719">
        <ele>45.2</ele>
      </trkpt>
      <trkpt lat="49.14457" lon="1.4057">
        <ele>47.7</ele>
      </trkpt>
      <trkpt lat="49.14473" lon="1.40503">
        <ele>47.3</ele>
      </trkpt>
      <trkpt lat="49.14587" lon="1.39983">
        <ele>52.5</ele>
      </trkpt>
      <trkpt lat="49.145919" lon="1.39967">
        <ele>53.0</ele>
      </trkpt>
      <trkpt lat="49.14617" lon="1.39857">
        <ele>54.8</ele>
      </trkpt>
      <trkpt lat="49.1464" lon="1.39754">
        <ele>55.6</ele>
      </trkpt>
      <trkpt lat="49.146569" lon="1.3968">
        <ele>56.0</ele>
      </trkpt>
      <trkpt lat="49.14671" lon="1.39621">
        <ele>55.2</ele>
      </trkpt>
      <trkpt lat="49.147039" lon="1.39466">
        <ele>54.8</ele>
      </trkpt>
      <trkpt lat="49.14713" lon="1.39431">
        <ele>55.1</ele>
      </trkpt>
      <trkpt lat="49.14717" lon="1.394099">
        <ele>55.0</ele>
      </trkpt>
      <trkpt lat="49.14719" lon="1.39394">
        <ele>54.6</ele>
      </trkpt>
      <trkpt lat="49.14828" lon="1.38908">
        <ele>48.5</ele>
      </trkpt>
      <trkpt lat="49.14837" lon="1.38864">
        <ele>49.0</ele>
      </trkpt>
      <trkpt lat="49.14954" lon="1.38346">
        <ele>40.5</ele>
      </trkpt>
      <trkpt lat="49.1499" lon="1.38189">
        <ele>37.3</ele>
      </trkpt>
      <trkpt lat="49.14994" lon="1.38175">
        <ele>37.2</ele>
      </trkpt>
      <trkpt lat="49.15004" lon="1.38137">
        <ele>36.1</ele>
      </trkpt>
      <trkpt lat="49.1503" lon="1.38023">
        <ele>31.6</ele>
      </trkpt>
      <trkpt lat="49.15049" lon="1.379389">
        <ele>29.9</ele>
      </trkpt>
      <trkpt lat="49.150979" lon="1.37718">
        <ele>26.6</ele>
      </trkpt>
      <trkpt lat="49.15108" lon="1.37671">
        <ele>26.5</ele>
      </trkpt>
      <trkpt lat="49.15108" lon="1.37662">
        <ele>26.6</ele>
      </trkpt>
      <trkpt lat="49.15113" lon="1.37644">
        <ele>26.4</ele>
      </trkpt>
      <trkpt lat="49.15116" lon="1.37628">
        <ele>26.4</ele>
      </trkpt>
      <trkpt lat="49.151179" lon="1.37619">
        <ele>26.4</ele>
      </trkpt>
      <trkpt lat="49.15229" lon="1.37124">
        <ele>23.4</ele>
      </trkpt>
      <trkpt lat="49.15323" lon="1.36708">
        <ele>19.9</ele>
      </trkpt>
      <trkpt lat="49.15345" lon="1.3661">
        <ele>20.3</ele>
      </trkpt>
      <trkpt lat="49.15353" lon="1.36583">
        <ele>20.3</ele>
      </trkpt>
      <trkpt lat="49.15387" lon="1.36437">
        <ele>18.7</ele>
      </trkpt>
      <trkpt lat="49.15406" lon="1.36357">
        <ele>19.1</ele>
      </trkpt>
      <trkpt lat="49.15439" lon="1.3621">
        <ele>19.0</ele>
      </trkpt>
      <trkpt lat="49.15454" lon="1.36139">
        <ele>17.8</ele>
      </trkpt>
      <trkpt lat="49.154559" lon="1.36117">
        <ele>17.3</ele>
      </trkpt>
      <trkpt lat="49.15482" lon="1.36003">
        <ele>15.6</ele>
      </trkpt>
      <trkpt lat="49.155119" lon="1.35871">
        <ele>15.1</ele>
      </trkpt>
      <trkpt lat="49.1554" lon="1.35742">
        <ele>16.5</ele>
      </trkpt>
      <trkpt lat="49.15595" lon="1.35499">
        <ele>15.0</ele>
      </trkpt>
      <trkpt lat="49.15657" lon="1.35222">
        <ele>15.7</ele>
      </trkpt>
      <trkpt lat="49.15679" lon="1.35128">
        <ele>14.9</ele>
      </trkpt>
      <trkpt lat="49.15689" lon="1.35101">
        <ele>14.7</ele>
      </trkpt>
      <trkpt lat="49.15703" lon="1.35046">
        <ele>14.5</ele>
      </trkpt>
      <trkpt lat="49.15717" lon="1.34991">
        <ele>14.7</ele>
      </trkpt>
      <trkpt lat="49.15719" lon="1.34982">
        <ele>14.8</ele>
      </trkpt>
      <trkpt lat="49.15723" lon="1.34969">
        <ele>15.0</ele>
      </trkpt>
      <trkpt lat="49.15724" lon="1.34967">
        <ele>15.1</ele>
      </trkpt>
      <trkpt lat="49.15725" lon="1.34964">
        <ele>15.1</ele>
      </trkpt>
      <trkpt lat="49.15734" lon="1.34957">
        <ele>15.3</ele>
      </trkpt>
      <trkpt lat="49.15734" lon="1.34957">
        <ele>15.3</ele>
      </trkpt>
      <trkpt lat="49.15738" lon="1.34956">
        <ele>15.4</ele>
      </trkpt>
      <trkpt lat="49.15742" lon="1.34954">
        <ele>15.5</ele>
      </trkpt>
      <trkpt lat="49.15745" lon="1.34952">
        <ele>15.5</ele>
      </trkpt>
      <trkpt lat="49.15749" lon="1.34948">
        <ele>15.6</ele>
      </trkpt>
      <trkpt lat="49.15752" lon="1.34944">
        <ele>15.7</ele>
      </trkpt>
      <trkpt lat="49.15755" lon="1.3494">
        <ele>15.8</ele>
      </trkpt>
      <trkpt lat="49.15757" lon="1.34935">
        <ele>15.9</ele>
      </trkpt>
      <trkpt lat="49.15759" lon="1.3493">
        <ele>15.9</ele>
      </trkpt>
      <trkpt lat="49.15775" lon="1.34922">
        <ele>16.2</ele>
      </trkpt>
      <trkpt lat="49.15796" lon="1.34911">
        <ele>16.5</ele>
      </trkpt>
      <trkpt lat="49.1581" lon="1.349">
        <ele>16.6</ele>
      </trkpt>
      <trkpt lat="49.1584" lon="1.34897">
        <ele>16.8</ele>
      </trkpt>
      <trkpt lat="49.16249" lon="1.3487">
        <ele>14.6</ele>
      </trkpt>
      <trkpt lat="49.16261" lon="1.34873">
        <ele>14.5</ele>
      </trkpt>
      <trkpt lat="49.16272" lon="1.34873">
        <ele>14.4</ele>
      </trkpt>
      <trkpt lat="49.1629" lon="1.34876">
        <ele>14.3</ele>
      </trkpt>
      <trkpt lat="49.16302" lon="1.34879">
        <ele>14.2</ele>
      </trkpt>
      <trkpt lat="49.16302" lon="1.34879">
        <ele>14.2</ele>
      </trkpt>
      <trkpt lat="49.16303" lon="1.34883">
        <ele>14.1</ele>
      </trkpt>
      <trkpt lat="49.16304" lon="1.34885">
        <ele>14.1</ele>
      </trkpt>
      <trkpt lat="49.16305" lon="1.34887">
        <ele>14.1</ele>
      </trkpt>
      <trkpt lat="49.16306" lon="1.34888">
        <ele>14.1</ele>
      </trkpt>
      <trkpt lat="49.16307" lon="1.3489">
        <ele>14.1</ele>
      </trkpt>
      <trkpt lat="49.16308" lon="1.348919">
        <ele>14.1</ele>
      </trkpt>
      <trkpt lat="49.163089" lon="1.34893">
        <ele>14.1</ele>
      </trkpt>
      <trkpt lat="49.16311" lon="1.34894">
        <ele>14.1</ele>
      </trkpt>
      <trkpt lat="49.16312" lon="1.34896">
        <ele>14.1</ele>
      </trkpt>
      <trkpt lat="49.16316" lon="1.34897">
        <ele>14.0</ele>
      </trkpt>
      <trkpt lat="49.16319" lon="1.34898">
        <ele>14.0</ele>
      </trkpt>
      <trkpt lat="49.1632" lon="1.34898">
        <ele>14.0</ele>
      </trkpt>
      <trkpt lat="49.16321" lon="1.34898">
        <ele>14.0</ele>
      </trkpt>
      <trkpt lat="49.16322" lon="1.34898">
        <ele>14.0</ele>
      </trkpt>
      <trkpt lat="49.16323" lon="1.34897">
        <ele>14.0</ele>
      </trkpt>
      <trkpt lat="49.16324" lon="1.34897">
        <ele>14.0</ele>
      </trkpt>
      <trkpt lat="49.16325" lon="1.34897">
        <ele>14.0</ele>
      </trkpt>
      <trkpt lat="49.16326" lon="1.34896">
        <ele>14.0</ele>
      </trkpt>
      <trkpt lat="49.16328" lon="1.34895">
        <ele>14.0</ele>
      </trkpt>
      <trkpt lat="49.16329" lon="1.34894">
        <ele>14.0</ele>
      </trkpt>
      <trkpt lat="49.1633" lon="1.34893">
        <ele>14.0</ele>
      </trkpt>
      <trkpt lat="49.16331" lon="1.348919">
        <ele>14.0</ele>
      </trkpt>
      <trkpt lat="49.16332" lon="1.3489">
        <ele>14.0</ele>
      </trkpt>
      <trkpt lat="49.16333" lon="1.34889">
        <ele>14.0</ele>
      </trkpt>
      <trkpt lat="49.16334" lon="1.34887">
        <ele>14.0</ele>
      </trkpt>
      <trkpt lat="49.16335" lon="1.34885">
        <ele>14.0</ele>
      </trkpt>
      <trkpt lat="49.16335" lon="1.34883">
        <ele>14.0</ele>
      </trkpt>
      <trkpt lat="49.16336" lon="1.34882">
        <ele>14.0</ele>
      </trkpt>
      <trkpt lat="49.16336" lon="1.3488">
        <ele>14.0</ele>
      </trkpt>
      <trkpt lat="49.16348" lon="1.34871">
        <ele>14.1</ele>
      </trkpt>
      <trkpt lat="49.16351" lon="1.3487">
        <ele>14.1</ele>
      </trkpt>
      <trkpt lat="49.16375" lon="1.348649">
        <ele>14.2</ele>
      </trkpt>
      <trkpt lat="49.163849" lon="1.34862">
        <ele>14.2</ele>
      </trkpt>
      <trkpt lat="49.1667" lon="1.34843">
        <ele>13.2</ele>
      </trkpt>
      <trkpt lat="49.16681" lon="1.34846">
        <ele>13.3</ele>
      </trkpt>
      <trkpt lat="49.16684" lon="1.34847">
        <ele>13.4</ele>
      </trkpt>
      <trkpt lat="49.1674" lon="1.34845">
        <ele>14.0</ele>
      </trkpt>
      <trkpt lat="49.16773" lon="1.34847">
        <ele>14.4</ele>
      </trkpt>
      <trkpt lat="49.167879" lon="1.34851">
        <ele>14.6</ele>
      </trkpt>
      <trkpt lat="49.16807" lon="1.3486">
        <ele>14.8</ele>
      </trkpt>
      <trkpt lat="49.16828" lon="1.34872">
        <ele>15.0</ele>
      </trkpt>
      <trkpt lat="49.16843" lon="1.34882">
        <ele>14.9</ele>
      </trkpt>
      <trkpt lat="49.16887" lon="1.34913">
        <ele>14.4</ele>
      </trkpt>
      <trkpt lat="49.16923" lon="1.3494">
        <ele>13.9</ele>
      </trkpt>
      <trkpt lat="49.16953" lon="1.34958">
        <ele>13.6</ele>
      </trkpt>
      <trkpt lat="49.16962" lon="1.34967">
        <ele>13.5</ele>
      </trkpt>
      <trkpt lat="49.16962" lon="1.34967">
        <ele>13.5</ele>
      </trkpt>
      <trkpt lat="49.16962" lon="1.349699">
        <ele>13.5</ele>
      </trkpt>
      <trkpt lat="49.16962" lon="1.34972">
        <ele>13.5</ele>
      </trkpt>
      <trkpt lat="49.16962" lon="1.34974">
        <ele>13.5</ele>
      </trkpt>
      <trkpt lat="49.16962" lon="1.34976">
        <ele>13.5</ele>
      </trkpt>
      <trkpt lat="49.16963" lon="1.34978">
        <ele>13.4</ele>
      </trkpt>
      <trkpt lat="49.16963" lon="1.3498">
        <ele>13.4</ele>
      </trkpt>
      <trkpt lat="49.16964" lon="1.34982">
        <ele>13.4</ele>
      </trkpt>
      <trkpt lat="49.16964" lon="1.34984">
        <ele>13.4</ele>
      </trkpt>
      <trkpt lat="49.16965" lon="1.34986">
        <ele>13.4</ele>
      </trkpt>
      <trkpt lat="49.16966" lon="1.349869">
        <ele>13.4</ele>
      </trkpt>
      <trkpt lat="49.16967" lon="1.34989">
        <ele>13.4</ele>
      </trkpt>
      <trkpt lat="49.16968" lon="1.3499">
        <ele>13.4</ele>
      </trkpt>
      <trkpt lat="49.16969" lon="1.34992">
        <ele>13.4</ele>
      </trkpt>
      <trkpt lat="49.16971" lon="1.34993">
        <ele>13.3</ele>
      </trkpt>
      <trkpt lat="49.16972" lon="1.34994">
        <ele>13.3</ele>
      </trkpt>
      <trkpt lat="49.16973" lon="1.34995">
        <ele>13.3</ele>
      </trkpt>
      <trkpt lat="49.16975" lon="1.34996">
        <ele>13.3</ele>
      </trkpt>
      <trkpt lat="49.16977" lon="1.34996">
        <ele>13.3</ele>
      </trkpt>
      <trkpt lat="49.16979" lon="1.349969">
        <ele>13.3</ele>
      </trkpt>
      <trkpt lat="49.1698" lon="1.349969">
        <ele>13.2</ele>
      </trkpt>
      <trkpt lat="49.16982" lon="1.34996">
        <ele>13.2</ele>
      </trkpt>
      <trkpt lat="49.16983" lon="1.34996">
        <ele>13.2</ele>
      </trkpt>
      <trkpt lat="49.169849" lon="1.34996">
        <ele>13.2</ele>
      </trkpt>
      <trkpt lat="49.16986" lon="1.34995">
        <ele>13.2</ele>
      </trkpt>
      <trkpt lat="49.16988" lon="1.34994">
        <ele>13.1</ele>
      </trkpt>
      <trkpt lat="49.16989" lon="1.34993">
        <ele>13.1</ele>
      </trkpt>
      <trkpt lat="49.1699" lon="1.34992">
        <ele>13.1</ele>
      </trkpt>
      <trkpt lat="49.16991" lon="1.3499">
        <ele>13.1</ele>
      </trkpt>
      <trkpt lat="49.16992" lon="1.34989">
        <ele>13.1</ele>
      </trkpt>
      <trkpt lat="49.16993" lon="1.34988">
        <ele>13.1</ele>
      </trkpt>
      <trkpt lat="49.169939" lon="1.34986">
        <ele>13.1</ele>
      </trkpt>
      <trkpt lat="49.16995" lon="1.34984">
        <ele>13.1</ele>
      </trkpt>
      <trkpt lat="49.16995" lon="1.34983">
        <ele>13.1</ele>
      </trkpt>
      <trkpt lat="49.16996" lon="1.34981">
        <ele>13.0</ele>
      </trkpt>
      <trkpt lat="49.16996" lon="1.34979">
        <ele>13.0</ele>
      </trkpt>
      <trkpt lat="49.16997" lon="1.34977">
        <ele>13.0</ele>
      </trkpt>
      <trkpt lat="49.16997" lon="1.34975">
        <ele>13.0</ele>
      </trkpt>
      <trkpt lat="49.16997" lon="1.34973">
        <ele>13.0</ele>
      </trkpt>
      <trkpt lat="49.16997" lon="1.34971">
        <ele>13.0</ele>
      </trkpt>
      <trkpt lat="49.16998" lon="1.34969">
        <ele>13.0</ele>
      </trkpt>
      <trkpt lat="49.16998" lon="1.34968">
        <ele>13.0</ele>
      </trkpt>
      <trkpt lat="49.16997" lon="1.34966">
        <ele>13.0</ele>
      </trkpt>
      <trkpt lat="49.16997" lon="1.34964">
        <ele>13.0</ele>
      </trkpt>
      <trkpt lat="49.16997" lon="1.34962">
        <ele>13.0</ele>
      </trkpt>
      <trkpt lat="49.16997" lon="1.34961">
        <ele>13.0</ele>
      </trkpt>
      <trkpt lat="49.16996" lon="1.34959">
        <ele>13.0</ele>
      </trkpt>
      <trkpt lat="49.16996" lon="1.34957">
        <ele>13.0</ele>
      </trkpt>
      <trkpt lat="49.16995" lon="1.34956">
        <ele>13.1</ele>
      </trkpt>
      <trkpt lat="49.16995" lon="1.34954">
        <ele>13.1</ele>
      </trkpt>
      <trkpt lat="49.169939" lon="1.349529">
        <ele>13.1</ele>
      </trkpt>
      <trkpt lat="49.16993" lon="1.34951">
        <ele>13.1</ele>
      </trkpt>
      <trkpt lat="49.16997" lon="1.34933">
        <ele>13.0</ele>
      </trkpt>
      <trkpt lat="49.16999" lon="1.34924">
        <ele>13.0</ele>
      </trkpt>
      <trkpt lat="49.17001" lon="1.34905">
        <ele>13.0</ele>
      </trkpt>
      <trkpt lat="49.17002" lon="1.34883">
        <ele>13.0</ele>
      </trkpt>
      <trkpt lat="49.17002" lon="1.34879">
        <ele>13.0</ele>
      </trkpt>
      <trkpt lat="49.1701" lon="1.34788">
        <ele>13.6</ele>
      </trkpt>
      <trkpt lat="49.17016" lon="1.3472">
        <ele>14.0</ele>
      </trkpt>
      <trkpt lat="49.1703" lon="1.34568">
        <ele>15.0</ele>
      </trkpt>
      <trkpt lat="49.17036" lon="1.34493">
        <ele>14.9</ele>
      </trkpt>
      <trkpt lat="49.17038" lon="1.344819">
        <ele>14.7</ele>
      </trkpt>
      <trkpt lat="49.1704" lon="1.3447">
        <ele>14.5</ele>
      </trkpt>
      <trkpt lat="49.170499" lon="1.3444">
        <ele>14.0</ele>
      </trkpt>
      <trkpt lat="49.17078" lon="1.34361">
        <ele>13.3</ele>
      </trkpt>
      <trkpt lat="49.17093" lon="1.3432">
        <ele>12.6</ele>
      </trkpt>
      <trkpt lat="49.17098" lon="1.343089">
        <ele>12.3</ele>
      </trkpt>
      <trkpt lat="49.17101" lon="1.34304">
        <ele>12.2</ele>
      </trkpt>
      <trkpt lat="49.17105" lon="1.342989">
        <ele>12.2</ele>
      </trkpt>
      <trkpt lat="49.17108" lon="1.34294">
        <ele>12.1</ele>
      </trkpt>
      <trkpt lat="49.171349" lon="1.34256">
        <ele>12.5</ele>
      </trkpt>
      <trkpt lat="49.17169" lon="1.3421">
        <ele>13.5</ele>
      </trkpt>
      <trkpt lat="49.1718" lon="1.34196">
        <ele>13.2</ele>
      </trkpt>
      <trkpt lat="49.17184" lon="1.34192">
        <ele>13.1</ele>
      </trkpt>
      <trkpt lat="49.17194" lon="1.341869">
        <ele>12.8</ele>
      </trkpt>
      <trkpt lat="49.172" lon="1.34183">
        <ele>12.6</ele>
      </trkpt>
      <trkpt lat="49.17257" lon="1.34159">
        <ele>11.1</ele>
      </trkpt>
      <trkpt lat="49.17271" lon="1.34155">
        <ele>11.3</ele>
      </trkpt>
      <trkpt lat="49.17277" lon="1.341529">
        <ele>11.4</ele>
      </trkpt>
      <trkpt lat="49.17295" lon="1.341529">
        <ele>11.7</ele>
      </trkpt>
      <trkpt lat="49.17362" lon="1.34154">
        <ele>12.2</ele>
      </trkpt>
      <trkpt lat="49.174349" lon="1.34155">
        <ele>12.1</ele>
      </trkpt>
      <trkpt lat="49.17438" lon="1.34155">
        <ele>12.1</ele>
      </trkpt>
      <trkpt lat="49.17442" lon="1.34158">
        <ele>12.1</ele>
      </trkpt>
      <trkpt lat="49.17465" lon="1.34158">
        <ele>12.1</ele>
      </trkpt>
      <trkpt lat="49.17508" lon="1.34158">
        <ele>12.2</ele>
      </trkpt>
      <trkpt lat="49.17526" lon="1.34159">
        <ele>12.2</ele>
      </trkpt>
      <trkpt lat="49.175289" lon="1.34156">
        <ele>12.2</ele>
      </trkpt>
      <trkpt lat="49.17544" lon="1.34156">
        <ele>12.2</ele>
      </trkpt>
      <trkpt lat="49.17575" lon="1.34155">
        <ele>12.2</ele>
      </trkpt>
      <trkpt lat="49.1758" lon="1.34155">
        <ele>12.1</ele>
      </trkpt>
      <trkpt lat="49.17589" lon="1.34156">
        <ele>12.1</ele>
      </trkpt>
      <trkpt lat="49.17598" lon="1.34157">
        <ele>12.1</ele>
      </trkpt>
      <trkpt lat="49.17609" lon="1.34159">
        <ele>12.1</ele>
      </trkpt>
      <trkpt lat="49.17624" lon="1.34163">
        <ele>12.0</ele>
      </trkpt>
      <trkpt lat="49.17649" lon="1.34169">
        <ele>12.0</ele>
      </trkpt>
      <trkpt lat="49.17665" lon="1.34174">
        <ele>11.9</ele>
      </trkpt>
      <trkpt lat="49.17676" lon="1.34178">
        <ele>11.7</ele>
      </trkpt>
      <trkpt lat="49.17694" lon="1.34184">
        <ele>11.3</ele>
      </trkpt>
      <trkpt lat="49.177" lon="1.341869">
        <ele>11.2</ele>
      </trkpt>
      <trkpt lat="49.17705" lon="1.34189">
        <ele>11.1</ele>
      </trkpt>
      <trkpt lat="49.17716" lon="1.34192">
        <ele>10.9</ele>
      </trkpt>
      <trkpt lat="49.17734" lon="1.34198">
        <ele>10.6</ele>
      </trkpt>
      <trkpt lat="49.17745" lon="1.342">
        <ele>10.5</ele>
      </trkpt>
      <trkpt lat="49.17754" lon="1.34201">
        <ele>10.5</ele>
      </trkpt>
      <trkpt lat="49.17771" lon="1.342">
        <ele>10.7</ele>
      </trkpt>
      <trkpt lat="49.17794" lon="1.34198">
        <ele>11.0</ele>
      </trkpt>
      <trkpt lat="49.17843" lon="1.34188">
        <ele>11.9</ele>
      </trkpt>
      <trkpt lat="49.179" lon="1.34155">
        <ele>12.8</ele>
      </trkpt>
      <trkpt lat="49.179139" lon="1.34146">
        <ele>13.0</ele>
      </trkpt>
      <trkpt lat="49.17924" lon="1.34138">
        <ele>13.1</ele>
      </trkpt>
      <trkpt lat="49.17936" lon="1.34124">
        <ele>13.2</ele>
      </trkpt>
      <trkpt lat="49.17951" lon="1.34103">
        <ele>13.4</ele>
      </trkpt>
      <trkpt lat="49.17992" lon="1.340379">
        <ele>12.9</ele>
      </trkpt>
      <trkpt lat="49.18006" lon="1.34014">
        <ele>12.4</ele>
      </trkpt>
      <trkpt lat="49.18016" lon="1.339869">
        <ele>11.9</ele>
      </trkpt>
      <trkpt lat="49.18028" lon="1.33957">
        <ele>11.3</ele>
      </trkpt>
      <trkpt lat="49.180549" lon="1.33831">
        <ele>10.0</ele>
      </trkpt>
      <trkpt lat="49.18071" lon="1.337599">
        <ele>11.0</ele>
      </trkpt>
      <trkpt lat="49.18101" lon="1.33607">
        <ele>12.4</ele>
      </trkpt>
      <trkpt lat="49.18107" lon="1.33571">
        <ele>12.7</ele>
      </trkpt>
      <trkpt lat="49.18112" lon="1.33547">
        <ele>13.2</ele>
      </trkpt>
      <trkpt lat="49.18118" lon="1.3354">
        <ele>13.2</ele>
      </trkpt>
      <trkpt lat="49.18131" lon="1.33505">
        <ele>13.7</ele>
      </trkpt>
      <trkpt lat="49.18131" lon="1.33505">
        <ele>13.7</ele>
      </trkpt>
      <trkpt lat="49.18136" lon="1.33502">
        <ele>13.7</ele>
      </trkpt>
      <trkpt lat="49.181399" lon="1.33496">
        <ele>13.7</ele>
      </trkpt>
      <trkpt lat="49.18142" lon="1.33492">
        <ele>13.7</ele>
      </trkpt>
      <trkpt lat="49.18143" lon="1.33489">
        <ele>13.7</ele>
      </trkpt>
      <trkpt lat="49.18144" lon="1.33481">
        <ele>13.7</ele>
      </trkpt>
      <trkpt lat="49.18143" lon="1.33473">
        <ele>13.8</ele>
      </trkpt>
      <trkpt lat="49.18146" lon="1.33462">
        <ele>13.8</ele>
      </trkpt>
      <trkpt lat="49.18148" lon="1.33456">
        <ele>13.9</ele>
      </trkpt>
      <trkpt lat="49.18152" lon="1.3345">
        <ele>13.8</ele>
      </trkpt>
      <trkpt lat="49.18159" lon="1.334379">
        <ele>13.9</ele>
      </trkpt>
      <trkpt lat="49.18163" lon="1.33432">
        <ele>13.9</ele>
      </trkpt>
      <trkpt lat="49.181669" lon="1.33426">
        <ele>13.9</ele>
      </trkpt>
      <trkpt lat="49.18171" lon="1.33419">
        <ele>13.9</ele>
      </trkpt>
      <trkpt lat="49.18176" lon="1.33412">
        <ele>13.8</ele>
      </trkpt>
      <trkpt lat="49.18181" lon="1.33406">
        <ele>13.8</ele>
      </trkpt>
      <trkpt lat="49.18187" lon="1.33399">
        <ele>13.7</ele>
      </trkpt>
      <trkpt lat="49.18192" lon="1.33393">
        <ele>13.7</ele>
      </trkpt>
      <trkpt lat="49.18199" lon="1.333869">
        <ele>13.6</ele>
      </trkpt>
      <trkpt lat="49.182049" lon="1.33381">
        <ele>13.5</ele>
      </trkpt>
      <trkpt lat="49.18212" lon="1.33375">
        <ele>13.4</ele>
      </trkpt>
      <trkpt lat="49.18219" lon="1.33369">
        <ele>13.3</ele>
      </trkpt>
      <trkpt lat="49.18226" lon="1.33364">
        <ele>13.2</ele>
      </trkpt>
      <trkpt lat="49.18295" lon="1.33308">
        <ele>12.9</ele>
      </trkpt>
      <trkpt lat="49.1834" lon="1.33273">
        <ele>13.4</ele>
      </trkpt>
      <trkpt lat="49.18371" lon="1.33247">
        <ele>14.3</ele>
      </trkpt>
      <trkpt lat="49.18374" lon="1.33245">
        <ele>14.5</ele>
      </trkpt>
      <trkpt lat="49.1838" lon="1.33242">
        <ele>14.7</ele>
      </trkpt>
      <trkpt lat="49.18398" lon="1.33231">
        <ele>15.6</ele>
      </trkpt>
      <trkpt lat="49.18423" lon="1.33217">
        <ele>17.1</ele>
      </trkpt>
      <trkpt lat="49.18477" lon="1.33198">
        <ele>21.4</ele>
      </trkpt>
      <trkpt lat="49.18488" lon="1.33195">
        <ele>22.3</ele>
      </trkpt>
      <trkpt lat="49.18491" lon="1.33189">
        <ele>23.1</ele>
      </trkpt>
      <trkpt lat="49.18519" lon="1.33181">
        <ele>26.2</ele>
      </trkpt>
      <trkpt lat="49.18545" lon="1.33176">
        <ele>29.4</ele>
      </trkpt>
      <trkpt lat="49.18562" lon="1.3318">
        <ele>30.3</ele>
      </trkpt>
      <trkpt lat="49.18595" lon="1.33191">
        <ele>31.3</ele>
      </trkpt>
      <trkpt lat="49.18619" lon="1.33192">
        <ele>33.6</ele>
      </trkpt>
      <trkpt lat="49.18649" lon="1.33185">
        <ele>38.4</ele>
      </trkpt>
      <trkpt lat="49.18662" lon="1.33184">
        <ele>40.1</ele>
      </trkpt>
      <trkpt lat="49.18688" lon="1.33188">
        <ele>42.2</ele>
      </trkpt>
      <trkpt lat="49.18717" lon="1.33197">
        <ele>42.8</ele>
      </trkpt>
      <trkpt lat="49.1875" lon="1.33197">
        <ele>46.4</ele>
      </trkpt>
      <trkpt lat="49.18782" lon="1.33199">
        <ele>49.4</ele>
      </trkpt>
      <trkpt lat="49.18813" lon="1.33203">
        <ele>51.4</ele>
      </trkpt>
      <trkpt lat="49.188339" lon="1.33203">
        <ele>53.7</ele>
      </trkpt>
      <trkpt lat="49.1887" lon="1.33197">
        <ele>56.3</ele>
      </trkpt>
      <trkpt lat="49.18912" lon="1.33183">
        <ele>61.7</ele>
      </trkpt>
      <trkpt lat="49.18938" lon="1.331769">
        <ele>63.7</ele>
      </trkpt>
      <trkpt lat="49.18959" lon="1.331769">
        <ele>63.5</ele>
      </trkpt>
      <trkpt lat="49.18992" lon="1.33183">
        <ele>60.6</ele>
      </trkpt>
      <trkpt lat="49.19019" lon="1.33182">
        <ele>61.3</ele>
      </trkpt>
      <trkpt lat="49.19045" lon="1.33179">
        <ele>63.0</ele>
      </trkpt>
      <trkpt lat="49.19065" lon="1.33173">
        <ele>65.9</ele>
      </trkpt>
      <trkpt lat="49.19079" lon="1.33169">
        <ele>67.9</ele>
      </trkpt>
      <trkpt lat="49.19088" lon="1.33167">
        <ele>69.0</ele>
      </trkpt>
      <trkpt lat="49.19105" lon="1.33165">
        <ele>70.1</ele>
      </trkpt>
      <trkpt lat="49.1913" lon="1.33165">
        <ele>71.1</ele>
      </trkpt>
      <trkpt lat="49.191429" lon="1.33165">
        <ele>71.5</ele>
      </trkpt>
      <trkpt lat="49.19232" lon="1.33178">
        <ele>70.7</ele>
      </trkpt>
      <trkpt lat="49.19294" lon="1.33187">
        <ele>71.4</ele>
      </trkpt>
      <trkpt lat="49.193399" lon="1.33196">
        <ele>71.5</ele>
      </trkpt>
      <trkpt lat="49.193399" lon="1.33196">
        <ele>71.5</ele>
      </trkpt>
      <trkpt lat="49.19358" lon="1.33144">
        <ele>77.5</ele>
      </trkpt>
      <trkpt lat="49.19403" lon="1.33036">
        <ele>75.9</ele>
      </trkpt>
      <trkpt lat="49.19436" lon="1.32975">
        <ele>73.8</ele>
      </trkpt>
      <trkpt lat="49.19529" lon="1.32797">
        <ele>71.5</ele>
      </trkpt>
      <trkpt lat="49.19543" lon="1.32763">
        <ele>71.3</ele>
      </trkpt>
      <trkpt lat="49.1955" lon="1.32754">
        <ele>71.0</ele>
      </trkpt>
      <trkpt lat="49.19558" lon="1.32749">
        <ele>70.5</ele>
      </trkpt>
      <trkpt lat="49.19558" lon="1.32749">
        <ele>70.5</ele>
      </trkpt>
      <trkpt lat="49.19558" lon="1.32749">
        <ele>70.5</ele>
      </trkpt>
      <trkpt lat="49.19574" lon="1.32737">
        <ele>69.5</ele>
      </trkpt>
      <trkpt lat="49.19589" lon="1.32727">
        <ele>68.8</ele>
      </trkpt>
      <trkpt lat="49.19596" lon="1.3272">
        <ele>68.5</ele>
      </trkpt>
      <trkpt lat="49.196" lon="1.32714">
        <ele>68.4</ele>
      </trkpt>
      <trkpt lat="49.19616" lon="1.32685">
        <ele>67.8</ele>
      </trkpt>
      <trkpt lat="49.1962" lon="1.32677">
        <ele>67.7</ele>
      </trkpt>
      <trkpt lat="49.19623" lon="1.32674">
        <ele>67.6</ele>
      </trkpt>
      <trkpt lat="49.19648" lon="1.32652">
        <ele>66.5</ele>
      </trkpt>
      <trkpt lat="49.19722" lon="1.32574">
        <ele>64.3</ele>
      </trkpt>
      <trkpt lat="49.19733" lon="1.32564">
        <ele>64.2</ele>
      </trkpt>
      <trkpt lat="49.19744" lon="1.32551">
        <ele>64.1</ele>
      </trkpt>
      <trkpt lat="49.1975" lon="1.32543">
        <ele>64.0</ele>
      </trkpt>
      <trkpt lat="49.19759" lon="1.32529">
        <ele>63.7</ele>
      </trkpt>
      <trkpt lat="49.19764" lon="1.3252">
        <ele>63.4</ele>
      </trkpt>
      <trkpt lat="49.19768" lon="1.32512">
        <ele>63.2</ele>
      </trkpt>
      <trkpt lat="49.1977" lon="1.325">
        <ele>63.0</ele>
      </trkpt>
      <trkpt lat="49.197719" lon="1.32487">
        <ele>62.9</ele>
      </trkpt>
      <trkpt lat="49.19776" lon="1.32466">
        <ele>62.6</ele>
      </trkpt>
      <trkpt lat="49.19782" lon="1.32432">
        <ele>62.1</ele>
      </trkpt>
      <trkpt lat="49.1979" lon="1.32408">
        <ele>61.7</ele>
      </trkpt>
      <trkpt lat="49.19797" lon="1.32395">
        <ele>61.5</ele>
      </trkpt>
      <trkpt lat="49.19805" lon="1.32382">
        <ele>61.2</ele>
      </trkpt>
      <trkpt lat="49.19815" lon="1.32371">
        <ele>61.0</ele>
      </trkpt>
      <trkpt lat="49.19825" lon="1.3236">
        <ele>60.7</ele>
      </trkpt>
      <trkpt lat="49.19836" lon="1.32351">
        <ele>60.5</ele>
      </trkpt>
      <trkpt lat="49.19865" lon="1.32334">
        <ele>59.8</ele>
      </trkpt>
      <trkpt lat="49.19878" lon="1.32325">
        <ele>59.6</ele>
      </trkpt>
      <trkpt lat="49.19888" lon="1.32313">
        <ele>59.5</ele>
      </trkpt>
      <trkpt lat="49.19896" lon="1.32301">
        <ele>59.5</ele>
      </trkpt>
      <trkpt lat="49.19903" lon="1.32288">
        <ele>59.6</ele>
      </trkpt>
      <trkpt lat="49.19923" lon="1.32246">
        <ele>60.1</ele>
      </trkpt>
      <trkpt lat="49.19939" lon="1.32213">
        <ele>60.8</ele>
      </trkpt>
      <trkpt lat="49.19988" lon="1.32105">
        <ele>61.0</ele>
      </trkpt>
      <trkpt lat="49.19995" lon="1.3209">
        <ele>61.0</ele>
      </trkpt>
      <trkpt lat="49.20002" lon="1.32081">
        <ele>60.8</ele>
      </trkpt>
      <trkpt lat="49.20024" lon="1.32054">
        <ele>59.0</ele>
      </trkpt>
      <trkpt lat="49.20034" lon="1.32043">
        <ele>58.2</ele>
      </trkpt>
      <trkpt lat="49.20047" lon="1.3203">
        <ele>57.3</ele>
      </trkpt>
      <trkpt lat="49.20163" lon="1.31916">
        <ele>49.2</ele>
      </trkpt>
      <trkpt lat="49.20171" lon="1.319059">
        <ele>48.4</ele>
      </trkpt>
      <trkpt lat="49.20176" lon="1.31899">
        <ele>48.0</ele>
      </trkpt>
      <trkpt lat="49.2018" lon="1.31888">
        <ele>47.4</ele>
      </trkpt>
      <trkpt lat="49.20182" lon="1.31878">
        <ele>46.8</ele>
      </trkpt>
      <trkpt lat="49.20183" lon="1.31866">
        <ele>46.1</ele>
      </trkpt>
      <trkpt lat="49.20183" lon="1.31858">
        <ele>45.7</ele>
      </trkpt>
      <trkpt lat="49.20182" lon="1.31849">
        <ele>45.3</ele>
      </trkpt>
      <trkpt lat="49.20179" lon="1.31843">
        <ele>45.1</ele>
      </trkpt>
      <trkpt lat="49.201749" lon="1.31832">
        <ele>44.6</ele>
      </trkpt>
      <trkpt lat="49.2017" lon="1.31825">
        <ele>44.3</ele>
      </trkpt>
      <trkpt lat="49.20164" lon="1.31819">
        <ele>44.2</ele>
      </trkpt>
      <trkpt lat="49.201569" lon="1.31814">
        <ele>44.3</ele>
      </trkpt>
      <trkpt lat="49.201479" lon="1.31809">
        <ele>44.7</ele>
      </trkpt>
      <trkpt lat="49.20144" lon="1.31806">
        <ele>44.8</ele>
      </trkpt>
      <trkpt lat="49.20133" lon="1.31797">
        <ele>45.3</ele>
      </trkpt>
      <trkpt lat="49.201279" lon="1.31791">
        <ele>45.4</ele>
      </trkpt>
      <trkpt lat="49.20123" lon="1.31782">
        <ele>45.5</ele>
      </trkpt>
      <trkpt lat="49.2012" lon="1.31772">
        <ele>45.4</ele>
      </trkpt>
      <trkpt lat="49.20118" lon="1.31762">
        <ele>45.3</ele>
      </trkpt>
      <trkpt lat="49.20117" lon="1.317499">
        <ele>45.0</ele>
      </trkpt>
      <trkpt lat="49.20117" lon="1.31737">
        <ele>44.7</ele>
      </trkpt>
      <trkpt lat="49.20118" lon="1.31725">
        <ele>44.3</ele>
      </trkpt>
      <trkpt lat="49.20123" lon="1.3171">
        <ele>43.3</ele>
      </trkpt>
      <trkpt lat="49.20129" lon="1.31697">
        <ele>42.2</ele>
      </trkpt>
      <trkpt lat="49.2014" lon="1.31688">
        <ele>40.4</ele>
      </trkpt>
      <trkpt lat="49.201479" lon="1.31681">
        <ele>39.1</ele>
      </trkpt>
      <trkpt lat="49.201569" lon="1.31676">
        <ele>37.7</ele>
      </trkpt>
      <trkpt lat="49.20164" lon="1.31671">
        <ele>36.5</ele>
      </trkpt>
      <trkpt lat="49.20173" lon="1.31664">
        <ele>36.1</ele>
      </trkpt>
      <trkpt lat="49.2018" lon="1.31659">
        <ele>36.4</ele>
      </trkpt>
      <trkpt lat="49.20186" lon="1.31653">
        <ele>36.8</ele>
      </trkpt>
      <trkpt lat="49.20192" lon="1.31646">
        <ele>37.4</ele>
      </trkpt>
      <trkpt lat="49.20196" lon="1.31641">
        <ele>37.8</ele>
      </trkpt>
      <trkpt lat="49.20199" lon="1.31638">
        <ele>38.0</ele>
      </trkpt>
      <trkpt lat="49.20208" lon="1.31626">
        <ele>38.9</ele>
      </trkpt>
      <trkpt lat="49.20218" lon="1.31614">
        <ele>39.8</ele>
      </trkpt>
      <trkpt lat="49.2023" lon="1.31594">
        <ele>41.5</ele>
      </trkpt>
      <trkpt lat="49.20243" lon="1.31572">
        <ele>43.5</ele>
      </trkpt>
      <trkpt lat="49.20252" lon="1.31554">
        <ele>45.3</ele>
      </trkpt>
      <trkpt lat="49.20263" lon="1.3153">
        <ele>46.5</ele>
      </trkpt>
      <trkpt lat="49.20274" lon="1.31503">
        <ele>47.4</ele>
      </trkpt>
      <trkpt lat="49.20281" lon="1.31482">
        <ele>47.2</ele>
      </trkpt>
      <trkpt lat="49.20291" lon="1.31454">
        <ele>46.8</ele>
      </trkpt>
      <trkpt lat="49.20299" lon="1.314279">
        <ele>46.9</ele>
      </trkpt>
      <trkpt lat="49.20308" lon="1.31405">
        <ele>46.7</ele>
      </trkpt>
      <trkpt lat="49.20317" lon="1.31383">
        <ele>46.2</ele>
      </trkpt>
      <trkpt lat="49.20328" lon="1.31355">
        <ele>45.8</ele>
      </trkpt>
      <trkpt lat="49.20343" lon="1.31317">
        <ele>46.1</ele>
      </trkpt>
      <trkpt lat="49.20349" lon="1.31301">
        <ele>46.4</ele>
      </trkpt>
      <trkpt lat="49.20353" lon="1.312889">
        <ele>46.7</ele>
      </trkpt>
      <trkpt lat="49.20359" lon="1.3127">
        <ele>47.0</ele>
      </trkpt>
      <trkpt lat="49.20367" lon="1.31246">
        <ele>47.6</ele>
      </trkpt>
      <trkpt lat="49.20375" lon="1.31224">
        <ele>48.2</ele>
      </trkpt>
      <trkpt lat="49.20391" lon="1.31183">
        <ele>49.1</ele>
      </trkpt>
      <trkpt lat="49.20402" lon="1.31156">
        <ele>49.7</ele>
      </trkpt>
      <trkpt lat="49.20412" lon="1.31133">
        <ele>50.4</ele>
      </trkpt>
      <trkpt lat="49.20424" lon="1.31108">
        <ele>51.1</ele>
      </trkpt>
      <trkpt lat="49.20434" lon="1.31089">
        <ele>51.5</ele>
      </trkpt>
      <trkpt lat="49.20447" lon="1.31068">
        <ele>51.1</ele>
      </trkpt>
      <trkpt lat="49.20464" lon="1.31039">
        <ele>50.7</ele>
      </trkpt>
      <trkpt lat="49.20502" lon="1.30978">
        <ele>51.1</ele>
      </trkpt>
      <trkpt lat="49.205419" lon="1.30919">
        <ele>52.9</ele>
      </trkpt>
      <trkpt lat="49.20569" lon="1.30882">
        <ele>52.1</ele>
      </trkpt>
      <trkpt lat="49.20572" lon="1.30876">
        <ele>52.0</ele>
      </trkpt>
      <trkpt lat="49.20576" lon="1.3087">
        <ele>51.8</ele>
      </trkpt>
      <trkpt lat="49.20584" lon="1.308619">
        <ele>51.3</ele>
      </trkpt>
      <trkpt lat="49.20588" lon="1.30858">
        <ele>51.0</ele>
      </trkpt>
      <trkpt lat="49.20591" lon="1.30854">
        <ele>50.8</ele>
      </trkpt>
      <trkpt lat="49.20593" lon="1.30851">
        <ele>50.6</ele>
      </trkpt>
      <trkpt lat="49.20595" lon="1.30849">
        <ele>50.5</ele>
      </trkpt>
      <trkpt lat="49.20597" lon="1.30847">
        <ele>50.3</ele>
      </trkpt>
      <trkpt lat="49.206" lon="1.30843">
        <ele>50.1</ele>
      </trkpt>
      <trkpt lat="49.20602" lon="1.3084">
        <ele>50.0</ele>
      </trkpt>
      <trkpt lat="49.20602" lon="1.3084">
        <ele>50.0</ele>
      </trkpt>
      <trkpt lat="49.20605" lon="1.30844">
        <ele>49.8</ele>
      </trkpt>
      <trkpt lat="49.20617" lon="1.30859">
        <ele>49.3</ele>
      </trkpt>
      <trkpt lat="49.2063" lon="1.30874">
        <ele>48.7</ele>
      </trkpt>
      <trkpt lat="49.20643" lon="1.30889">
        <ele>48.1</ele>
      </trkpt>
      <trkpt lat="49.20656" lon="1.30905">
        <ele>47.5</ele>
      </trkpt>
      <trkpt lat="49.20669" lon="1.30921">
        <ele>47.0</ele>
      </trkpt>
      <trkpt lat="49.20682" lon="1.30936">
        <ele>46.8</ele>
      </trkpt>
      <trkpt lat="49.20697" lon="1.3095">
        <ele>46.5</ele>
      </trkpt>
      <trkpt lat="49.20707" lon="1.30964">
        <ele>46.5</ele>
      </trkpt>
      <trkpt lat="49.20708" lon="1.30966">
        <ele>46.5</ele>
      </trkpt>
      <trkpt lat="49.20769" lon="1.31049">
        <ele>45.9</ele>
      </trkpt>
      <trkpt lat="49.20832" lon="1.31135">
        <ele>44.3</ele>
      </trkpt>
      <trkpt lat="49.20906" lon="1.31238">
        <ele>42.0</ele>
      </trkpt>
      <trkpt lat="49.20942" lon="1.31286">
        <ele>43.0</ele>
      </trkpt>
      <trkpt lat="49.20984" lon="1.31343">
        <ele>44.3</ele>
      </trkpt>
      <trkpt lat="49.209919" lon="1.31355">
        <ele>44.3</ele>
      </trkpt>
      <trkpt lat="49.21059" lon="1.31448">
        <ele>44.1</ele>
      </trkpt>
      <trkpt lat="49.210949" lon="1.31499">
        <ele>44.0</ele>
      </trkpt>
      <trkpt lat="49.211799" lon="1.31609">
        <ele>38.3</ele>
      </trkpt>
      <trkpt lat="49.21234" lon="1.31677">
        <ele>36.7</ele>
      </trkpt>
      <trkpt lat="49.21252" lon="1.31699">
        <ele>36.3</ele>
      </trkpt>
      <trkpt lat="49.2127" lon="1.31721">
        <ele>35.8</ele>
      </trkpt>
      <trkpt lat="49.21288" lon="1.31742">
        <ele>35.5</ele>
      </trkpt>
      <trkpt lat="49.21316" lon="1.31774">
        <ele>35.1</ele>
      </trkpt>
      <trkpt lat="49.21343" lon="1.31805">
        <ele>34.9</ele>
      </trkpt>
      <trkpt lat="49.2137" lon="1.31835">
        <ele>34.2</ele>
      </trkpt>
      <trkpt lat="49.21406" lon="1.31876">
        <ele>33.3</ele>
      </trkpt>
      <trkpt lat="49.2142" lon="1.31892">
        <ele>33.3</ele>
      </trkpt>
      <trkpt lat="49.21432" lon="1.319059">
        <ele>33.4</ele>
      </trkpt>
      <trkpt lat="49.2144" lon="1.31918">
        <ele>33.4</ele>
      </trkpt>
      <trkpt lat="49.21448" lon="1.31929">
        <ele>33.2</ele>
      </trkpt>
      <trkpt lat="49.21463" lon="1.31954">
        <ele>32.9</ele>
      </trkpt>
      <trkpt lat="49.21476" lon="1.31979">
        <ele>32.9</ele>
      </trkpt>
      <trkpt lat="49.21484" lon="1.31992">
        <ele>32.9</ele>
      </trkpt>
      <trkpt lat="49.21491" lon="1.32004">
        <ele>32.8</ele>
      </trkpt>
      <trkpt lat="49.21499" lon="1.32016">
        <ele>32.4</ele>
      </trkpt>
      <trkpt lat="49.21508" lon="1.32027">
        <ele>31.9</ele>
      </trkpt>
      <trkpt lat="49.21526" lon="1.32048">
        <ele>31.0</ele>
      </trkpt>
      <trkpt lat="49.21545" lon="1.32068">
        <ele>30.0</ele>
      </trkpt>
      <trkpt lat="49.21564" lon="1.32088">
        <ele>29.0</ele>
      </trkpt>
      <trkpt lat="49.21582" lon="1.32109">
        <ele>27.8</ele>
      </trkpt>
      <trkpt lat="49.21601" lon="1.32131">
        <ele>26.5</ele>
      </trkpt>
      <trkpt lat="49.21619" lon="1.32155">
        <ele>24.8</ele>
      </trkpt>
      <trkpt lat="49.21636" lon="1.32179">
        <ele>22.8</ele>
      </trkpt>
      <trkpt lat="49.21654" lon="1.32205">
        <ele>20.2</ele>
      </trkpt>
      <trkpt lat="49.2167" lon="1.322279">
        <ele>17.9</ele>
      </trkpt>
      <trkpt lat="49.21689" lon="1.32256">
        <ele>16.6</ele>
      </trkpt>
      <trkpt lat="49.21714" lon="1.32295">
        <ele>17.4</ele>
      </trkpt>
      <trkpt lat="49.2174" lon="1.32336">
        <ele>18.1</ele>
      </trkpt>
      <trkpt lat="49.21765" lon="1.32375">
        <ele>20.5</ele>
      </trkpt>
      <trkpt lat="49.21782" lon="1.32402">
        <ele>21.6</ele>
      </trkpt>
      <trkpt lat="49.21799" lon="1.324279">
        <ele>22.4</ele>
      </trkpt>
      <trkpt lat="49.21815" lon="1.324549">
        <ele>23.5</ele>
      </trkpt>
      <trkpt lat="49.21823" lon="1.32468">
        <ele>24.1</ele>
      </trkpt>
      <trkpt lat="49.2184" lon="1.32494">
        <ele>25.8</ele>
      </trkpt>
      <trkpt lat="49.21855" lon="1.32522">
        <ele>27.8</ele>
      </trkpt>
      <trkpt lat="49.21869" lon="1.325499">
        <ele>29.7</ele>
      </trkpt>
      <trkpt lat="49.21882" lon="1.3258">
        <ele>31.6</ele>
      </trkpt>
      <trkpt lat="49.21895" lon="1.3261">
        <ele>33.0</ele>
      </trkpt>
      <trkpt lat="49.21902" lon="1.32625">
        <ele>33.6</ele>
      </trkpt>
      <trkpt lat="49.21915" lon="1.326549">
        <ele>34.7</ele>
      </trkpt>
      <trkpt lat="49.21929" lon="1.32684">
        <ele>35.9</ele>
      </trkpt>
      <trkpt lat="49.21942" lon="1.32713">
        <ele>37.2</ele>
      </trkpt>
      <trkpt lat="49.21956" lon="1.32741">
        <ele>38.6</ele>
      </trkpt>
      <trkpt lat="49.219769" lon="1.32783">
        <ele>40.2</ele>
      </trkpt>
      <trkpt lat="49.21991" lon="1.328109">
        <ele>40.8</ele>
      </trkpt>
      <trkpt lat="49.220059" lon="1.32839">
        <ele>41.0</ele>
      </trkpt>
      <trkpt lat="49.2202" lon="1.32867">
        <ele>40.9</ele>
      </trkpt>
      <trkpt lat="49.22034" lon="1.32894">
        <ele>40.7</ele>
      </trkpt>
      <trkpt lat="49.22047" lon="1.32922">
        <ele>40.4</ele>
      </trkpt>
      <trkpt lat="49.2206" lon="1.32951">
        <ele>39.7</ele>
      </trkpt>
      <trkpt lat="49.220709" lon="1.32979">
        <ele>38.9</ele>
      </trkpt>
      <trkpt lat="49.22082" lon="1.33009">
        <ele>38.0</ele>
      </trkpt>
      <trkpt lat="49.22085" lon="1.33019">
        <ele>38.0</ele>
      </trkpt>
      <trkpt lat="49.22098" lon="1.330549">
        <ele>38.1</ele>
      </trkpt>
      <trkpt lat="49.22114" lon="1.331">
        <ele>39.3</ele>
      </trkpt>
      <trkpt lat="49.22124" lon="1.33131">
        <ele>40.4</ele>
      </trkpt>
      <trkpt lat="49.22138" lon="1.33176">
        <ele>41.7</ele>
      </trkpt>
      <trkpt lat="49.221469" lon="1.33207">
        <ele>42.0</ele>
      </trkpt>
      <trkpt lat="49.221559" lon="1.332379">
        <ele>42.1</ele>
      </trkpt>
      <trkpt lat="49.2217" lon="1.33285">
        <ele>41.2</ele>
      </trkpt>
      <trkpt lat="49.22184" lon="1.33332">
        <ele>40.0</ele>
      </trkpt>
      <trkpt lat="49.22193" lon="1.33363">
        <ele>38.4</ele>
      </trkpt>
      <trkpt lat="49.22207" lon="1.3341">
        <ele>36.3</ele>
      </trkpt>
      <trkpt lat="49.22231" lon="1.3349">
        <ele>35.0</ele>
      </trkpt>
      <trkpt lat="49.22254" lon="1.33569">
        <ele>34.8</ele>
      </trkpt>
      <trkpt lat="49.222589" lon="1.33588">
        <ele>34.5</ele>
      </trkpt>
      <trkpt lat="49.22277" lon="1.33651">
        <ele>33.4</ele>
      </trkpt>
      <trkpt lat="49.22304" lon="1.337429">
        <ele>30.6</ele>
      </trkpt>
      <trkpt lat="49.22316" lon="1.33781">
        <ele>29.8</ele>
      </trkpt>
      <trkpt lat="49.22336" lon="1.33847">
        <ele>28.9</ele>
      </trkpt>
      <trkpt lat="49.22351" lon="1.33895">
        <ele>28.6</ele>
      </trkpt>
      <trkpt lat="49.22374" lon="1.33958">
        <ele>29.5</ele>
      </trkpt>
      <trkpt lat="49.22396" lon="1.3402">
        <ele>30.5</ele>
      </trkpt>
      <trkpt lat="49.22419" lon="1.340819">
        <ele>31.0</ele>
      </trkpt>
      <trkpt lat="49.22436" lon="1.34129">
        <ele>30.8</ele>
      </trkpt>
      <trkpt lat="49.224559" lon="1.34183">
        <ele>30.7</ele>
      </trkpt>
      <trkpt lat="49.22462" lon="1.34199">
        <ele>30.8</ele>
      </trkpt>
      <trkpt lat="49.22468" lon="1.34215">
        <ele>31.0</ele>
      </trkpt>
      <trkpt lat="49.22484" lon="1.34259">
        <ele>31.3</ele>
      </trkpt>
      <trkpt lat="49.225" lon="1.34303">
        <ele>31.6</ele>
      </trkpt>
      <trkpt lat="49.22516" lon="1.34348">
        <ele>32.0</ele>
      </trkpt>
      <trkpt lat="49.22532" lon="1.34393">
        <ele>31.7</ele>
      </trkpt>
      <trkpt lat="49.22549" lon="1.34438">
        <ele>31.5</ele>
      </trkpt>
      <trkpt lat="49.22565" lon="1.34483">
        <ele>31.4</ele>
      </trkpt>
      <trkpt lat="49.22581" lon="1.34528">
        <ele>31.0</ele>
      </trkpt>
      <trkpt lat="49.22598" lon="1.34572">
        <ele>30.7</ele>
      </trkpt>
      <trkpt lat="49.22619" lon="1.34632">
        <ele>29.8</ele>
      </trkpt>
      <trkpt lat="49.22634" lon="1.34676">
        <ele>29.5</ele>
      </trkpt>
      <trkpt lat="49.22651" lon="1.3472">
        <ele>29.8</ele>
      </trkpt>
      <trkpt lat="49.22661" lon="1.34749">
        <ele>30.1</ele>
      </trkpt>
      <trkpt lat="49.22677" lon="1.34794">
        <ele>30.8</ele>
      </trkpt>
      <trkpt lat="49.2269" lon="1.34833">
        <ele>31.4</ele>
      </trkpt>
      <trkpt lat="49.22696" lon="1.34854">
        <ele>31.4</ele>
      </trkpt>
      <trkpt lat="49.22704" lon="1.34884">
        <ele>31.4</ele>
      </trkpt>
      <trkpt lat="49.22712" lon="1.34916">
        <ele>31.5</ele>
      </trkpt>
      <trkpt lat="49.22719" lon="1.34947">
        <ele>30.7</ele>
      </trkpt>
      <trkpt lat="49.22726" lon="1.34979">
        <ele>30.1</ele>
      </trkpt>
      <trkpt lat="49.22733" lon="1.3501">
        <ele>29.7</ele>
      </trkpt>
      <trkpt lat="49.2274" lon="1.35042">
        <ele>29.5</ele>
      </trkpt>
      <trkpt lat="49.227469" lon="1.35073">
        <ele>29.2</ele>
      </trkpt>
      <trkpt lat="49.22754" lon="1.35104">
        <ele>29.5</ele>
      </trkpt>
      <trkpt lat="49.22758" lon="1.35122">
        <ele>30.0</ele>
      </trkpt>
      <trkpt lat="49.22764" lon="1.35151">
        <ele>30.8</ele>
      </trkpt>
      <trkpt lat="49.2277" lon="1.35182">
        <ele>31.1</ele>
      </trkpt>
      <trkpt lat="49.22776" lon="1.35213">
        <ele>30.9</ele>
      </trkpt>
      <trkpt lat="49.2278" lon="1.35245">
        <ele>30.8</ele>
      </trkpt>
      <trkpt lat="49.22784" lon="1.35279">
        <ele>30.5</ele>
      </trkpt>
      <trkpt lat="49.22787" lon="1.35313">
        <ele>30.1</ele>
      </trkpt>
      <trkpt lat="49.22789" lon="1.35348">
        <ele>29.8</ele>
      </trkpt>
      <trkpt lat="49.22792" lon="1.35384">
        <ele>29.7</ele>
      </trkpt>
      <trkpt lat="49.22795" lon="1.3542">
        <ele>29.6</ele>
      </trkpt>
      <trkpt lat="49.22797" lon="1.35456">
        <ele>29.6</ele>
      </trkpt>
      <trkpt lat="49.228" lon="1.35493">
        <ele>29.6</ele>
      </trkpt>
      <trkpt lat="49.22802" lon="1.35529">
        <ele>29.3</ele>
      </trkpt>
      <trkpt lat="49.22806" lon="1.35566">
        <ele>28.9</ele>
      </trkpt>
      <trkpt lat="49.2281" lon="1.35601">
        <ele>28.2</ele>
      </trkpt>
      <trkpt lat="49.228119" lon="1.35619">
        <ele>27.8</ele>
      </trkpt>
      <trkpt lat="49.22815" lon="1.35645">
        <ele>27.1</ele>
      </trkpt>
      <trkpt lat="49.2282" lon="1.35673">
        <ele>26.7</ele>
      </trkpt>
      <trkpt lat="49.22825" lon="1.3571">
        <ele>26.7</ele>
      </trkpt>
      <trkpt lat="49.22831" lon="1.35745">
        <ele>26.9</ele>
      </trkpt>
      <trkpt lat="49.22836" lon="1.35781">
        <ele>27.4</ele>
      </trkpt>
      <trkpt lat="49.22842" lon="1.35816">
        <ele>28.0</ele>
      </trkpt>
      <trkpt lat="49.22848" lon="1.35852">
        <ele>28.7</ele>
      </trkpt>
      <trkpt lat="49.22854" lon="1.35887">
        <ele>29.5</ele>
      </trkpt>
      <trkpt lat="49.228589" lon="1.35923">
        <ele>30.1</ele>
      </trkpt>
      <trkpt lat="49.22865" lon="1.35958">
        <ele>30.6</ele>
      </trkpt>
      <trkpt lat="49.2287" lon="1.35993">
        <ele>31.0</ele>
      </trkpt>
      <trkpt lat="49.22876" lon="1.36028">
        <ele>30.8</ele>
      </trkpt>
      <trkpt lat="49.2288" lon="1.36063">
        <ele>30.5</ele>
      </trkpt>
      <trkpt lat="49.22885" lon="1.36099">
        <ele>30.3</ele>
      </trkpt>
      <trkpt lat="49.228879" lon="1.36135">
        <ele>30.7</ele>
      </trkpt>
      <trkpt lat="49.229" lon="1.36264">
        <ele>31.6</ele>
      </trkpt>
      <trkpt lat="49.22912" lon="1.36393">
        <ele>31.0</ele>
      </trkpt>
      <trkpt lat="49.22924" lon="1.36515">
        <ele>30.5</ele>
      </trkpt>
      <trkpt lat="49.22937" lon="1.36648">
        <ele>30.6</ele>
      </trkpt>
      <trkpt lat="49.22946" lon="1.36725">
        <ele>29.8</ele>
      </trkpt>
      <trkpt lat="49.2295" lon="1.36759">
        <ele>29.8</ele>
      </trkpt>
      <trkpt lat="49.22956" lon="1.36792">
        <ele>30.5</ele>
      </trkpt>
      <trkpt lat="49.22962" lon="1.36816">
        <ele>30.8</ele>
      </trkpt>
      <trkpt lat="49.22967" lon="1.36837">
        <ele>30.8</ele>
      </trkpt>
      <trkpt lat="49.230289" lon="1.3702">
        <ele>24.1</ele>
      </trkpt>
      <trkpt lat="49.23053" lon="1.370949">
        <ele>21.4</ele>
      </trkpt>
      <trkpt lat="49.23089" lon="1.37213">
        <ele>20.7</ele>
      </trkpt>
      <trkpt lat="49.23117" lon="1.37297">
        <ele>20.3</ele>
      </trkpt>
      <trkpt lat="49.23131" lon="1.37342">
        <ele>21.1</ele>
      </trkpt>
      <trkpt lat="49.23147" lon="1.37394">
        <ele>21.2</ele>
      </trkpt>
      <trkpt lat="49.23167" lon="1.37461">
        <ele>20.9</ele>
      </trkpt>
      <trkpt lat="49.23185" lon="1.375289">
        <ele>18.3</ele>
      </trkpt>
      <trkpt lat="49.23196" lon="1.37595">
        <ele>17.5</ele>
      </trkpt>
      <trkpt lat="49.2321" lon="1.37672">
        <ele>16.6</ele>
      </trkpt>
      <trkpt lat="49.2322" lon="1.37726">
        <ele>18.0</ele>
      </trkpt>
      <trkpt lat="49.23233" lon="1.37793">
        <ele>18.0</ele>
      </trkpt>
      <trkpt lat="49.23242" lon="1.37845">
        <ele>17.5</ele>
      </trkpt>
      <trkpt lat="49.23249" lon="1.37902">
        <ele>17.1</ele>
      </trkpt>
      <trkpt lat="49.23272" lon="1.38023">
        <ele>16.5</ele>
      </trkpt>
      <trkpt lat="49.23279" lon="1.38057">
        <ele>15.7</ele>
      </trkpt>
      <trkpt lat="49.232999" lon="1.381829">
        <ele>15.3</ele>
      </trkpt>
      <trkpt lat="49.23306" lon="1.38216">
        <ele>16.2</ele>
      </trkpt>
      <trkpt lat="49.23324" lon="1.3832">
        <ele>17.2</ele>
      </trkpt>
      <trkpt lat="49.23337" lon="1.38397">
        <ele>16.7</ele>
      </trkpt>
      <trkpt lat="49.23344" lon="1.384339">
        <ele>16.1</ele>
      </trkpt>
      <trkpt lat="49.23351" lon="1.38477">
        <ele>15.3</ele>
      </trkpt>
      <trkpt lat="49.23352" lon="1.3849">
        <ele>15.2</ele>
      </trkpt>
      <trkpt lat="49.23361" lon="1.38531">
        <ele>15.2</ele>
      </trkpt>
      <trkpt lat="49.23364" lon="1.38543">
        <ele>15.2</ele>
      </trkpt>
      <trkpt lat="49.23365" lon="1.38553">
        <ele>15.4</ele>
      </trkpt>
      <trkpt lat="49.23365" lon="1.38564">
        <ele>15.5</ele>
      </trkpt>
      <trkpt lat="49.23363" lon="1.385729">
        <ele>15.8</ele>
      </trkpt>
      <trkpt lat="49.2336" lon="1.385829">
        <ele>16.0</ele>
      </trkpt>
      <trkpt lat="49.2336" lon="1.385829">
        <ele>16.0</ele>
      </trkpt>
      <trkpt lat="49.23357" lon="1.38585">
        <ele>16.1</ele>
      </trkpt>
      <trkpt lat="49.23355" lon="1.38589">
        <ele>16.2</ele>
      </trkpt>
      <trkpt lat="49.23353" lon="1.38594">
        <ele>16.3</ele>
      </trkpt>
      <trkpt lat="49.23353" lon="1.38596">
        <ele>16.2</ele>
      </trkpt>
      <trkpt lat="49.23352" lon="1.38599">
        <ele>16.3</ele>
      </trkpt>
      <trkpt lat="49.23352" lon="1.38603">
        <ele>16.3</ele>
      </trkpt>
      <trkpt lat="49.23352" lon="1.38607">
        <ele>16.2</ele>
      </trkpt>
      <trkpt lat="49.23353" lon="1.3861">
        <ele>16.2</ele>
      </trkpt>
      <trkpt lat="49.23354" lon="1.38616">
        <ele>16.2</ele>
      </trkpt>
      <trkpt lat="49.23356" lon="1.38621">
        <ele>16.1</ele>
      </trkpt>
      <trkpt lat="49.23355" lon="1.3863">
        <ele>16.1</ele>
      </trkpt>
      <trkpt lat="49.23355" lon="1.38642">
        <ele>16.1</ele>
      </trkpt>
      <trkpt lat="49.23354" lon="1.38649">
        <ele>16.1</ele>
      </trkpt>
      <trkpt lat="49.2335" lon="1.386609">
        <ele>16.0</ele>
      </trkpt>
      <trkpt lat="49.23345" lon="1.38674">
        <ele>15.9</ele>
      </trkpt>
      <trkpt lat="49.233379" lon="1.38692">
        <ele>15.4</ele>
      </trkpt>
      <trkpt lat="49.2334" lon="1.38704">
        <ele>15.2</ele>
      </trkpt>
      <trkpt lat="49.233379" lon="1.38715">
        <ele>14.9</ele>
      </trkpt>
      <trkpt lat="49.23336" lon="1.38724">
        <ele>14.7</ele>
      </trkpt>
      <trkpt lat="49.23334" lon="1.38736">
        <ele>14.4</ele>
      </trkpt>
      <trkpt lat="49.23332" lon="1.3875">
        <ele>14.0</ele>
      </trkpt>
      <trkpt lat="49.23331" lon="1.38765">
        <ele>13.8</ele>
      </trkpt>
      <trkpt lat="49.2333" lon="1.38778">
        <ele>13.6</ele>
      </trkpt>
      <trkpt lat="49.23331" lon="1.38794">
        <ele>13.4</ele>
      </trkpt>
      <trkpt lat="49.23333" lon="1.3882">
        <ele>13.2</ele>
      </trkpt>
      <trkpt lat="49.233379" lon="1.38866">
        <ele>12.3</ele>
      </trkpt>
      <trkpt lat="49.23342" lon="1.3891">
        <ele>11.4</ele>
      </trkpt>
      <trkpt lat="49.23344" lon="1.38932">
        <ele>11.4</ele>
      </trkpt>
      <trkpt lat="49.23343" lon="1.38948">
        <ele>11.5</ele>
      </trkpt>
      <trkpt lat="49.23341" lon="1.39015">
        <ele>12.2</ele>
      </trkpt>
      <trkpt lat="49.23345" lon="1.39108">
        <ele>12.7</ele>
      </trkpt>
      <trkpt lat="49.23348" lon="1.39124">
        <ele>12.4</ele>
      </trkpt>
      <trkpt lat="49.2335" lon="1.391659">
        <ele>11.8</ele>
      </trkpt>
      <trkpt lat="49.2335" lon="1.39179">
        <ele>11.8</ele>
      </trkpt>
      <trkpt lat="49.23352" lon="1.39196">
        <ele>11.8</ele>
      </trkpt>
      <trkpt lat="49.23354" lon="1.39213">
        <ele>11.8</ele>
      </trkpt>
      <trkpt lat="49.23361" lon="1.392609">
        <ele>11.8</ele>
      </trkpt>
      <trkpt lat="49.233669" lon="1.39301">
        <ele>12.3</ele>
      </trkpt>
      <trkpt lat="49.23371" lon="1.3932">
        <ele>12.5</ele>
      </trkpt>
      <trkpt lat="49.23374" lon="1.39337">
        <ele>12.6</ele>
      </trkpt>
      <trkpt lat="49.23379" lon="1.39353">
        <ele>12.6</ele>
      </trkpt>
      <trkpt lat="49.23384" lon="1.39371">
        <ele>12.7</ele>
      </trkpt>
      <trkpt lat="49.23389" lon="1.39384">
        <ele>12.8</ele>
      </trkpt>
      <trkpt lat="49.23398" lon="1.39403">
        <ele>13.0</ele>
      </trkpt>
      <trkpt lat="49.23405" lon="1.39416">
        <ele>13.1</ele>
      </trkpt>
      <trkpt lat="49.23419" lon="1.39436">
        <ele>13.6</ele>
      </trkpt>
      <trkpt lat="49.23428" lon="1.39446">
        <ele>13.6</ele>
      </trkpt>
      <trkpt lat="49.23442" lon="1.39464">
        <ele>13.4</ele>
      </trkpt>
      <trkpt lat="49.23461" lon="1.3949">
        <ele>13.1</ele>
      </trkpt>
      <trkpt lat="49.23495" lon="1.39533">
        <ele>12.4</ele>
      </trkpt>
      <trkpt lat="49.23529" lon="1.39577">
        <ele>13.1</ele>
      </trkpt>
      <trkpt lat="49.23553" lon="1.39606">
        <ele>12.9</ele>
      </trkpt>
      <trkpt lat="49.23578" lon="1.39634">
        <ele>12.7</ele>
      </trkpt>
      <trkpt lat="49.2359" lon="1.39647">
        <ele>12.8</ele>
      </trkpt>
      <trkpt lat="49.23596" lon="1.39653">
        <ele>12.9</ele>
      </trkpt>
      <trkpt lat="49.23602" lon="1.39658">
        <ele>12.9</ele>
      </trkpt>
      <trkpt lat="49.23604" lon="1.39659">
        <ele>12.9</ele>
      </trkpt>
      <trkpt lat="49.236109" lon="1.39667">
        <ele>13.0</ele>
      </trkpt>
      <trkpt lat="49.23619" lon="1.39677">
        <ele>12.8</ele>
      </trkpt>
      <trkpt lat="49.23625" lon="1.39686">
        <ele>12.7</ele>
      </trkpt>
      <trkpt lat="49.23628" lon="1.39694">
        <ele>12.5</ele>
      </trkpt>
      <trkpt lat="49.23631" lon="1.39706">
        <ele>12.3</ele>
      </trkpt>
      <trkpt lat="49.23634" lon="1.39719">
        <ele>12.0</ele>
      </trkpt>
      <trkpt lat="49.23637" lon="1.3974">
        <ele>11.6</ele>
      </trkpt>
      <trkpt lat="49.23641" lon="1.397659">
        <ele>10.5</ele>
      </trkpt>
      <trkpt lat="49.23642" lon="1.39773">
        <ele>10.1</ele>
      </trkpt>
      <trkpt lat="49.23642" lon="1.39774">
        <ele>10.1</ele>
      </trkpt>
      <trkpt lat="49.23643" lon="1.397829">
        <ele>9.6</ele>
      </trkpt>
      <trkpt lat="49.23674" lon="1.39986">
        <ele>7.9</ele>
      </trkpt>
      <trkpt lat="49.23675" lon="1.39994">
        <ele>8.7</ele>
      </trkpt>
      <trkpt lat="49.23677" lon="1.40005">
        <ele>9.5</ele>
      </trkpt>
      <trkpt lat="49.23682" lon="1.40032">
        <ele>11.1</ele>
      </trkpt>
      <trkpt lat="49.236849" lon="1.40051">
        <ele>12.1</ele>
      </trkpt>
      <trkpt lat="49.23684" lon="1.40058">
        <ele>12.5</ele>
      </trkpt>
      <trkpt lat="49.23684" lon="1.40075">
        <ele>13.4</ele>
      </trkpt>
      <trkpt lat="49.23683" lon="1.4008">
        <ele>13.6</ele>
      </trkpt>
      <trkpt lat="49.23683" lon="1.40085">
        <ele>13.9</ele>
      </trkpt>
      <trkpt lat="49.23681" lon="1.40089">
        <ele>14.2</ele>
      </trkpt>
      <trkpt lat="49.23678" lon="1.40102">
        <ele>15.1</ele>
      </trkpt>
      <trkpt lat="49.23678" lon="1.40102">
        <ele>15.1</ele>
      </trkpt>
      <trkpt lat="49.23677" lon="1.40102">
        <ele>15.1</ele>
      </trkpt>
      <trkpt lat="49.23677" lon="1.40103">
        <ele>15.2</ele>
      </trkpt>
      <trkpt lat="49.236759" lon="1.40104">
        <ele>15.2</ele>
      </trkpt>
      <trkpt lat="49.23675" lon="1.401049">
        <ele>15.3</ele>
      </trkpt>
      <trkpt lat="49.23675" lon="1.40106">
        <ele>15.4</ele>
      </trkpt>
      <trkpt lat="49.23674" lon="1.40107">
        <ele>15.4</ele>
      </trkpt>
      <trkpt lat="49.23674" lon="1.40109">
        <ele>15.6</ele>
      </trkpt>
      <trkpt lat="49.23673" lon="1.40111">
        <ele>15.7</ele>
      </trkpt>
      <trkpt lat="49.23673" lon="1.40112">
        <ele>15.7</ele>
      </trkpt>
      <trkpt lat="49.23672" lon="1.40113">
        <ele>15.8</ele>
      </trkpt>
      <trkpt lat="49.23672" lon="1.401149">
        <ele>15.9</ele>
      </trkpt>
      <trkpt lat="49.23671" lon="1.40116">
        <ele>16.0</ele>
      </trkpt>
      <trkpt lat="49.23671" lon="1.40118">
        <ele>16.1</ele>
      </trkpt>
      <trkpt lat="49.23671" lon="1.4012">
        <ele>16.2</ele>
      </trkpt>
      <trkpt lat="49.2367" lon="1.40121">
        <ele>16.3</ele>
      </trkpt>
      <trkpt lat="49.2367" lon="1.40123">
        <ele>16.4</ele>
      </trkpt>
      <trkpt lat="49.2367" lon="1.40125">
        <ele>16.5</ele>
      </trkpt>
      <trkpt lat="49.2367" lon="1.40126">
        <ele>16.6</ele>
      </trkpt>
      <trkpt lat="49.23671" lon="1.40128">
        <ele>16.7</ele>
      </trkpt>
      <trkpt lat="49.23671" lon="1.40129">
        <ele>16.8</ele>
      </trkpt>
      <trkpt lat="49.23671" lon="1.40131">
        <ele>16.9</ele>
      </trkpt>
      <trkpt lat="49.23672" lon="1.40133">
        <ele>17.1</ele>
      </trkpt>
      <trkpt lat="49.23672" lon="1.40135">
        <ele>17.2</ele>
      </trkpt>
      <trkpt lat="49.23673" lon="1.40136">
        <ele>17.3</ele>
      </trkpt>
      <trkpt lat="49.23673" lon="1.40138">
        <ele>17.4</ele>
      </trkpt>
      <trkpt lat="49.23674" lon="1.40139">
        <ele>17.5</ele>
      </trkpt>
      <trkpt lat="49.23674" lon="1.4014">
        <ele>17.6</ele>
      </trkpt>
      <trkpt lat="49.23675" lon="1.40141">
        <ele>17.6</ele>
      </trkpt>
      <trkpt lat="49.236759" lon="1.40143">
        <ele>17.8</ele>
      </trkpt>
      <trkpt lat="49.23678" lon="1.40144">
        <ele>17.9</ele>
      </trkpt>
      <trkpt lat="49.23679" lon="1.40145">
        <ele>18.0</ele>
      </trkpt>
      <trkpt lat="49.2368" lon="1.40146">
        <ele>18.1</ele>
      </trkpt>
      <trkpt lat="49.23681" lon="1.40147">
        <ele>18.2</ele>
      </trkpt>
      <trkpt lat="49.23682" lon="1.40148">
        <ele>18.3</ele>
      </trkpt>
      <trkpt lat="49.23683" lon="1.40148">
        <ele>18.3</ele>
      </trkpt>
      <trkpt lat="49.23684" lon="1.40148">
        <ele>18.3</ele>
      </trkpt>
      <trkpt lat="49.236849" lon="1.401489">
        <ele>18.4</ele>
      </trkpt>
      <trkpt lat="49.23686" lon="1.401489">
        <ele>18.4</ele>
      </trkpt>
      <trkpt lat="49.23687" lon="1.401489">
        <ele>18.5</ele>
      </trkpt>
      <trkpt lat="49.23688" lon="1.401489">
        <ele>18.5</ele>
      </trkpt>
      <trkpt lat="49.23689" lon="1.401489">
        <ele>18.5</ele>
      </trkpt>
      <trkpt lat="49.2369" lon="1.40148">
        <ele>18.5</ele>
      </trkpt>
      <trkpt lat="49.23691" lon="1.40148">
        <ele>18.5</ele>
      </trkpt>
      <trkpt lat="49.23692" lon="1.40147">
        <ele>18.4</ele>
      </trkpt>
      <trkpt lat="49.23694" lon="1.40147">
        <ele>18.5</ele>
      </trkpt>
      <trkpt lat="49.23695" lon="1.40146">
        <ele>18.4</ele>
      </trkpt>
      <trkpt lat="49.23695" lon="1.40145">
        <ele>18.4</ele>
      </trkpt>
      <trkpt lat="49.23696" lon="1.40144">
        <ele>18.3</ele>
      </trkpt>
      <trkpt lat="49.23697" lon="1.40143">
        <ele>18.3</ele>
      </trkpt>
      <trkpt lat="49.23698" lon="1.40142">
        <ele>18.2</ele>
      </trkpt>
      <trkpt lat="49.23699" lon="1.40141">
        <ele>18.1</ele>
      </trkpt>
      <trkpt lat="49.237" lon="1.40139">
        <ele>18.0</ele>
      </trkpt>
      <trkpt lat="49.23721" lon="1.40144">
        <ele>18.9</ele>
      </trkpt>
      <trkpt lat="49.23734" lon="1.40141">
        <ele>18.9</ele>
      </trkpt>
      <trkpt lat="49.23738" lon="1.4014">
        <ele>18.9</ele>
      </trkpt>
      <trkpt lat="49.237409" lon="1.40136">
        <ele>18.5</ele>
      </trkpt>
      <trkpt lat="49.23747" lon="1.40134">
        <ele>18.4</ele>
      </trkpt>
      <trkpt lat="49.23752" lon="1.401319">
        <ele>18.4</ele>
      </trkpt>
      <trkpt lat="49.238" lon="1.4011">
        <ele>18.8</ele>
      </trkpt>
      <trkpt lat="49.238169" lon="1.40103">
        <ele>18.7</ele>
      </trkpt>
      <trkpt lat="49.23829" lon="1.400979">
        <ele>18.4</ele>
      </trkpt>
      <trkpt lat="49.23836" lon="1.40095">
        <ele>18.2</ele>
      </trkpt>
      <trkpt lat="49.23851" lon="1.4009">
        <ele>17.5</ele>
      </trkpt>
      <trkpt lat="49.23863" lon="1.40087">
        <ele>17.1</ele>
      </trkpt>
      <trkpt lat="49.23896" lon="1.40089">
        <ele>18.0</ele>
      </trkpt>
      <trkpt lat="49.23897" lon="1.40089">
        <ele>18.0</ele>
      </trkpt>
      <trkpt lat="49.23923" lon="1.40089">
        <ele>18.4</ele>
      </trkpt>
      <trkpt lat="49.23966" lon="1.4009">
        <ele>19.0</ele>
      </trkpt>
      <trkpt lat="49.23992" lon="1.40094">
        <ele>19.9</ele>
      </trkpt>
      <trkpt lat="49.2401" lon="1.40097">
        <ele>20.2</ele>
      </trkpt>
      <trkpt lat="49.24015" lon="1.40097">
        <ele>20.1</ele>
      </trkpt>
      <trkpt lat="49.24021" lon="1.40097">
        <ele>19.9</ele>
      </trkpt>
      <trkpt lat="49.24027" lon="1.40095">
        <ele>19.5</ele>
      </trkpt>
      <trkpt lat="49.24035" lon="1.40093">
        <ele>19.0</ele>
      </trkpt>
      <trkpt lat="49.24047" lon="1.400879">
        <ele>18.1</ele>
      </trkpt>
      <trkpt lat="49.24049" lon="1.400879">
        <ele>18.0</ele>
      </trkpt>
      <trkpt lat="49.24067" lon="1.40082">
        <ele>17.1</ele>
      </trkpt>
      <trkpt lat="49.24077" lon="1.40078">
        <ele>16.8</ele>
      </trkpt>
      <trkpt lat="49.24088" lon="1.40073">
        <ele>16.5</ele>
      </trkpt>
      <trkpt lat="49.24097" lon="1.4007">
        <ele>16.4</ele>
      </trkpt>
      <trkpt lat="49.24097" lon="1.4007">
        <ele>16.4</ele>
      </trkpt>
      <trkpt lat="49.241" lon="1.40062">
        <ele>16.1</ele>
      </trkpt>
      <trkpt lat="49.24102" lon="1.40057">
        <ele>15.9</ele>
      </trkpt>
      <trkpt lat="49.24104" lon="1.40051">
        <ele>15.6</ele>
      </trkpt>
      <trkpt lat="49.24106" lon="1.40047">
        <ele>15.5</ele>
      </trkpt>
      <trkpt lat="49.24111" lon="1.40041">
        <ele>15.3</ele>
      </trkpt>
      <trkpt lat="49.24124" lon="1.40025">
        <ele>14.9</ele>
      </trkpt>
      <trkpt lat="49.24134" lon="1.40014">
        <ele>14.7</ele>
      </trkpt>
      <trkpt lat="49.24143" lon="1.40003">
        <ele>14.5</ele>
      </trkpt>
      <trkpt lat="49.241549" lon="1.39991">
        <ele>14.4</ele>
      </trkpt>
      <trkpt lat="49.24163" lon="1.39983">
        <ele>14.3</ele>
      </trkpt>
      <trkpt lat="49.24185" lon="1.39965">
        <ele>13.7</ele>
      </trkpt>
      <trkpt lat="49.24191" lon="1.3996">
        <ele>13.5</ele>
      </trkpt>
      <trkpt lat="49.24198" lon="1.39955">
        <ele>13.4</ele>
      </trkpt>
      <trkpt lat="49.24198" lon="1.39955">
        <ele>13.4</ele>
      </trkpt>
      <trkpt lat="49.24198" lon="1.39962">
        <ele>13.6</ele>
      </trkpt>
      <trkpt lat="49.24199" lon="1.39986">
        <ele>14.2</ele>
      </trkpt>
      <trkpt lat="49.24199" lon="1.39992">
        <ele>14.4</ele>
      </trkpt>
      <trkpt lat="49.242" lon="1.40005">
        <ele>14.7</ele>
      </trkpt>
      <trkpt lat="49.242019" lon="1.40014">
        <ele>14.8</ele>
      </trkpt>
      <trkpt lat="49.242019" lon="1.40016">
        <ele>14.9</ele>
      </trkpt>
      <trkpt lat="49.24203" lon="1.40019">
        <ele>14.9</ele>
      </trkpt>
      <trkpt lat="49.24204" lon="1.400199">
        <ele>14.9</ele>
      </trkpt>
      <trkpt lat="49.24205" lon="1.40022">
        <ele>14.9</ele>
      </trkpt>
      <trkpt lat="49.24206" lon="1.40023">
        <ele>14.9</ele>
      </trkpt>
      <trkpt lat="49.24207" lon="1.40023">
        <ele>14.9</ele>
      </trkpt>
      <trkpt lat="49.24209" lon="1.40024">
        <ele>14.9</ele>
      </trkpt>
      <trkpt lat="49.24209" lon="1.40024">
        <ele>14.9</ele>
      </trkpt>
      <trkpt lat="49.24213" lon="1.40024">
        <ele>14.9</ele>
      </trkpt>
      <trkpt lat="49.24214" lon="1.40024">
        <ele>14.8</ele>
      </trkpt>
      <trkpt lat="49.24215" lon="1.40024">
        <ele>14.8</ele>
      </trkpt>
      <trkpt lat="49.24218" lon="1.40022">
        <ele>14.7</ele>
      </trkpt>
      <trkpt lat="49.24238" lon="1.40005">
        <ele>14.2</ele>
      </trkpt>
      <trkpt lat="49.24246" lon="1.39997">
        <ele>14.0</ele>
      </trkpt>
      <trkpt lat="49.24268" lon="1.39979">
        <ele>14.0</ele>
      </trkpt>
      <trkpt lat="49.24295" lon="1.39956">
        <ele>14.0</ele>
      </trkpt>
      <trkpt lat="49.24307" lon="1.39945">
        <ele>14.0</ele>
      </trkpt>
      <trkpt lat="49.24322" lon="1.39933">
        <ele>14.1</ele>
      </trkpt>
      <trkpt lat="49.24347" lon="1.39914">
        <ele>14.1</ele>
      </trkpt>
      <trkpt lat="49.243699" lon="1.39889">
        <ele>13.8</ele>
      </trkpt>
      <trkpt lat="49.24394" lon="1.39869">
        <ele>13.6</ele>
      </trkpt>
      <trkpt lat="49.244079" lon="1.39856">
        <ele>13.4</ele>
      </trkpt>
      <trkpt lat="49.24416" lon="1.39849">
        <ele>13.4</ele>
      </trkpt>
      <trkpt lat="49.24429" lon="1.39836">
        <ele>13.2</ele>
      </trkpt>
      <trkpt lat="49.244459" lon="1.39812">
        <ele>13.1</ele>
      </trkpt>
      <trkpt lat="49.24462" lon="1.3979">
        <ele>13.0</ele>
      </trkpt>
      <trkpt lat="49.24482" lon="1.3977">
        <ele>13.0</ele>
      </trkpt>
      <trkpt lat="49.2449" lon="1.39763">
        <ele>13.0</ele>
      </trkpt>
      <trkpt lat="49.24505" lon="1.39748">
        <ele>13.6</ele>
      </trkpt>
      <trkpt lat="49.24531" lon="1.39719">
        <ele>16.5</ele>
      </trkpt>
      <trkpt lat="49.24537" lon="1.39712">
        <ele>17.1</ele>
      </trkpt>
      <trkpt lat="49.24544" lon="1.39706">
        <ele>17.7</ele>
      </trkpt>
      <trkpt lat="49.24547" lon="1.39703">
        <ele>17.9</ele>
      </trkpt>
      <trkpt lat="49.2455" lon="1.397">
        <ele>18.2</ele>
      </trkpt>
      <trkpt lat="49.24556" lon="1.39701">
        <ele>18.6</ele>
      </trkpt>
      <trkpt lat="49.24559" lon="1.39702">
        <ele>18.9</ele>
      </trkpt>
      <trkpt lat="49.24565" lon="1.39704">
        <ele>19.4</ele>
      </trkpt>
      <trkpt lat="49.24568" lon="1.397049">
        <ele>19.7</ele>
      </trkpt>
      <trkpt lat="49.24571" lon="1.39706">
        <ele>19.9</ele>
      </trkpt>
      <trkpt lat="49.24571" lon="1.39706">
        <ele>19.9</ele>
      </trkpt>
      <trkpt lat="49.24578" lon="1.39707">
        <ele>20.5</ele>
      </trkpt>
      <trkpt lat="49.2458" lon="1.39694">
        <ele>20.4</ele>
      </trkpt>
      <trkpt lat="49.24584" lon="1.39676">
        <ele>20.5</ele>
      </trkpt>
      <trkpt lat="49.24589" lon="1.39662">
        <ele>22.1</ele>
      </trkpt>
      <trkpt lat="49.24595" lon="1.39653">
        <ele>24.3</ele>
      </trkpt>
      <trkpt lat="49.24603" lon="1.39643">
        <ele>26.9</ele>
      </trkpt>
      <trkpt lat="49.24608" lon="1.39634">
        <ele>28.3</ele>
      </trkpt>
      <trkpt lat="49.24613" lon="1.39623">
        <ele>29.5</ele>
      </trkpt>
      <trkpt lat="49.24622" lon="1.39598">
        <ele>31.0</ele>
      </trkpt>
      <trkpt lat="49.24622" lon="1.39596">
        <ele>30.9</ele>
      </trkpt>
      <trkpt lat="49.24636" lon="1.39562">
        <ele>31.8</ele>
      </trkpt>
      <trkpt lat="49.24653" lon="1.39508">
        <ele>29.5</ele>
      </trkpt>
      <trkpt lat="49.24654" lon="1.39498">
        <ele>28.5</ele>
      </trkpt>
      <trkpt lat="49.24672" lon="1.39439">
        <ele>26.2</ele>
      </trkpt>
      <trkpt lat="49.24689" lon="1.39379">
        <ele>27.0</ele>
      </trkpt>
      <trkpt lat="49.24695" lon="1.39358">
        <ele>26.7</ele>
      </trkpt>
      <trkpt lat="49.24718" lon="1.39296">
        <ele>23.9</ele>
      </trkpt>
      <trkpt lat="49.24739" lon="1.39239">
        <ele>19.2</ele>
      </trkpt>
      <trkpt lat="49.2475" lon="1.39209">
        <ele>18.6</ele>
      </trkpt>
      <trkpt lat="49.247549" lon="1.39196">
        <ele>19.1</ele>
      </trkpt>
      <trkpt lat="49.24759" lon="1.39188">
        <ele>19.6</ele>
      </trkpt>
      <trkpt lat="49.24763" lon="1.3918">
        <ele>20.0</ele>
      </trkpt>
      <trkpt lat="49.2477" lon="1.39167">
        <ele>20.6</ele>
      </trkpt>
      <trkpt lat="49.24791" lon="1.39125">
        <ele>20.4</ele>
      </trkpt>
      <trkpt lat="49.24818" lon="1.39072">
        <ele>18.1</ele>
      </trkpt>
      <trkpt lat="49.24841" lon="1.39028">
        <ele>17.4</ele>
      </trkpt>
      <trkpt lat="49.24868" lon="1.3898">
        <ele>17.7</ele>
      </trkpt>
      <trkpt lat="49.24894" lon="1.38931">
        <ele>17.0</ele>
      </trkpt>
      <trkpt lat="49.248959" lon="1.38927">
        <ele>16.8</ele>
      </trkpt>
      <trkpt lat="49.24924" lon="1.38874">
        <ele>18.2</ele>
      </trkpt>
      <trkpt lat="49.24936" lon="1.3885">
        <ele>19.5</ele>
      </trkpt>
      <trkpt lat="49.24938" lon="1.38847">
        <ele>19.8</ele>
      </trkpt>
      <trkpt lat="49.24949" lon="1.38828">
        <ele>20.4</ele>
      </trkpt>
      <trkpt lat="49.24971" lon="1.38787">
        <ele>20.2</ele>
      </trkpt>
      <trkpt lat="49.24979" lon="1.3877">
        <ele>19.4</ele>
      </trkpt>
      <trkpt lat="49.24992" lon="1.3874">
        <ele>17.8</ele>
      </trkpt>
      <trkpt lat="49.25007" lon="1.38706">
        <ele>20.1</ele>
      </trkpt>
      <trkpt lat="49.250369" lon="1.38633">
        <ele>23.7</ele>
      </trkpt>
      <trkpt lat="49.25051" lon="1.38598">
        <ele>22.6</ele>
      </trkpt>
      <trkpt lat="49.25067" lon="1.38559">
        <ele>21.6</ele>
      </trkpt>
      <trkpt lat="49.25078" lon="1.38528">
        <ele>20.8</ele>
      </trkpt>
      <trkpt lat="49.25094" lon="1.38484">
        <ele>23.3</ele>
      </trkpt>
      <trkpt lat="49.25112" lon="1.3843">
        <ele>26.5</ele>
      </trkpt>
      <trkpt lat="49.25127" lon="1.38384">
        <ele>26.7</ele>
      </trkpt>
      <trkpt lat="49.25148" lon="1.38324">
        <ele>24.5</ele>
      </trkpt>
      <trkpt lat="49.25163" lon="1.38284">
        <ele>22.6</ele>
      </trkpt>
      <trkpt lat="49.25177" lon="1.382509">
        <ele>23.7</ele>
      </trkpt>
      <trkpt lat="49.25197" lon="1.38207">
        <ele>26.7</ele>
      </trkpt>
      <trkpt lat="49.25201" lon="1.38194">
        <ele>26.2</ele>
      </trkpt>
      <trkpt lat="49.25207" lon="1.38189">
        <ele>27.2</ele>
      </trkpt>
      <trkpt lat="49.2521" lon="1.38185">
        <ele>27.5</ele>
      </trkpt>
      <trkpt lat="49.2522" lon="1.38166">
        <ele>26.7</ele>
      </trkpt>
      <trkpt lat="49.25236" lon="1.38131">
        <ele>24.9</ele>
      </trkpt>
      <trkpt lat="49.25242" lon="1.38118">
        <ele>23.6</ele>
      </trkpt>
      <trkpt lat="49.25245" lon="1.381119">
        <ele>22.9</ele>
      </trkpt>
      <trkpt lat="49.2525" lon="1.38106">
        <ele>22.4</ele>
      </trkpt>
      <trkpt lat="49.25264" lon="1.38096">
        <ele>23.9</ele>
      </trkpt>
      <trkpt lat="49.25271" lon="1.38092">
        <ele>24.6</ele>
      </trkpt>
      <trkpt lat="49.25273" lon="1.38091">
        <ele>24.9</ele>
      </trkpt>
      <trkpt lat="49.25282" lon="1.38082">
        <ele>24.8</ele>
      </trkpt>
      <trkpt lat="49.25283" lon="1.38081">
        <ele>24.9</ele>
      </trkpt>
      <trkpt lat="49.25289" lon="1.38068">
        <ele>24.7</ele>
      </trkpt>
      <trkpt lat="49.252899" lon="1.38066">
        <ele>24.6</ele>
      </trkpt>
      <trkpt lat="49.25294" lon="1.38047">
        <ele>23.0</ele>
      </trkpt>
      <trkpt lat="49.25297" lon="1.38041">
        <ele>22.6</ele>
      </trkpt>
      <trkpt lat="49.25302" lon="1.3803">
        <ele>21.7</ele>
      </trkpt>
      <trkpt lat="49.25305" lon="1.38026">
        <ele>21.5</ele>
      </trkpt>
      <trkpt lat="49.25309" lon="1.38023">
        <ele>21.4</ele>
      </trkpt>
      <trkpt lat="49.25314" lon="1.38019">
        <ele>21.2</ele>
      </trkpt>
      <trkpt lat="49.253189" lon="1.38016">
        <ele>21.1</ele>
      </trkpt>
      <trkpt lat="49.2533" lon="1.38008">
        <ele>20.4</ele>
      </trkpt>
      <trkpt lat="49.25342" lon="1.379999">
        <ele>19.4</ele>
      </trkpt>
      <trkpt lat="49.25348" lon="1.37997">
        <ele>19.6</ele>
      </trkpt>
      <trkpt lat="49.25355" lon="1.37992">
        <ele>19.8</ele>
      </trkpt>
      <trkpt lat="49.25366" lon="1.37986">
        <ele>20.1</ele>
      </trkpt>
      <trkpt lat="49.2537" lon="1.37982">
        <ele>20.2</ele>
      </trkpt>
      <trkpt lat="49.253749" lon="1.3798">
        <ele>20.3</ele>
      </trkpt>
      <trkpt lat="49.25381" lon="1.37974">
        <ele>20.3</ele>
      </trkpt>
      <trkpt lat="49.25381" lon="1.379729">
        <ele>20.2</ele>
      </trkpt>
      <trkpt lat="49.25382" lon="1.379729">
        <ele>20.3</ele>
      </trkpt>
      <trkpt lat="49.25382" lon="1.37972">
        <ele>20.2</ele>
      </trkpt>
      <trkpt lat="49.25386" lon="1.37962">
        <ele>19.9</ele>
      </trkpt>
      <trkpt lat="49.25387" lon="1.37961">
        <ele>19.9</ele>
      </trkpt>
      <trkpt lat="49.25387" lon="1.3796">
        <ele>19.9</ele>
      </trkpt>
      <trkpt lat="49.25389" lon="1.37955">
        <ele>19.7</ele>
      </trkpt>
      <trkpt lat="49.2539" lon="1.37941">
        <ele>19.1</ele>
      </trkpt>
      <trkpt lat="49.25389" lon="1.37937">
        <ele>18.9</ele>
      </trkpt>
      <trkpt lat="49.253929" lon="1.3791">
        <ele>18.5</ele>
      </trkpt>
      <trkpt lat="49.253929" lon="1.37904">
        <ele>18.9</ele>
      </trkpt>
      <trkpt lat="49.253929" lon="1.37901">
        <ele>19.2</ele>
      </trkpt>
      <trkpt lat="49.25392" lon="1.37897">
        <ele>19.4</ele>
      </trkpt>
      <trkpt lat="49.25391" lon="1.378949">
        <ele>19.5</ele>
      </trkpt>
      <trkpt lat="49.25386" lon="1.37888">
        <ele>19.8</ele>
      </trkpt>
      <trkpt lat="49.25381" lon="1.37882">
        <ele>20.0</ele>
      </trkpt>
      <trkpt lat="49.2535" lon="1.37844">
        <ele>18.9</ele>
      </trkpt>
      <trkpt lat="49.25316" lon="1.37798">
        <ele>16.4</ele>
      </trkpt>
      <trkpt lat="49.25309" lon="1.37785">
        <ele>16.1</ele>
      </trkpt>
      <trkpt lat="49.25303" lon="1.37772">
        <ele>15.7</ele>
      </trkpt>
      <trkpt lat="49.25298" lon="1.37757">
        <ele>15.4</ele>
      </trkpt>
      <trkpt lat="49.25293" lon="1.37738">
        <ele>15.2</ele>
      </trkpt>
      <trkpt lat="49.25291" lon="1.37723">
        <ele>15.1</ele>
      </trkpt>
      <trkpt lat="49.252899" lon="1.37709">
        <ele>15.1</ele>
      </trkpt>
      <trkpt lat="49.25289" lon="1.37696">
        <ele>15.1</ele>
      </trkpt>
      <trkpt lat="49.252899" lon="1.37691">
        <ele>15.2</ele>
      </trkpt>
      <trkpt lat="49.252899" lon="1.37683">
        <ele>15.2</ele>
      </trkpt>
      <trkpt lat="49.25291" lon="1.37673">
        <ele>15.4</ele>
      </trkpt>
      <trkpt lat="49.25296" lon="1.37642">
        <ele>16.7</ele>
      </trkpt>
      <trkpt lat="49.25301" lon="1.37609">
        <ele>18.2</ele>
      </trkpt>
      <trkpt lat="49.25302" lon="1.37595">
        <ele>18.7</ele>
      </trkpt>
      <trkpt lat="49.25305" lon="1.37583">
        <ele>19.3</ele>
      </trkpt>
      <trkpt lat="49.25309" lon="1.37558">
        <ele>19.4</ele>
      </trkpt>
      <trkpt lat="49.2532" lon="1.37493">
        <ele>19.8</ele>
      </trkpt>
      <trkpt lat="49.25333" lon="1.37409">
        <ele>21.6</ele>
      </trkpt>
      <trkpt lat="49.25338" lon="1.373729">
        <ele>22.1</ele>
      </trkpt>
      <trkpt lat="49.2534" lon="1.37365">
        <ele>22.6</ele>
      </trkpt>
      <trkpt lat="49.253459" lon="1.3732">
        <ele>23.0</ele>
      </trkpt>
      <trkpt lat="49.25349" lon="1.372779">
        <ele>22.0</ele>
      </trkpt>
      <trkpt lat="49.25352" lon="1.37244">
        <ele>21.3</ele>
      </trkpt>
      <trkpt lat="49.25357" lon="1.37181">
        <ele>20.4</ele>
      </trkpt>
      <trkpt lat="49.25361" lon="1.37122">
        <ele>21.2</ele>
      </trkpt>
      <trkpt lat="49.25366" lon="1.37044">
        <ele>23.6</ele>
      </trkpt>
      <trkpt lat="49.25369" lon="1.36983">
        <ele>26.3</ele>
      </trkpt>
      <trkpt lat="49.25371" lon="1.36892">
        <ele>30.0</ele>
      </trkpt>
      <trkpt lat="49.25372" lon="1.36831">
        <ele>31.7</ele>
      </trkpt>
      <trkpt lat="49.25372" lon="1.367729">
        <ele>29.5</ele>
      </trkpt>
      <trkpt lat="49.25369" lon="1.36718">
        <ele>26.5</ele>
      </trkpt>
      <trkpt lat="49.25362" lon="1.36612">
        <ele>21.8</ele>
      </trkpt>
      <trkpt lat="49.25355" lon="1.36523">
        <ele>24.0</ele>
      </trkpt>
      <trkpt lat="49.2535" lon="1.36467">
        <ele>24.7</ele>
      </trkpt>
      <trkpt lat="49.25341" lon="1.36382">
        <ele>23.2</ele>
      </trkpt>
      <trkpt lat="49.25335" lon="1.36338">
        <ele>21.8</ele>
      </trkpt>
      <trkpt lat="49.25327" lon="1.36296">
        <ele>21.4</ele>
      </trkpt>
      <trkpt lat="49.2532" lon="1.36259">
        <ele>22.0</ele>
      </trkpt>
      <trkpt lat="49.25309" lon="1.36212">
        <ele>22.4</ele>
      </trkpt>
      <trkpt lat="49.25301" lon="1.36174">
        <ele>22.4</ele>
      </trkpt>
      <trkpt lat="49.25288" lon="1.36105">
        <ele>23.6</ele>
      </trkpt>
      <trkpt lat="49.25285" lon="1.36076">
        <ele>24.5</ele>
      </trkpt>
      <trkpt lat="49.25279" lon="1.36015">
        <ele>26.3</ele>
      </trkpt>
      <trkpt lat="49.252719" lon="1.35939">
        <ele>26.7</ele>
      </trkpt>
      <trkpt lat="49.25259" lon="1.35851">
        <ele>24.0</ele>
      </trkpt>
      <trkpt lat="49.25249" lon="1.357799">
        <ele>21.7</ele>
      </trkpt>
      <trkpt lat="49.25242" lon="1.35747">
        <ele>21.7</ele>
      </trkpt>
      <trkpt lat="49.25237" lon="1.35725">
        <ele>23.1</ele>
      </trkpt>
      <trkpt lat="49.25226" lon="1.35669">
        <ele>26.9</ele>
      </trkpt>
      <trkpt lat="49.25212" lon="1.35606">
        <ele>29.1</ele>
      </trkpt>
      <trkpt lat="49.252" lon="1.35561">
        <ele>28.1</ele>
      </trkpt>
      <trkpt lat="49.25184" lon="1.35507">
        <ele>25.1</ele>
      </trkpt>
      <trkpt lat="49.2517" lon="1.35452">
        <ele>19.8</ele>
      </trkpt>
      <trkpt lat="49.25159" lon="1.35408">
        <ele>18.5</ele>
      </trkpt>
      <trkpt lat="49.25147" lon="1.35368">
        <ele>19.9</ele>
      </trkpt>
      <trkpt lat="49.25136" lon="1.35332">
        <ele>21.0</ele>
      </trkpt>
      <trkpt lat="49.25126" lon="1.35306">
        <ele>21.4</ele>
      </trkpt>
      <trkpt lat="49.25104" lon="1.35259">
        <ele>18.4</ele>
      </trkpt>
      <trkpt lat="49.250839" lon="1.35212">
        <ele>15.0</ele>
      </trkpt>
      <trkpt lat="49.25064" lon="1.3516">
        <ele>15.8</ele>
      </trkpt>
      <trkpt lat="49.25049" lon="1.351189">
        <ele>17.0</ele>
      </trkpt>
      <trkpt lat="49.25018" lon="1.35029">
        <ele>17.2</ele>
      </trkpt>
      <trkpt lat="49.24997" lon="1.34972">
        <ele>14.4</ele>
      </trkpt>
      <trkpt lat="49.249809" lon="1.34925">
        <ele>14.9</ele>
      </trkpt>
      <trkpt lat="49.2497" lon="1.34894">
        <ele>16.0</ele>
      </trkpt>
      <trkpt lat="49.24954" lon="1.348479">
        <ele>17.8</ele>
      </trkpt>
      <trkpt lat="49.249429" lon="1.34819">
        <ele>18.6</ele>
      </trkpt>
      <trkpt lat="49.24927" lon="1.34772">
        <ele>18.8</ele>
      </trkpt>
      <trkpt lat="49.24912" lon="1.34729">
        <ele>17.4</ele>
      </trkpt>
      <trkpt lat="49.24895" lon="1.34681">
        <ele>17.7</ele>
      </trkpt>
      <trkpt lat="49.24875" lon="1.34625">
        <ele>18.8</ele>
      </trkpt>
      <trkpt lat="49.24868" lon="1.34606">
        <ele>18.6</ele>
      </trkpt>
      <trkpt lat="49.24859" lon="1.34584">
        <ele>17.8</ele>
      </trkpt>
      <trkpt lat="49.24852" lon="1.34568">
        <ele>17.9</ele>
      </trkpt>
      <trkpt lat="49.24846" lon="1.34554">
        <ele>17.7</ele>
      </trkpt>
      <trkpt lat="49.24823" lon="1.34511">
        <ele>16.2</ele>
      </trkpt>
      <trkpt lat="49.24792" lon="1.34453">
        <ele>19.1</ele>
      </trkpt>
      <trkpt lat="49.24714" lon="1.34302">
        <ele>20.6</ele>
      </trkpt>
      <trkpt lat="49.24687" lon="1.34249">
        <ele>20.5</ele>
      </trkpt>
      <trkpt lat="49.24657" lon="1.3419">
        <ele>19.5</ele>
      </trkpt>
      <trkpt lat="49.24636" lon="1.34147">
        <ele>22.3</ele>
      </trkpt>
      <trkpt lat="49.24608" lon="1.340919">
        <ele>21.8</ele>
      </trkpt>
      <trkpt lat="49.24586" lon="1.34043">
        <ele>17.9</ele>
      </trkpt>
      <trkpt lat="49.24565" lon="1.33995">
        <ele>17.6</ele>
      </trkpt>
      <trkpt lat="49.24554" lon="1.339699">
        <ele>17.4</ele>
      </trkpt>
      <trkpt lat="49.24545" lon="1.33955">
        <ele>16.9</ele>
      </trkpt>
      <trkpt lat="49.24535" lon="1.33938">
        <ele>16.3</ele>
      </trkpt>
      <trkpt lat="49.24516" lon="1.33907">
        <ele>15.2</ele>
      </trkpt>
      <trkpt lat="49.24486" lon="1.33857">
        <ele>14.5</ele>
      </trkpt>
      <trkpt lat="49.244729" lon="1.33835">
        <ele>14.4</ele>
      </trkpt>
      <trkpt lat="49.24462" lon="1.33814">
        <ele>14.2</ele>
      </trkpt>
      <trkpt lat="49.244549" lon="1.33798">
        <ele>14.1</ele>
      </trkpt>
      <trkpt lat="49.24454" lon="1.33795">
        <ele>14.1</ele>
      </trkpt>
      <trkpt lat="49.244459" lon="1.33774">
        <ele>14.0</ele>
      </trkpt>
      <trkpt lat="49.24438" lon="1.33751">
        <ele>13.8</ele>
      </trkpt>
      <trkpt lat="49.24409" lon="1.33658">
        <ele>13.7</ele>
      </trkpt>
      <trkpt lat="49.243899" lon="1.336">
        <ele>17.0</ele>
      </trkpt>
      <trkpt lat="49.24378" lon="1.33562">
        <ele>19.2</ele>
      </trkpt>
      <trkpt lat="49.24354" lon="1.33494">
        <ele>21.2</ele>
      </trkpt>
      <trkpt lat="49.24349" lon="1.33478">
        <ele>22.5</ele>
      </trkpt>
      <trkpt lat="49.24344" lon="1.334649">
        <ele>23.0</ele>
      </trkpt>
      <trkpt lat="49.24339" lon="1.334549">
        <ele>22.8</ele>
      </trkpt>
      <trkpt lat="49.24324" lon="1.334209">
        <ele>24.2</ele>
      </trkpt>
      <trkpt lat="49.24286" lon="1.33341">
        <ele>23.7</ele>
      </trkpt>
      <trkpt lat="49.24263" lon="1.33292">
        <ele>21.2</ele>
      </trkpt>
      <trkpt lat="49.24199" lon="1.33152">
        <ele>19.9</ele>
      </trkpt>
      <trkpt lat="49.24179" lon="1.33106">
        <ele>19.5</ele>
      </trkpt>
      <trkpt lat="49.2417" lon="1.33085">
        <ele>18.2</ele>
      </trkpt>
      <trkpt lat="49.24169" lon="1.330819">
        <ele>18.1</ele>
      </trkpt>
      <trkpt lat="49.24167" lon="1.33079">
        <ele>17.8</ele>
      </trkpt>
      <trkpt lat="49.24159" lon="1.33065">
        <ele>19.1</ele>
      </trkpt>
      <trkpt lat="49.24151" lon="1.33054">
        <ele>19.7</ele>
      </trkpt>
      <trkpt lat="49.24149" lon="1.3305">
        <ele>20.0</ele>
      </trkpt>
      <trkpt lat="49.24144" lon="1.33043">
        <ele>20.2</ele>
      </trkpt>
      <trkpt lat="49.24139" lon="1.33037">
        <ele>20.2</ele>
      </trkpt>
      <trkpt lat="49.24135" lon="1.3303">
        <ele>20.4</ele>
      </trkpt>
      <trkpt lat="49.24129" lon="1.3302">
        <ele>20.4</ele>
      </trkpt>
      <trkpt lat="49.24124" lon="1.330109">
        <ele>20.3</ele>
      </trkpt>
      <trkpt lat="49.24103" lon="1.32974">
        <ele>20.5</ele>
      </trkpt>
      <trkpt lat="49.24083" lon="1.32935">
        <ele>18.4</ele>
      </trkpt>
      <trkpt lat="49.24074" lon="1.32918">
        <ele>18.8</ele>
      </trkpt>
      <trkpt lat="49.2406" lon="1.32892">
        <ele>21.7</ele>
      </trkpt>
      <trkpt lat="49.24055" lon="1.32884">
        <ele>22.3</ele>
      </trkpt>
      <trkpt lat="49.24035" lon="1.32857">
        <ele>22.4</ele>
      </trkpt>
      <trkpt lat="49.24016" lon="1.32834">
        <ele>20.4</ele>
      </trkpt>
      <trkpt lat="49.23993" lon="1.32808">
        <ele>19.6</ele>
      </trkpt>
      <trkpt lat="49.2397" lon="1.32782">
        <ele>20.7</ele>
      </trkpt>
      <trkpt lat="49.23953" lon="1.32763">
        <ele>20.3</ele>
      </trkpt>
      <trkpt lat="49.23933" lon="1.32738">
        <ele>19.5</ele>
      </trkpt>
      <trkpt lat="49.23896" lon="1.32691">
        <ele>18.9</ele>
      </trkpt>
      <trkpt lat="49.23874" lon="1.32663">
        <ele>19.2</ele>
      </trkpt>
      <trkpt lat="49.2387" lon="1.32658">
        <ele>19.8</ele>
      </trkpt>
      <trkpt lat="49.23867" lon="1.32652">
        <ele>20.7</ele>
      </trkpt>
      <trkpt lat="49.23858" lon="1.32641">
        <ele>21.6</ele>
      </trkpt>
      <trkpt lat="49.23827" lon="1.32604">
        <ele>22.4</ele>
      </trkpt>
      <trkpt lat="49.238" lon="1.32574">
        <ele>23.8</ele>
      </trkpt>
      <trkpt lat="49.23769" lon="1.32542">
        <ele>25.6</ele>
      </trkpt>
      <trkpt lat="49.23745" lon="1.32522">
        <ele>24.9</ele>
      </trkpt>
      <trkpt lat="49.237139" lon="1.32498">
        <ele>25.6</ele>
      </trkpt>
      <trkpt lat="49.23684" lon="1.32479">
        <ele>26.5</ele>
      </trkpt>
      <trkpt lat="49.23644" lon="1.32456">
        <ele>26.7</ele>
      </trkpt>
      <trkpt lat="49.23614" lon="1.32443">
        <ele>25.6</ele>
      </trkpt>
      <trkpt lat="49.23602" lon="1.32439">
        <ele>24.8</ele>
      </trkpt>
      <trkpt lat="49.23575" lon="1.32426">
        <ele>22.8</ele>
      </trkpt>
      <trkpt lat="49.23558" lon="1.32416">
        <ele>21.2</ele>
      </trkpt>
      <trkpt lat="49.23541" lon="1.32403">
        <ele>21.6</ele>
      </trkpt>
      <trkpt lat="49.23518" lon="1.3238">
        <ele>22.0</ele>
      </trkpt>
      <trkpt lat="49.23498" lon="1.3236">
        <ele>21.3</ele>
      </trkpt>
      <trkpt lat="49.23474" lon="1.32334">
        <ele>21.6</ele>
      </trkpt>
      <trkpt lat="49.23458" lon="1.323159">
        <ele>22.3</ele>
      </trkpt>
      <trkpt lat="49.2343" lon="1.32284">
        <ele>21.3</ele>
      </trkpt>
      <trkpt lat="49.23406" lon="1.32254">
        <ele>20.1</ele>
      </trkpt>
      <trkpt lat="49.2339" lon="1.32234">
        <ele>21.1</ele>
      </trkpt>
      <trkpt lat="49.2336" lon="1.32196">
        <ele>20.9</ele>
      </trkpt>
      <trkpt lat="49.23331" lon="1.32156">
        <ele>18.8</ele>
      </trkpt>
      <trkpt lat="49.23308" lon="1.32126">
        <ele>20.9</ele>
      </trkpt>
      <trkpt lat="49.23292" lon="1.32105">
        <ele>21.0</ele>
      </trkpt>
      <trkpt lat="49.23276" lon="1.32084">
        <ele>19.9</ele>
      </trkpt>
      <trkpt lat="49.23252" lon="1.32054">
        <ele>18.0</ele>
      </trkpt>
      <trkpt lat="49.23237" lon="1.32034">
        <ele>18.3</ele>
      </trkpt>
      <trkpt lat="49.23217" lon="1.32008">
        <ele>17.8</ele>
      </trkpt>
      <trkpt lat="49.23199" lon="1.31983">
        <ele>16.8</ele>
      </trkpt>
      <trkpt lat="49.23183" lon="1.31961">
        <ele>15.5</ele>
      </trkpt>
      <trkpt lat="49.23164" lon="1.31929">
        <ele>14.1</ele>
      </trkpt>
      <trkpt lat="49.23143" lon="1.31896">
        <ele>14.5</ele>
      </trkpt>
      <trkpt lat="49.23117" lon="1.31847">
        <ele>13.7</ele>
      </trkpt>
      <trkpt lat="49.23098" lon="1.31809">
        <ele>12.6</ele>
      </trkpt>
      <trkpt lat="49.23096" lon="1.318">
        <ele>12.6</ele>
      </trkpt>
      <trkpt lat="49.23083" lon="1.31775">
        <ele>11.4</ele>
      </trkpt>
      <trkpt lat="49.23072" lon="1.31751">
        <ele>11.6</ele>
      </trkpt>
      <trkpt lat="49.23057" lon="1.31721">
        <ele>12.4</ele>
      </trkpt>
      <trkpt lat="49.23048" lon="1.31703">
        <ele>12.6</ele>
      </trkpt>
      <trkpt lat="49.23041" lon="1.31695">
        <ele>12.4</ele>
      </trkpt>
      <trkpt lat="49.23034" lon="1.31681">
        <ele>12.4</ele>
      </trkpt>
      <trkpt lat="49.23022" lon="1.31654">
        <ele>12.2</ele>
      </trkpt>
      <trkpt lat="49.230089" lon="1.316179">
        <ele>12.1</ele>
      </trkpt>
      <trkpt lat="49.229999" lon="1.31591">
        <ele>11.8</ele>
      </trkpt>
      <trkpt lat="49.22993" lon="1.31569">
        <ele>12.5</ele>
      </trkpt>
      <trkpt lat="49.2299" lon="1.31555">
        <ele>13.0</ele>
      </trkpt>
      <trkpt lat="49.22986" lon="1.31537">
        <ele>13.5</ele>
      </trkpt>
      <trkpt lat="49.2298" lon="1.31507">
        <ele>14.1</ele>
      </trkpt>
      <trkpt lat="49.22975" lon="1.31482">
        <ele>14.1</ele>
      </trkpt>
      <trkpt lat="49.22964" lon="1.31422">
        <ele>13.4</ele>
      </trkpt>
      <trkpt lat="49.22956" lon="1.31375">
        <ele>13.1</ele>
      </trkpt>
      <trkpt lat="49.22947" lon="1.31337">
        <ele>12.8</ele>
      </trkpt>
      <trkpt lat="49.2294" lon="1.31311">
        <ele>12.7</ele>
      </trkpt>
      <trkpt lat="49.22927" lon="1.31269">
        <ele>12.5</ele>
      </trkpt>
      <trkpt lat="49.22924" lon="1.31258">
        <ele>12.4</ele>
      </trkpt>
      <trkpt lat="49.22918" lon="1.31243">
        <ele>12.3</ele>
      </trkpt>
      <trkpt lat="49.22914" lon="1.31232">
        <ele>12.6</ele>
      </trkpt>
      <trkpt lat="49.22908" lon="1.31217">
        <ele>12.9</ele>
      </trkpt>
      <trkpt lat="49.229059" lon="1.31211">
        <ele>13.1</ele>
      </trkpt>
      <trkpt lat="49.22905" lon="1.31209">
        <ele>13.1</ele>
      </trkpt>
      <trkpt lat="49.22902" lon="1.31196">
        <ele>13.5</ele>
      </trkpt>
      <trkpt lat="49.22898" lon="1.31177">
        <ele>14.0</ele>
      </trkpt>
      <trkpt lat="49.22896" lon="1.31161">
        <ele>14.3</ele>
      </trkpt>
      <trkpt lat="49.22896" lon="1.31144">
        <ele>14.3</ele>
      </trkpt>
      <trkpt lat="49.22895" lon="1.31126">
        <ele>14.3</ele>
      </trkpt>
      <trkpt lat="49.22895" lon="1.31111">
        <ele>14.4</ele>
      </trkpt>
      <trkpt lat="49.22894" lon="1.310959">
        <ele>14.4</ele>
      </trkpt>
      <trkpt lat="49.22891" lon="1.31078">
        <ele>14.4</ele>
      </trkpt>
      <trkpt lat="49.22889" lon="1.31064">
        <ele>14.5</ele>
      </trkpt>
      <trkpt lat="49.22885" lon="1.31054">
        <ele>14.5</ele>
      </trkpt>
      <trkpt lat="49.22883" lon="1.31047">
        <ele>14.5</ele>
      </trkpt>
      <trkpt lat="49.22876" lon="1.31031">
        <ele>14.3</ele>
      </trkpt>
      <trkpt lat="49.22871" lon="1.31016">
        <ele>14.3</ele>
      </trkpt>
      <trkpt lat="49.22864" lon="1.30995">
        <ele>14.1</ele>
      </trkpt>
      <trkpt lat="49.22855" lon="1.309669">
        <ele>13.8</ele>
      </trkpt>
      <trkpt lat="49.2284" lon="1.30918">
        <ele>13.2</ele>
      </trkpt>
      <trkpt lat="49.22831" lon="1.30889">
        <ele>13.7</ele>
      </trkpt>
      <trkpt lat="49.22818" lon="1.30843">
        <ele>14.3</ele>
      </trkpt>
      <trkpt lat="49.2281" lon="1.30811">
        <ele>14.0</ele>
      </trkpt>
      <trkpt lat="49.22797" lon="1.307569">
        <ele>13.6</ele>
      </trkpt>
      <trkpt lat="49.22786" lon="1.30705">
        <ele>13.4</ele>
      </trkpt>
      <trkpt lat="49.22775" lon="1.30648">
        <ele>13.5</ele>
      </trkpt>
      <trkpt lat="49.22772" lon="1.30641">
        <ele>13.6</ele>
      </trkpt>
      <trkpt lat="49.22758" lon="1.30604">
        <ele>13.8</ele>
      </trkpt>
      <trkpt lat="49.2274" lon="1.30562">
        <ele>13.9</ele>
      </trkpt>
      <trkpt lat="49.22722" lon="1.30517">
        <ele>14.1</ele>
      </trkpt>
      <trkpt lat="49.227089" lon="1.30478">
        <ele>13.6</ele>
      </trkpt>
      <trkpt lat="49.22708" lon="1.30477">
        <ele>13.6</ele>
      </trkpt>
      <trkpt lat="49.22695" lon="1.30433">
        <ele>12.6</ele>
      </trkpt>
      <trkpt lat="49.22684" lon="1.30395">
        <ele>12.4</ele>
      </trkpt>
      <trkpt lat="49.22676" lon="1.30367">
        <ele>12.6</ele>
      </trkpt>
      <trkpt lat="49.2267" lon="1.30344">
        <ele>12.9</ele>
      </trkpt>
      <trkpt lat="49.22663" lon="1.30315">
        <ele>12.9</ele>
      </trkpt>
      <trkpt lat="49.22659" lon="1.30291">
        <ele>12.8</ele>
      </trkpt>
      <trkpt lat="49.22654" lon="1.30264">
        <ele>12.7</ele>
      </trkpt>
      <trkpt lat="49.2265" lon="1.30243">
        <ele>12.7</ele>
      </trkpt>
      <trkpt lat="49.22645" lon="1.3022">
        <ele>12.8</ele>
      </trkpt>
      <trkpt lat="49.2264" lon="1.301909">
        <ele>13.1</ele>
      </trkpt>
      <trkpt lat="49.22632" lon="1.30154">
        <ele>13.2</ele>
      </trkpt>
      <trkpt lat="49.22626" lon="1.301299">
        <ele>13.0</ele>
      </trkpt>
      <trkpt lat="49.226149" lon="1.30092">
        <ele>12.8</ele>
      </trkpt>
      <trkpt lat="49.22596" lon="1.30031">
        <ele>12.4</ele>
      </trkpt>
      <trkpt lat="49.22577" lon="1.29969">
        <ele>12.1</ele>
      </trkpt>
      <trkpt lat="49.22567" lon="1.29937">
        <ele>12.2</ele>
      </trkpt>
      <trkpt lat="49.22544" lon="1.29865">
        <ele>12.5</ele>
      </trkpt>
      <trkpt lat="49.225029" lon="1.29755">
        <ele>12.1</ele>
      </trkpt>
      <trkpt lat="49.22498" lon="1.29739">
        <ele>12.2</ele>
      </trkpt>
      <trkpt lat="49.22469" lon="1.29657">
        <ele>13.8</ele>
      </trkpt>
      <trkpt lat="49.22457" lon="1.29624">
        <ele>14.2</ele>
      </trkpt>
      <trkpt lat="49.224469" lon="1.29594">
        <ele>14.6</ele>
      </trkpt>
      <trkpt lat="49.2243" lon="1.29545">
        <ele>14.6</ele>
      </trkpt>
      <trkpt lat="49.22427" lon="1.29534">
        <ele>14.7</ele>
      </trkpt>
      <trkpt lat="49.22417" lon="1.29495">
        <ele>14.9</ele>
      </trkpt>
      <trkpt lat="49.2241" lon="1.29472">
        <ele>14.6</ele>
      </trkpt>
      <trkpt lat="49.22406" lon="1.29461">
        <ele>14.5</ele>
      </trkpt>
      <trkpt lat="49.22403" lon="1.29453">
        <ele>14.4</ele>
      </trkpt>
      <trkpt lat="49.22399" lon="1.29447">
        <ele>14.3</ele>
      </trkpt>
      <trkpt lat="49.22394" lon="1.29437">
        <ele>14.2</ele>
      </trkpt>
      <trkpt lat="49.2239" lon="1.29432">
        <ele>14.1</ele>
      </trkpt>
      <trkpt lat="49.22364" lon="1.29396">
        <ele>14.2</ele>
      </trkpt>
      <trkpt lat="49.22352" lon="1.2938">
        <ele>14.4</ele>
      </trkpt>
      <trkpt lat="49.2233" lon="1.29353">
        <ele>14.7</ele>
      </trkpt>
      <trkpt lat="49.22282" lon="1.29301">
        <ele>14.4</ele>
      </trkpt>
      <trkpt lat="49.22266" lon="1.29282">
        <ele>14.5</ele>
      </trkpt>
      <trkpt lat="49.22262" lon="1.29276">
        <ele>14.6</ele>
      </trkpt>
      <trkpt lat="49.222589" lon="1.29268">
        <ele>14.7</ele>
      </trkpt>
      <trkpt lat="49.22255" lon="1.2926">
        <ele>14.8</ele>
      </trkpt>
      <trkpt lat="49.22252" lon="1.292519">
        <ele>15.0</ele>
      </trkpt>
      <trkpt lat="49.22249" lon="1.29237">
        <ele>15.3</ele>
      </trkpt>
      <trkpt lat="49.22248" lon="1.29229">
        <ele>15.5</ele>
      </trkpt>
      <trkpt lat="49.22246" lon="1.29212">
        <ele>15.8</ele>
      </trkpt>
      <trkpt lat="49.2224" lon="1.29182">
        <ele>16.4</ele>
      </trkpt>
      <trkpt lat="49.22234" lon="1.29159">
        <ele>16.7</ele>
      </trkpt>
      <trkpt lat="49.22227" lon="1.29141">
        <ele>16.6</ele>
      </trkpt>
      <trkpt lat="49.2222" lon="1.29124">
        <ele>16.6</ele>
      </trkpt>
      <trkpt lat="49.22205" lon="1.29095">
        <ele>16.8</ele>
      </trkpt>
      <trkpt lat="49.221939" lon="1.29075">
        <ele>16.9</ele>
      </trkpt>
      <trkpt lat="49.22184" lon="1.29056">
        <ele>16.6</ele>
      </trkpt>
      <trkpt lat="49.22169" lon="1.29028">
        <ele>16.3</ele>
      </trkpt>
      <trkpt lat="49.22146" lon="1.28989">
        <ele>15.9</ele>
      </trkpt>
      <trkpt lat="49.22122" lon="1.28945">
        <ele>16.5</ele>
      </trkpt>
      <trkpt lat="49.22117" lon="1.28938">
        <ele>16.6</ele>
      </trkpt>
      <trkpt lat="49.22114" lon="1.28933">
        <ele>16.7</ele>
      </trkpt>
      <trkpt lat="49.22111" lon="1.28926">
        <ele>16.8</ele>
      </trkpt>
      <trkpt lat="49.22108" lon="1.28921">
        <ele>16.9</ele>
      </trkpt>
      <trkpt lat="49.22108" lon="1.289199">
        <ele>16.9</ele>
      </trkpt>
      <trkpt lat="49.22106" lon="1.28913">
        <ele>17.0</ele>
      </trkpt>
      <trkpt lat="49.22095" lon="1.28884">
        <ele>16.7</ele>
      </trkpt>
      <trkpt lat="49.22089" lon="1.28868">
        <ele>16.5</ele>
      </trkpt>
      <trkpt lat="49.22089" lon="1.28868">
        <ele>16.5</ele>
      </trkpt>
      <trkpt lat="49.2209" lon="1.28867">
        <ele>16.5</ele>
      </trkpt>
      <trkpt lat="49.2209" lon="1.28866">
        <ele>16.4</ele>
      </trkpt>
      <trkpt lat="49.2209" lon="1.28865">
        <ele>16.4</ele>
      </trkpt>
      <trkpt lat="49.2209" lon="1.28864">
        <ele>16.4</ele>
      </trkpt>
      <trkpt lat="49.2209" lon="1.28862">
        <ele>16.4</ele>
      </trkpt>
      <trkpt lat="49.2209" lon="1.28861">
        <ele>16.4</ele>
      </trkpt>
      <trkpt lat="49.2209" lon="1.288589">
        <ele>16.4</ele>
      </trkpt>
      <trkpt lat="49.22094" lon="1.28853">
        <ele>16.3</ele>
      </trkpt>
      <trkpt lat="49.22096" lon="1.2885">
        <ele>16.3</ele>
      </trkpt>
      <trkpt lat="49.22101" lon="1.28847">
        <ele>16.3</ele>
      </trkpt>
      <trkpt lat="49.22113" lon="1.28838">
        <ele>16.4</ele>
      </trkpt>
      <trkpt lat="49.22204" lon="1.2878">
        <ele>18.4</ele>
      </trkpt>
      <trkpt lat="49.22224" lon="1.28767">
        <ele>19.8</ele>
      </trkpt>
      <trkpt lat="49.22218" lon="1.28745">
        <ele>19.7</ele>
      </trkpt>
      <trkpt lat="49.22213" lon="1.28727">
        <ele>19.5</ele>
      </trkpt>
      <trkpt lat="49.22211" lon="1.28717">
        <ele>19.4</ele>
      </trkpt>
      <trkpt lat="49.22202" lon="1.28685">
        <ele>19.0</ele>
      </trkpt>
      <trkpt lat="49.222" lon="1.28679">
        <ele>18.9</ele>
      </trkpt>
      <trkpt lat="49.22198" lon="1.286689">
        <ele>18.9</ele>
      </trkpt>
      <trkpt lat="49.22197" lon="1.28657">
        <ele>19.0</ele>
      </trkpt>
      <trkpt lat="49.22195" lon="1.28648">
        <ele>19.0</ele>
      </trkpt>
      <trkpt lat="49.22195" lon="1.28638">
        <ele>19.2</ele>
      </trkpt>
      <trkpt lat="49.221939" lon="1.286249">
        <ele>19.3</ele>
      </trkpt>
      <trkpt lat="49.221939" lon="1.28617">
        <ele>19.4</ele>
      </trkpt>
      <trkpt lat="49.22193" lon="1.28588">
        <ele>19.9</ele>
      </trkpt>
      <trkpt lat="49.22193" lon="1.28578">
        <ele>19.9</ele>
      </trkpt>
      <trkpt lat="49.22191" lon="1.28468">
        <ele>20.5</ele>
      </trkpt>
      <trkpt lat="49.22191" lon="1.28455">
        <ele>20.8</ele>
      </trkpt>
      <trkpt lat="49.22192" lon="1.28441">
        <ele>21.1</ele>
      </trkpt>
      <trkpt lat="49.22192" lon="1.284149">
        <ele>21.6</ele>
      </trkpt>
      <trkpt lat="49.22191" lon="1.28391">
        <ele>22.0</ele>
      </trkpt>
      <trkpt lat="49.22191" lon="1.28382">
        <ele>22.1</ele>
      </trkpt>
      <trkpt lat="49.2219" lon="1.28378">
        <ele>22.2</ele>
      </trkpt>
      <trkpt lat="49.2219" lon="1.28373">
        <ele>22.2</ele>
      </trkpt>
      <trkpt lat="49.2219" lon="1.2837">
        <ele>22.3</ele>
      </trkpt>
      <trkpt lat="49.2219" lon="1.28369">
        <ele>22.3</ele>
      </trkpt>
      <trkpt lat="49.2219" lon="1.28366">
        <ele>22.3</ele>
      </trkpt>
      <trkpt lat="49.22191" lon="1.28357">
        <ele>22.5</ele>
      </trkpt>
      <trkpt lat="49.22193" lon="1.28346">
        <ele>22.7</ele>
      </trkpt>
      <trkpt lat="49.22198" lon="1.28326">
        <ele>23.2</ele>
      </trkpt>
      <trkpt lat="49.22223" lon="1.28254">
        <ele>25.6</ele>
      </trkpt>
      <trkpt lat="49.22235" lon="1.28221">
        <ele>26.3</ele>
      </trkpt>
      <trkpt lat="49.22254" lon="1.28176">
        <ele>27.0</ele>
      </trkpt>
      <trkpt lat="49.22264" lon="1.28156">
        <ele>27.2</ele>
      </trkpt>
      <trkpt lat="49.22285" lon="1.28114">
        <ele>27.4</ele>
      </trkpt>
      <trkpt lat="49.223239" lon="1.28041">
        <ele>27.9</ele>
      </trkpt>
      <trkpt lat="49.223529" lon="1.27989">
        <ele>28.4</ele>
      </trkpt>
      <trkpt lat="49.22358" lon="1.27975">
        <ele>28.4</ele>
      </trkpt>
      <trkpt lat="49.22376" lon="1.27942">
        <ele>28.7</ele>
      </trkpt>
      <trkpt lat="49.22377" lon="1.279369">
        <ele>28.7</ele>
      </trkpt>
      <trkpt lat="49.2238" lon="1.27925">
        <ele>28.7</ele>
      </trkpt>
      <trkpt lat="49.22393" lon="1.27888">
        <ele>29.1</ele>
      </trkpt>
      <trkpt lat="49.22429" lon="1.27765">
        <ele>28.4</ele>
      </trkpt>
      <trkpt lat="49.224649" lon="1.276489">
        <ele>27.8</ele>
      </trkpt>
      <trkpt lat="49.22472" lon="1.27623">
        <ele>28.0</ele>
      </trkpt>
      <trkpt lat="49.22482" lon="1.27584">
        <ele>28.2</ele>
      </trkpt>
      <trkpt lat="49.22492" lon="1.27542">
        <ele>28.6</ele>
      </trkpt>
      <trkpt lat="49.22501" lon="1.27495">
        <ele>29.0</ele>
      </trkpt>
      <trkpt lat="49.22523" lon="1.27377">
        <ele>29.0</ele>
      </trkpt>
      <trkpt lat="49.22539" lon="1.27306">
        <ele>29.0</ele>
      </trkpt>
      <trkpt lat="49.22557" lon="1.272319">
        <ele>29.1</ele>
      </trkpt>
      <trkpt lat="49.22572" lon="1.27168">
        <ele>30.8</ele>
      </trkpt>
      <trkpt lat="49.22581" lon="1.27116">
        <ele>30.4</ele>
      </trkpt>
      <trkpt lat="49.22584" lon="1.27098">
        <ele>30.2</ele>
      </trkpt>
      <trkpt lat="49.22596" lon="1.27008">
        <ele>30.0</ele>
      </trkpt>
      <trkpt lat="49.22626" lon="1.26793">
        <ele>30.5</ele>
      </trkpt>
      <trkpt lat="49.22634" lon="1.26742">
        <ele>31.2</ele>
      </trkpt>
      <trkpt lat="49.226529" lon="1.26638">
        <ele>31.5</ele>
      </trkpt>
      <trkpt lat="49.22674" lon="1.26524">
        <ele>32.1</ele>
      </trkpt>
      <trkpt lat="49.22688" lon="1.26446">
        <ele>31.7</ele>
      </trkpt>
      <trkpt lat="49.22697" lon="1.2639">
        <ele>31.2</ele>
      </trkpt>
      <trkpt lat="49.22703" lon="1.26348">
        <ele>30.6</ele>
      </trkpt>
      <trkpt lat="49.22708" lon="1.26307">
        <ele>29.9</ele>
      </trkpt>
      <trkpt lat="49.22716" lon="1.26238">
        <ele>28.7</ele>
      </trkpt>
      <trkpt lat="49.22728" lon="1.261269">
        <ele>29.0</ele>
      </trkpt>
      <trkpt lat="49.22737" lon="1.26038">
        <ele>28.5</ele>
      </trkpt>
      <trkpt lat="49.2275" lon="1.25915">
        <ele>29.0</ele>
      </trkpt>
      <trkpt lat="49.22762" lon="1.25808">
        <ele>28.9</ele>
      </trkpt>
      <trkpt lat="49.2277" lon="1.25754">
        <ele>28.8</ele>
      </trkpt>
      <trkpt lat="49.22771" lon="1.2575">
        <ele>28.7</ele>
      </trkpt>
      <trkpt lat="49.22791" lon="1.25658">
        <ele>28.9</ele>
      </trkpt>
      <trkpt lat="49.22809" lon="1.25567">
        <ele>27.9</ele>
      </trkpt>
      <trkpt lat="49.22831" lon="1.2546">
        <ele>27.0</ele>
      </trkpt>
      <trkpt lat="49.22851" lon="1.25366">
        <ele>26.7</ele>
      </trkpt>
      <trkpt lat="49.22858" lon="1.25343">
        <ele>26.7</ele>
      </trkpt>
      <trkpt lat="49.22869" lon="1.25319">
        <ele>26.9</ele>
      </trkpt>
      <trkpt lat="49.22887" lon="1.25284">
        <ele>27.3</ele>
      </trkpt>
      <trkpt lat="49.22898" lon="1.25264">
        <ele>27.6</ele>
      </trkpt>
      <trkpt lat="49.22904" lon="1.25252">
        <ele>27.7</ele>
      </trkpt>
      <trkpt lat="49.22918" lon="1.252289">
        <ele>28.0</ele>
      </trkpt>
      <trkpt lat="49.22932" lon="1.25204">
        <ele>28.3</ele>
      </trkpt>
      <trkpt lat="49.22947" lon="1.25179">
        <ele>28.7</ele>
      </trkpt>
      <trkpt lat="49.22958" lon="1.25157">
        <ele>28.8</ele>
      </trkpt>
      <trkpt lat="49.22963" lon="1.25147">
        <ele>28.6</ele>
      </trkpt>
      <trkpt lat="49.2297" lon="1.25128">
        <ele>28.2</ele>
      </trkpt>
      <trkpt lat="49.22974" lon="1.25114">
        <ele>27.9</ele>
      </trkpt>
      <trkpt lat="49.22975" lon="1.2511">
        <ele>27.8</ele>
      </trkpt>
      <trkpt lat="49.229819" lon="1.25082">
        <ele>27.0</ele>
      </trkpt>
      <trkpt lat="49.22987" lon="1.25061">
        <ele>26.7</ele>
      </trkpt>
      <trkpt lat="49.23001" lon="1.25001">
        <ele>26.0</ele>
      </trkpt>
      <trkpt lat="49.230289" lon="1.24891">
        <ele>25.6</ele>
      </trkpt>
      <trkpt lat="49.23045" lon="1.24822">
        <ele>24.4</ele>
      </trkpt>
      <trkpt lat="49.23059" lon="1.247679">
        <ele>24.1</ele>
      </trkpt>
      <trkpt lat="49.23072" lon="1.24712">
        <ele>24.5</ele>
      </trkpt>
      <trkpt lat="49.23086" lon="1.24657">
        <ele>24.8</ele>
      </trkpt>
      <trkpt lat="49.23091" lon="1.2464">
        <ele>24.5</ele>
      </trkpt>
      <trkpt lat="49.23098" lon="1.24609">
        <ele>23.8</ele>
      </trkpt>
      <trkpt lat="49.23106" lon="1.24579">
        <ele>23.2</ele>
      </trkpt>
      <trkpt lat="49.23122" lon="1.24516">
        <ele>22.7</ele>
      </trkpt>
      <trkpt lat="49.23122" lon="1.24514">
        <ele>22.7</ele>
      </trkpt>
      <trkpt lat="49.23127" lon="1.24493">
        <ele>22.5</ele>
      </trkpt>
      <trkpt lat="49.23131" lon="1.24478">
        <ele>22.6</ele>
      </trkpt>
      <trkpt lat="49.23134" lon="1.24466">
        <ele>22.6</ele>
      </trkpt>
      <trkpt lat="49.23137" lon="1.24449">
        <ele>22.8</ele>
      </trkpt>
      <trkpt lat="49.2314" lon="1.244289">
        <ele>22.9</ele>
      </trkpt>
      <trkpt lat="49.23143" lon="1.24397">
        <ele>22.8</ele>
      </trkpt>
      <trkpt lat="49.23149" lon="1.243409">
        <ele>22.1</ele>
      </trkpt>
      <trkpt lat="49.23157" lon="1.24257">
        <ele>21.2</ele>
      </trkpt>
      <trkpt lat="49.23162" lon="1.24211">
        <ele>20.1</ele>
      </trkpt>
      <trkpt lat="49.23166" lon="1.24171">
        <ele>19.1</ele>
      </trkpt>
      <trkpt lat="49.23168" lon="1.24144">
        <ele>19.6</ele>
      </trkpt>
      <trkpt lat="49.23169" lon="1.241239">
        <ele>20.1</ele>
      </trkpt>
      <trkpt lat="49.231699" lon="1.24099">
        <ele>20.8</ele>
      </trkpt>
      <trkpt lat="49.23171" lon="1.24076">
        <ele>21.2</ele>
      </trkpt>
      <trkpt lat="49.23171" lon="1.24066">
        <ele>21.1</ele>
      </trkpt>
      <trkpt lat="49.23172" lon="1.24062">
        <ele>21.2</ele>
      </trkpt>
      <trkpt lat="49.23172" lon="1.24058">
        <ele>21.2</ele>
      </trkpt>
      <trkpt lat="49.23172" lon="1.24054">
        <ele>21.2</ele>
      </trkpt>
      <trkpt lat="49.23173" lon="1.2405">
        <ele>21.2</ele>
      </trkpt>
      <trkpt lat="49.23174" lon="1.240459">
        <ele>21.2</ele>
      </trkpt>
      <trkpt lat="49.23175" lon="1.24042">
        <ele>21.3</ele>
      </trkpt>
      <trkpt lat="49.23177" lon="1.24037">
        <ele>21.3</ele>
      </trkpt>
      <trkpt lat="49.23177" lon="1.24037">
        <ele>21.3</ele>
      </trkpt>
      <trkpt lat="49.23171" lon="1.240189">
        <ele>21.1</ele>
      </trkpt>
      <trkpt lat="49.23149" lon="1.23963">
        <ele>21.0</ele>
      </trkpt>
      <trkpt lat="49.231319" lon="1.23916">
        <ele>20.7</ele>
      </trkpt>
      <trkpt lat="49.23126" lon="1.23898">
        <ele>20.3</ele>
      </trkpt>
      <trkpt lat="49.23105" lon="1.23841">
        <ele>18.9</ele>
      </trkpt>
      <trkpt lat="49.23099" lon="1.23823">
        <ele>18.4</ele>
      </trkpt>
      <trkpt lat="49.230759" lon="1.23759">
        <ele>16.9</ele>
      </trkpt>
      <trkpt lat="49.23069" lon="1.23739">
        <ele>16.7</ele>
      </trkpt>
      <trkpt lat="49.23054" lon="1.23699">
        <ele>16.5</ele>
      </trkpt>
      <trkpt lat="49.2304" lon="1.23662">
        <ele>16.4</ele>
      </trkpt>
      <trkpt lat="49.230289" lon="1.2363">
        <ele>16.2</ele>
      </trkpt>
      <trkpt lat="49.22995" lon="1.23533">
        <ele>15.9</ele>
      </trkpt>
      <trkpt lat="49.229909" lon="1.23522">
        <ele>15.6</ele>
      </trkpt>
      <trkpt lat="49.22968" lon="1.23462">
        <ele>12.9</ele>
      </trkpt>
      <trkpt lat="49.22963" lon="1.23448">
        <ele>12.0</ele>
      </trkpt>
      <trkpt lat="49.22949" lon="1.23411">
        <ele>9.9</ele>
      </trkpt>
      <trkpt lat="49.22938" lon="1.23381">
        <ele>9.8</ele>
      </trkpt>
      <trkpt lat="49.22927" lon="1.23349">
        <ele>9.8</ele>
      </trkpt>
      <trkpt lat="49.22922" lon="1.23332">
        <ele>9.9</ele>
      </trkpt>
      <trkpt lat="49.2292" lon="1.233239">
        <ele>10.0</ele>
      </trkpt>
      <trkpt lat="49.22918" lon="1.23316">
        <ele>10.2</ele>
      </trkpt>
      <trkpt lat="49.22916" lon="1.23308">
        <ele>10.3</ele>
      </trkpt>
      <trkpt lat="49.22915" lon="1.23298">
        <ele>10.4</ele>
      </trkpt>
      <trkpt lat="49.22915" lon="1.23289">
        <ele>10.5</ele>
      </trkpt>
      <trkpt lat="49.22915" lon="1.232799">
        <ele>10.6</ele>
      </trkpt>
      <trkpt lat="49.22915" lon="1.23273">
        <ele>10.7</ele>
      </trkpt>
      <trkpt lat="49.22916" lon="1.23267">
        <ele>10.8</ele>
      </trkpt>
      <trkpt lat="49.22917" lon="1.23261">
        <ele>10.8</ele>
      </trkpt>
      <trkpt lat="49.2292" lon="1.23251">
        <ele>10.8</ele>
      </trkpt>
      <trkpt lat="49.22923" lon="1.23237">
        <ele>10.5</ele>
      </trkpt>
      <trkpt lat="49.22942" lon="1.23165">
        <ele>8.8</ele>
      </trkpt>
      <trkpt lat="49.22971" lon="1.23058">
        <ele>11.5</ele>
      </trkpt>
      <trkpt lat="49.22993" lon="1.22978">
        <ele>13.9</ele>
      </trkpt>
      <trkpt lat="49.230089" lon="1.22919">
        <ele>13.8</ele>
      </trkpt>
      <trkpt lat="49.23014" lon="1.22893">
        <ele>13.9</ele>
      </trkpt>
      <trkpt lat="49.23036" lon="1.22816">
        <ele>13.7</ele>
      </trkpt>
      <trkpt lat="49.23049" lon="1.22765">
        <ele>12.2</ele>
      </trkpt>
      <trkpt lat="49.2307" lon="1.22688">
        <ele>7.4</ele>
      </trkpt>
      <trkpt lat="49.23091" lon="1.22611">
        <ele>10.9</ele>
      </trkpt>
      <trkpt lat="49.23117" lon="1.22511">
        <ele>13.8</ele>
      </trkpt>
      <trkpt lat="49.23121" lon="1.22489">
        <ele>13.7</ele>
      </trkpt>
      <trkpt lat="49.23126" lon="1.22473">
        <ele>13.5</ele>
      </trkpt>
      <trkpt lat="49.23126" lon="1.22473">
        <ele>13.5</ele>
      </trkpt>
      <trkpt lat="49.23129" lon="1.22466">
        <ele>13.5</ele>
      </trkpt>
      <trkpt lat="49.23131" lon="1.22458">
        <ele>13.4</ele>
      </trkpt>
      <trkpt lat="49.23136" lon="1.22443">
        <ele>13.1</ele>
      </trkpt>
      <trkpt lat="49.23137" lon="1.2244">
        <ele>13.1</ele>
      </trkpt>
      <trkpt lat="49.23138" lon="1.22438">
        <ele>13.1</ele>
      </trkpt>
      <trkpt lat="49.231409" lon="1.22433">
        <ele>13.0</ele>
      </trkpt>
      <trkpt lat="49.23144" lon="1.22429">
        <ele>13.0</ele>
      </trkpt>
      <trkpt lat="49.23149" lon="1.22424">
        <ele>12.9</ele>
      </trkpt>
      <trkpt lat="49.23151" lon="1.22422">
        <ele>12.9</ele>
      </trkpt>
      <trkpt lat="49.23152" lon="1.22421">
        <ele>12.9</ele>
      </trkpt>
      <trkpt lat="49.23156" lon="1.22418">
        <ele>12.9</ele>
      </trkpt>
      <trkpt lat="49.23165" lon="1.22416">
        <ele>13.0</ele>
      </trkpt>
      <trkpt lat="49.23168" lon="1.22415">
        <ele>13.0</ele>
      </trkpt>
      <trkpt lat="49.23171" lon="1.22415">
        <ele>13.0</ele>
      </trkpt>
      <trkpt lat="49.23174" lon="1.22416">
        <ele>13.0</ele>
      </trkpt>
      <trkpt lat="49.23191" lon="1.2242">
        <ele>13.1</ele>
      </trkpt>
      <trkpt lat="49.23195" lon="1.224189">
        <ele>13.0</ele>
      </trkpt>
      <trkpt lat="49.23203" lon="1.22423">
        <ele>13.1</ele>
      </trkpt>
      <trkpt lat="49.23321" lon="1.22461">
        <ele>13.0</ele>
      </trkpt>
      <trkpt lat="49.23326" lon="1.22462">
        <ele>13.0</ele>
      </trkpt>
      <trkpt lat="49.233289" lon="1.22464">
        <ele>13.0</ele>
      </trkpt>
      <trkpt lat="49.23331" lon="1.22464">
        <ele>13.0</ele>
      </trkpt>
      <trkpt lat="49.23333" lon="1.22466">
        <ele>13.0</ele>
      </trkpt>
      <trkpt lat="49.23335" lon="1.22468">
        <ele>13.0</ele>
      </trkpt>
      <trkpt lat="49.23337" lon="1.22469">
        <ele>13.0</ele>
      </trkpt>
      <trkpt lat="49.23339" lon="1.22471">
        <ele>13.0</ele>
      </trkpt>
      <trkpt lat="49.2334" lon="1.22472">
        <ele>13.0</ele>
      </trkpt>
      <trkpt lat="49.23341" lon="1.22474">
        <ele>13.0</ele>
      </trkpt>
      <trkpt lat="49.23344" lon="1.22478">
        <ele>13.0</ele>
      </trkpt>
      <trkpt lat="49.233469" lon="1.22483">
        <ele>13.0</ele>
      </trkpt>
      <trkpt lat="49.2335" lon="1.224869">
        <ele>13.0</ele>
      </trkpt>
      <trkpt lat="49.23353" lon="1.22492">
        <ele>13.0</ele>
      </trkpt>
      <trkpt lat="49.23359" lon="1.225">
        <ele>13.0</ele>
      </trkpt>
      <trkpt lat="49.23369" lon="1.22506">
        <ele>13.0</ele>
      </trkpt>
      <trkpt lat="49.23375" lon="1.2251">
        <ele>12.9</ele>
      </trkpt>
      <trkpt lat="49.23378" lon="1.22512">
        <ele>12.9</ele>
      </trkpt>
      <trkpt lat="49.23382" lon="1.225139">
        <ele>12.9</ele>
      </trkpt>
      <trkpt lat="49.23388" lon="1.22517">
        <ele>12.9</ele>
      </trkpt>
      <trkpt lat="49.23397" lon="1.22521">
        <ele>12.8</ele>
      </trkpt>
      <trkpt lat="49.23418" lon="1.22529">
        <ele>12.7</ele>
      </trkpt>
      <trkpt lat="49.234699" lon="1.225479">
        <ele>12.4</ele>
      </trkpt>
      <trkpt lat="49.23571" lon="1.22582">
        <ele>11.2</ele>
      </trkpt>
      <trkpt lat="49.23635" lon="1.22603">
        <ele>12.1</ele>
      </trkpt>
      <trkpt lat="49.23635" lon="1.22603">
        <ele>12.1</ele>
      </trkpt>
      <trkpt lat="49.236579" lon="1.22611">
        <ele>12.5</ele>
      </trkpt>
      <trkpt lat="49.23689" lon="1.226189">
        <ele>12.3</ele>
      </trkpt>
      <trkpt lat="49.23717" lon="1.226259">
        <ele>11.9</ele>
      </trkpt>
      <trkpt lat="49.23747" lon="1.22634">
        <ele>11.4</ele>
      </trkpt>
      <trkpt lat="49.23758" lon="1.226359">
        <ele>11.4</ele>
      </trkpt>
      <trkpt lat="49.237699" lon="1.2264">
        <ele>11.5</ele>
      </trkpt>
      <trkpt lat="49.2378" lon="1.22645">
        <ele>11.5</ele>
      </trkpt>
      <trkpt lat="49.23785" lon="1.22648">
        <ele>11.6</ele>
      </trkpt>
      <trkpt lat="49.23792" lon="1.226529">
        <ele>11.6</ele>
      </trkpt>
      <trkpt lat="49.23799" lon="1.22658">
        <ele>11.6</ele>
      </trkpt>
      <trkpt lat="49.23807" lon="1.22665">
        <ele>11.7</ele>
      </trkpt>
      <trkpt lat="49.23816" lon="1.22673">
        <ele>11.9</ele>
      </trkpt>
      <trkpt lat="49.23823" lon="1.22681">
        <ele>12.0</ele>
      </trkpt>
      <trkpt lat="49.23828" lon="1.22688">
        <ele>12.2</ele>
      </trkpt>
      <trkpt lat="49.238349" lon="1.22698">
        <ele>12.4</ele>
      </trkpt>
      <trkpt lat="49.23843" lon="1.22713">
        <ele>12.4</ele>
      </trkpt>
      <trkpt lat="49.23851" lon="1.22727">
        <ele>12.5</ele>
      </trkpt>
      <trkpt lat="49.23856" lon="1.2274">
        <ele>12.6</ele>
      </trkpt>
      <trkpt lat="49.23861" lon="1.22754">
        <ele>12.7</ele>
      </trkpt>
      <trkpt lat="49.23865" lon="1.2277">
        <ele>12.5</ele>
      </trkpt>
      <trkpt lat="49.23871" lon="1.2279">
        <ele>12.3</ele>
      </trkpt>
      <trkpt lat="49.23876" lon="1.22816">
        <ele>12.1</ele>
      </trkpt>
      <trkpt lat="49.23876" lon="1.22818">
        <ele>12.1</ele>
      </trkpt>
      <trkpt lat="49.23876" lon="1.2282">
        <ele>12.1</ele>
      </trkpt>
      <trkpt lat="49.23876" lon="1.22825">
        <ele>12.0</ele>
      </trkpt>
      <trkpt lat="49.23879" lon="1.228359">
        <ele>11.9</ele>
      </trkpt>
      <trkpt lat="49.23881" lon="1.22847">
        <ele>11.7</ele>
      </trkpt>
      <trkpt lat="49.23883" lon="1.228529">
        <ele>11.6</ele>
      </trkpt>
      <trkpt lat="49.23887" lon="1.22871">
        <ele>11.3</ele>
      </trkpt>
      <trkpt lat="49.23895" lon="1.228969">
        <ele>10.8</ele>
      </trkpt>
      <trkpt lat="49.239019" lon="1.22917">
        <ele>10.4</ele>
      </trkpt>
      <trkpt lat="49.23908" lon="1.229309">
        <ele>10.4</ele>
      </trkpt>
      <trkpt lat="49.23913" lon="1.229409">
        <ele>10.4</ele>
      </trkpt>
      <trkpt lat="49.23923" lon="1.22959">
        <ele>10.5</ele>
      </trkpt>
      <trkpt lat="49.23969" lon="1.23028">
        <ele>10.9</ele>
      </trkpt>
      <trkpt lat="49.23997" lon="1.23067">
        <ele>11.0</ele>
      </trkpt>
      <trkpt lat="49.24006" lon="1.23076">
        <ele>11.1</ele>
      </trkpt>
      <trkpt lat="49.24024" lon="1.23101">
        <ele>11.1</ele>
      </trkpt>
      <trkpt lat="49.240789" lon="1.23182">
        <ele>10.8</ele>
      </trkpt>
      <trkpt lat="49.2415" lon="1.23288">
        <ele>10.3</ele>
      </trkpt>
      <trkpt lat="49.24234" lon="1.23409">
        <ele>9.1</ele>
      </trkpt>
      <trkpt lat="49.24469" lon="1.237579">
        <ele>8.6</ele>
      </trkpt>
      <trkpt lat="49.24566" lon="1.23903">
        <ele>9.8</ele>
      </trkpt>
      <trkpt lat="49.24618" lon="1.2398">
        <ele>9.9</ele>
      </trkpt>
      <trkpt lat="49.24629" lon="1.23998">
        <ele>10.0</ele>
      </trkpt>
      <trkpt lat="49.2463" lon="1.24003">
        <ele>10.0</ele>
      </trkpt>
      <trkpt lat="49.24641" lon="1.2402">
        <ele>9.9</ele>
      </trkpt>
      <trkpt lat="49.24653" lon="1.24038">
        <ele>9.9</ele>
      </trkpt>
      <trkpt lat="49.24667" lon="1.24059">
        <ele>10.0</ele>
      </trkpt>
      <trkpt lat="49.24671" lon="1.24064">
        <ele>10.0</ele>
      </trkpt>
      <trkpt lat="49.24674" lon="1.24068">
        <ele>10.0</ele>
      </trkpt>
      <trkpt lat="49.2468" lon="1.24074">
        <ele>10.0</ele>
      </trkpt>
      <trkpt lat="49.24682" lon="1.24075">
        <ele>10.0</ele>
      </trkpt>
      <trkpt lat="49.24685" lon="1.24076">
        <ele>10.0</ele>
      </trkpt>
      <trkpt lat="49.24687" lon="1.24076">
        <ele>10.0</ele>
      </trkpt>
      <trkpt lat="49.24695" lon="1.24074">
        <ele>10.0</ele>
      </trkpt>
      <trkpt lat="49.246989" lon="1.24071">
        <ele>10.1</ele>
      </trkpt>
      <trkpt lat="49.24703" lon="1.24067">
        <ele>10.1</ele>
      </trkpt>
      <trkpt lat="49.24707" lon="1.240629">
        <ele>10.1</ele>
      </trkpt>
      <trkpt lat="49.24728" lon="1.24032">
        <ele>10.5</ele>
      </trkpt>
      <trkpt lat="49.24739" lon="1.2401">
        <ele>10.8</ele>
      </trkpt>
      <trkpt lat="49.248399" lon="1.23864">
        <ele>9.3</ele>
      </trkpt>
      <trkpt lat="49.24907" lon="1.23764">
        <ele>9.6</ele>
      </trkpt>
      <trkpt lat="49.24938" lon="1.2372">
        <ele>9.7</ele>
      </trkpt>
      <trkpt lat="49.24958" lon="1.2369">
        <ele>9.5</ele>
      </trkpt>
      <trkpt lat="49.2496" lon="1.23687">
        <ele>9.5</ele>
      </trkpt>
      <trkpt lat="49.249609" lon="1.23686">
        <ele>9.5</ele>
      </trkpt>
      <trkpt lat="49.24963" lon="1.23686">
        <ele>9.4</ele>
      </trkpt>
      <trkpt lat="49.24965" lon="1.23683">
        <ele>9.4</ele>
      </trkpt>
      <trkpt lat="49.24978" lon="1.236629">
        <ele>9.3</ele>
      </trkpt>
      <trkpt lat="49.24985" lon="1.23651">
        <ele>9.1</ele>
      </trkpt>
      <trkpt lat="49.24998" lon="1.23627">
        <ele>9.0</ele>
      </trkpt>
      <trkpt lat="49.25003" lon="1.23618">
        <ele>9.0</ele>
      </trkpt>
      <trkpt lat="49.25017" lon="1.23591">
        <ele>9.0</ele>
      </trkpt>
      <trkpt lat="49.25017" lon="1.23591">
        <ele>9.0</ele>
      </trkpt>
      <trkpt lat="49.25019" lon="1.23594">
        <ele>9.0</ele>
      </trkpt>
      <trkpt lat="49.25021" lon="1.23597">
        <ele>9.0</ele>
      </trkpt>
      <trkpt lat="49.25023" lon="1.23599">
        <ele>8.9</ele>
      </trkpt>
      <trkpt lat="49.25025" lon="1.23601">
        <ele>8.9</ele>
      </trkpt>
      <trkpt lat="49.250279" lon="1.23604">
        <ele>8.9</ele>
      </trkpt>
      <trkpt lat="49.25029" lon="1.23605">
        <ele>8.9</ele>
      </trkpt>
      <trkpt lat="49.25034" lon="1.23606">
        <ele>8.9</ele>
      </trkpt>
      <trkpt lat="49.25038" lon="1.23608">
        <ele>8.9</ele>
      </trkpt>
      <trkpt lat="49.25044" lon="1.23609">
        <ele>8.8</ele>
      </trkpt>
      <trkpt lat="49.25054" lon="1.23613">
        <ele>8.8</ele>
      </trkpt>
      <trkpt lat="49.25067" lon="1.23618">
        <ele>8.7</ele>
      </trkpt>
      <trkpt lat="49.25071" lon="1.236189">
        <ele>8.6</ele>
      </trkpt>
      <trkpt lat="49.25072" lon="1.236189">
        <ele>8.6</ele>
      </trkpt>
      <trkpt lat="49.25073" lon="1.236189">
        <ele>8.6</ele>
      </trkpt>
      <trkpt lat="49.250749" lon="1.23618">
        <ele>8.6</ele>
      </trkpt>
      <trkpt lat="49.251959" lon="1.23664">
        <ele>7.7</ele>
      </trkpt>
      <trkpt lat="49.25229" lon="1.23676">
        <ele>7.3</ele>
      </trkpt>
      <trkpt lat="49.25244" lon="1.23681">
        <ele>7.1</ele>
      </trkpt>
      <trkpt lat="49.25264" lon="1.23686">
        <ele>7.2</ele>
      </trkpt>
      <trkpt lat="49.25282" lon="1.23691">
        <ele>7.4</ele>
      </trkpt>
      <trkpt lat="49.25298" lon="1.23694">
        <ele>7.6</ele>
      </trkpt>
      <trkpt lat="49.25314" lon="1.236969">
        <ele>7.8</ele>
      </trkpt>
      <trkpt lat="49.25327" lon="1.23699">
        <ele>7.9</ele>
      </trkpt>
      <trkpt lat="49.25344" lon="1.23701">
        <ele>8.1</ele>
      </trkpt>
      <trkpt lat="49.25362" lon="1.23703">
        <ele>8.2</ele>
      </trkpt>
      <trkpt lat="49.25381" lon="1.23705">
        <ele>8.3</ele>
      </trkpt>
      <trkpt lat="49.25397" lon="1.23705">
        <ele>8.4</ele>
      </trkpt>
      <trkpt lat="49.25416" lon="1.23705">
        <ele>8.5</ele>
      </trkpt>
      <trkpt lat="49.25432" lon="1.23705">
        <ele>8.5</ele>
      </trkpt>
      <trkpt lat="49.25448" lon="1.23704">
        <ele>8.6</ele>
      </trkpt>
      <trkpt lat="49.25462" lon="1.23703">
        <ele>8.6</ele>
      </trkpt>
      <trkpt lat="49.25475" lon="1.23702">
        <ele>8.6</ele>
      </trkpt>
      <trkpt lat="49.25492" lon="1.237">
        <ele>8.6</ele>
      </trkpt>
      <trkpt lat="49.25508" lon="1.23698">
        <ele>8.6</ele>
      </trkpt>
      <trkpt lat="49.25526" lon="1.23695">
        <ele>8.5</ele>
      </trkpt>
      <trkpt lat="49.25545" lon="1.23691">
        <ele>8.3</ele>
      </trkpt>
      <trkpt lat="49.25562" lon="1.23686">
        <ele>8.2</ele>
      </trkpt>
      <trkpt lat="49.25588" lon="1.23679">
        <ele>8.0</ele>
      </trkpt>
      <trkpt lat="49.25625" lon="1.23668">
        <ele>8.0</ele>
      </trkpt>
      <trkpt lat="49.25631" lon="1.23666">
        <ele>8.0</ele>
      </trkpt>
      <trkpt lat="49.256369" lon="1.23665">
        <ele>8.0</ele>
      </trkpt>
      <trkpt lat="49.2564" lon="1.236629">
        <ele>8.0</ele>
      </trkpt>
      <trkpt lat="49.25704" lon="1.23642">
        <ele>8.6</ele>
      </trkpt>
      <trkpt lat="49.25901" lon="1.2358">
        <ele>9.6</ele>
      </trkpt>
      <trkpt lat="49.26118" lon="1.2351">
        <ele>12.0</ele>
      </trkpt>
      <trkpt lat="49.26119" lon="1.2351">
        <ele>11.9</ele>
      </trkpt>
      <trkpt lat="49.2632" lon="1.23448">
        <ele>10.9</ele>
      </trkpt>
      <trkpt lat="49.26339" lon="1.23442">
        <ele>11.1</ele>
      </trkpt>
      <trkpt lat="49.26359" lon="1.234359">
        <ele>11.3</ele>
      </trkpt>
      <trkpt lat="49.26372" lon="1.23434">
        <ele>11.5</ele>
      </trkpt>
      <trkpt lat="49.26382" lon="1.23432">
        <ele>11.6</ele>
      </trkpt>
      <trkpt lat="49.26393" lon="1.2343">
        <ele>11.7</ele>
      </trkpt>
      <trkpt lat="49.26404" lon="1.23429">
        <ele>11.8</ele>
      </trkpt>
      <trkpt lat="49.26415" lon="1.23428">
        <ele>12.0</ele>
      </trkpt>
      <trkpt lat="49.26428" lon="1.23428">
        <ele>12.1</ele>
      </trkpt>
      <trkpt lat="49.26441" lon="1.23428">
        <ele>12.3</ele>
      </trkpt>
      <trkpt lat="49.2646" lon="1.23429">
        <ele>12.4</ele>
      </trkpt>
      <trkpt lat="49.26506" lon="1.23435">
        <ele>12.7</ele>
      </trkpt>
      <trkpt lat="49.26554" lon="1.23442">
        <ele>11.9</ele>
      </trkpt>
      <trkpt lat="49.26592" lon="1.23447">
        <ele>11.2</ele>
      </trkpt>
      <trkpt lat="49.26625" lon="1.2345">
        <ele>11.1</ele>
      </trkpt>
      <trkpt lat="49.26645" lon="1.23451">
        <ele>11.0</ele>
      </trkpt>
      <trkpt lat="49.2667" lon="1.2345">
        <ele>11.0</ele>
      </trkpt>
      <trkpt lat="49.26692" lon="1.23447">
        <ele>11.0</ele>
      </trkpt>
      <trkpt lat="49.26704" lon="1.23444">
        <ele>11.0</ele>
      </trkpt>
      <trkpt lat="49.26713" lon="1.23442">
        <ele>11.0</ele>
      </trkpt>
      <trkpt lat="49.26738" lon="1.23433">
        <ele>11.0</ele>
      </trkpt>
      <trkpt lat="49.26776" lon="1.23415">
        <ele>11.0</ele>
      </trkpt>
      <trkpt lat="49.26809" lon="1.23397">
        <ele>11.0</ele>
      </trkpt>
      <trkpt lat="49.26838" lon="1.2338">
        <ele>11.0</ele>
      </trkpt>
      <trkpt lat="49.26865" lon="1.23367">
        <ele>11.2</ele>
      </trkpt>
      <trkpt lat="49.26893" lon="1.23357">
        <ele>11.2</ele>
      </trkpt>
      <trkpt lat="49.26914" lon="1.2335">
        <ele>11.2</ele>
      </trkpt>
      <trkpt lat="49.26934" lon="1.23346">
        <ele>11.3</ele>
      </trkpt>
      <trkpt lat="49.26954" lon="1.23343">
        <ele>11.5</ele>
      </trkpt>
      <trkpt lat="49.26969" lon="1.23342">
        <ele>11.6</ele>
      </trkpt>
      <trkpt lat="49.26972" lon="1.23342">
        <ele>11.6</ele>
      </trkpt>
      <trkpt lat="49.26975" lon="1.23342">
        <ele>11.7</ele>
      </trkpt>
      <trkpt lat="49.26992" lon="1.23342">
        <ele>11.8</ele>
      </trkpt>
      <trkpt lat="49.27016" lon="1.23343">
        <ele>11.9</ele>
      </trkpt>
      <trkpt lat="49.27041" lon="1.23346">
        <ele>11.8</ele>
      </trkpt>
      <trkpt lat="49.27064" lon="1.23351">
        <ele>11.6</ele>
      </trkpt>
      <trkpt lat="49.27088" lon="1.23359">
        <ele>11.5</ele>
      </trkpt>
      <trkpt lat="49.27118" lon="1.23369">
        <ele>11.8</ele>
      </trkpt>
      <trkpt lat="49.27163" lon="1.233849">
        <ele>12.1</ele>
      </trkpt>
      <trkpt lat="49.27194" lon="1.23397">
        <ele>12.6</ele>
      </trkpt>
      <trkpt lat="49.27217" lon="1.23405">
        <ele>13.4</ele>
      </trkpt>
      <trkpt lat="49.27232" lon="1.23409">
        <ele>14.1</ele>
      </trkpt>
      <trkpt lat="49.27246" lon="1.2341">
        <ele>14.7</ele>
      </trkpt>
      <trkpt lat="49.2726" lon="1.2341">
        <ele>14.5</ele>
      </trkpt>
      <trkpt lat="49.272709" lon="1.23408">
        <ele>14.1</ele>
      </trkpt>
      <trkpt lat="49.27281" lon="1.23405">
        <ele>13.7</ele>
      </trkpt>
      <trkpt lat="49.27287" lon="1.23403">
        <ele>13.4</ele>
      </trkpt>
      <trkpt lat="49.27293" lon="1.234">
        <ele>13.2</ele>
      </trkpt>
      <trkpt lat="49.27299" lon="1.23396">
        <ele>12.9</ele>
      </trkpt>
      <trkpt lat="49.27305" lon="1.233919">
        <ele>12.6</ele>
      </trkpt>
      <trkpt lat="49.2731" lon="1.23388">
        <ele>12.4</ele>
      </trkpt>
      <trkpt lat="49.27316" lon="1.23384">
        <ele>12.2</ele>
      </trkpt>
      <trkpt lat="49.27322" lon="1.23377">
        <ele>11.9</ele>
      </trkpt>
      <trkpt lat="49.27329" lon="1.2337">
        <ele>11.6</ele>
      </trkpt>
      <trkpt lat="49.27335" lon="1.23364">
        <ele>11.3</ele>
      </trkpt>
      <trkpt lat="49.2734" lon="1.23357">
        <ele>11.2</ele>
      </trkpt>
      <trkpt lat="49.2735" lon="1.233409">
        <ele>10.9</ele>
      </trkpt>
      <trkpt lat="49.27357" lon="1.233309">
        <ele>10.7</ele>
      </trkpt>
      <trkpt lat="49.27391" lon="1.23277">
        <ele>9.8</ele>
      </trkpt>
      <trkpt lat="49.27427" lon="1.23218">
        <ele>9.4</ele>
      </trkpt>
      <trkpt lat="49.27502" lon="1.23096">
        <ele>10.0</ele>
      </trkpt>
      <trkpt lat="49.27511" lon="1.23087">
        <ele>10.2</ele>
      </trkpt>
      <trkpt lat="49.27528" lon="1.23065">
        <ele>10.7</ele>
      </trkpt>
      <trkpt lat="49.27541" lon="1.23044">
        <ele>11.0</ele>
      </trkpt>
      <trkpt lat="49.27573" lon="1.23004">
        <ele>11.8</ele>
      </trkpt>
      <trkpt lat="49.27579" lon="1.22997">
        <ele>11.8</ele>
      </trkpt>
      <trkpt lat="49.27634" lon="1.22945">
        <ele>9.5</ele>
      </trkpt>
      <trkpt lat="49.27638" lon="1.22937">
        <ele>9.4</ele>
      </trkpt>
      <trkpt lat="49.27668" lon="1.22913">
        <ele>9.0</ele>
      </trkpt>
      <trkpt lat="49.27716" lon="1.22877">
        <ele>9.1</ele>
      </trkpt>
      <trkpt lat="49.27766" lon="1.22839">
        <ele>10.0</ele>
      </trkpt>
      <trkpt lat="49.277679" lon="1.22838">
        <ele>10.0</ele>
      </trkpt>
      <trkpt lat="49.27837" lon="1.2278">
        <ele>9.9</ele>
      </trkpt>
      <trkpt lat="49.27847" lon="1.22776">
        <ele>9.6</ele>
      </trkpt>
      <trkpt lat="49.27885" lon="1.22746">
        <ele>8.7</ele>
      </trkpt>
      <trkpt lat="49.27912" lon="1.22725">
        <ele>7.8</ele>
      </trkpt>
      <trkpt lat="49.27971" lon="1.22682">
        <ele>8.4</ele>
      </trkpt>
      <trkpt lat="49.28005" lon="1.22658">
        <ele>9.0</ele>
      </trkpt>
      <trkpt lat="49.28041" lon="1.22633">
        <ele>9.2</ele>
      </trkpt>
      <trkpt lat="49.28041" lon="1.22633">
        <ele>9.2</ele>
      </trkpt>
      <trkpt lat="49.28046" lon="1.22643">
        <ele>9.2</ele>
      </trkpt>
      <trkpt lat="49.28051" lon="1.22652">
        <ele>9.1</ele>
      </trkpt>
      <trkpt lat="49.28058" lon="1.2266">
        <ele>9.1</ele>
      </trkpt>
      <trkpt lat="49.28082" lon="1.22685">
        <ele>8.8</ele>
      </trkpt>
      <trkpt lat="49.2811" lon="1.22724">
        <ele>8.5</ele>
      </trkpt>
      <trkpt lat="49.28159" lon="1.227919">
        <ele>8.9</ele>
      </trkpt>
      <trkpt lat="49.28175" lon="1.22814">
        <ele>8.9</ele>
      </trkpt>
      <trkpt lat="49.28193" lon="1.228359">
        <ele>8.7</ele>
      </trkpt>
      <trkpt lat="49.28207" lon="1.22851">
        <ele>8.7</ele>
      </trkpt>
      <trkpt lat="49.28216" lon="1.22862">
        <ele>8.8</ele>
      </trkpt>
      <trkpt lat="49.28423" lon="1.23081">
        <ele>8.9</ele>
      </trkpt>
      <trkpt lat="49.28482" lon="1.231409">
        <ele>7.7</ele>
      </trkpt>
      <trkpt lat="49.28557" lon="1.23217">
        <ele>8.2</ele>
      </trkpt>
      <trkpt lat="49.2858" lon="1.23238">
        <ele>8.0</ele>
      </trkpt>
      <trkpt lat="49.28596" lon="1.2325">
        <ele>7.4</ele>
      </trkpt>
      <trkpt lat="49.28632" lon="1.23276">
        <ele>6.7</ele>
      </trkpt>
      <trkpt lat="49.28695" lon="1.23321">
        <ele>6.2</ele>
      </trkpt>
      <trkpt lat="49.28775" lon="1.2338">
        <ele>5.8</ele>
      </trkpt>
      <trkpt lat="49.28788" lon="1.233919">
        <ele>6.4</ele>
      </trkpt>
      <trkpt lat="49.28804" lon="1.23406">
        <ele>7.2</ele>
      </trkpt>
      <trkpt lat="49.28815" lon="1.23418">
        <ele>7.8</ele>
      </trkpt>
      <trkpt lat="49.28823" lon="1.23427">
        <ele>7.6</ele>
      </trkpt>
      <trkpt lat="49.28831" lon="1.23438">
        <ele>7.5</ele>
      </trkpt>
      <trkpt lat="49.2884" lon="1.23452">
        <ele>6.9</ele>
      </trkpt>
      <trkpt lat="49.28849" lon="1.23464">
        <ele>6.3</ele>
      </trkpt>
      <trkpt lat="49.288559" lon="1.23477">
        <ele>5.9</ele>
      </trkpt>
      <trkpt lat="49.28864" lon="1.23493">
        <ele>5.4</ele>
      </trkpt>
      <trkpt lat="49.28873" lon="1.23511">
        <ele>5.2</ele>
      </trkpt>
      <trkpt lat="49.28882" lon="1.23531">
        <ele>5.3</ele>
      </trkpt>
      <trkpt lat="49.28892" lon="1.23556">
        <ele>5.5</ele>
      </trkpt>
      <trkpt lat="49.289119" lon="1.236019">
        <ele>6.6</ele>
      </trkpt>
      <trkpt lat="49.28929" lon="1.23641">
        <ele>8.4</ele>
      </trkpt>
      <trkpt lat="49.28942" lon="1.23673">
        <ele>10.1</ele>
      </trkpt>
      <trkpt lat="49.28957" lon="1.23709">
        <ele>11.5</ele>
      </trkpt>
      <trkpt lat="49.28972" lon="1.23742">
        <ele>12.8</ele>
      </trkpt>
      <trkpt lat="49.2898" lon="1.23757">
        <ele>13.3</ele>
      </trkpt>
      <trkpt lat="49.28985" lon="1.23766">
        <ele>13.5</ele>
      </trkpt>
      <trkpt lat="49.28994" lon="1.237849">
        <ele>13.8</ele>
      </trkpt>
      <trkpt lat="49.29003" lon="1.23797">
        <ele>14.0</ele>
      </trkpt>
      <trkpt lat="49.2901" lon="1.23808">
        <ele>13.8</ele>
      </trkpt>
      <trkpt lat="49.29017" lon="1.23818">
        <ele>13.7</ele>
      </trkpt>
      <trkpt lat="49.29026" lon="1.238289">
        <ele>13.4</ele>
      </trkpt>
      <trkpt lat="49.29033" lon="1.23838">
        <ele>13.1</ele>
      </trkpt>
      <trkpt lat="49.29039" lon="1.23845">
        <ele>12.8</ele>
      </trkpt>
      <trkpt lat="49.29048" lon="1.23854">
        <ele>12.4</ele>
      </trkpt>
      <trkpt lat="49.29055" lon="1.23861">
        <ele>12.0</ele>
      </trkpt>
      <trkpt lat="49.2907" lon="1.23873">
        <ele>11.4</ele>
      </trkpt>
      <trkpt lat="49.29084" lon="1.23884">
        <ele>10.8</ele>
      </trkpt>
      <trkpt lat="49.29101" lon="1.23895">
        <ele>10.3</ele>
      </trkpt>
      <trkpt lat="49.29114" lon="1.23902">
        <ele>9.9</ele>
      </trkpt>
      <trkpt lat="49.29133" lon="1.2391">
        <ele>9.5</ele>
      </trkpt>
      <trkpt lat="49.291469" lon="1.23915">
        <ele>9.3</ele>
      </trkpt>
      <trkpt lat="49.29163" lon="1.23918">
        <ele>9.0</ele>
      </trkpt>
      <trkpt lat="49.29199" lon="1.23923">
        <ele>8.3</ele>
      </trkpt>
      <trkpt lat="49.29211" lon="1.23925">
        <ele>8.0</ele>
      </trkpt>
      <trkpt lat="49.29227" lon="1.23928">
        <ele>7.7</ele>
      </trkpt>
      <trkpt lat="49.29238" lon="1.23931">
        <ele>7.4</ele>
      </trkpt>
      <trkpt lat="49.29254" lon="1.23938">
        <ele>7.3</ele>
      </trkpt>
      <trkpt lat="49.29264" lon="1.23943">
        <ele>7.5</ele>
      </trkpt>
      <trkpt lat="49.29276" lon="1.23949">
        <ele>7.7</ele>
      </trkpt>
      <trkpt lat="49.29284" lon="1.23954">
        <ele>7.9</ele>
      </trkpt>
      <trkpt lat="49.29302" lon="1.23967">
        <ele>8.2</ele>
      </trkpt>
      <trkpt lat="49.29314" lon="1.23978">
        <ele>8.5</ele>
      </trkpt>
      <trkpt lat="49.29336" lon="1.24003">
        <ele>8.9</ele>
      </trkpt>
      <trkpt lat="49.29336" lon="1.24003">
        <ele>8.9</ele>
      </trkpt>
      <trkpt lat="49.2934" lon="1.24007">
        <ele>8.8</ele>
      </trkpt>
      <trkpt lat="49.29347" lon="1.24016">
        <ele>8.5</ele>
      </trkpt>
      <trkpt lat="49.293529" lon="1.24025">
        <ele>8.2</ele>
      </trkpt>
      <trkpt lat="49.2936" lon="1.24034">
        <ele>8.0</ele>
      </trkpt>
      <trkpt lat="49.29375" lon="1.24062">
        <ele>7.4</ele>
      </trkpt>
      <trkpt lat="49.29376" lon="1.24065">
        <ele>7.3</ele>
      </trkpt>
      <trkpt lat="49.29385" lon="1.24081">
        <ele>7.0</ele>
      </trkpt>
      <trkpt lat="49.29403" lon="1.2412">
        <ele>7.4</ele>
      </trkpt>
      <trkpt lat="49.29473" lon="1.24268">
        <ele>7.3</ele>
      </trkpt>
      <trkpt lat="49.29482" lon="1.24288">
        <ele>7.1</ele>
      </trkpt>
      <trkpt lat="49.29492" lon="1.243069">
        <ele>7.0</ele>
      </trkpt>
      <trkpt lat="49.295029" lon="1.24325">
        <ele>6.9</ele>
      </trkpt>
      <trkpt lat="49.29513" lon="1.2434">
        <ele>6.8</ele>
      </trkpt>
      <trkpt lat="49.29519" lon="1.24348">
        <ele>6.8</ele>
      </trkpt>
      <trkpt lat="49.29536" lon="1.243679">
        <ele>7.0</ele>
      </trkpt>
      <trkpt lat="49.29546" lon="1.24378">
        <ele>7.0</ele>
      </trkpt>
      <trkpt lat="49.29565" lon="1.24394">
        <ele>6.8</ele>
      </trkpt>
      <trkpt lat="49.29578" lon="1.24403">
        <ele>6.7</ele>
      </trkpt>
      <trkpt lat="49.29591" lon="1.2441">
        <ele>6.6</ele>
      </trkpt>
      <trkpt lat="49.29609" lon="1.24419">
        <ele>6.4</ele>
      </trkpt>
      <trkpt lat="49.29628" lon="1.24427">
        <ele>6.1</ele>
      </trkpt>
      <trkpt lat="49.29648" lon="1.2443">
        <ele>5.7</ele>
      </trkpt>
      <trkpt lat="49.29669" lon="1.24432">
        <ele>5.4</ele>
      </trkpt>
      <trkpt lat="49.29686" lon="1.24431">
        <ele>5.5</ele>
      </trkpt>
      <trkpt lat="49.29696" lon="1.244289">
        <ele>5.6</ele>
      </trkpt>
      <trkpt lat="49.29715" lon="1.24425">
        <ele>5.7</ele>
      </trkpt>
      <trkpt lat="49.29732" lon="1.24419">
        <ele>5.8</ele>
      </trkpt>
      <trkpt lat="49.29756" lon="1.24406">
        <ele>5.9</ele>
      </trkpt>
      <trkpt lat="49.29774" lon="1.24394">
        <ele>6.0</ele>
      </trkpt>
      <trkpt lat="49.29784" lon="1.243849">
        <ele>5.9</ele>
      </trkpt>
      <trkpt lat="49.29803" lon="1.24369">
        <ele>5.8</ele>
      </trkpt>
      <trkpt lat="49.298229" lon="1.24349">
        <ele>5.4</ele>
      </trkpt>
      <trkpt lat="49.29854" lon="1.24317">
        <ele>5.1</ele>
      </trkpt>
      <trkpt lat="49.29881" lon="1.24287">
        <ele>5.3</ele>
      </trkpt>
      <trkpt lat="49.29902" lon="1.24261">
        <ele>5.7</ele>
      </trkpt>
      <trkpt lat="49.29923" lon="1.24231">
        <ele>5.7</ele>
      </trkpt>
      <trkpt lat="49.29943" lon="1.24199">
        <ele>6.0</ele>
      </trkpt>
      <trkpt lat="49.29971" lon="1.24154">
        <ele>7.2</ele>
      </trkpt>
      <trkpt lat="49.29995" lon="1.24112">
        <ele>8.1</ele>
      </trkpt>
      <trkpt lat="49.30012" lon="1.24084">
        <ele>8.0</ele>
      </trkpt>
      <trkpt lat="49.300759" lon="1.23977">
        <ele>6.5</ele>
      </trkpt>
      <trkpt lat="49.30099" lon="1.239409">
        <ele>6.7</ele>
      </trkpt>
      <trkpt lat="49.30111" lon="1.23923">
        <ele>6.7</ele>
      </trkpt>
      <trkpt lat="49.3012" lon="1.23912">
        <ele>6.7</ele>
      </trkpt>
      <trkpt lat="49.30145" lon="1.23886">
        <ele>6.2</ele>
      </trkpt>
      <trkpt lat="49.30165" lon="1.2387">
        <ele>5.7</ele>
      </trkpt>
      <trkpt lat="49.30186" lon="1.23857">
        <ele>5.7</ele>
      </trkpt>
      <trkpt lat="49.30204" lon="1.23848">
        <ele>5.9</ele>
      </trkpt>
      <trkpt lat="49.30256" lon="1.23822">
        <ele>6.6</ele>
      </trkpt>
      <trkpt lat="49.30263" lon="1.23822">
        <ele>6.6</ele>
      </trkpt>
      <trkpt lat="49.30265" lon="1.23821">
        <ele>6.6</ele>
      </trkpt>
      <trkpt lat="49.30362" lon="1.23776">
        <ele>6.7</ele>
      </trkpt>
      <trkpt lat="49.30373" lon="1.237679">
        <ele>6.7</ele>
      </trkpt>
      <trkpt lat="49.30392" lon="1.2375">
        <ele>6.7</ele>
      </trkpt>
      <trkpt lat="49.304" lon="1.23742">
        <ele>6.7</ele>
      </trkpt>
      <trkpt lat="49.3041" lon="1.23729">
        <ele>6.6</ele>
      </trkpt>
      <trkpt lat="49.3044" lon="1.23692">
        <ele>6.6</ele>
      </trkpt>
      <trkpt lat="49.30477" lon="1.23643">
        <ele>6.8</ele>
      </trkpt>
      <trkpt lat="49.3048" lon="1.236359">
        <ele>6.9</ele>
      </trkpt>
      <trkpt lat="49.30496" lon="1.23612">
        <ele>7.5</ele>
      </trkpt>
      <trkpt lat="49.30506" lon="1.23597">
        <ele>7.8</ele>
      </trkpt>
      <trkpt lat="49.30518" lon="1.23581">
        <ele>7.7</ele>
      </trkpt>
      <trkpt lat="49.30535" lon="1.23551">
        <ele>7.0</ele>
      </trkpt>
      <trkpt lat="49.30556" lon="1.23513">
        <ele>6.2</ele>
      </trkpt>
      <trkpt lat="49.30576" lon="1.23472">
        <ele>6.2</ele>
      </trkpt>
      <trkpt lat="49.3059" lon="1.2344">
        <ele>6.8</ele>
      </trkpt>
      <trkpt lat="49.30605" lon="1.23405">
        <ele>7.2</ele>
      </trkpt>
      <trkpt lat="49.30618" lon="1.23369">
        <ele>7.1</ele>
      </trkpt>
      <trkpt lat="49.30629" lon="1.23334">
        <ele>7.1</ele>
      </trkpt>
      <trkpt lat="49.30637" lon="1.2331">
        <ele>7.1</ele>
      </trkpt>
      <trkpt lat="49.30644" lon="1.23285">
        <ele>7.1</ele>
      </trkpt>
      <trkpt lat="49.30646" lon="1.23273">
        <ele>7.1</ele>
      </trkpt>
      <trkpt lat="49.306489" lon="1.232629">
        <ele>7.2</ele>
      </trkpt>
      <trkpt lat="49.30656" lon="1.23238">
        <ele>7.2</ele>
      </trkpt>
      <trkpt lat="49.306669" lon="1.23182">
        <ele>6.4</ele>
      </trkpt>
      <trkpt lat="49.30675" lon="1.23133">
        <ele>5.6</ele>
      </trkpt>
      <trkpt lat="49.30677" lon="1.23119">
        <ele>5.4</ele>
      </trkpt>
      <trkpt lat="49.3068" lon="1.23101">
        <ele>5.2</ele>
      </trkpt>
      <trkpt lat="49.30683" lon="1.23074">
        <ele>5.2</ele>
      </trkpt>
      <trkpt lat="49.30687" lon="1.23042">
        <ele>6.0</ele>
      </trkpt>
      <trkpt lat="49.30689" lon="1.2301">
        <ele>6.6</ele>
      </trkpt>
      <trkpt lat="49.30691" lon="1.229749">
        <ele>6.3</ele>
      </trkpt>
      <trkpt lat="49.30695" lon="1.22882">
        <ele>6.0</ele>
      </trkpt>
      <trkpt lat="49.30701" lon="1.22755">
        <ele>7.0</ele>
      </trkpt>
      <trkpt lat="49.307049" lon="1.22682">
        <ele>6.9</ele>
      </trkpt>
      <trkpt lat="49.30707" lon="1.22625">
        <ele>7.2</ele>
      </trkpt>
      <trkpt lat="49.30708" lon="1.22579">
        <ele>7.5</ele>
      </trkpt>
      <trkpt lat="49.30707" lon="1.22542">
        <ele>7.7</ele>
      </trkpt>
      <trkpt lat="49.30707" lon="1.22536">
        <ele>7.8</ele>
      </trkpt>
      <trkpt lat="49.30706" lon="1.22527">
        <ele>7.8</ele>
      </trkpt>
      <trkpt lat="49.30706" lon="1.22522">
        <ele>7.8</ele>
      </trkpt>
      <trkpt lat="49.30706" lon="1.225139">
        <ele>7.9</ele>
      </trkpt>
      <trkpt lat="49.30703" lon="1.22466">
        <ele>8.2</ele>
      </trkpt>
      <trkpt lat="49.307" lon="1.22416">
        <ele>8.6</ele>
      </trkpt>
      <trkpt lat="49.30694" lon="1.22355">
        <ele>8.2</ele>
      </trkpt>
      <trkpt lat="49.30679" lon="1.22187">
        <ele>5.3</ele>
      </trkpt>
      <trkpt lat="49.30655" lon="1.21929">
        <ele>7.8</ele>
      </trkpt>
      <trkpt lat="49.30653" lon="1.21906">
        <ele>8.1</ele>
      </trkpt>
      <trkpt lat="49.30651" lon="1.218869">
        <ele>8.1</ele>
      </trkpt>
      <trkpt lat="49.306489" lon="1.21869">
        <ele>8.1</ele>
      </trkpt>
      <trkpt lat="49.30647" lon="1.21847">
        <ele>8.0</ele>
      </trkpt>
      <trkpt lat="49.30645" lon="1.21821">
        <ele>8.4</ele>
      </trkpt>
      <trkpt lat="49.30639" lon="1.21767">
        <ele>10.6</ele>
      </trkpt>
      <trkpt lat="49.30633" lon="1.21727">
        <ele>12.3</ele>
      </trkpt>
      <trkpt lat="49.30627" lon="1.21688">
        <ele>14.1</ele>
      </trkpt>
      <trkpt lat="49.306199" lon="1.216529">
        <ele>15.2</ele>
      </trkpt>
      <trkpt lat="49.30608" lon="1.21596">
        <ele>15.3</ele>
      </trkpt>
      <trkpt lat="49.30591" lon="1.21525">
        <ele>14.7</ele>
      </trkpt>
      <trkpt lat="49.30561" lon="1.214159">
        <ele>12.2</ele>
      </trkpt>
      <trkpt lat="49.30535" lon="1.21308">
        <ele>8.2</ele>
      </trkpt>
      <trkpt lat="49.30496" lon="1.21145">
        <ele>5.8</ele>
      </trkpt>
      <trkpt lat="49.30496" lon="1.21135">
        <ele>5.7</ele>
      </trkpt>
      <trkpt lat="49.304789" lon="1.21063">
        <ele>5.4</ele>
      </trkpt>
      <trkpt lat="49.30459" lon="1.20975">
        <ele>6.0</ele>
      </trkpt>
      <trkpt lat="49.30447" lon="1.20925">
        <ele>6.8</ele>
      </trkpt>
      <trkpt lat="49.30434" lon="1.20868">
        <ele>7.9</ele>
      </trkpt>
      <trkpt lat="49.30425" lon="1.20832">
        <ele>8.8</ele>
      </trkpt>
      <trkpt lat="49.30418" lon="1.20804">
        <ele>7.9</ele>
      </trkpt>
      <trkpt lat="49.30412" lon="1.20785">
        <ele>7.2</ele>
      </trkpt>
      <trkpt lat="49.304049" lon="1.207649">
        <ele>6.6</ele>
      </trkpt>
      <trkpt lat="49.30398" lon="1.20748">
        <ele>6.2</ele>
      </trkpt>
      <trkpt lat="49.3039" lon="1.20729">
        <ele>6.3</ele>
      </trkpt>
      <trkpt lat="49.30381" lon="1.20712">
        <ele>6.4</ele>
      </trkpt>
      <trkpt lat="49.30365" lon="1.20682">
        <ele>6.6</ele>
      </trkpt>
      <trkpt lat="49.30356" lon="1.20668">
        <ele>6.7</ele>
      </trkpt>
      <trkpt lat="49.30347" lon="1.20653">
        <ele>6.9</ele>
      </trkpt>
      <trkpt lat="49.30336" lon="1.2064">
        <ele>7.0</ele>
      </trkpt>
      <trkpt lat="49.30315" lon="1.20613">
        <ele>7.1</ele>
      </trkpt>
      <trkpt lat="49.30308" lon="1.20604">
        <ele>7.1</ele>
      </trkpt>
      <trkpt lat="49.30304" lon="1.20595">
        <ele>7.0</ele>
      </trkpt>
      <trkpt lat="49.303019" lon="1.20588">
        <ele>7.0</ele>
      </trkpt>
      <trkpt lat="49.303019" lon="1.20588">
        <ele>7.0</ele>
      </trkpt>
      <trkpt lat="49.303019" lon="1.20585">
        <ele>7.0</ele>
      </trkpt>
      <trkpt lat="49.30303" lon="1.205819">
        <ele>7.0</ele>
      </trkpt>
      <trkpt lat="49.30303" lon="1.20579">
        <ele>7.0</ele>
      </trkpt>
      <trkpt lat="49.30303" lon="1.20576">
        <ele>7.0</ele>
      </trkpt>
      <trkpt lat="49.303019" lon="1.20573">
        <ele>7.0</ele>
      </trkpt>
      <trkpt lat="49.303019" lon="1.20569">
        <ele>7.0</ele>
      </trkpt>
      <trkpt lat="49.303019" lon="1.20567">
        <ele>7.0</ele>
      </trkpt>
      <trkpt lat="49.30301" lon="1.20564">
        <ele>7.0</ele>
      </trkpt>
      <trkpt lat="49.303" lon="1.2056">
        <ele>7.0</ele>
      </trkpt>
      <trkpt lat="49.30299" lon="1.20557">
        <ele>7.0</ele>
      </trkpt>
      <trkpt lat="49.30298" lon="1.20554">
        <ele>7.0</ele>
      </trkpt>
      <trkpt lat="49.30296" lon="1.20551">
        <ele>7.0</ele>
      </trkpt>
      <trkpt lat="49.30295" lon="1.20548">
        <ele>7.0</ele>
      </trkpt>
      <trkpt lat="49.30293" lon="1.20545">
        <ele>7.0</ele>
      </trkpt>
      <trkpt lat="49.3029" lon="1.20542">
        <ele>7.0</ele>
      </trkpt>
      <trkpt lat="49.30287" lon="1.20539">
        <ele>7.0</ele>
      </trkpt>
      <trkpt lat="49.302819" lon="1.20531">
        <ele>7.0</ele>
      </trkpt>
      <trkpt lat="49.30278" lon="1.20522">
        <ele>7.0</ele>
      </trkpt>
      <trkpt lat="49.30277" lon="1.20513">
        <ele>7.0</ele>
      </trkpt>
      <trkpt lat="49.30275" lon="1.205039">
        <ele>7.0</ele>
      </trkpt>
      <trkpt lat="49.30274" lon="1.20485">
        <ele>7.1</ele>
      </trkpt>
      <trkpt lat="49.30272" lon="1.20469">
        <ele>7.2</ele>
      </trkpt>
      <trkpt lat="49.30268" lon="1.20445">
        <ele>7.4</ele>
      </trkpt>
      <trkpt lat="49.30262" lon="1.20424">
        <ele>7.6</ele>
      </trkpt>
      <trkpt lat="49.30244" lon="1.20371">
        <ele>7.4</ele>
      </trkpt>
      <trkpt lat="49.30238" lon="1.20353">
        <ele>7.1</ele>
      </trkpt>
      <trkpt lat="49.30223" lon="1.20306">
        <ele>6.6</ele>
      </trkpt>
      <trkpt lat="49.30206" lon="1.20268">
        <ele>6.5</ele>
      </trkpt>
      <trkpt lat="49.30147" lon="1.20091">
        <ele>5.1</ele>
      </trkpt>
      <trkpt lat="49.30098" lon="1.199449">
        <ele>6.2</ele>
      </trkpt>
      <trkpt lat="49.30051" lon="1.19805">
        <ele>6.8</ele>
      </trkpt>
      <trkpt lat="49.30047" lon="1.19792">
        <ele>6.7</ele>
      </trkpt>
      <trkpt lat="49.30035" lon="1.197549">
        <ele>6.6</ele>
      </trkpt>
      <trkpt lat="49.30026" lon="1.19731">
        <ele>6.6</ele>
      </trkpt>
      <trkpt lat="49.30021" lon="1.19716">
        <ele>6.6</ele>
      </trkpt>
      <trkpt lat="49.29989" lon="1.19619">
        <ele>6.4</ele>
      </trkpt>
      <trkpt lat="49.29976" lon="1.19584">
        <ele>6.0</ele>
      </trkpt>
      <trkpt lat="49.29967" lon="1.195619">
        <ele>6.2</ele>
      </trkpt>
      <trkpt lat="49.29955" lon="1.1954">
        <ele>6.6</ele>
      </trkpt>
      <trkpt lat="49.29943" lon="1.19518">
        <ele>7.1</ele>
      </trkpt>
      <trkpt lat="49.29924" lon="1.19487">
        <ele>8.3</ele>
      </trkpt>
      <trkpt lat="49.299169" lon="1.19472">
        <ele>9.0</ele>
      </trkpt>
      <trkpt lat="49.29904" lon="1.19449">
        <ele>11.7</ele>
      </trkpt>
      <trkpt lat="49.299" lon="1.19442">
        <ele>12.7</ele>
      </trkpt>
      <trkpt lat="49.29893" lon="1.19427">
        <ele>14.9</ele>
      </trkpt>
      <trkpt lat="49.29885" lon="1.1941">
        <ele>17.7</ele>
      </trkpt>
      <trkpt lat="49.29885" lon="1.1941">
        <ele>17.7</ele>
      </trkpt>
      <trkpt lat="49.29914" lon="1.19365">
        <ele>14.8</ele>
      </trkpt>
      <trkpt lat="49.29937" lon="1.19322">
        <ele>15.0</ele>
      </trkpt>
      <trkpt lat="49.299639" lon="1.19263">
        <ele>15.7</ele>
      </trkpt>
      <trkpt lat="49.299909" lon="1.19188">
        <ele>14.3</ele>
      </trkpt>
      <trkpt lat="49.30017" lon="1.19106">
        <ele>16.8</ele>
      </trkpt>
      <trkpt lat="49.30024" lon="1.19079">
        <ele>17.8</ele>
      </trkpt>
      <trkpt lat="49.30033" lon="1.19042">
        <ele>18.2</ele>
      </trkpt>
      <trkpt lat="49.30037" lon="1.19022">
        <ele>18.5</ele>
      </trkpt>
      <trkpt lat="49.300379" lon="1.1902">
        <ele>18.4</ele>
      </trkpt>
      <trkpt lat="49.3004" lon="1.19004">
        <ele>18.7</ele>
      </trkpt>
      <trkpt lat="49.30043" lon="1.1899">
        <ele>19.2</ele>
      </trkpt>
      <trkpt lat="49.30045" lon="1.18971">
        <ele>20.5</ele>
      </trkpt>
      <trkpt lat="49.30048" lon="1.18947">
        <ele>22.0</ele>
      </trkpt>
      <trkpt lat="49.30051" lon="1.1892">
        <ele>23.6</ele>
      </trkpt>
      <trkpt lat="49.30051" lon="1.189179">
        <ele>23.8</ele>
      </trkpt>
      <trkpt lat="49.30051" lon="1.18916">
        <ele>24.0</ele>
      </trkpt>
      <trkpt lat="49.30051" lon="1.18914">
        <ele>24.1</ele>
      </trkpt>
      <trkpt lat="49.30051" lon="1.189109">
        <ele>24.4</ele>
      </trkpt>
      <trkpt lat="49.30053" lon="1.18883">
        <ele>25.9</ele>
      </trkpt>
      <trkpt lat="49.30053" lon="1.18882">
        <ele>26.0</ele>
      </trkpt>
      <trkpt lat="49.30057" lon="1.188399">
        <ele>28.1</ele>
      </trkpt>
      <trkpt lat="49.30073" lon="1.18637">
        <ele>26.2</ele>
      </trkpt>
      <trkpt lat="49.30075" lon="1.186059">
        <ele>25.2</ele>
      </trkpt>
      <trkpt lat="49.30078" lon="1.18566">
        <ele>25.1</ele>
      </trkpt>
      <trkpt lat="49.30078" lon="1.18521">
        <ele>27.7</ele>
      </trkpt>
      <trkpt lat="49.30078" lon="1.18506">
        <ele>28.6</ele>
      </trkpt>
      <trkpt lat="49.30078" lon="1.18489">
        <ele>28.8</ele>
      </trkpt>
      <trkpt lat="49.30075" lon="1.184569">
        <ele>29.0</ele>
      </trkpt>
      <trkpt lat="49.30072" lon="1.18425">
        <ele>29.3</ele>
      </trkpt>
      <trkpt lat="49.30068" lon="1.183959">
        <ele>30.1</ele>
      </trkpt>
      <trkpt lat="49.30061" lon="1.18355">
        <ele>31.4</ele>
      </trkpt>
      <trkpt lat="49.30053" lon="1.18324">
        <ele>32.5</ele>
      </trkpt>
      <trkpt lat="49.30042" lon="1.18292">
        <ele>33.5</ele>
      </trkpt>
      <trkpt lat="49.3003" lon="1.18255">
        <ele>34.2</ele>
      </trkpt>
      <trkpt lat="49.30018" lon="1.18227">
        <ele>36.3</ele>
      </trkpt>
      <trkpt lat="49.29996" lon="1.181789">
        <ele>41.2</ele>
      </trkpt>
      <trkpt lat="49.29909" lon="1.18018">
        <ele>48.0</ele>
      </trkpt>
      <trkpt lat="49.29838" lon="1.17887">
        <ele>47.0</ele>
      </trkpt>
      <trkpt lat="49.29828" lon="1.17865">
        <ele>45.6</ele>
      </trkpt>
      <trkpt lat="49.29824" lon="1.17856">
        <ele>44.9</ele>
      </trkpt>
      <trkpt lat="49.29811" lon="1.17826">
        <ele>42.0</ele>
      </trkpt>
      <trkpt lat="49.29805" lon="1.17808">
        <ele>39.7</ele>
      </trkpt>
      <trkpt lat="49.29799" lon="1.17788">
        <ele>37.3</ele>
      </trkpt>
      <trkpt lat="49.29779" lon="1.17717">
        <ele>35.5</ele>
      </trkpt>
      <trkpt lat="49.29759" lon="1.17645">
        <ele>41.4</ele>
      </trkpt>
      <trkpt lat="49.29741" lon="1.17588">
        <ele>48.1</ele>
      </trkpt>
      <trkpt lat="49.29732" lon="1.17531">
        <ele>50.7</ele>
      </trkpt>
      <trkpt lat="49.29731" lon="1.17515">
        <ele>51.2</ele>
      </trkpt>
      <trkpt lat="49.29731" lon="1.17515">
        <ele>51.2</ele>
      </trkpt>
      <trkpt lat="49.29732" lon="1.17514">
        <ele>51.2</ele>
      </trkpt>
      <trkpt lat="49.29732" lon="1.17512">
        <ele>51.3</ele>
      </trkpt>
      <trkpt lat="49.29733" lon="1.1751">
        <ele>51.3</ele>
      </trkpt>
      <trkpt lat="49.29734" lon="1.175079">
        <ele>51.3</ele>
      </trkpt>
      <trkpt lat="49.29735" lon="1.17506">
        <ele>51.3</ele>
      </trkpt>
      <trkpt lat="49.29735" lon="1.17504">
        <ele>51.4</ele>
      </trkpt>
      <trkpt lat="49.29736" lon="1.17502">
        <ele>51.4</ele>
      </trkpt>
      <trkpt lat="49.29736" lon="1.17501">
        <ele>51.5</ele>
      </trkpt>
      <trkpt lat="49.29737" lon="1.17497">
        <ele>51.5</ele>
      </trkpt>
      <trkpt lat="49.29737" lon="1.17494">
        <ele>51.4</ele>
      </trkpt>
      <trkpt lat="49.29737" lon="1.174909">
        <ele>51.4</ele>
      </trkpt>
      <trkpt lat="49.29737" lon="1.17487">
        <ele>51.4</ele>
      </trkpt>
      <trkpt lat="49.29736" lon="1.17484">
        <ele>51.4</ele>
      </trkpt>
      <trkpt lat="49.29736" lon="1.17481">
        <ele>51.4</ele>
      </trkpt>
      <trkpt lat="49.29735" lon="1.17478">
        <ele>51.4</ele>
      </trkpt>
      <trkpt lat="49.29733" lon="1.174739">
        <ele>51.4</ele>
      </trkpt>
      <trkpt lat="49.29733" lon="1.17472">
        <ele>51.4</ele>
      </trkpt>
      <trkpt lat="49.29732" lon="1.1747">
        <ele>51.4</ele>
      </trkpt>
      <trkpt lat="49.29731" lon="1.17468">
        <ele>51.4</ele>
      </trkpt>
      <trkpt lat="49.297289" lon="1.17467">
        <ele>51.5</ele>
      </trkpt>
      <trkpt lat="49.29728" lon="1.17465">
        <ele>51.5</ele>
      </trkpt>
      <trkpt lat="49.29727" lon="1.174639">
        <ele>51.5</ele>
      </trkpt>
      <trkpt lat="49.29726" lon="1.17463">
        <ele>51.5</ele>
      </trkpt>
      <trkpt lat="49.29724" lon="1.17462">
        <ele>51.5</ele>
      </trkpt>
      <trkpt lat="49.29723" lon="1.17451">
        <ele>51.4</ele>
      </trkpt>
      <trkpt lat="49.29723" lon="1.17446">
        <ele>51.3</ele>
      </trkpt>
      <trkpt lat="49.29722" lon="1.17438">
        <ele>51.3</ele>
      </trkpt>
      <trkpt lat="49.29722" lon="1.174299">
        <ele>51.2</ele>
      </trkpt>
      <trkpt lat="49.29722" lon="1.17418">
        <ele>51.0</ele>
      </trkpt>
      <trkpt lat="49.29724" lon="1.17397">
        <ele>50.8</ele>
      </trkpt>
      <trkpt lat="49.29728" lon="1.17338">
        <ele>50.1</ele>
      </trkpt>
      <trkpt lat="49.29735" lon="1.17181">
        <ele>44.5</ele>
      </trkpt>
      <trkpt lat="49.29741" lon="1.17088">
        <ele>44.5</ele>
      </trkpt>
      <trkpt lat="49.297469" lon="1.17007">
        <ele>46.0</ele>
      </trkpt>
      <trkpt lat="49.29768" lon="1.16808">
        <ele>51.0</ele>
      </trkpt>
      <trkpt lat="49.29777" lon="1.16718">
        <ele>50.2</ele>
      </trkpt>
      <trkpt lat="49.29781" lon="1.16685">
        <ele>49.9</ele>
      </trkpt>
      <trkpt lat="49.29784" lon="1.16639">
        <ele>49.6</ele>
      </trkpt>
      <trkpt lat="49.29786" lon="1.16597">
        <ele>49.2</ele>
      </trkpt>
      <trkpt lat="49.29787" lon="1.16566">
        <ele>49.5</ele>
      </trkpt>
      <trkpt lat="49.29787" lon="1.16536">
        <ele>50.2</ele>
      </trkpt>
      <trkpt lat="49.297849" lon="1.16487">
        <ele>51.4</ele>
      </trkpt>
      <trkpt lat="49.29783" lon="1.16453">
        <ele>52.1</ele>
      </trkpt>
      <trkpt lat="49.297759" lon="1.16384">
        <ele>53.1</ele>
      </trkpt>
      <trkpt lat="49.29772" lon="1.163589">
        <ele>53.2</ele>
      </trkpt>
      <trkpt lat="49.29768" lon="1.16334">
        <ele>53.4</ele>
      </trkpt>
      <trkpt lat="49.29757" lon="1.16279">
        <ele>55.0</ele>
      </trkpt>
      <trkpt lat="49.29753" lon="1.1626">
        <ele>55.6</ele>
      </trkpt>
      <trkpt lat="49.29749" lon="1.16244">
        <ele>55.8</ele>
      </trkpt>
      <trkpt lat="49.29724" lon="1.16157">
        <ele>51.6</ele>
      </trkpt>
      <trkpt lat="49.29707" lon="1.1611">
        <ele>47.2</ele>
      </trkpt>
      <trkpt lat="49.29658" lon="1.15957">
        <ele>42.4</ele>
      </trkpt>
      <trkpt lat="49.29595" lon="1.157319">
        <ele>56.1</ele>
      </trkpt>
      <trkpt lat="49.29592" lon="1.15722">
        <ele>56.1</ele>
      </trkpt>
      <trkpt lat="49.29591" lon="1.15714">
        <ele>56.1</ele>
      </trkpt>
      <trkpt lat="49.29589" lon="1.15705">
        <ele>56.1</ele>
      </trkpt>
      <trkpt lat="49.295879" lon="1.15694">
        <ele>56.0</ele>
      </trkpt>
      <trkpt lat="49.29587" lon="1.15686">
        <ele>56.0</ele>
      </trkpt>
      <trkpt lat="49.29587" lon="1.15678">
        <ele>55.9</ele>
      </trkpt>
      <trkpt lat="49.295879" lon="1.15661">
        <ele>55.7</ele>
      </trkpt>
      <trkpt lat="49.295879" lon="1.15661">
        <ele>55.7</ele>
      </trkpt>
      <trkpt lat="49.29589" lon="1.15659">
        <ele>55.6</ele>
      </trkpt>
      <trkpt lat="49.2959" lon="1.15658">
        <ele>55.5</ele>
      </trkpt>
      <trkpt lat="49.29591" lon="1.15656">
        <ele>55.4</ele>
      </trkpt>
      <trkpt lat="49.29592" lon="1.156539">
        <ele>55.4</ele>
      </trkpt>
      <trkpt lat="49.29593" lon="1.15652">
        <ele>55.3</ele>
      </trkpt>
      <trkpt lat="49.29594" lon="1.15651">
        <ele>55.2</ele>
      </trkpt>
      <trkpt lat="49.29595" lon="1.15649">
        <ele>55.2</ele>
      </trkpt>
      <trkpt lat="49.29596" lon="1.15647">
        <ele>55.1</ele>
      </trkpt>
      <trkpt lat="49.295969" lon="1.15643">
        <ele>55.0</ele>
      </trkpt>
      <trkpt lat="49.29599" lon="1.15639">
        <ele>54.9</ele>
      </trkpt>
      <trkpt lat="49.296" lon="1.15635">
        <ele>54.8</ele>
      </trkpt>
      <trkpt lat="49.296" lon="1.15631">
        <ele>54.8</ele>
      </trkpt>
      <trkpt lat="49.29601" lon="1.15627">
        <ele>54.7</ele>
      </trkpt>
      <trkpt lat="49.29601" lon="1.15623">
        <ele>54.7</ele>
      </trkpt>
      <trkpt lat="49.29601" lon="1.15619">
        <ele>54.7</ele>
      </trkpt>
      <trkpt lat="49.296" lon="1.15614">
        <ele>54.8</ele>
      </trkpt>
      <trkpt lat="49.296" lon="1.15612">
        <ele>54.8</ele>
      </trkpt>
      <trkpt lat="49.296" lon="1.156099">
        <ele>54.8</ele>
      </trkpt>
      <trkpt lat="49.29599" lon="1.15608">
        <ele>54.9</ele>
      </trkpt>
      <trkpt lat="49.29599" lon="1.15606">
        <ele>54.9</ele>
      </trkpt>
      <trkpt lat="49.29598" lon="1.15604">
        <ele>54.9</ele>
      </trkpt>
      <trkpt lat="49.29598" lon="1.15602">
        <ele>54.9</ele>
      </trkpt>
      <trkpt lat="49.295969" lon="1.156">
        <ele>55.0</ele>
      </trkpt>
      <trkpt lat="49.29596" lon="1.15598">
        <ele>55.1</ele>
      </trkpt>
      <trkpt lat="49.29595" lon="1.15595">
        <ele>55.2</ele>
      </trkpt>
      <trkpt lat="49.29594" lon="1.15592">
        <ele>55.2</ele>
      </trkpt>
      <trkpt lat="49.29592" lon="1.15589">
        <ele>55.4</ele>
      </trkpt>
      <trkpt lat="49.2959" lon="1.15586">
        <ele>55.5</ele>
      </trkpt>
      <trkpt lat="49.295879" lon="1.15584">
        <ele>55.7</ele>
      </trkpt>
      <trkpt lat="49.29586" lon="1.15582">
        <ele>55.8</ele>
      </trkpt>
      <trkpt lat="49.29584" lon="1.1558">
        <ele>55.9</ele>
      </trkpt>
      <trkpt lat="49.29582" lon="1.15578">
        <ele>56.0</ele>
      </trkpt>
      <trkpt lat="49.29581" lon="1.15578">
        <ele>56.0</ele>
      </trkpt>
      <trkpt lat="49.2958" lon="1.15577">
        <ele>56.0</ele>
      </trkpt>
      <trkpt lat="49.29578" lon="1.155759">
        <ele>56.0</ele>
      </trkpt>
      <trkpt lat="49.29577" lon="1.155759">
        <ele>56.0</ele>
      </trkpt>
      <trkpt lat="49.29576" lon="1.15575">
        <ele>56.0</ele>
      </trkpt>
      <trkpt lat="49.29574" lon="1.15575">
        <ele>56.0</ele>
      </trkpt>
      <trkpt lat="49.29573" lon="1.15575">
        <ele>56.0</ele>
      </trkpt>
      <trkpt lat="49.29572" lon="1.15575">
        <ele>56.0</ele>
      </trkpt>
      <trkpt lat="49.29567" lon="1.15563">
        <ele>56.0</ele>
      </trkpt>
      <trkpt lat="49.29564" lon="1.15555">
        <ele>56.0</ele>
      </trkpt>
      <trkpt lat="49.29563" lon="1.15551">
        <ele>56.0</ele>
      </trkpt>
      <trkpt lat="49.29562" lon="1.15546">
        <ele>55.9</ele>
      </trkpt>
      <trkpt lat="49.2956" lon="1.15538">
        <ele>55.9</ele>
      </trkpt>
      <trkpt lat="49.29559" lon="1.15528">
        <ele>55.8</ele>
      </trkpt>
      <trkpt lat="49.29557" lon="1.15513">
        <ele>55.7</ele>
      </trkpt>
      <trkpt lat="49.29552" lon="1.15457">
        <ele>54.9</ele>
      </trkpt>
      <trkpt lat="49.295409" lon="1.15317">
        <ele>52.4</ele>
      </trkpt>
      <trkpt lat="49.29538" lon="1.15261">
        <ele>52.1</ele>
      </trkpt>
      <trkpt lat="49.29537" lon="1.1523">
        <ele>52.1</ele>
      </trkpt>
      <trkpt lat="49.29537" lon="1.15201">
        <ele>52.1</ele>
      </trkpt>
      <trkpt lat="49.29539" lon="1.15157">
        <ele>52.1</ele>
      </trkpt>
      <trkpt lat="49.29545" lon="1.15087">
        <ele>52.4</ele>
      </trkpt>
      <trkpt lat="49.29546" lon="1.15074">
        <ele>52.4</ele>
      </trkpt>
      <trkpt lat="49.29549" lon="1.15049">
        <ele>52.4</ele>
      </trkpt>
      <trkpt lat="49.29551" lon="1.15022">
        <ele>52.4</ele>
      </trkpt>
      <trkpt lat="49.29555" lon="1.14995">
        <ele>52.4</ele>
      </trkpt>
      <trkpt lat="49.2956" lon="1.14948">
        <ele>52.9</ele>
      </trkpt>
      <trkpt lat="49.29564" lon="1.14918">
        <ele>53.2</ele>
      </trkpt>
      <trkpt lat="49.29567" lon="1.14896">
        <ele>54.8</ele>
      </trkpt>
      <trkpt lat="49.29572" lon="1.14866">
        <ele>57.2</ele>
      </trkpt>
      <trkpt lat="49.2959" lon="1.147829">
        <ele>61.6</ele>
      </trkpt>
      <trkpt lat="49.29618" lon="1.14669">
        <ele>63.7</ele>
      </trkpt>
      <trkpt lat="49.296349" lon="1.14605">
        <ele>62.1</ele>
      </trkpt>
      <trkpt lat="49.29678" lon="1.14441">
        <ele>55.9</ele>
      </trkpt>
      <trkpt lat="49.29697" lon="1.14373">
        <ele>51.6</ele>
      </trkpt>
      <trkpt lat="49.29728" lon="1.14255">
        <ele>49.0</ele>
      </trkpt>
      <trkpt lat="49.29744" lon="1.14194">
        <ele>46.8</ele>
      </trkpt>
      <trkpt lat="49.29752" lon="1.14158">
        <ele>44.7</ele>
      </trkpt>
      <trkpt lat="49.2979" lon="1.14013">
        <ele>29.7</ele>
      </trkpt>
      <trkpt lat="49.29806" lon="1.13953">
        <ele>28.2</ele>
      </trkpt>
      <trkpt lat="49.29824" lon="1.13896">
        <ele>27.4</ele>
      </trkpt>
      <trkpt lat="49.29844" lon="1.13842">
        <ele>25.6</ele>
      </trkpt>
      <trkpt lat="49.29851" lon="1.13829">
        <ele>25.3</ele>
      </trkpt>
      <trkpt lat="49.29857" lon="1.13815">
        <ele>26.0</ele>
      </trkpt>
      <trkpt lat="49.29872" lon="1.13781">
        <ele>27.7</ele>
      </trkpt>
      <trkpt lat="49.29905" lon="1.13719">
        <ele>31.4</ele>
      </trkpt>
      <trkpt lat="49.29937" lon="1.13672">
        <ele>34.5</ele>
      </trkpt>
      <trkpt lat="49.29957" lon="1.13648">
        <ele>34.5</ele>
      </trkpt>
      <trkpt lat="49.29959" lon="1.13645">
        <ele>34.5</ele>
      </trkpt>
      <trkpt lat="49.29968" lon="1.13632">
        <ele>34.6</ele>
      </trkpt>
      <trkpt lat="49.29977" lon="1.13621">
        <ele>34.7</ele>
      </trkpt>
      <trkpt lat="49.29989" lon="1.13605">
        <ele>35.1</ele>
      </trkpt>
      <trkpt lat="49.30018" lon="1.1357">
        <ele>34.4</ele>
      </trkpt>
      <trkpt lat="49.30052" lon="1.13529">
        <ele>31.7</ele>
      </trkpt>
      <trkpt lat="49.30074" lon="1.135">
        <ele>30.0</ele>
      </trkpt>
      <trkpt lat="49.30106" lon="1.134609">
        <ele>27.5</ele>
      </trkpt>
      <trkpt lat="49.30109" lon="1.13456">
        <ele>27.3</ele>
      </trkpt>
      <trkpt lat="49.3011" lon="1.13455">
        <ele>27.3</ele>
      </trkpt>
      <trkpt lat="49.301139" lon="1.1345">
        <ele>27.0</ele>
      </trkpt>
      <trkpt lat="49.30115" lon="1.13448">
        <ele>27.0</ele>
      </trkpt>
      <trkpt lat="49.30164" lon="1.13378">
        <ele>23.7</ele>
      </trkpt>
      <trkpt lat="49.30195" lon="1.13329">
        <ele>23.0</ele>
      </trkpt>
      <trkpt lat="49.30223" lon="1.13281">
        <ele>22.6</ele>
      </trkpt>
      <trkpt lat="49.30257" lon="1.13219">
        <ele>22.1</ele>
      </trkpt>
      <trkpt lat="49.30324" lon="1.13094">
        <ele>22.1</ele>
      </trkpt>
      <trkpt lat="49.303289" lon="1.13087">
        <ele>22.0</ele>
      </trkpt>
      <trkpt lat="49.30335" lon="1.13077">
        <ele>22.1</ele>
      </trkpt>
      <trkpt lat="49.30341" lon="1.1307">
        <ele>22.2</ele>
      </trkpt>
      <trkpt lat="49.30348" lon="1.13063">
        <ele>22.2</ele>
      </trkpt>
      <trkpt lat="49.30348" lon="1.13063">
        <ele>22.2</ele>
      </trkpt>
      <trkpt lat="49.3035" lon="1.13064">
        <ele>22.2</ele>
      </trkpt>
      <trkpt lat="49.30352" lon="1.13064">
        <ele>22.1</ele>
      </trkpt>
      <trkpt lat="49.30354" lon="1.13064">
        <ele>22.1</ele>
      </trkpt>
      <trkpt lat="49.30357" lon="1.13064">
        <ele>22.0</ele>
      </trkpt>
      <trkpt lat="49.30359" lon="1.13064">
        <ele>22.0</ele>
      </trkpt>
      <trkpt lat="49.30361" lon="1.13063">
        <ele>22.0</ele>
      </trkpt>
      <trkpt lat="49.30363" lon="1.13062">
        <ele>22.0</ele>
      </trkpt>
      <trkpt lat="49.30365" lon="1.1306">
        <ele>22.0</ele>
      </trkpt>
      <trkpt lat="49.30368" lon="1.13058">
        <ele>21.9</ele>
      </trkpt>
      <trkpt lat="49.30369" lon="1.13056">
        <ele>21.9</ele>
      </trkpt>
      <trkpt lat="49.30371" lon="1.13054">
        <ele>21.9</ele>
      </trkpt>
      <trkpt lat="49.30372" lon="1.13052">
        <ele>21.9</ele>
      </trkpt>
      <trkpt lat="49.30373" lon="1.1305">
        <ele>21.9</ele>
      </trkpt>
      <trkpt lat="49.30374" lon="1.13047">
        <ele>22.0</ele>
      </trkpt>
      <trkpt lat="49.30375" lon="1.13045">
        <ele>22.0</ele>
      </trkpt>
      <trkpt lat="49.303759" lon="1.13042">
        <ele>22.0</ele>
      </trkpt>
      <trkpt lat="49.303759" lon="1.1304">
        <ele>22.0</ele>
      </trkpt>
      <trkpt lat="49.30377" lon="1.13037">
        <ele>22.0</ele>
      </trkpt>
      <trkpt lat="49.30377" lon="1.13033">
        <ele>22.1</ele>
      </trkpt>
      <trkpt lat="49.30377" lon="1.1303">
        <ele>22.1</ele>
      </trkpt>
      <trkpt lat="49.30377" lon="1.13026">
        <ele>22.1</ele>
      </trkpt>
      <trkpt lat="49.30377" lon="1.13023">
        <ele>22.2</ele>
      </trkpt>
      <trkpt lat="49.303759" lon="1.13019">
        <ele>22.2</ele>
      </trkpt>
      <trkpt lat="49.30375" lon="1.13016">
        <ele>22.3</ele>
      </trkpt>
      <trkpt lat="49.30374" lon="1.13013">
        <ele>22.4</ele>
      </trkpt>
      <trkpt lat="49.30373" lon="1.1301">
        <ele>22.4</ele>
      </trkpt>
      <trkpt lat="49.30372" lon="1.13007">
        <ele>22.5</ele>
      </trkpt>
      <trkpt lat="49.3037" lon="1.13004">
        <ele>22.6</ele>
      </trkpt>
      <trkpt lat="49.30371" lon="1.12996">
        <ele>22.7</ele>
      </trkpt>
      <trkpt lat="49.30371" lon="1.12993">
        <ele>22.7</ele>
      </trkpt>
      <trkpt lat="49.30371" lon="1.129899">
        <ele>22.7</ele>
      </trkpt>
      <trkpt lat="49.30372" lon="1.12985">
        <ele>22.7</ele>
      </trkpt>
      <trkpt lat="49.30375" lon="1.129729">
        <ele>22.7</ele>
      </trkpt>
      <trkpt lat="49.30384" lon="1.129389">
        <ele>22.6</ele>
      </trkpt>
      <trkpt lat="49.30402" lon="1.12879">
        <ele>21.4</ele>
      </trkpt>
      <trkpt lat="49.30424" lon="1.128069">
        <ele>19.7</ele>
      </trkpt>
      <trkpt lat="49.30445" lon="1.1274">
        <ele>18.8</ele>
      </trkpt>
      <trkpt lat="49.30455" lon="1.12704">
        <ele>18.7</ele>
      </trkpt>
      <trkpt lat="49.30463" lon="1.12679">
        <ele>18.6</ele>
      </trkpt>
      <trkpt lat="49.30469" lon="1.12657">
        <ele>18.7</ele>
      </trkpt>
      <trkpt lat="49.30476" lon="1.1263">
        <ele>18.8</ele>
      </trkpt>
      <trkpt lat="49.304789" lon="1.12613">
        <ele>19.0</ele>
      </trkpt>
      <trkpt lat="49.30482" lon="1.12598">
        <ele>19.0</ele>
      </trkpt>
      <trkpt lat="49.30486" lon="1.12577">
        <ele>19.1</ele>
      </trkpt>
      <trkpt lat="49.30489" lon="1.12557">
        <ele>19.2</ele>
      </trkpt>
      <trkpt lat="49.30491" lon="1.12536">
        <ele>19.3</ele>
      </trkpt>
      <trkpt lat="49.30494" lon="1.12509">
        <ele>19.5</ele>
      </trkpt>
      <trkpt lat="49.30496" lon="1.12488">
        <ele>19.8</ele>
      </trkpt>
      <trkpt lat="49.30497" lon="1.12469">
        <ele>20.4</ele>
      </trkpt>
      <trkpt lat="49.30497" lon="1.12456">
        <ele>20.9</ele>
      </trkpt>
      <trkpt lat="49.30498" lon="1.124339">
        <ele>21.6</ele>
      </trkpt>
      <trkpt lat="49.30498" lon="1.12411">
        <ele>22.1</ele>
      </trkpt>
      <trkpt lat="49.30498" lon="1.12383">
        <ele>21.4</ele>
      </trkpt>
      <trkpt lat="49.30497" lon="1.12301">
        <ele>17.6</ele>
      </trkpt>
      <trkpt lat="49.30496" lon="1.12225">
        <ele>13.0</ele>
      </trkpt>
      <trkpt lat="49.30496" lon="1.12122">
        <ele>12.6</ele>
      </trkpt>
      <trkpt lat="49.30496" lon="1.1209">
        <ele>13.0</ele>
      </trkpt>
      <trkpt lat="49.30496" lon="1.12078">
        <ele>13.2</ele>
      </trkpt>
      <trkpt lat="49.30496" lon="1.1206">
        <ele>13.4</ele>
      </trkpt>
      <trkpt lat="49.30496" lon="1.12019">
        <ele>13.8</ele>
      </trkpt>
      <trkpt lat="49.30496" lon="1.11994">
        <ele>14.0</ele>
      </trkpt>
      <trkpt lat="49.30496" lon="1.11979">
        <ele>13.8</ele>
      </trkpt>
      <trkpt lat="49.30496" lon="1.11959">
        <ele>13.6</ele>
      </trkpt>
      <trkpt lat="49.30496" lon="1.119459">
        <ele>13.5</ele>
      </trkpt>
      <trkpt lat="49.30496" lon="1.11936">
        <ele>13.4</ele>
      </trkpt>
      <trkpt lat="49.30498" lon="1.11928">
        <ele>13.2</ele>
      </trkpt>
      <trkpt lat="49.305" lon="1.11916">
        <ele>13.0</ele>
      </trkpt>
      <trkpt lat="49.305" lon="1.11916">
        <ele>13.0</ele>
      </trkpt>
      <trkpt lat="49.30502" lon="1.11914">
        <ele>13.0</ele>
      </trkpt>
      <trkpt lat="49.30504" lon="1.11913">
        <ele>13.0</ele>
      </trkpt>
      <trkpt lat="49.30506" lon="1.11911">
        <ele>12.9</ele>
      </trkpt>
      <trkpt lat="49.305079" lon="1.11909">
        <ele>12.9</ele>
      </trkpt>
      <trkpt lat="49.30509" lon="1.11907">
        <ele>12.9</ele>
      </trkpt>
      <trkpt lat="49.30511" lon="1.11905">
        <ele>12.9</ele>
      </trkpt>
      <trkpt lat="49.30512" lon="1.119019">
        <ele>12.9</ele>
      </trkpt>
      <trkpt lat="49.30513" lon="1.11899">
        <ele>12.8</ele>
      </trkpt>
      <trkpt lat="49.30514" lon="1.11896">
        <ele>12.8</ele>
      </trkpt>
      <trkpt lat="49.30515" lon="1.11893">
        <ele>12.8</ele>
      </trkpt>
      <trkpt lat="49.30515" lon="1.1189">
        <ele>12.8</ele>
      </trkpt>
      <trkpt lat="49.30515" lon="1.11887">
        <ele>12.8</ele>
      </trkpt>
      <trkpt lat="49.30516" lon="1.11883">
        <ele>12.8</ele>
      </trkpt>
      <trkpt lat="49.30515" lon="1.1188">
        <ele>12.8</ele>
      </trkpt>
      <trkpt lat="49.30515" lon="1.11877">
        <ele>12.8</ele>
      </trkpt>
      <trkpt lat="49.30515" lon="1.11874">
        <ele>12.8</ele>
      </trkpt>
      <trkpt lat="49.30514" lon="1.11871">
        <ele>12.8</ele>
      </trkpt>
      <trkpt lat="49.30513" lon="1.118679">
        <ele>12.8</ele>
      </trkpt>
      <trkpt lat="49.30512" lon="1.11865">
        <ele>12.9</ele>
      </trkpt>
      <trkpt lat="49.30511" lon="1.11862">
        <ele>12.9</ele>
      </trkpt>
      <trkpt lat="49.30509" lon="1.1186">
        <ele>12.9</ele>
      </trkpt>
      <trkpt lat="49.305079" lon="1.11858">
        <ele>12.9</ele>
      </trkpt>
      <trkpt lat="49.30506" lon="1.11856">
        <ele>12.9</ele>
      </trkpt>
      <trkpt lat="49.30504" lon="1.11854">
        <ele>13.0</ele>
      </trkpt>
      <trkpt lat="49.305" lon="1.11844">
        <ele>13.0</ele>
      </trkpt>
      <trkpt lat="49.30498" lon="1.11835">
        <ele>13.1</ele>
      </trkpt>
      <trkpt lat="49.30497" lon="1.11828">
        <ele>13.1</ele>
      </trkpt>
      <trkpt lat="49.30496" lon="1.11823">
        <ele>13.2</ele>
      </trkpt>
      <trkpt lat="49.30495" lon="1.11818">
        <ele>13.3</ele>
      </trkpt>
      <trkpt lat="49.30495" lon="1.11806">
        <ele>13.3</ele>
      </trkpt>
      <trkpt lat="49.30495" lon="1.11794">
        <ele>13.3</ele>
      </trkpt>
      <trkpt lat="49.30493" lon="1.11756">
        <ele>13.5</ele>
      </trkpt>
      <trkpt lat="49.30491" lon="1.1174">
        <ele>14.0</ele>
      </trkpt>
      <trkpt lat="49.30487" lon="1.11698">
        <ele>15.6</ele>
      </trkpt>
      <trkpt lat="49.3048" lon="1.11617">
        <ele>15.3</ele>
      </trkpt>
      <trkpt lat="49.30476" lon="1.11584">
        <ele>14.3</ele>
      </trkpt>
      <trkpt lat="49.30475" lon="1.1157">
        <ele>14.1</ele>
      </trkpt>
      <trkpt lat="49.30474" lon="1.11544">
        <ele>13.7</ele>
      </trkpt>
      <trkpt lat="49.30472" lon="1.11511">
        <ele>13.2</ele>
      </trkpt>
      <trkpt lat="49.30471" lon="1.11474">
        <ele>12.9</ele>
      </trkpt>
      <trkpt lat="49.304699" lon="1.11417">
        <ele>12.8</ele>
      </trkpt>
      <trkpt lat="49.30469" lon="1.11361">
        <ele>12.6</ele>
      </trkpt>
      <trkpt lat="49.30469" lon="1.11351">
        <ele>12.6</ele>
      </trkpt>
      <trkpt lat="49.30468" lon="1.11333">
        <ele>12.5</ele>
      </trkpt>
      <trkpt lat="49.30468" lon="1.11315">
        <ele>12.5</ele>
      </trkpt>
      <trkpt lat="49.30467" lon="1.11306">
        <ele>12.5</ele>
      </trkpt>
      <trkpt lat="49.30465" lon="1.11292">
        <ele>12.6</ele>
      </trkpt>
      <trkpt lat="49.30464" lon="1.11277">
        <ele>12.5</ele>
      </trkpt>
      <trkpt lat="49.30463" lon="1.11265">
        <ele>12.5</ele>
      </trkpt>
      <trkpt lat="49.30462" lon="1.11261">
        <ele>12.5</ele>
      </trkpt>
      <trkpt lat="49.304609" lon="1.11253">
        <ele>12.5</ele>
      </trkpt>
      <trkpt lat="49.30459" lon="1.11243">
        <ele>12.5</ele>
      </trkpt>
      <trkpt lat="49.30457" lon="1.11235">
        <ele>12.5</ele>
      </trkpt>
      <trkpt lat="49.30455" lon="1.1123">
        <ele>12.5</ele>
      </trkpt>
      <trkpt lat="49.30454" lon="1.11225">
        <ele>12.6</ele>
      </trkpt>
      <trkpt lat="49.304519" lon="1.11219">
        <ele>12.6</ele>
      </trkpt>
      <trkpt lat="49.3045" lon="1.11208">
        <ele>12.6</ele>
      </trkpt>
      <trkpt lat="49.3045" lon="1.11208">
        <ele>12.6</ele>
      </trkpt>
      <trkpt lat="49.30451" lon="1.11206">
        <ele>12.6</ele>
      </trkpt>
      <trkpt lat="49.304519" lon="1.11204">
        <ele>12.6</ele>
      </trkpt>
      <trkpt lat="49.304519" lon="1.11202">
        <ele>12.6</ele>
      </trkpt>
      <trkpt lat="49.30453" lon="1.11199">
        <ele>12.6</ele>
      </trkpt>
      <trkpt lat="49.30453" lon="1.111969">
        <ele>12.6</ele>
      </trkpt>
      <trkpt lat="49.30454" lon="1.11195">
        <ele>12.6</ele>
      </trkpt>
      <trkpt lat="49.30454" lon="1.11192">
        <ele>12.6</ele>
      </trkpt>
      <trkpt lat="49.30454" lon="1.11189">
        <ele>12.6</ele>
      </trkpt>
      <trkpt lat="49.30454" lon="1.11187">
        <ele>12.6</ele>
      </trkpt>
      <trkpt lat="49.30454" lon="1.11184">
        <ele>12.6</ele>
      </trkpt>
      <trkpt lat="49.30453" lon="1.11181">
        <ele>12.6</ele>
      </trkpt>
      <trkpt lat="49.30453" lon="1.11179">
        <ele>12.6</ele>
      </trkpt>
      <trkpt lat="49.304519" lon="1.11176">
        <ele>12.6</ele>
      </trkpt>
      <trkpt lat="49.304519" lon="1.11174">
        <ele>12.6</ele>
      </trkpt>
      <trkpt lat="49.30451" lon="1.11171">
        <ele>12.6</ele>
      </trkpt>
      <trkpt lat="49.3045" lon="1.11169">
        <ele>12.6</ele>
      </trkpt>
      <trkpt lat="49.30449" lon="1.11168">
        <ele>12.6</ele>
      </trkpt>
      <trkpt lat="49.30449" lon="1.11167">
        <ele>12.6</ele>
      </trkpt>
      <trkpt lat="49.30448" lon="1.11166">
        <ele>12.6</ele>
      </trkpt>
      <trkpt lat="49.30448" lon="1.11165">
        <ele>12.6</ele>
      </trkpt>
      <trkpt lat="49.30447" lon="1.11164">
        <ele>12.6</ele>
      </trkpt>
      <trkpt lat="49.30446" lon="1.11164">
        <ele>12.6</ele>
      </trkpt>
      <trkpt lat="49.30446" lon="1.111629">
        <ele>12.6</ele>
      </trkpt>
      <trkpt lat="49.30445" lon="1.11162">
        <ele>12.6</ele>
      </trkpt>
      <trkpt lat="49.30445" lon="1.11145">
        <ele>12.5</ele>
      </trkpt>
      <trkpt lat="49.30445" lon="1.11132">
        <ele>12.4</ele>
      </trkpt>
      <trkpt lat="49.30445" lon="1.11124">
        <ele>12.3</ele>
      </trkpt>
      <trkpt lat="49.30444" lon="1.11116">
        <ele>12.3</ele>
      </trkpt>
      <trkpt lat="49.30444" lon="1.11108">
        <ele>12.2</ele>
      </trkpt>
      <trkpt lat="49.30442" lon="1.11098">
        <ele>12.1</ele>
      </trkpt>
      <trkpt lat="49.3044" lon="1.110849">
        <ele>12.0</ele>
      </trkpt>
      <trkpt lat="49.30438" lon="1.11072">
        <ele>11.9</ele>
      </trkpt>
      <trkpt lat="49.30433" lon="1.110579">
        <ele>11.9</ele>
      </trkpt>
      <trkpt lat="49.30425" lon="1.11029">
        <ele>11.9</ele>
      </trkpt>
      <trkpt lat="49.30422" lon="1.11015">
        <ele>11.9</ele>
      </trkpt>
      <trkpt lat="49.3042" lon="1.11003">
        <ele>11.9</ele>
      </trkpt>
      <trkpt lat="49.30416" lon="1.10985">
        <ele>12.2</ele>
      </trkpt>
      <trkpt lat="49.304139" lon="1.10972">
        <ele>12.4</ele>
      </trkpt>
      <trkpt lat="49.30412" lon="1.10959">
        <ele>12.7</ele>
      </trkpt>
      <trkpt lat="49.30411" lon="1.10945">
        <ele>12.8</ele>
      </trkpt>
      <trkpt lat="49.30409" lon="1.109189">
        <ele>13.2</ele>
      </trkpt>
      <trkpt lat="49.30408" lon="1.1089">
        <ele>12.9</ele>
      </trkpt>
      <trkpt lat="49.30406" lon="1.10846">
        <ele>12.4</ele>
      </trkpt>
      <trkpt lat="49.30406" lon="1.10815">
        <ele>12.1</ele>
      </trkpt>
      <trkpt lat="49.304049" lon="1.10777">
        <ele>11.7</ele>
      </trkpt>
      <trkpt lat="49.30404" lon="1.107019">
        <ele>12.0</ele>
      </trkpt>
      <trkpt lat="49.30403" lon="1.106579">
        <ele>12.6</ele>
      </trkpt>
      <trkpt lat="49.30402" lon="1.10646">
        <ele>12.8</ele>
      </trkpt>
      <trkpt lat="49.30401" lon="1.10628">
        <ele>13.0</ele>
      </trkpt>
      <trkpt lat="49.30398" lon="1.10605">
        <ele>13.4</ele>
      </trkpt>
      <trkpt lat="49.303959" lon="1.10589">
        <ele>13.7</ele>
      </trkpt>
      <trkpt lat="49.30394" lon="1.10574">
        <ele>13.6</ele>
      </trkpt>
      <trkpt lat="49.30393" lon="1.105629">
        <ele>13.4</ele>
      </trkpt>
      <trkpt lat="49.3039" lon="1.10545">
        <ele>13.2</ele>
      </trkpt>
      <trkpt lat="49.30382" lon="1.10499">
        <ele>12.7</ele>
      </trkpt>
      <trkpt lat="49.30368" lon="1.10415">
        <ele>13.3</ele>
      </trkpt>
      <trkpt lat="49.30356" lon="1.10341">
        <ele>13.9</ele>
      </trkpt>
      <trkpt lat="49.303489" lon="1.10299">
        <ele>14.0</ele>
      </trkpt>
      <trkpt lat="49.30341" lon="1.10254">
        <ele>13.9</ele>
      </trkpt>
      <trkpt lat="49.30324" lon="1.10157">
        <ele>15.1</ele>
      </trkpt>
      <trkpt lat="49.30309" lon="1.10068">
        <ele>14.6</ele>
      </trkpt>
      <trkpt lat="49.30298" lon="1.10003">
        <ele>13.8</ele>
      </trkpt>
      <trkpt lat="49.30292" lon="1.09963">
        <ele>13.8</ele>
      </trkpt>
      <trkpt lat="49.3029" lon="1.09949">
        <ele>13.8</ele>
      </trkpt>
      <trkpt lat="49.30288" lon="1.09929">
        <ele>13.7</ele>
      </trkpt>
      <trkpt lat="49.30287" lon="1.09913">
        <ele>13.7</ele>
      </trkpt>
      <trkpt lat="49.30286" lon="1.09899">
        <ele>13.8</ele>
      </trkpt>
      <trkpt lat="49.30285" lon="1.09869">
        <ele>14.1</ele>
      </trkpt>
      <trkpt lat="49.30284" lon="1.09839">
        <ele>14.3</ele>
      </trkpt>
      <trkpt lat="49.30283" lon="1.09825">
        <ele>14.4</ele>
      </trkpt>
      <trkpt lat="49.30281" lon="1.09809">
        <ele>14.3</ele>
      </trkpt>
      <trkpt lat="49.3028" lon="1.09799">
        <ele>14.3</ele>
      </trkpt>
      <trkpt lat="49.30279" lon="1.097869">
        <ele>14.2</ele>
      </trkpt>
      <trkpt lat="49.30276" lon="1.09766">
        <ele>14.2</ele>
      </trkpt>
      <trkpt lat="49.30267" lon="1.0971">
        <ele>12.9</ele>
      </trkpt>
      <trkpt lat="49.3026" lon="1.09671">
        <ele>11.3</ele>
      </trkpt>
      <trkpt lat="49.30254" lon="1.09635">
        <ele>11.0</ele>
      </trkpt>
      <trkpt lat="49.30247" lon="1.09594">
        <ele>11.1</ele>
      </trkpt>
      <trkpt lat="49.30244" lon="1.09575">
        <ele>11.4</ele>
      </trkpt>
      <trkpt lat="49.30239" lon="1.095429">
        <ele>11.9</ele>
      </trkpt>
      <trkpt lat="49.302349" lon="1.09511">
        <ele>12.3</ele>
      </trkpt>
      <trkpt lat="49.30229" lon="1.09458">
        <ele>11.7</ele>
      </trkpt>
      <trkpt lat="49.3022" lon="1.09367">
        <ele>11.2</ele>
      </trkpt>
      <trkpt lat="49.30212" lon="1.0927">
        <ele>11.0</ele>
      </trkpt>
      <trkpt lat="49.30211" lon="1.09253">
        <ele>11.0</ele>
      </trkpt>
      <trkpt lat="49.3021" lon="1.09243">
        <ele>10.9</ele>
      </trkpt>
      <trkpt lat="49.30207" lon="1.09213">
        <ele>10.6</ele>
      </trkpt>
      <trkpt lat="49.30205" lon="1.09174">
        <ele>10.2</ele>
      </trkpt>
      <trkpt lat="49.30202" lon="1.09149">
        <ele>10.2</ele>
      </trkpt>
      <trkpt lat="49.30201" lon="1.09129">
        <ele>10.2</ele>
      </trkpt>
      <trkpt lat="49.30198" lon="1.09104">
        <ele>10.2</ele>
      </trkpt>
      <trkpt lat="49.30196" lon="1.09089">
        <ele>10.3</ele>
      </trkpt>
      <trkpt lat="49.30195" lon="1.09074">
        <ele>10.4</ele>
      </trkpt>
      <trkpt lat="49.30192" lon="1.09056">
        <ele>10.6</ele>
      </trkpt>
      <trkpt lat="49.30189" lon="1.090379">
        <ele>10.9</ele>
      </trkpt>
      <trkpt lat="49.30187" lon="1.09022">
        <ele>11.1</ele>
      </trkpt>
      <trkpt lat="49.30183" lon="1.09003">
        <ele>11.4</ele>
      </trkpt>
      <trkpt lat="49.30178" lon="1.08978">
        <ele>11.4</ele>
      </trkpt>
      <trkpt lat="49.30174" lon="1.089599">
        <ele>11.3</ele>
      </trkpt>
      <trkpt lat="49.30168" lon="1.08933">
        <ele>11.2</ele>
      </trkpt>
      <trkpt lat="49.30164" lon="1.08914">
        <ele>11.1</ele>
      </trkpt>
      <trkpt lat="49.30155" lon="1.08871">
        <ele>11.3</ele>
      </trkpt>
      <trkpt lat="49.30145" lon="1.08831">
        <ele>11.5</ele>
      </trkpt>
      <trkpt lat="49.30139" lon="1.08803">
        <ele>11.5</ele>
      </trkpt>
      <trkpt lat="49.30135" lon="1.08781">
        <ele>11.5</ele>
      </trkpt>
      <trkpt lat="49.30131" lon="1.08761">
        <ele>11.5</ele>
      </trkpt>
      <trkpt lat="49.30127" lon="1.08738">
        <ele>11.4</ele>
      </trkpt>
      <trkpt lat="49.30124" lon="1.08718">
        <ele>11.3</ele>
      </trkpt>
      <trkpt lat="49.3012" lon="1.08688">
        <ele>11.2</ele>
      </trkpt>
      <trkpt lat="49.30112" lon="1.08636">
        <ele>11.6</ele>
      </trkpt>
      <trkpt lat="49.301" lon="1.08561">
        <ele>11.9</ele>
      </trkpt>
      <trkpt lat="49.30096" lon="1.08538">
        <ele>11.5</ele>
      </trkpt>
      <trkpt lat="49.30089" lon="1.08501">
        <ele>10.9</ele>
      </trkpt>
      <trkpt lat="49.30087" lon="1.08489">
        <ele>10.7</ele>
      </trkpt>
      <trkpt lat="49.300849" lon="1.08481">
        <ele>10.5</ele>
      </trkpt>
      <trkpt lat="49.30084" lon="1.08475">
        <ele>10.4</ele>
      </trkpt>
      <trkpt lat="49.300669" lon="1.083939">
        <ele>9.5</ele>
      </trkpt>
      <trkpt lat="49.30057" lon="1.08345">
        <ele>9.4</ele>
      </trkpt>
      <trkpt lat="49.30053" lon="1.08327">
        <ele>9.4</ele>
      </trkpt>
      <trkpt lat="49.30051" lon="1.08318">
        <ele>9.4</ele>
      </trkpt>
      <trkpt lat="49.300379" lon="1.08261">
        <ele>9.5</ele>
      </trkpt>
      <trkpt lat="49.3003" lon="1.08228">
        <ele>9.3</ele>
      </trkpt>
      <trkpt lat="49.30021" lon="1.08193">
        <ele>8.9</ele>
      </trkpt>
      <trkpt lat="49.300109" lon="1.08154">
        <ele>8.6</ele>
      </trkpt>
      <trkpt lat="49.30002" lon="1.08129">
        <ele>8.5</ele>
      </trkpt>
      <trkpt lat="49.29998" lon="1.08114">
        <ele>8.4</ele>
      </trkpt>
      <trkpt lat="49.299909" lon="1.08095">
        <ele>8.4</ele>
      </trkpt>
      <trkpt lat="49.29977" lon="1.08063">
        <ele>8.4</ele>
      </trkpt>
      <trkpt lat="49.299639" lon="1.08032">
        <ele>8.3</ele>
      </trkpt>
      <trkpt lat="49.29955" lon="1.08012">
        <ele>8.2</ele>
      </trkpt>
      <trkpt lat="49.29944" lon="1.07985">
        <ele>8.0</ele>
      </trkpt>
      <trkpt lat="49.29938" lon="1.07965">
        <ele>8.0</ele>
      </trkpt>
      <trkpt lat="49.29932" lon="1.07947">
        <ele>8.0</ele>
      </trkpt>
      <trkpt lat="49.299259" lon="1.07926">
        <ele>8.0</ele>
      </trkpt>
      <trkpt lat="49.2992" lon="1.07905">
        <ele>7.9</ele>
      </trkpt>
      <trkpt lat="49.29915" lon="1.07887">
        <ele>7.7</ele>
      </trkpt>
      <trkpt lat="49.29907" lon="1.07863">
        <ele>7.5</ele>
      </trkpt>
      <trkpt lat="49.29904" lon="1.07854">
        <ele>7.4</ele>
      </trkpt>
      <trkpt lat="49.299" lon="1.07841">
        <ele>7.3</ele>
      </trkpt>
      <trkpt lat="49.2989" lon="1.0781">
        <ele>7.2</ele>
      </trkpt>
      <trkpt lat="49.29874" lon="1.07764">
        <ele>7.5</ele>
      </trkpt>
      <trkpt lat="49.29863" lon="1.07727">
        <ele>7.9</ele>
      </trkpt>
      <trkpt lat="49.29855" lon="1.076989">
        <ele>8.2</ele>
      </trkpt>
      <trkpt lat="49.29848" lon="1.07676">
        <ele>8.5</ele>
      </trkpt>
      <trkpt lat="49.2984" lon="1.07644">
        <ele>8.5</ele>
      </trkpt>
      <trkpt lat="49.29835" lon="1.07623">
        <ele>8.4</ele>
      </trkpt>
      <trkpt lat="49.29815" lon="1.07545">
        <ele>8.4</ele>
      </trkpt>
      <trkpt lat="49.2979" lon="1.07437">
        <ele>10.2</ele>
      </trkpt>
      <trkpt lat="49.29784" lon="1.07412">
        <ele>10.6</ele>
      </trkpt>
      <trkpt lat="49.29773" lon="1.07359">
        <ele>10.5</ele>
      </trkpt>
      <trkpt lat="49.2976" lon="1.07295">
        <ele>10.6</ele>
      </trkpt>
      <trkpt lat="49.29745" lon="1.07219">
        <ele>10.3</ele>
      </trkpt>
      <trkpt lat="49.2974" lon="1.07193">
        <ele>9.8</ele>
      </trkpt>
      <trkpt lat="49.29726" lon="1.07126">
        <ele>9.4</ele>
      </trkpt>
      <trkpt lat="49.29723" lon="1.07107">
        <ele>9.3</ele>
      </trkpt>
      <trkpt lat="49.29722" lon="1.071">
        <ele>9.2</ele>
      </trkpt>
      <trkpt lat="49.297199" lon="1.07086">
        <ele>9.1</ele>
      </trkpt>
      <trkpt lat="49.29717" lon="1.07066">
        <ele>9.1</ele>
      </trkpt>
      <trkpt lat="49.29715" lon="1.07046">
        <ele>9.1</ele>
      </trkpt>
      <trkpt lat="49.29714" lon="1.07031">
        <ele>9.0</ele>
      </trkpt>
      <trkpt lat="49.29713" lon="1.0701">
        <ele>8.9</ele>
      </trkpt>
      <trkpt lat="49.29713" lon="1.06981">
        <ele>8.9</ele>
      </trkpt>
      <trkpt lat="49.29714" lon="1.06935">
        <ele>8.9</ele>
      </trkpt>
      <trkpt lat="49.29713" lon="1.06914">
        <ele>8.9</ele>
      </trkpt>
      <trkpt lat="49.29713" lon="1.069">
        <ele>8.8</ele>
      </trkpt>
      <trkpt lat="49.29711" lon="1.06878">
        <ele>8.7</ele>
      </trkpt>
      <trkpt lat="49.29709" lon="1.06864">
        <ele>8.7</ele>
      </trkpt>
      <trkpt lat="49.29707" lon="1.06848">
        <ele>8.6</ele>
      </trkpt>
      <trkpt lat="49.29704" lon="1.06831">
        <ele>8.7</ele>
      </trkpt>
      <trkpt lat="49.29702" lon="1.06822">
        <ele>8.7</ele>
      </trkpt>
      <trkpt lat="49.29699" lon="1.06806">
        <ele>8.8</ele>
      </trkpt>
      <trkpt lat="49.29695" lon="1.067839">
        <ele>9.0</ele>
      </trkpt>
      <trkpt lat="49.29687" lon="1.06744">
        <ele>9.3</ele>
      </trkpt>
      <trkpt lat="49.29681" lon="1.06717">
        <ele>9.6</ele>
      </trkpt>
      <trkpt lat="49.29679" lon="1.067059">
        <ele>9.6</ele>
      </trkpt>
      <trkpt lat="49.29678" lon="1.06696">
        <ele>9.7</ele>
      </trkpt>
      <trkpt lat="49.29675" lon="1.06678">
        <ele>9.8</ele>
      </trkpt>
      <trkpt lat="49.29667" lon="1.06631">
        <ele>9.6</ele>
      </trkpt>
      <trkpt lat="49.29658" lon="1.06587">
        <ele>9.4</ele>
      </trkpt>
      <trkpt lat="49.29658" lon="1.065839">
        <ele>9.3</ele>
      </trkpt>
      <trkpt lat="49.29648" lon="1.06543">
        <ele>9.8</ele>
      </trkpt>
      <trkpt lat="49.29641" lon="1.06509">
        <ele>10.0</ele>
      </trkpt>
      <trkpt lat="49.29599" lon="1.06382">
        <ele>9.1</ele>
      </trkpt>
      <trkpt lat="49.29583" lon="1.06332">
        <ele>8.0</ele>
      </trkpt>
      <trkpt lat="49.29564" lon="1.06276">
        <ele>7.7</ele>
      </trkpt>
      <trkpt lat="49.29561" lon="1.0627">
        <ele>7.7</ele>
      </trkpt>
      <trkpt lat="49.29554" lon="1.0625">
        <ele>7.7</ele>
      </trkpt>
      <trkpt lat="49.295499" lon="1.06237">
        <ele>8.0</ele>
      </trkpt>
      <trkpt lat="49.295319" lon="1.06181">
        <ele>8.9</ele>
      </trkpt>
      <trkpt lat="49.29524" lon="1.06156">
        <ele>8.9</ele>
      </trkpt>
      <trkpt lat="49.29493" lon="1.0606">
        <ele>8.1</ele>
      </trkpt>
      <trkpt lat="49.29483" lon="1.06027">
        <ele>8.3</ele>
      </trkpt>
      <trkpt lat="49.29462" lon="1.05964">
        <ele>8.9</ele>
      </trkpt>
      <trkpt lat="49.29458" lon="1.05952">
        <ele>9.0</ele>
      </trkpt>
      <trkpt lat="49.29453" lon="1.05935">
        <ele>9.1</ele>
      </trkpt>
      <trkpt lat="49.29441" lon="1.05897">
        <ele>9.2</ele>
      </trkpt>
      <trkpt lat="49.29406" lon="1.05787">
        <ele>7.7</ele>
      </trkpt>
      <trkpt lat="49.2939" lon="1.05739">
        <ele>7.7</ele>
      </trkpt>
      <trkpt lat="49.293819" lon="1.05714">
        <ele>7.9</ele>
      </trkpt>
      <trkpt lat="49.29332" lon="1.05561">
        <ele>6.8</ele>
      </trkpt>
      <trkpt lat="49.293059" lon="1.05481">
        <ele>6.8</ele>
      </trkpt>
      <trkpt lat="49.29275" lon="1.05385">
        <ele>6.8</ele>
      </trkpt>
      <trkpt lat="49.29256" lon="1.05325">
        <ele>6.9</ele>
      </trkpt>
      <trkpt lat="49.29244" lon="1.05288">
        <ele>7.3</ele>
      </trkpt>
      <trkpt lat="49.2924" lon="1.05277">
        <ele>7.5</ele>
      </trkpt>
      <trkpt lat="49.29233" lon="1.05255">
        <ele>7.8</ele>
      </trkpt>
      <trkpt lat="49.29222" lon="1.0522">
        <ele>8.2</ele>
      </trkpt>
      <trkpt lat="49.29216" lon="1.052">
        <ele>8.5</ele>
      </trkpt>
      <trkpt lat="49.29216" lon="1.052">
        <ele>8.5</ele>
      </trkpt>
      <trkpt lat="49.29205" lon="1.05163">
        <ele>9.3</ele>
      </trkpt>
      <trkpt lat="49.292029" lon="1.05151">
        <ele>9.5</ele>
      </trkpt>
      <trkpt lat="49.29199" lon="1.05133">
        <ele>9.8</ele>
      </trkpt>
      <trkpt lat="49.29192" lon="1.05101">
        <ele>10.4</ele>
      </trkpt>
      <trkpt lat="49.29189" lon="1.050859">
        <ele>10.7</ele>
      </trkpt>
      <trkpt lat="49.29186" lon="1.05074">
        <ele>10.8</ele>
      </trkpt>
      <trkpt lat="49.29175" lon="1.05009">
        <ele>10.7</ele>
      </trkpt>
      <trkpt lat="49.29169" lon="1.04971">
        <ele>10.5</ele>
      </trkpt>
      <trkpt lat="49.29102" lon="1.04589">
        <ele>8.0</ele>
      </trkpt>
      <trkpt lat="49.290999" lon="1.04579">
        <ele>8.0</ele>
      </trkpt>
      <trkpt lat="49.29101" lon="1.04566">
        <ele>7.9</ele>
      </trkpt>
      <trkpt lat="49.29099" lon="1.04538">
        <ele>7.7</ele>
      </trkpt>
      <trkpt lat="49.29098" lon="1.04521">
        <ele>7.5</ele>
      </trkpt>
      <trkpt lat="49.29099" lon="1.04509">
        <ele>7.4</ele>
      </trkpt>
      <trkpt lat="49.29101" lon="1.044999">
        <ele>7.4</ele>
      </trkpt>
      <trkpt lat="49.29103" lon="1.04491">
        <ele>7.4</ele>
      </trkpt>
      <trkpt lat="49.29106" lon="1.04484">
        <ele>7.4</ele>
      </trkpt>
      <trkpt lat="49.291089" lon="1.044759">
        <ele>7.4</ele>
      </trkpt>
      <trkpt lat="49.291089" lon="1.044759">
        <ele>7.4</ele>
      </trkpt>
      <trkpt lat="49.29111" lon="1.04475">
        <ele>7.5</ele>
      </trkpt>
      <trkpt lat="49.29113" lon="1.044729">
        <ele>7.5</ele>
      </trkpt>
      <trkpt lat="49.29115" lon="1.04471">
        <ele>7.5</ele>
      </trkpt>
      <trkpt lat="49.29116" lon="1.044689">
        <ele>7.5</ele>
      </trkpt>
      <trkpt lat="49.29118" lon="1.044659">
        <ele>7.5</ele>
      </trkpt>
      <trkpt lat="49.29119" lon="1.04464">
        <ele>7.5</ele>
      </trkpt>
      <trkpt lat="49.2912" lon="1.04461">
        <ele>7.5</ele>
      </trkpt>
      <trkpt lat="49.29121" lon="1.04458">
        <ele>7.4</ele>
      </trkpt>
      <trkpt lat="49.29121" lon="1.04455">
        <ele>7.4</ele>
      </trkpt>
      <trkpt lat="49.29122" lon="1.044519">
        <ele>7.4</ele>
      </trkpt>
      <trkpt lat="49.29122" lon="1.04448">
        <ele>7.3</ele>
      </trkpt>
      <trkpt lat="49.29122" lon="1.04445">
        <ele>7.3</ele>
      </trkpt>
      <trkpt lat="49.29122" lon="1.044419">
        <ele>7.3</ele>
      </trkpt>
      <trkpt lat="49.29122" lon="1.044389">
        <ele>7.2</ele>
      </trkpt>
      <trkpt lat="49.29121" lon="1.04436">
        <ele>7.2</ele>
      </trkpt>
      <trkpt lat="49.29124" lon="1.04421">
        <ele>7.1</ele>
      </trkpt>
      <trkpt lat="49.29127" lon="1.04409">
        <ele>7.0</ele>
      </trkpt>
      <trkpt lat="49.29131" lon="1.04396">
        <ele>6.9</ele>
      </trkpt>
      <trkpt lat="49.29137" lon="1.04379">
        <ele>6.7</ele>
      </trkpt>
      <trkpt lat="49.29146" lon="1.0436">
        <ele>6.5</ele>
      </trkpt>
      <trkpt lat="49.29153" lon="1.043439">
        <ele>6.3</ele>
      </trkpt>
      <trkpt lat="49.291559" lon="1.04332">
        <ele>6.1</ele>
      </trkpt>
      <trkpt lat="49.2916" lon="1.04322">
        <ele>6.2</ele>
      </trkpt>
      <trkpt lat="49.29164" lon="1.04312">
        <ele>6.3</ele>
      </trkpt>
      <trkpt lat="49.29171" lon="1.04294">
        <ele>6.4</ele>
      </trkpt>
      <trkpt lat="49.29182" lon="1.04261">
        <ele>6.8</ele>
      </trkpt>
      <trkpt lat="49.2919" lon="1.04236">
        <ele>7.2</ele>
      </trkpt>
      <trkpt lat="49.291939" lon="1.0422">
        <ele>7.4</ele>
      </trkpt>
      <trkpt lat="49.29199" lon="1.041949">
        <ele>7.6</ele>
      </trkpt>
      <trkpt lat="49.29204" lon="1.04175">
        <ele>7.6</ele>
      </trkpt>
      <trkpt lat="49.29207" lon="1.0416">
        <ele>7.6</ele>
      </trkpt>
      <trkpt lat="49.2921" lon="1.04138">
        <ele>7.8</ele>
      </trkpt>
      <trkpt lat="49.29212" lon="1.04126">
        <ele>7.8</ele>
      </trkpt>
      <trkpt lat="49.29213" lon="1.04112">
        <ele>7.9</ele>
      </trkpt>
      <trkpt lat="49.29216" lon="1.04082">
        <ele>8.0</ele>
      </trkpt>
      <trkpt lat="49.29218" lon="1.04057">
        <ele>8.0</ele>
      </trkpt>
      <trkpt lat="49.29221" lon="1.0402">
        <ele>8.0</ele>
      </trkpt>
      <trkpt lat="49.29223" lon="1.03984">
        <ele>7.8</ele>
      </trkpt>
      <trkpt lat="49.29226" lon="1.03915">
        <ele>7.2</ele>
      </trkpt>
      <trkpt lat="49.2923" lon="1.038459">
        <ele>5.5</ele>
      </trkpt>
      <trkpt lat="49.29233" lon="1.03789">
        <ele>5.0</ele>
      </trkpt>
      <trkpt lat="49.29237" lon="1.037099">
        <ele>4.9</ele>
      </trkpt>
      <trkpt lat="49.2924" lon="1.03653">
        <ele>5.0</ele>
      </trkpt>
      <trkpt lat="49.29243" lon="1.03603">
        <ele>5.0</ele>
      </trkpt>
      <trkpt lat="49.29245" lon="1.03563">
        <ele>5.0</ele>
      </trkpt>
      <trkpt lat="49.29247" lon="1.0355">
        <ele>5.0</ele>
      </trkpt>
      <trkpt lat="49.29248" lon="1.03542">
        <ele>5.0</ele>
      </trkpt>
      <trkpt lat="49.29249" lon="1.03535">
        <ele>5.0</ele>
      </trkpt>
      <trkpt lat="49.29251" lon="1.03529">
        <ele>5.0</ele>
      </trkpt>
      <trkpt lat="49.29252" lon="1.03521">
        <ele>5.0</ele>
      </trkpt>
      <trkpt lat="49.29256" lon="1.03513">
        <ele>5.1</ele>
      </trkpt>
      <trkpt lat="49.29257" lon="1.03512">
        <ele>5.1</ele>
      </trkpt>
      <trkpt lat="49.29258" lon="1.03511">
        <ele>5.2</ele>
      </trkpt>
      <trkpt lat="49.292589" lon="1.035099">
        <ele>5.2</ele>
      </trkpt>
      <trkpt lat="49.2926" lon="1.03509">
        <ele>5.2</ele>
      </trkpt>
      <trkpt lat="49.29261" lon="1.035069">
        <ele>5.2</ele>
      </trkpt>
      <trkpt lat="49.29262" lon="1.03506">
        <ele>5.3</ele>
      </trkpt>
      <trkpt lat="49.29263" lon="1.03504">
        <ele>5.3</ele>
      </trkpt>
      <trkpt lat="49.29264" lon="1.035029">
        <ele>5.3</ele>
      </trkpt>
      <trkpt lat="49.29264" lon="1.03501">
        <ele>5.3</ele>
      </trkpt>
      <trkpt lat="49.29265" lon="1.03499">
        <ele>5.4</ele>
      </trkpt>
      <trkpt lat="49.29265" lon="1.03497">
        <ele>5.4</ele>
      </trkpt>
      <trkpt lat="49.29266" lon="1.03495">
        <ele>5.4</ele>
      </trkpt>
      <trkpt lat="49.29266" lon="1.034929">
        <ele>5.5</ele>
      </trkpt>
      <trkpt lat="49.29266" lon="1.03491">
        <ele>5.5</ele>
      </trkpt>
      <trkpt lat="49.29266" lon="1.03489">
        <ele>5.5</ele>
      </trkpt>
      <trkpt lat="49.29266" lon="1.03487">
        <ele>5.5</ele>
      </trkpt>
      <trkpt lat="49.29266" lon="1.03485">
        <ele>5.6</ele>
      </trkpt>
      <trkpt lat="49.29266" lon="1.034829">
        <ele>5.6</ele>
      </trkpt>
      <trkpt lat="49.29266" lon="1.03481">
        <ele>5.6</ele>
      </trkpt>
      <trkpt lat="49.29265" lon="1.03479">
        <ele>5.6</ele>
      </trkpt>
      <trkpt lat="49.29265" lon="1.03477">
        <ele>5.6</ele>
      </trkpt>
      <trkpt lat="49.29264" lon="1.03475">
        <ele>5.6</ele>
      </trkpt>
      <trkpt lat="49.29263" lon="1.034729">
        <ele>5.6</ele>
      </trkpt>
      <trkpt lat="49.29262" lon="1.03472">
        <ele>5.6</ele>
      </trkpt>
      <trkpt lat="49.29262" lon="1.0347">
        <ele>5.6</ele>
      </trkpt>
      <trkpt lat="49.2926" lon="1.03468">
        <ele>5.6</ele>
      </trkpt>
      <trkpt lat="49.29257" lon="1.034559">
        <ele>5.7</ele>
      </trkpt>
      <trkpt lat="49.29255" lon="1.0345">
        <ele>5.7</ele>
      </trkpt>
      <trkpt lat="49.29255" lon="1.03443">
        <ele>5.8</ele>
      </trkpt>
      <trkpt lat="49.29255" lon="1.03431">
        <ele>5.9</ele>
      </trkpt>
      <trkpt lat="49.29255" lon="1.03417">
        <ele>6.1</ele>
      </trkpt>
      <trkpt lat="49.29254" lon="1.03406">
        <ele>5.8</ele>
      </trkpt>
      <trkpt lat="49.29254" lon="1.03401">
        <ele>5.7</ele>
      </trkpt>
      <trkpt lat="49.29255" lon="1.033779">
        <ele>5.2</ele>
      </trkpt>
      <trkpt lat="49.29257" lon="1.03339">
        <ele>4.4</ele>
      </trkpt>
      <trkpt lat="49.29258" lon="1.032999">
        <ele>5.1</ele>
      </trkpt>
      <trkpt lat="49.292589" lon="1.03264">
        <ele>5.9</ele>
      </trkpt>
      <trkpt lat="49.292589" lon="1.03223">
        <ele>6.3</ele>
      </trkpt>
      <trkpt lat="49.292589" lon="1.03192">
        <ele>6.3</ele>
      </trkpt>
      <trkpt lat="49.29258" lon="1.03135">
        <ele>6.4</ele>
      </trkpt>
      <trkpt lat="49.29255" lon="1.03078">
        <ele>6.6</ele>
      </trkpt>
      <trkpt lat="49.29253" lon="1.030459">
        <ele>6.0</ele>
      </trkpt>
      <trkpt lat="49.29253" lon="1.030389">
        <ele>5.8</ele>
      </trkpt>
      <trkpt lat="49.292499" lon="1.030019">
        <ele>5.0</ele>
      </trkpt>
      <trkpt lat="49.29251" lon="1.0299">
        <ele>4.8</ele>
      </trkpt>
      <trkpt lat="49.29249" lon="1.02948">
        <ele>4.4</ele>
      </trkpt>
      <trkpt lat="49.29249" lon="1.02922">
        <ele>4.1</ele>
      </trkpt>
      <trkpt lat="49.29251" lon="1.02902">
        <ele>3.8</ele>
      </trkpt>
      <trkpt lat="49.29252" lon="1.02886">
        <ele>3.6</ele>
      </trkpt>
      <trkpt lat="49.29254" lon="1.028729">
        <ele>3.4</ele>
      </trkpt>
      <trkpt lat="49.29254" lon="1.028729">
        <ele>3.4</ele>
      </trkpt>
      <trkpt lat="49.29255" lon="1.02871">
        <ele>3.4</ele>
      </trkpt>
      <trkpt lat="49.29256" lon="1.02869">
        <ele>3.3</ele>
      </trkpt>
      <trkpt lat="49.29256" lon="1.02867">
        <ele>3.3</ele>
      </trkpt>
      <trkpt lat="49.29257" lon="1.02865">
        <ele>3.3</ele>
      </trkpt>
      <trkpt lat="49.29257" lon="1.028629">
        <ele>3.2</ele>
      </trkpt>
      <trkpt lat="49.29257" lon="1.02861">
        <ele>3.2</ele>
      </trkpt>
      <trkpt lat="49.29257" lon="1.028589">
        <ele>3.2</ele>
      </trkpt>
      <trkpt lat="49.29257" lon="1.02857">
        <ele>3.2</ele>
      </trkpt>
      <trkpt lat="49.29257" lon="1.02855">
        <ele>3.2</ele>
      </trkpt>
      <trkpt lat="49.29257" lon="1.02853">
        <ele>3.1</ele>
      </trkpt>
      <trkpt lat="49.29257" lon="1.02851">
        <ele>3.1</ele>
      </trkpt>
      <trkpt lat="49.29257" lon="1.028489">
        <ele>3.1</ele>
      </trkpt>
      <trkpt lat="49.29256" lon="1.02847">
        <ele>3.1</ele>
      </trkpt>
      <trkpt lat="49.29256" lon="1.02845">
        <ele>3.1</ele>
      </trkpt>
      <trkpt lat="49.29255" lon="1.02844">
        <ele>3.1</ele>
      </trkpt>
      <trkpt lat="49.29254" lon="1.028419">
        <ele>3.1</ele>
      </trkpt>
      <trkpt lat="49.29254" lon="1.0284">
        <ele>3.0</ele>
      </trkpt>
      <trkpt lat="49.29253" lon="1.028389">
        <ele>3.0</ele>
      </trkpt>
      <trkpt lat="49.29252" lon="1.02837">
        <ele>3.0</ele>
      </trkpt>
      <trkpt lat="49.29251" lon="1.028359">
        <ele>3.0</ele>
      </trkpt>
      <trkpt lat="49.292499" lon="1.02835">
        <ele>3.0</ele>
      </trkpt>
      <trkpt lat="49.29248" lon="1.02834">
        <ele>3.1</ele>
      </trkpt>
      <trkpt lat="49.29245" lon="1.02826">
        <ele>3.3</ele>
      </trkpt>
      <trkpt lat="49.29243" lon="1.02818">
        <ele>3.4</ele>
      </trkpt>
      <trkpt lat="49.2924" lon="1.02808">
        <ele>3.6</ele>
      </trkpt>
      <trkpt lat="49.29238" lon="1.02796">
        <ele>3.8</ele>
      </trkpt>
      <trkpt lat="49.29237" lon="1.027849">
        <ele>4.0</ele>
      </trkpt>
      <trkpt lat="49.29234" lon="1.02748">
        <ele>4.4</ele>
      </trkpt>
      <trkpt lat="49.29234" lon="1.027439">
        <ele>4.4</ele>
      </trkpt>
      <trkpt lat="49.2923" lon="1.02669">
        <ele>4.2</ele>
      </trkpt>
      <trkpt lat="49.2923" lon="1.02662">
        <ele>4.1</ele>
      </trkpt>
      <trkpt lat="49.29228" lon="1.02634">
        <ele>3.5</ele>
      </trkpt>
      <trkpt lat="49.29226" lon="1.02604">
        <ele>2.9</ele>
      </trkpt>
      <trkpt lat="49.29225" lon="1.0259">
        <ele>2.7</ele>
      </trkpt>
      <trkpt lat="49.29224" lon="1.02557">
        <ele>2.8</ele>
      </trkpt>
      <trkpt lat="49.29222" lon="1.02523">
        <ele>3.2</ele>
      </trkpt>
      <trkpt lat="49.29219" lon="1.02489">
        <ele>3.6</ele>
      </trkpt>
      <trkpt lat="49.29219" lon="1.02487">
        <ele>3.6</ele>
      </trkpt>
      <trkpt lat="49.29217" lon="1.024489">
        <ele>4.1</ele>
      </trkpt>
      <trkpt lat="49.29215" lon="1.02407">
        <ele>4.5</ele>
      </trkpt>
      <trkpt lat="49.29215" lon="1.02389">
        <ele>4.4</ele>
      </trkpt>
      <trkpt lat="49.29214" lon="1.023679">
        <ele>4.3</ele>
      </trkpt>
      <trkpt lat="49.29214" lon="1.023539">
        <ele>4.3</ele>
      </trkpt>
      <trkpt lat="49.29214" lon="1.0234">
        <ele>4.2</ele>
      </trkpt>
      <trkpt lat="49.29215" lon="1.02318">
        <ele>4.3</ele>
      </trkpt>
      <trkpt lat="49.29216" lon="1.02277">
        <ele>4.8</ele>
      </trkpt>
      <trkpt lat="49.29218" lon="1.022359">
        <ele>5.1</ele>
      </trkpt>
      <trkpt lat="49.29219" lon="1.02206">
        <ele>4.8</ele>
      </trkpt>
      <trkpt lat="49.2922" lon="1.0215">
        <ele>4.4</ele>
      </trkpt>
      <trkpt lat="49.29218" lon="1.02132">
        <ele>4.5</ele>
      </trkpt>
      <trkpt lat="49.2922" lon="1.02085">
        <ele>4.2</ele>
      </trkpt>
      <trkpt lat="49.29223" lon="1.02028">
        <ele>4.2</ele>
      </trkpt>
      <trkpt lat="49.29225" lon="1.019779">
        <ele>4.3</ele>
      </trkpt>
      <trkpt lat="49.29227" lon="1.019099">
        <ele>4.5</ele>
      </trkpt>
      <trkpt lat="49.2923" lon="1.0184">
        <ele>3.9</ele>
      </trkpt>
      <trkpt lat="49.292319" lon="1.01796">
        <ele>3.5</ele>
      </trkpt>
      <trkpt lat="49.29235" lon="1.01715">
        <ele>3.3</ele>
      </trkpt>
      <trkpt lat="49.29237" lon="1.01662">
        <ele>3.4</ele>
      </trkpt>
      <trkpt lat="49.292409" lon="1.0158">
        <ele>3.0</ele>
      </trkpt>
      <trkpt lat="49.29242" lon="1.01542">
        <ele>2.8</ele>
      </trkpt>
      <trkpt lat="49.29242" lon="1.01495">
        <ele>2.7</ele>
      </trkpt>
      <trkpt lat="49.29242" lon="1.01471">
        <ele>2.6</ele>
      </trkpt>
      <trkpt lat="49.29242" lon="1.01468">
        <ele>2.6</ele>
      </trkpt>
      <trkpt lat="49.29242" lon="1.01448">
        <ele>2.5</ele>
      </trkpt>
      <trkpt lat="49.29243" lon="1.01428">
        <ele>2.4</ele>
      </trkpt>
      <trkpt lat="49.29243" lon="1.0141">
        <ele>2.3</ele>
      </trkpt>
      <trkpt lat="49.29245" lon="1.01393">
        <ele>2.3</ele>
      </trkpt>
      <trkpt lat="49.29245" lon="1.01362">
        <ele>2.3</ele>
      </trkpt>
      <trkpt lat="49.29244" lon="1.01244">
        <ele>2.4</ele>
      </trkpt>
      <trkpt lat="49.29244" lon="1.01244">
        <ele>2.4</ele>
      </trkpt>
      <trkpt lat="49.29245" lon="1.012429">
        <ele>2.3</ele>
      </trkpt>
      <trkpt lat="49.29245" lon="1.01242">
        <ele>2.3</ele>
      </trkpt>
      <trkpt lat="49.29246" lon="1.01242">
        <ele>2.2</ele>
      </trkpt>
      <trkpt lat="49.29246" lon="1.01241">
        <ele>2.2</ele>
      </trkpt>
      <trkpt lat="49.29246" lon="1.0124">
        <ele>2.2</ele>
      </trkpt>
      <trkpt lat="49.29247" lon="1.0124">
        <ele>2.2</ele>
      </trkpt>
      <trkpt lat="49.29247" lon="1.012389">
        <ele>2.2</ele>
      </trkpt>
      <trkpt lat="49.29248" lon="1.01238">
        <ele>2.1</ele>
      </trkpt>
      <trkpt lat="49.29248" lon="1.01237">
        <ele>2.1</ele>
      </trkpt>
      <trkpt lat="49.29248" lon="1.012359">
        <ele>2.1</ele>
      </trkpt>
      <trkpt lat="49.29249" lon="1.01235">
        <ele>2.1</ele>
      </trkpt>
      <trkpt lat="49.29249" lon="1.01234">
        <ele>2.1</ele>
      </trkpt>
      <trkpt lat="49.29249" lon="1.01233">
        <ele>2.1</ele>
      </trkpt>
      <trkpt lat="49.29249" lon="1.01232">
        <ele>2.1</ele>
      </trkpt>
      <trkpt lat="49.29249" lon="1.01231">
        <ele>2.1</ele>
      </trkpt>
      <trkpt lat="49.29249" lon="1.0123">
        <ele>2.1</ele>
      </trkpt>
      <trkpt lat="49.29249" lon="1.012289">
        <ele>2.1</ele>
      </trkpt>
      <trkpt lat="49.29249" lon="1.01228">
        <ele>2.1</ele>
      </trkpt>
      <trkpt lat="49.29249" lon="1.01227">
        <ele>2.1</ele>
      </trkpt>
      <trkpt lat="49.29249" lon="1.012259">
        <ele>2.1</ele>
      </trkpt>
      <trkpt lat="49.29249" lon="1.01225">
        <ele>2.1</ele>
      </trkpt>
      <trkpt lat="49.29248" lon="1.01224">
        <ele>2.1</ele>
      </trkpt>
      <trkpt lat="49.29248" lon="1.01223">
        <ele>2.1</ele>
      </trkpt>
      <trkpt lat="49.29248" lon="1.01221">
        <ele>2.1</ele>
      </trkpt>
      <trkpt lat="49.29248" lon="1.012049">
        <ele>2.1</ele>
      </trkpt>
      <trkpt lat="49.29249" lon="1.01189">
        <ele>2.1</ele>
      </trkpt>
      <trkpt lat="49.292499" lon="1.011649">
        <ele>2.1</ele>
      </trkpt>
      <trkpt lat="49.29251" lon="1.01137">
        <ele>4.1</ele>
      </trkpt>
      <trkpt lat="49.29253" lon="1.01101">
        <ele>6.6</ele>
      </trkpt>
      <trkpt lat="49.29256" lon="1.010359">
        <ele>7.6</ele>
      </trkpt>
      <trkpt lat="49.29258" lon="1.01015">
        <ele>7.4</ele>
      </trkpt>
      <trkpt lat="49.2926" lon="1.00984">
        <ele>7.1</ele>
      </trkpt>
      <trkpt lat="49.29261" lon="1.00954">
        <ele>6.7</ele>
      </trkpt>
      <trkpt lat="49.29263" lon="1.00939">
        <ele>6.4</ele>
      </trkpt>
      <trkpt lat="49.29265" lon="1.00928">
        <ele>6.2</ele>
      </trkpt>
      <trkpt lat="49.29269" lon="1.00913">
        <ele>6.0</ele>
      </trkpt>
      <trkpt lat="49.29269" lon="1.00913">
        <ele>6.0</ele>
      </trkpt>
      <trkpt lat="49.2927" lon="1.00912">
        <ele>5.9</ele>
      </trkpt>
      <trkpt lat="49.2927" lon="1.00911">
        <ele>6.0</ele>
      </trkpt>
      <trkpt lat="49.29271" lon="1.00911">
        <ele>5.9</ele>
      </trkpt>
      <trkpt lat="49.29271" lon="1.0091">
        <ele>5.9</ele>
      </trkpt>
      <trkpt lat="49.29271" lon="1.00909">
        <ele>5.9</ele>
      </trkpt>
      <trkpt lat="49.29271" lon="1.00908">
        <ele>6.0</ele>
      </trkpt>
      <trkpt lat="49.29272" lon="1.00908">
        <ele>5.9</ele>
      </trkpt>
      <trkpt lat="49.29272" lon="1.009069">
        <ele>5.9</ele>
      </trkpt>
      <trkpt lat="49.29272" lon="1.00906">
        <ele>6.0</ele>
      </trkpt>
      <trkpt lat="49.29272" lon="1.00905">
        <ele>6.0</ele>
      </trkpt>
      <trkpt lat="49.29272" lon="1.009039">
        <ele>6.0</ele>
      </trkpt>
      <trkpt lat="49.29272" lon="1.00903">
        <ele>6.0</ele>
      </trkpt>
      <trkpt lat="49.29272" lon="1.00902">
        <ele>6.1</ele>
      </trkpt>
      <trkpt lat="49.29272" lon="1.00901">
        <ele>6.1</ele>
      </trkpt>
      <trkpt lat="49.29272" lon="1.008999">
        <ele>6.1</ele>
      </trkpt>
      <trkpt lat="49.29272" lon="1.00899">
        <ele>6.1</ele>
      </trkpt>
      <trkpt lat="49.29272" lon="1.00898">
        <ele>6.2</ele>
      </trkpt>
      <trkpt lat="49.29272" lon="1.008969">
        <ele>6.2</ele>
      </trkpt>
      <trkpt lat="49.29271" lon="1.00896">
        <ele>6.3</ele>
      </trkpt>
      <trkpt lat="49.29271" lon="1.00895">
        <ele>6.3</ele>
      </trkpt>
      <trkpt lat="49.29271" lon="1.00894">
        <ele>6.3</ele>
      </trkpt>
      <trkpt lat="49.2927" lon="1.00894">
        <ele>6.4</ele>
      </trkpt>
      <trkpt lat="49.2927" lon="1.00893">
        <ele>6.4</ele>
      </trkpt>
      <trkpt lat="49.29271" lon="1.00876">
        <ele>6.8</ele>
      </trkpt>
      <trkpt lat="49.29274" lon="1.0085">
        <ele>7.3</ele>
      </trkpt>
      <trkpt lat="49.29275" lon="1.008429">
        <ele>7.4</ele>
      </trkpt>
      <trkpt lat="49.2929" lon="1.00676">
        <ele>5.8</ele>
      </trkpt>
      <trkpt lat="49.29291" lon="1.00666">
        <ele>5.6</ele>
      </trkpt>
      <trkpt lat="49.29294" lon="1.006429">
        <ele>5.2</ele>
      </trkpt>
      <trkpt lat="49.29298" lon="1.006219">
        <ele>4.7</ele>
      </trkpt>
      <trkpt lat="49.29302" lon="1.005989">
        <ele>4.3</ele>
      </trkpt>
      <trkpt lat="49.29307" lon="1.005749">
        <ele>4.5</ele>
      </trkpt>
      <trkpt lat="49.29316" lon="1.00539">
        <ele>6.7</ele>
      </trkpt>
      <trkpt lat="49.2932" lon="1.00525">
        <ele>7.8</ele>
      </trkpt>
      <trkpt lat="49.2934" lon="1.0045">
        <ele>9.4</ele>
      </trkpt>
      <trkpt lat="49.29342" lon="1.004429">
        <ele>9.2</ele>
      </trkpt>
      <trkpt lat="49.29346" lon="1.00428">
        <ele>8.8</ele>
      </trkpt>
      <trkpt lat="49.29347" lon="1.00427">
        <ele>8.7</ele>
      </trkpt>
      <trkpt lat="49.29348" lon="1.00421">
        <ele>8.6</ele>
      </trkpt>
      <trkpt lat="49.2935" lon="1.00417">
        <ele>8.4</ele>
      </trkpt>
      <trkpt lat="49.2936" lon="1.003779">
        <ele>8.2</ele>
      </trkpt>
      <trkpt lat="49.29362" lon="1.00369">
        <ele>8.2</ele>
      </trkpt>
      <trkpt lat="49.29366" lon="1.00344">
        <ele>8.6</ele>
      </trkpt>
      <trkpt lat="49.29372" lon="1.00309">
        <ele>9.9</ele>
      </trkpt>
      <trkpt lat="49.29377" lon="1.00271">
        <ele>11.9</ele>
      </trkpt>
      <trkpt lat="49.293819" lon="1.0023">
        <ele>12.4</ele>
      </trkpt>
      <trkpt lat="49.29384" lon="1.00213">
        <ele>11.8</ele>
      </trkpt>
      <trkpt lat="49.29384" lon="1.00213">
        <ele>11.8</ele>
      </trkpt>
      <trkpt lat="49.29385" lon="1.00213">
        <ele>11.8</ele>
      </trkpt>
      <trkpt lat="49.29385" lon="1.002119">
        <ele>11.8</ele>
      </trkpt>
      <trkpt lat="49.29386" lon="1.002119">
        <ele>11.8</ele>
      </trkpt>
      <trkpt lat="49.29386" lon="1.00211">
        <ele>11.7</ele>
      </trkpt>
      <trkpt lat="49.29387" lon="1.0021">
        <ele>11.7</ele>
      </trkpt>
      <trkpt lat="49.29387" lon="1.002089">
        <ele>11.7</ele>
      </trkpt>
      <trkpt lat="49.29388" lon="1.002089">
        <ele>11.7</ele>
      </trkpt>
      <trkpt lat="49.29388" lon="1.00208">
        <ele>11.6</ele>
      </trkpt>
      <trkpt lat="49.29388" lon="1.00207">
        <ele>11.6</ele>
      </trkpt>
      <trkpt lat="49.29389" lon="1.00206">
        <ele>11.6</ele>
      </trkpt>
      <trkpt lat="49.29389" lon="1.00205">
        <ele>11.5</ele>
      </trkpt>
      <trkpt lat="49.29389" lon="1.00204">
        <ele>11.5</ele>
      </trkpt>
      <trkpt lat="49.2939" lon="1.00203">
        <ele>11.5</ele>
      </trkpt>
      <trkpt lat="49.2939" lon="1.002019">
        <ele>11.4</ele>
      </trkpt>
      <trkpt lat="49.2939" lon="1.00201">
        <ele>11.4</ele>
      </trkpt>
      <trkpt lat="49.2939" lon="1.002">
        <ele>11.3</ele>
      </trkpt>
      <trkpt lat="49.2939" lon="1.001989">
        <ele>11.3</ele>
      </trkpt>
      <trkpt lat="49.2939" lon="1.00198">
        <ele>11.3</ele>
      </trkpt>
      <trkpt lat="49.2939" lon="1.00197">
        <ele>11.2</ele>
      </trkpt>
      <trkpt lat="49.2939" lon="1.00196">
        <ele>11.2</ele>
      </trkpt>
      <trkpt lat="49.2939" lon="1.001949">
        <ele>11.1</ele>
      </trkpt>
      <trkpt lat="49.2939" lon="1.00194">
        <ele>11.1</ele>
      </trkpt>
      <trkpt lat="49.29389" lon="1.00194">
        <ele>11.1</ele>
      </trkpt>
      <trkpt lat="49.29389" lon="1.00193">
        <ele>11.1</ele>
      </trkpt>
      <trkpt lat="49.29389" lon="1.001919">
        <ele>11.0</ele>
      </trkpt>
      <trkpt lat="49.29389" lon="1.00191">
        <ele>11.0</ele>
      </trkpt>
      <trkpt lat="49.29388" lon="1.0019">
        <ele>10.9</ele>
      </trkpt>
      <trkpt lat="49.29388" lon="1.00189">
        <ele>10.9</ele>
      </trkpt>
      <trkpt lat="49.29387" lon="1.00188">
        <ele>10.8</ele>
      </trkpt>
      <trkpt lat="49.29393" lon="1.001609">
        <ele>10.0</ele>
      </trkpt>
      <trkpt lat="49.29397" lon="1.00139">
        <ele>9.7</ele>
      </trkpt>
      <trkpt lat="49.29401" lon="1.00123">
        <ele>9.4</ele>
      </trkpt>
      <trkpt lat="49.29409" lon="1.00093">
        <ele>8.6</ele>
      </trkpt>
      <trkpt lat="49.29413" lon="1.00075">
        <ele>8.3</ele>
      </trkpt>
      <trkpt lat="49.29417" lon="1.00059">
        <ele>8.3</ele>
      </trkpt>
      <trkpt lat="49.29422" lon="1.000429">
        <ele>8.1</ele>
      </trkpt>
      <trkpt lat="49.29425" lon="1.00031">
        <ele>8.0</ele>
      </trkpt>
      <trkpt lat="49.29437" lon="0.99996">
        <ele>7.4</ele>
      </trkpt>
      <trkpt lat="49.29459" lon="0.99932">
        <ele>6.6</ele>
      </trkpt>
      <trkpt lat="49.29488" lon="0.99853">
        <ele>3.4</ele>
      </trkpt>
      <trkpt lat="49.294939" lon="0.99835">
        <ele>2.7</ele>
      </trkpt>
      <trkpt lat="49.29499" lon="0.99822">
        <ele>3.2</ele>
      </trkpt>
      <trkpt lat="49.29511" lon="0.99787">
        <ele>5.9</ele>
      </trkpt>
      <trkpt lat="49.29522" lon="0.99756">
        <ele>7.5</ele>
      </trkpt>
      <trkpt lat="49.2953" lon="0.99737">
        <ele>7.7</ele>
      </trkpt>
      <trkpt lat="49.29536" lon="0.99725">
        <ele>7.7</ele>
      </trkpt>
      <trkpt lat="49.295409" lon="0.99716">
        <ele>7.9</ele>
      </trkpt>
      <trkpt lat="49.29551" lon="0.99697">
        <ele>8.5</ele>
      </trkpt>
      <trkpt lat="49.29557" lon="0.99688">
        <ele>8.8</ele>
      </trkpt>
      <trkpt lat="49.29567" lon="0.99671">
        <ele>9.9</ele>
      </trkpt>
      <trkpt lat="49.29587" lon="0.99641">
        <ele>10.6</ele>
      </trkpt>
      <trkpt lat="49.29601" lon="0.99622">
        <ele>10.0</ele>
      </trkpt>
      <trkpt lat="49.29619" lon="0.99598">
        <ele>9.4</ele>
      </trkpt>
      <trkpt lat="49.29624" lon="0.9959">
        <ele>9.3</ele>
      </trkpt>
      <trkpt lat="49.29633" lon="0.99577">
        <ele>9.3</ele>
      </trkpt>
      <trkpt lat="49.296819" lon="0.9951">
        <ele>10.4</ele>
      </trkpt>
      <trkpt lat="49.296819" lon="0.9951">
        <ele>10.4</ele>
      </trkpt>
      <trkpt lat="49.29683" lon="0.9951">
        <ele>10.3</ele>
      </trkpt>
      <trkpt lat="49.29684" lon="0.9951">
        <ele>10.3</ele>
      </trkpt>
      <trkpt lat="49.29685" lon="0.9951">
        <ele>10.2</ele>
      </trkpt>
      <trkpt lat="49.29686" lon="0.9951">
        <ele>10.1</ele>
      </trkpt>
      <trkpt lat="49.29687" lon="0.9951">
        <ele>10.1</ele>
      </trkpt>
      <trkpt lat="49.29688" lon="0.9951">
        <ele>10.0</ele>
      </trkpt>
      <trkpt lat="49.29689" lon="0.99509">
        <ele>10.0</ele>
      </trkpt>
      <trkpt lat="49.2969" lon="0.99509">
        <ele>10.0</ele>
      </trkpt>
      <trkpt lat="49.296909" lon="0.99508">
        <ele>10.0</ele>
      </trkpt>
      <trkpt lat="49.29692" lon="0.99508">
        <ele>9.9</ele>
      </trkpt>
      <trkpt lat="49.29693" lon="0.99507">
        <ele>9.9</ele>
      </trkpt>
      <trkpt lat="49.29693" lon="0.99506">
        <ele>10.0</ele>
      </trkpt>
      <trkpt lat="49.29694" lon="0.99505">
        <ele>10.0</ele>
      </trkpt>
      <trkpt lat="49.29695" lon="0.99504">
        <ele>10.0</ele>
      </trkpt>
      <trkpt lat="49.29696" lon="0.99503">
        <ele>10.0</ele>
      </trkpt>
      <trkpt lat="49.29696" lon="0.99502">
        <ele>10.1</ele>
      </trkpt>
      <trkpt lat="49.29697" lon="0.99501">
        <ele>10.1</ele>
      </trkpt>
      <trkpt lat="49.29697" lon="0.99499">
        <ele>10.3</ele>
      </trkpt>
      <trkpt lat="49.29698" lon="0.99498">
        <ele>10.3</ele>
      </trkpt>
      <trkpt lat="49.29698" lon="0.99497">
        <ele>10.5</ele>
      </trkpt>
      <trkpt lat="49.29699" lon="0.99495">
        <ele>10.6</ele>
      </trkpt>
      <trkpt lat="49.29699" lon="0.99494">
        <ele>10.7</ele>
      </trkpt>
      <trkpt lat="49.29699" lon="0.99492">
        <ele>11.0</ele>
      </trkpt>
      <trkpt lat="49.29699" lon="0.99491">
        <ele>11.1</ele>
      </trkpt>
      <trkpt lat="49.297" lon="0.99489">
        <ele>11.2</ele>
      </trkpt>
      <trkpt lat="49.297" lon="0.99487">
        <ele>11.5</ele>
      </trkpt>
      <trkpt lat="49.297" lon="0.99485">
        <ele>11.7</ele>
      </trkpt>
      <trkpt lat="49.29707" lon="0.99471">
        <ele>12.6</ele>
      </trkpt>
      <trkpt lat="49.29728" lon="0.99445">
        <ele>12.5</ele>
      </trkpt>
      <trkpt lat="49.2975" lon="0.99422">
        <ele>10.7</ele>
      </trkpt>
      <trkpt lat="49.29751" lon="0.9942">
        <ele>10.8</ele>
      </trkpt>
      <trkpt lat="49.29758" lon="0.9941">
        <ele>12.1</ele>
      </trkpt>
      <trkpt lat="49.2978" lon="0.99394">
        <ele>14.1</ele>
      </trkpt>
      <trkpt lat="49.29798" lon="0.99382">
        <ele>14.9</ele>
      </trkpt>
      <trkpt lat="49.29817" lon="0.9937">
        <ele>15.1</ele>
      </trkpt>
      <trkpt lat="49.29821" lon="0.99368">
        <ele>15.0</ele>
      </trkpt>
      <trkpt lat="49.29826" lon="0.99366">
        <ele>14.8</ele>
      </trkpt>
      <trkpt lat="49.29837" lon="0.9936">
        <ele>14.6</ele>
      </trkpt>
      <trkpt lat="49.29867" lon="0.99347">
        <ele>14.9</ele>
      </trkpt>
      <trkpt lat="49.29918" lon="0.99326">
        <ele>16.3</ele>
      </trkpt>
      <trkpt lat="49.29955" lon="0.9931">
        <ele>17.5</ele>
      </trkpt>
      <trkpt lat="49.29999" lon="0.99292">
        <ele>18.5</ele>
      </trkpt>
      <trkpt lat="49.300289" lon="0.99279">
        <ele>18.8</ele>
      </trkpt>
      <trkpt lat="49.30037" lon="0.99276">
        <ele>18.8</ele>
      </trkpt>
      <trkpt lat="49.30066" lon="0.99264">
        <ele>18.9</ele>
      </trkpt>
      <trkpt lat="49.30083" lon="0.99258">
        <ele>18.7</ele>
      </trkpt>
      <trkpt lat="49.30095" lon="0.99254">
        <ele>18.8</ele>
      </trkpt>
      <trkpt lat="49.30104" lon="0.99252">
        <ele>18.7</ele>
      </trkpt>
      <trkpt lat="49.30158" lon="0.99242">
        <ele>18.8</ele>
      </trkpt>
      <trkpt lat="49.30194" lon="0.99235">
        <ele>19.7</ele>
      </trkpt>
      <trkpt lat="49.30223" lon="0.99228">
        <ele>21.1</ele>
      </trkpt>
      <trkpt lat="49.30247" lon="0.99225">
        <ele>21.5</ele>
      </trkpt>
      <trkpt lat="49.30253" lon="0.99226">
        <ele>21.2</ele>
      </trkpt>
      <trkpt lat="49.30267" lon="0.99227">
        <ele>21.3</ele>
      </trkpt>
      <trkpt lat="49.30303" lon="0.99233">
        <ele>20.0</ele>
      </trkpt>
      <trkpt lat="49.30338" lon="0.99239">
        <ele>18.2</ele>
      </trkpt>
      <trkpt lat="49.30387" lon="0.99247">
        <ele>16.9</ele>
      </trkpt>
      <trkpt lat="49.30432" lon="0.99257">
        <ele>17.8</ele>
      </trkpt>
      <trkpt lat="49.30474" lon="0.99266">
        <ele>20.5</ele>
      </trkpt>
      <trkpt lat="49.30498" lon="0.99272">
        <ele>21.3</ele>
      </trkpt>
      <trkpt lat="49.30531" lon="0.99283">
        <ele>22.4</ele>
      </trkpt>
      <trkpt lat="49.30547" lon="0.99289">
        <ele>22.6</ele>
      </trkpt>
      <trkpt lat="49.30596" lon="0.99306">
        <ele>23.8</ele>
      </trkpt>
      <trkpt lat="49.306109" lon="0.99311">
        <ele>24.6</ele>
      </trkpt>
      <trkpt lat="49.30616" lon="0.99313">
        <ele>24.7</ele>
      </trkpt>
      <trkpt lat="49.30622" lon="0.99316">
        <ele>24.6</ele>
      </trkpt>
      <trkpt lat="49.3063" lon="0.9932">
        <ele>24.3</ele>
      </trkpt>
      <trkpt lat="49.30637" lon="0.99324">
        <ele>23.8</ele>
      </trkpt>
      <trkpt lat="49.30645" lon="0.99329">
        <ele>22.9</ele>
      </trkpt>
      <trkpt lat="49.30657" lon="0.99338">
        <ele>21.9</ele>
      </trkpt>
      <trkpt lat="49.30691" lon="0.99361">
        <ele>24.7</ele>
      </trkpt>
      <trkpt lat="49.30753" lon="0.99404">
        <ele>24.2</ele>
      </trkpt>
      <trkpt lat="49.30772" lon="0.99417">
        <ele>24.2</ele>
      </trkpt>
      <trkpt lat="49.308169" lon="0.99447">
        <ele>26.0</ele>
      </trkpt>
      <trkpt lat="49.30844" lon="0.99466">
        <ele>24.9</ele>
      </trkpt>
      <trkpt lat="49.30857" lon="0.99476">
        <ele>23.4</ele>
      </trkpt>
      <trkpt lat="49.30882" lon="0.99496">
        <ele>18.4</ele>
      </trkpt>
      <trkpt lat="49.30924" lon="0.99527">
        <ele>17.2</ele>
      </trkpt>
      <trkpt lat="49.30927" lon="0.99531">
        <ele>17.1</ele>
      </trkpt>
      <trkpt lat="49.30941" lon="0.99543">
        <ele>17.3</ele>
      </trkpt>
      <trkpt lat="49.30953" lon="0.99549">
        <ele>17.9</ele>
      </trkpt>
      <trkpt lat="49.30957" lon="0.99553">
        <ele>17.6</ele>
      </trkpt>
      <trkpt lat="49.30959" lon="0.99554">
        <ele>17.6</ele>
      </trkpt>
      <trkpt lat="49.30961" lon="0.99556">
        <ele>17.4</ele>
      </trkpt>
      <trkpt lat="49.30962" lon="0.99557">
        <ele>17.3</ele>
      </trkpt>
      <trkpt lat="49.30963" lon="0.9956">
        <ele>16.7</ele>
      </trkpt>
      <trkpt lat="49.30965" lon="0.99564">
        <ele>16.0</ele>
      </trkpt>
      <trkpt lat="49.30968" lon="0.99572">
        <ele>14.3</ele>
      </trkpt>
      <trkpt lat="49.30968" lon="0.99572">
        <ele>14.3</ele>
      </trkpt>
      <trkpt lat="49.30968" lon="0.99573">
        <ele>14.0</ele>
      </trkpt>
      <trkpt lat="49.30968" lon="0.99574">
        <ele>13.7</ele>
      </trkpt>
      <trkpt lat="49.30968" lon="0.99575">
        <ele>13.5</ele>
      </trkpt>
      <trkpt lat="49.30968" lon="0.99576">
        <ele>13.2</ele>
      </trkpt>
      <trkpt lat="49.30968" lon="0.99577">
        <ele>13.0</ele>
      </trkpt>
      <trkpt lat="49.30968" lon="0.99578">
        <ele>12.7</ele>
      </trkpt>
      <trkpt lat="49.30968" lon="0.99579">
        <ele>12.4</ele>
      </trkpt>
      <trkpt lat="49.30968" lon="0.9958">
        <ele>12.2</ele>
      </trkpt>
      <trkpt lat="49.30968" lon="0.99581">
        <ele>11.9</ele>
      </trkpt>
      <trkpt lat="49.30969" lon="0.99582">
        <ele>11.7</ele>
      </trkpt>
      <trkpt lat="49.30969" lon="0.99583">
        <ele>11.5</ele>
      </trkpt>
      <trkpt lat="49.30969" lon="0.99584">
        <ele>11.4</ele>
      </trkpt>
      <trkpt lat="49.30969" lon="0.99585">
        <ele>11.3</ele>
      </trkpt>
      <trkpt lat="49.3097" lon="0.99585">
        <ele>11.4</ele>
      </trkpt>
      <trkpt lat="49.3097" lon="0.99586">
        <ele>11.3</ele>
      </trkpt>
      <trkpt lat="49.3097" lon="0.99587">
        <ele>11.2</ele>
      </trkpt>
      <trkpt lat="49.30971" lon="0.99587">
        <ele>11.3</ele>
      </trkpt>
      <trkpt lat="49.30971" lon="0.99588">
        <ele>11.2</ele>
      </trkpt>
      <trkpt lat="49.30972" lon="0.99589">
        <ele>11.3</ele>
      </trkpt>
      <trkpt lat="49.30973" lon="0.9959">
        <ele>11.3</ele>
      </trkpt>
      <trkpt lat="49.30973" lon="0.99591">
        <ele>11.2</ele>
      </trkpt>
      <trkpt lat="49.30974" lon="0.99591">
        <ele>11.3</ele>
      </trkpt>
      <trkpt lat="49.30975" lon="0.99591">
        <ele>11.4</ele>
      </trkpt>
      <trkpt lat="49.30975" lon="0.99592">
        <ele>11.3</ele>
      </trkpt>
      <trkpt lat="49.30976" lon="0.99592">
        <ele>11.4</ele>
      </trkpt>
      <trkpt lat="49.30977" lon="0.99592">
        <ele>11.5</ele>
      </trkpt>
      <trkpt lat="49.30993" lon="0.99619">
        <ele>10.9</ele>
      </trkpt>
      <trkpt lat="49.30993" lon="0.9962">
        <ele>10.8</ele>
      </trkpt>
      <trkpt lat="49.30999" lon="0.99628">
        <ele>10.7</ele>
      </trkpt>
      <trkpt lat="49.31025" lon="0.99677">
        <ele>7.7</ele>
      </trkpt>
      <trkpt lat="49.31057" lon="0.99728">
        <ele>6.8</ele>
      </trkpt>
      <trkpt lat="49.31086" lon="0.99774">
        <ele>6.3</ele>
      </trkpt>
      <trkpt lat="49.31092" lon="0.99782">
        <ele>5.7</ele>
      </trkpt>
      <trkpt lat="49.31094" lon="0.99784">
        <ele>5.6</ele>
      </trkpt>
      <trkpt lat="49.31094" lon="0.99785">
        <ele>5.5</ele>
      </trkpt>
      <trkpt lat="49.31097" lon="0.99788">
        <ele>5.3</ele>
      </trkpt>
      <trkpt lat="49.310989" lon="0.99792">
        <ele>5.1</ele>
      </trkpt>
      <trkpt lat="49.31104" lon="0.99797">
        <ele>4.8</ele>
      </trkpt>
      <trkpt lat="49.31122" lon="0.99817">
        <ele>3.8</ele>
      </trkpt>
      <trkpt lat="49.3113" lon="0.99824">
        <ele>3.6</ele>
      </trkpt>
      <trkpt lat="49.311369" lon="0.9983">
        <ele>3.5</ele>
      </trkpt>
      <trkpt lat="49.31148" lon="0.99838">
        <ele>3.0</ele>
      </trkpt>
      <trkpt lat="49.31166" lon="0.99849">
        <ele>1.6</ele>
      </trkpt>
      <trkpt lat="49.311839" lon="0.99858">
        <ele>1.2</ele>
      </trkpt>
      <trkpt lat="49.31203" lon="0.99867">
        <ele>1.4</ele>
      </trkpt>
      <trkpt lat="49.31228" lon="0.99879">
        <ele>2.4</ele>
      </trkpt>
      <trkpt lat="49.31256" lon="0.99893">
        <ele>4.2</ele>
      </trkpt>
      <trkpt lat="49.31272" lon="0.999">
        <ele>4.8</ele>
      </trkpt>
      <trkpt lat="49.31298" lon="0.99913">
        <ele>6.0</ele>
      </trkpt>
      <trkpt lat="49.31303" lon="0.99915">
        <ele>6.2</ele>
      </trkpt>
      <trkpt lat="49.31373" lon="0.99949">
        <ele>10.2</ele>
      </trkpt>
      <trkpt lat="49.31388" lon="0.99956">
        <ele>10.8</ele>
      </trkpt>
      <trkpt lat="49.314" lon="0.99962">
        <ele>11.1</ele>
      </trkpt>
      <trkpt lat="49.31414" lon="0.9997">
        <ele>11.1</ele>
      </trkpt>
      <trkpt lat="49.31431" lon="0.99978">
        <ele>15.5</ele>
      </trkpt>
      <trkpt lat="49.31443" lon="0.99983">
        <ele>19.0</ele>
      </trkpt>
      <trkpt lat="49.31443" lon="0.99983">
        <ele>19.0</ele>
      </trkpt>
      <trkpt lat="49.31452" lon="0.99991">
        <ele>20.4</ele>
      </trkpt>
      <trkpt lat="49.31462" lon="1.00001">
        <ele>21.5</ele>
      </trkpt>
      <trkpt lat="49.31466" lon="1.00005">
        <ele>22.0</ele>
      </trkpt>
      <trkpt lat="49.31474" lon="1.00014">
        <ele>22.7</ele>
      </trkpt>
      <trkpt lat="49.31477" lon="1.00018">
        <ele>22.8</ele>
      </trkpt>
      <trkpt lat="49.31499" lon="1.00045">
        <ele>21.5</ele>
      </trkpt>
      <trkpt lat="49.3153" lon="1.00086">
        <ele>19.2</ele>
      </trkpt>
      <trkpt lat="49.31535" lon="1.00093">
        <ele>19.6</ele>
      </trkpt>
      <trkpt lat="49.31584" lon="1.00157">
        <ele>18.2</ele>
      </trkpt>
      <trkpt lat="49.31591" lon="1.00166">
        <ele>19.0</ele>
      </trkpt>
      <trkpt lat="49.31598" lon="1.001749">
        <ele>20.3</ele>
      </trkpt>
      <trkpt lat="49.31646" lon="1.00237">
        <ele>22.2</ele>
      </trkpt>
      <trkpt lat="49.31669" lon="1.00271">
        <ele>20.5</ele>
      </trkpt>
      <trkpt lat="49.31678" lon="1.00286">
        <ele>21.0</ele>
      </trkpt>
      <trkpt lat="49.31692" lon="1.00309">
        <ele>20.9</ele>
      </trkpt>
      <trkpt lat="49.31712" lon="1.00342">
        <ele>20.1</ele>
      </trkpt>
      <trkpt lat="49.31726" lon="1.00363">
        <ele>20.9</ele>
      </trkpt>
      <trkpt lat="49.31768" lon="1.004359">
        <ele>23.4</ele>
      </trkpt>
      <trkpt lat="49.31809" lon="1.00502">
        <ele>23.1</ele>
      </trkpt>
      <trkpt lat="49.31814" lon="1.0051">
        <ele>22.7</ele>
      </trkpt>
      <trkpt lat="49.31838" lon="1.00552">
        <ele>19.4</ele>
      </trkpt>
      <trkpt lat="49.31844" lon="1.00562">
        <ele>19.8</ele>
      </trkpt>
      <trkpt lat="49.3187" lon="1.0061">
        <ele>21.9</ele>
      </trkpt>
      <trkpt lat="49.31921" lon="1.00701">
        <ele>17.4</ele>
      </trkpt>
      <trkpt lat="49.31949" lon="1.00754">
        <ele>19.5</ele>
      </trkpt>
      <trkpt lat="49.31961" lon="1.007749">
        <ele>20.6</ele>
      </trkpt>
      <trkpt lat="49.31992" lon="1.00834">
        <ele>16.9</ele>
      </trkpt>
      <trkpt lat="49.32005" lon="1.00859">
        <ele>18.1</ele>
      </trkpt>
      <trkpt lat="49.32007" lon="1.008629">
        <ele>18.5</ele>
      </trkpt>
      <trkpt lat="49.32024" lon="1.00902">
        <ele>19.9</ele>
      </trkpt>
      <trkpt lat="49.32027" lon="1.00908">
        <ele>20.0</ele>
      </trkpt>
      <trkpt lat="49.32041" lon="1.009409">
        <ele>19.7</ele>
      </trkpt>
      <trkpt lat="49.32044" lon="1.009479">
        <ele>19.6</ele>
      </trkpt>
      <trkpt lat="49.32076" lon="1.010189">
        <ele>17.0</ele>
      </trkpt>
      <trkpt lat="49.32119" lon="1.01119">
        <ele>26.1</ele>
      </trkpt>
      <trkpt lat="49.32139" lon="1.01171">
        <ele>21.5</ele>
      </trkpt>
      <trkpt lat="49.32161" lon="1.01241">
        <ele>15.9</ele>
      </trkpt>
      <trkpt lat="49.32183" lon="1.01318">
        <ele>21.7</ele>
      </trkpt>
      <trkpt lat="49.3221" lon="1.01406">
        <ele>25.2</ele>
      </trkpt>
      <trkpt lat="49.32229" lon="1.01472">
        <ele>22.5</ele>
      </trkpt>
      <trkpt lat="49.32259" lon="1.015709">
        <ele>20.8</ele>
      </trkpt>
      <trkpt lat="49.32279" lon="1.01644">
        <ele>21.1</ele>
      </trkpt>
      <trkpt lat="49.32292" lon="1.01704">
        <ele>20.3</ele>
      </trkpt>
      <trkpt lat="49.323009" lon="1.017479">
        <ele>20.4</ele>
      </trkpt>
      <trkpt lat="49.32308" lon="1.01774">
        <ele>19.9</ele>
      </trkpt>
      <trkpt lat="49.32323" lon="1.01815">
        <ele>19.2</ele>
      </trkpt>
      <trkpt lat="49.32334" lon="1.018529">
        <ele>17.9</ele>
      </trkpt>
      <trkpt lat="49.32342" lon="1.01888">
        <ele>19.1</ele>
      </trkpt>
      <trkpt lat="49.32365" lon="1.02028">
        <ele>23.2</ele>
      </trkpt>
      <trkpt lat="49.32378" lon="1.02103">
        <ele>21.6</ele>
      </trkpt>
      <trkpt lat="49.32398" lon="1.02174">
        <ele>17.6</ele>
      </trkpt>
      <trkpt lat="49.324039" lon="1.02193">
        <ele>17.3</ele>
      </trkpt>
      <trkpt lat="49.32414" lon="1.02223">
        <ele>16.2</ele>
      </trkpt>
      <trkpt lat="49.3242" lon="1.02241">
        <ele>15.6</ele>
      </trkpt>
      <trkpt lat="49.324309" lon="1.022829">
        <ele>17.6</ele>
      </trkpt>
      <trkpt lat="49.32433" lon="1.02301">
        <ele>18.4</ele>
      </trkpt>
      <trkpt lat="49.32439" lon="1.02343">
        <ele>21.0</ele>
      </trkpt>
      <trkpt lat="49.32455" lon="1.02467">
        <ele>22.2</ele>
      </trkpt>
      <trkpt lat="49.3247" lon="1.02548">
        <ele>19.8</ele>
      </trkpt>
      <trkpt lat="49.3248" lon="1.02587">
        <ele>18.8</ele>
      </trkpt>
      <trkpt lat="49.3248" lon="1.0259">
        <ele>18.6</ele>
      </trkpt>
      <trkpt lat="49.32482" lon="1.02597">
        <ele>18.7</ele>
      </trkpt>
      <trkpt lat="49.32485" lon="1.02608">
        <ele>18.8</ele>
      </trkpt>
      <trkpt lat="49.3249" lon="1.02633">
        <ele>18.4</ele>
      </trkpt>
      <trkpt lat="49.32493" lon="1.02655">
        <ele>17.7</ele>
      </trkpt>
      <trkpt lat="49.32494" lon="1.02677">
        <ele>17.0</ele>
      </trkpt>
      <trkpt lat="49.32494" lon="1.02696">
        <ele>16.5</ele>
      </trkpt>
      <trkpt lat="49.32493" lon="1.02725">
        <ele>15.7</ele>
      </trkpt>
      <trkpt lat="49.32493" lon="1.02745">
        <ele>15.2</ele>
      </trkpt>
      <trkpt lat="49.32495" lon="1.02766">
        <ele>15.5</ele>
      </trkpt>
      <trkpt lat="49.32497" lon="1.02787">
        <ele>16.1</ele>
      </trkpt>
      <trkpt lat="49.32505" lon="1.02858">
        <ele>18.9</ele>
      </trkpt>
      <trkpt lat="49.325069" lon="1.02881">
        <ele>19.5</ele>
      </trkpt>
      <trkpt lat="49.32515" lon="1.02953">
        <ele>19.7</ele>
      </trkpt>
      <trkpt lat="49.32518" lon="1.029779">
        <ele>18.8</ele>
      </trkpt>
      <trkpt lat="49.32528" lon="1.03052">
        <ele>18.7</ele>
      </trkpt>
      <trkpt lat="49.32534" lon="1.031239">
        <ele>18.8</ele>
      </trkpt>
      <trkpt lat="49.32542" lon="1.032319">
        <ele>17.3</ele>
      </trkpt>
      <trkpt lat="49.32544" lon="1.03252">
        <ele>17.1</ele>
      </trkpt>
      <trkpt lat="49.32546" lon="1.03281">
        <ele>19.0</ele>
      </trkpt>
      <trkpt lat="49.32548" lon="1.03299">
        <ele>20.4</ele>
      </trkpt>
      <trkpt lat="49.32549" lon="1.03315">
        <ele>21.5</ele>
      </trkpt>
      <trkpt lat="49.32558" lon="1.03431">
        <ele>25.5</ele>
      </trkpt>
      <trkpt lat="49.32561" lon="1.03461">
        <ele>22.8</ele>
      </trkpt>
      <trkpt lat="49.325629" lon="1.03478">
        <ele>21.2</ele>
      </trkpt>
      <trkpt lat="49.325719" lon="1.03549">
        <ele>16.9</ele>
      </trkpt>
      <trkpt lat="49.32576" lon="1.036049">
        <ele>15.4</ele>
      </trkpt>
      <trkpt lat="49.32581" lon="1.03641">
        <ele>16.4</ele>
      </trkpt>
      <trkpt lat="49.32597" lon="1.037879">
        <ele>24.4</ele>
      </trkpt>
      <trkpt lat="49.32615" lon="1.03945">
        <ele>20.9</ele>
      </trkpt>
      <trkpt lat="49.32616" lon="1.0396">
        <ele>21.2</ele>
      </trkpt>
      <trkpt lat="49.32622" lon="1.04037">
        <ele>23.0</ele>
      </trkpt>
      <trkpt lat="49.32631" lon="1.04167">
        <ele>23.3</ele>
      </trkpt>
      <trkpt lat="49.32634" lon="1.04196">
        <ele>22.2</ele>
      </trkpt>
      <trkpt lat="49.32643" lon="1.04289">
        <ele>18.3</ele>
      </trkpt>
      <trkpt lat="49.32649" lon="1.04331">
        <ele>17.0</ele>
      </trkpt>
      <trkpt lat="49.32652" lon="1.043439">
        <ele>16.7</ele>
      </trkpt>
      <trkpt lat="49.32658" lon="1.04373">
        <ele>15.9</ele>
      </trkpt>
      <trkpt lat="49.32659" lon="1.043779">
        <ele>15.7</ele>
      </trkpt>
      <trkpt lat="49.3266" lon="1.04384">
        <ele>15.4</ele>
      </trkpt>
      <trkpt lat="49.32684" lon="1.04488">
        <ele>19.7</ele>
      </trkpt>
      <trkpt lat="49.32689" lon="1.045129">
        <ele>21.0</ele>
      </trkpt>
      <trkpt lat="49.32693" lon="1.04535">
        <ele>21.8</ele>
      </trkpt>
      <trkpt lat="49.32701" lon="1.045909">
        <ele>22.0</ele>
      </trkpt>
      <trkpt lat="49.327039" lon="1.046219">
        <ele>20.7</ele>
      </trkpt>
      <trkpt lat="49.32707" lon="1.04647">
        <ele>19.7</ele>
      </trkpt>
      <trkpt lat="49.32707" lon="1.04654">
        <ele>19.1</ele>
      </trkpt>
      <trkpt lat="49.32724" lon="1.04772">
        <ele>15.0</ele>
      </trkpt>
      <trkpt lat="49.32739" lon="1.048689">
        <ele>11.7</ele>
      </trkpt>
      <trkpt lat="49.327689" lon="1.04984">
        <ele>14.9</ele>
      </trkpt>
      <trkpt lat="49.32795" lon="1.05091">
        <ele>17.9</ele>
      </trkpt>
      <trkpt lat="49.32797" lon="1.05098">
        <ele>17.9</ele>
      </trkpt>
      <trkpt lat="49.328069" lon="1.05136">
        <ele>16.9</ele>
      </trkpt>
      <trkpt lat="49.3284" lon="1.052619">
        <ele>14.9</ele>
      </trkpt>
      <trkpt lat="49.32849" lon="1.05294">
        <ele>15.7</ele>
      </trkpt>
      <trkpt lat="49.32884" lon="1.05429">
        <ele>18.0</ele>
      </trkpt>
      <trkpt lat="49.32949" lon="1.05673">
        <ele>12.6</ele>
      </trkpt>
      <trkpt lat="49.32949" lon="1.05674">
        <ele>12.5</ele>
      </trkpt>
      <trkpt lat="49.32984" lon="1.05762">
        <ele>12.1</ele>
      </trkpt>
      <trkpt lat="49.32991" lon="1.05782">
        <ele>12.0</ele>
      </trkpt>
      <trkpt lat="49.33046" lon="1.05964">
        <ele>11.6</ele>
      </trkpt>
      <trkpt lat="49.33047" lon="1.059669">
        <ele>11.6</ele>
      </trkpt>
      <trkpt lat="49.33064" lon="1.06006">
        <ele>11.9</ele>
      </trkpt>
      <trkpt lat="49.33074" lon="1.06031">
        <ele>11.5</ele>
      </trkpt>
      <trkpt lat="49.33103" lon="1.06091">
        <ele>12.2</ele>
      </trkpt>
      <trkpt lat="49.33112" lon="1.061129">
        <ele>13.2</ele>
      </trkpt>
      <trkpt lat="49.3319" lon="1.06308">
        <ele>13.6</ele>
      </trkpt>
      <trkpt lat="49.33197" lon="1.06327">
        <ele>13.4</ele>
      </trkpt>
      <trkpt lat="49.3326" lon="1.06486">
        <ele>12.6</ele>
      </trkpt>
      <trkpt lat="49.33267" lon="1.06508">
        <ele>12.5</ele>
      </trkpt>
      <trkpt lat="49.33283" lon="1.06588">
        <ele>11.5</ele>
      </trkpt>
      <trkpt lat="49.33291" lon="1.0663">
        <ele>11.3</ele>
      </trkpt>
      <trkpt lat="49.33305" lon="1.06696">
        <ele>10.9</ele>
      </trkpt>
      <trkpt lat="49.33339" lon="1.06844">
        <ele>11.6</ele>
      </trkpt>
      <trkpt lat="49.33396" lon="1.070549">
        <ele>10.7</ele>
      </trkpt>
      <trkpt lat="49.33399" lon="1.07067">
        <ele>10.2</ele>
      </trkpt>
      <trkpt lat="49.334069" lon="1.07091">
        <ele>9.6</ele>
      </trkpt>
      <trkpt lat="49.334539" lon="1.07259">
        <ele>15.2</ele>
      </trkpt>
      <trkpt lat="49.33489" lon="1.07379">
        <ele>13.1</ele>
      </trkpt>
      <trkpt lat="49.33502" lon="1.07426">
        <ele>11.6</ele>
      </trkpt>
      <trkpt lat="49.33517" lon="1.0747">
        <ele>10.5</ele>
      </trkpt>
      <trkpt lat="49.335389" lon="1.07536">
        <ele>11.0</ele>
      </trkpt>
      <trkpt lat="49.33554" lon="1.07581">
        <ele>12.2</ele>
      </trkpt>
      <trkpt lat="49.33564" lon="1.076109">
        <ele>13.3</ele>
      </trkpt>
      <trkpt lat="49.33571" lon="1.07634">
        <ele>14.0</ele>
      </trkpt>
      <trkpt lat="49.33582" lon="1.07669">
        <ele>14.8</ele>
      </trkpt>
      <trkpt lat="49.336039" lon="1.07737">
        <ele>13.6</ele>
      </trkpt>
      <trkpt lat="49.33628" lon="1.07817">
        <ele>13.7</ele>
      </trkpt>
      <trkpt lat="49.33659" lon="1.07913">
        <ele>14.4</ele>
      </trkpt>
      <trkpt lat="49.33661" lon="1.07919">
        <ele>14.5</ele>
      </trkpt>
      <trkpt lat="49.33695" lon="1.08022">
        <ele>17.5</ele>
      </trkpt>
      <trkpt lat="49.33719" lon="1.08093">
        <ele>17.8</ele>
      </trkpt>
      <trkpt lat="49.33737" lon="1.08145">
        <ele>19.7</ele>
      </trkpt>
      <trkpt lat="49.33766" lon="1.08222">
        <ele>21.2</ele>
      </trkpt>
      <trkpt lat="49.33771" lon="1.08235">
        <ele>21.3</ele>
      </trkpt>
      <trkpt lat="49.33789" lon="1.082719">
        <ele>21.6</ele>
      </trkpt>
      <trkpt lat="49.33794" lon="1.082819">
        <ele>21.8</ele>
      </trkpt>
      <trkpt lat="49.33797" lon="1.08287">
        <ele>21.9</ele>
      </trkpt>
      <trkpt lat="49.33802" lon="1.08295">
        <ele>22.1</ele>
      </trkpt>
      <trkpt lat="49.33802" lon="1.08295">
        <ele>22.1</ele>
      </trkpt>
      <trkpt lat="49.33802" lon="1.08297">
        <ele>22.1</ele>
      </trkpt>
      <trkpt lat="49.33802" lon="1.082989">
        <ele>22.1</ele>
      </trkpt>
      <trkpt lat="49.33802" lon="1.08301">
        <ele>22.2</ele>
      </trkpt>
      <trkpt lat="49.33803" lon="1.08303">
        <ele>22.2</ele>
      </trkpt>
      <trkpt lat="49.33804" lon="1.08305">
        <ele>22.3</ele>
      </trkpt>
      <trkpt lat="49.33805" lon="1.08306">
        <ele>22.3</ele>
      </trkpt>
      <trkpt lat="49.33806" lon="1.08306">
        <ele>22.4</ele>
      </trkpt>
      <trkpt lat="49.33807" lon="1.08306">
        <ele>22.4</ele>
      </trkpt>
      <trkpt lat="49.33808" lon="1.08305">
        <ele>22.4</ele>
      </trkpt>
      <trkpt lat="49.33809" lon="1.08304">
        <ele>22.4</ele>
      </trkpt>
      <trkpt lat="49.3381" lon="1.08303">
        <ele>22.5</ele>
      </trkpt>
      <trkpt lat="49.3381" lon="1.08301">
        <ele>22.4</ele>
      </trkpt>
      <trkpt lat="49.33811" lon="1.083">
        <ele>22.5</ele>
      </trkpt>
      <trkpt lat="49.33824" lon="1.08301">
        <ele>22.9</ele>
      </trkpt>
      <trkpt lat="49.33871" lon="1.0835">
        <ele>23.5</ele>
      </trkpt>
      <trkpt lat="49.33909" lon="1.08383">
        <ele>22.6</ele>
      </trkpt>
      <trkpt lat="49.33927" lon="1.08401">
        <ele>22.2</ele>
      </trkpt>
      <trkpt lat="49.33957" lon="1.0843">
        <ele>21.9</ele>
      </trkpt>
      <trkpt lat="49.33987" lon="1.08471">
        <ele>21.9</ele>
      </trkpt>
      <trkpt lat="49.33992" lon="1.08481">
        <ele>21.9</ele>
      </trkpt>
      <trkpt lat="49.33999" lon="1.084989">
        <ele>22.0</ele>
      </trkpt>
      <trkpt lat="49.34005" lon="1.08509">
        <ele>22.0</ele>
      </trkpt>
      <trkpt lat="49.34064" lon="1.08611">
        <ele>22.2</ele>
      </trkpt>
      <trkpt lat="49.34088" lon="1.08653">
        <ele>21.9</ele>
      </trkpt>
      <trkpt lat="49.34094" lon="1.08664">
        <ele>21.9</ele>
      </trkpt>
      <trkpt lat="49.34137" lon="1.087429">
        <ele>22.3</ele>
      </trkpt>
      <trkpt lat="49.3414" lon="1.08748">
        <ele>22.3</ele>
      </trkpt>
      <trkpt lat="49.34143" lon="1.08753">
        <ele>22.3</ele>
      </trkpt>
      <trkpt lat="49.34158" lon="1.08779">
        <ele>22.1</ele>
      </trkpt>
      <trkpt lat="49.341769" lon="1.08814">
        <ele>21.6</ele>
      </trkpt>
      <trkpt lat="49.3419" lon="1.08836">
        <ele>21.1</ele>
      </trkpt>
      <trkpt lat="49.34212" lon="1.08876">
        <ele>20.4</ele>
      </trkpt>
      <trkpt lat="49.34285" lon="1.09007">
        <ele>19.4</ele>
      </trkpt>
      <trkpt lat="49.34307" lon="1.090479">
        <ele>19.7</ele>
      </trkpt>
      <trkpt lat="49.34313" lon="1.09059">
        <ele>19.8</ele>
      </trkpt>
      <trkpt lat="49.34317" lon="1.09066">
        <ele>19.8</ele>
      </trkpt>
      <trkpt lat="49.34328" lon="1.09086">
        <ele>19.9</ele>
      </trkpt>
      <trkpt lat="49.3434" lon="1.091089">
        <ele>19.9</ele>
      </trkpt>
      <trkpt lat="49.34346" lon="1.09119">
        <ele>19.8</ele>
      </trkpt>
      <trkpt lat="49.3438" lon="1.09181">
        <ele>19.4</ele>
      </trkpt>
      <trkpt lat="49.34396" lon="1.09205">
        <ele>19.1</ele>
      </trkpt>
      <trkpt lat="49.34411" lon="1.09223">
        <ele>19.0</ele>
      </trkpt>
      <trkpt lat="49.34425" lon="1.09241">
        <ele>18.7</ele>
      </trkpt>
      <trkpt lat="49.34445" lon="1.09261">
        <ele>17.8</ele>
      </trkpt>
      <trkpt lat="49.344589" lon="1.09272">
        <ele>17.2</ele>
      </trkpt>
      <trkpt lat="49.34503" lon="1.09303">
        <ele>15.4</ele>
      </trkpt>
      <trkpt lat="49.34543" lon="1.093259">
        <ele>15.6</ele>
      </trkpt>
      <trkpt lat="49.34584" lon="1.09348">
        <ele>15.7</ele>
      </trkpt>
      <trkpt lat="49.34603" lon="1.09359">
        <ele>16.1</ele>
      </trkpt>
      <trkpt lat="49.34664" lon="1.09393">
        <ele>17.5</ele>
      </trkpt>
      <trkpt lat="49.34699" lon="1.09415">
        <ele>17.0</ele>
      </trkpt>
      <trkpt lat="49.34767" lon="1.09453">
        <ele>17.6</ele>
      </trkpt>
      <trkpt lat="49.34855" lon="1.09505">
        <ele>18.5</ele>
      </trkpt>
      <trkpt lat="49.34873" lon="1.09515">
        <ele>18.0</ele>
      </trkpt>
      <trkpt lat="49.34908" lon="1.09534">
        <ele>17.5</ele>
      </trkpt>
      <trkpt lat="49.349179" lon="1.09539">
        <ele>17.5</ele>
      </trkpt>
      <trkpt lat="49.34935" lon="1.09549">
        <ele>17.7</ele>
      </trkpt>
      <trkpt lat="49.35094" lon="1.0964">
        <ele>18.8</ele>
      </trkpt>
      <trkpt lat="49.35111" lon="1.0965">
        <ele>18.5</ele>
      </trkpt>
      <trkpt lat="49.35213" lon="1.09711">
        <ele>17.3</ele>
      </trkpt>
      <trkpt lat="49.35216" lon="1.09717">
        <ele>17.2</ele>
      </trkpt>
      <trkpt lat="49.35283" lon="1.09756">
        <ele>17.7</ele>
      </trkpt>
      <trkpt lat="49.35353" lon="1.09805">
        <ele>17.8</ele>
      </trkpt>
      <trkpt lat="49.35358" lon="1.09806">
        <ele>17.9</ele>
      </trkpt>
      <trkpt lat="49.35442" lon="1.098649">
        <ele>17.7</ele>
      </trkpt>
      <trkpt lat="49.354909" lon="1.09903">
        <ele>17.9</ele>
      </trkpt>
      <trkpt lat="49.35575" lon="1.09967">
        <ele>20.3</ele>
      </trkpt>
      <trkpt lat="49.35601" lon="1.09984">
        <ele>20.8</ele>
      </trkpt>
      <trkpt lat="49.35636" lon="1.10006">
        <ele>20.9</ele>
      </trkpt>
      <trkpt lat="49.35639" lon="1.10011">
        <ele>20.7</ele>
      </trkpt>
      <trkpt lat="49.35713" lon="1.10062">
        <ele>19.8</ele>
      </trkpt>
      <trkpt lat="49.357819" lon="1.10098">
        <ele>19.1</ele>
      </trkpt>
      <trkpt lat="49.35794" lon="1.10101">
        <ele>19.0</ele>
      </trkpt>
      <trkpt lat="49.35954" lon="1.10193">
        <ele>15.8</ele>
      </trkpt>
      <trkpt lat="49.360349" lon="1.10239">
        <ele>15.5</ele>
      </trkpt>
      <trkpt lat="49.36042" lon="1.10243">
        <ele>15.5</ele>
      </trkpt>
      <trkpt lat="49.36102" lon="1.10277">
        <ele>15.5</ele>
      </trkpt>
      <trkpt lat="49.36145" lon="1.103019">
        <ele>14.1</ele>
      </trkpt>
      <trkpt lat="49.36164" lon="1.10314">
        <ele>13.3</ele>
      </trkpt>
      <trkpt lat="49.36201" lon="1.10338">
        <ele>12.9</ele>
      </trkpt>
      <trkpt lat="49.36218" lon="1.10349">
        <ele>12.7</ele>
      </trkpt>
      <trkpt lat="49.3622" lon="1.10354">
        <ele>12.6</ele>
      </trkpt>
      <trkpt lat="49.36227" lon="1.1036">
        <ele>12.4</ele>
      </trkpt>
      <trkpt lat="49.36265" lon="1.10385">
        <ele>12.1</ele>
      </trkpt>
      <trkpt lat="49.36299" lon="1.10409">
        <ele>12.3</ele>
      </trkpt>
      <trkpt lat="49.36339" lon="1.10436">
        <ele>12.8</ele>
      </trkpt>
      <trkpt lat="49.36366" lon="1.10455">
        <ele>12.7</ele>
      </trkpt>
      <trkpt lat="49.364" lon="1.1048">
        <ele>12.8</ele>
      </trkpt>
      <trkpt lat="49.364" lon="1.10482">
        <ele>12.8</ele>
      </trkpt>
      <trkpt lat="49.364" lon="1.10483">
        <ele>12.8</ele>
      </trkpt>
      <trkpt lat="49.364" lon="1.10484">
        <ele>12.8</ele>
      </trkpt>
      <trkpt lat="49.364" lon="1.10485">
        <ele>12.8</ele>
      </trkpt>
      <trkpt lat="49.364" lon="1.10486">
        <ele>12.8</ele>
      </trkpt>
      <trkpt lat="49.364" lon="1.10487">
        <ele>12.8</ele>
      </trkpt>
      <trkpt lat="49.364" lon="1.10488">
        <ele>12.8</ele>
      </trkpt>
      <trkpt lat="49.364" lon="1.10489">
        <ele>12.8</ele>
      </trkpt>
      <trkpt lat="49.364" lon="1.1049">
        <ele>12.8</ele>
      </trkpt>
      <trkpt lat="49.36401" lon="1.10491">
        <ele>12.8</ele>
      </trkpt>
      <trkpt lat="49.36401" lon="1.104919">
        <ele>12.8</ele>
      </trkpt>
      <trkpt lat="49.36401" lon="1.10493">
        <ele>12.8</ele>
      </trkpt>
      <trkpt lat="49.364019" lon="1.10494">
        <ele>12.8</ele>
      </trkpt>
      <trkpt lat="49.364019" lon="1.10495">
        <ele>12.8</ele>
      </trkpt>
      <trkpt lat="49.36403" lon="1.10496">
        <ele>12.8</ele>
      </trkpt>
      <trkpt lat="49.36403" lon="1.10497">
        <ele>12.8</ele>
      </trkpt>
      <trkpt lat="49.36404" lon="1.10497">
        <ele>12.9</ele>
      </trkpt>
      <trkpt lat="49.36404" lon="1.10498">
        <ele>12.9</ele>
      </trkpt>
      <trkpt lat="49.36405" lon="1.10499">
        <ele>12.9</ele>
      </trkpt>
      <trkpt lat="49.36406" lon="1.105">
        <ele>12.9</ele>
      </trkpt>
      <trkpt lat="49.36407" lon="1.10501">
        <ele>12.9</ele>
      </trkpt>
      <trkpt lat="49.36408" lon="1.10501">
        <ele>12.9</ele>
      </trkpt>
      <trkpt lat="49.36409" lon="1.10501">
        <ele>12.9</ele>
      </trkpt>
      <trkpt lat="49.36409" lon="1.105019">
        <ele>12.9</ele>
      </trkpt>
      <trkpt lat="49.3641" lon="1.105019">
        <ele>12.9</ele>
      </trkpt>
      <trkpt lat="49.364109" lon="1.105019">
        <ele>12.9</ele>
      </trkpt>
      <trkpt lat="49.36412" lon="1.105019">
        <ele>12.9</ele>
      </trkpt>
      <trkpt lat="49.36413" lon="1.105019">
        <ele>12.9</ele>
      </trkpt>
      <trkpt lat="49.36414" lon="1.105019">
        <ele>12.9</ele>
      </trkpt>
      <trkpt lat="49.36415" lon="1.10501">
        <ele>13.0</ele>
      </trkpt>
      <trkpt lat="49.36416" lon="1.10501">
        <ele>13.0</ele>
      </trkpt>
      <trkpt lat="49.36416" lon="1.105">
        <ele>13.0</ele>
      </trkpt>
      <trkpt lat="49.36417" lon="1.105">
        <ele>13.0</ele>
      </trkpt>
      <trkpt lat="49.36417" lon="1.10499">
        <ele>13.0</ele>
      </trkpt>
      <trkpt lat="49.36418" lon="1.10499">
        <ele>13.0</ele>
      </trkpt>
      <trkpt lat="49.36419" lon="1.10498">
        <ele>12.9</ele>
      </trkpt>
      <trkpt lat="49.364199" lon="1.10497">
        <ele>12.9</ele>
      </trkpt>
      <trkpt lat="49.364199" lon="1.10496">
        <ele>12.9</ele>
      </trkpt>
      <trkpt lat="49.36421" lon="1.10495">
        <ele>12.9</ele>
      </trkpt>
      <trkpt lat="49.36421" lon="1.10494">
        <ele>12.9</ele>
      </trkpt>
      <trkpt lat="49.36422" lon="1.10493">
        <ele>12.9</ele>
      </trkpt>
      <trkpt lat="49.36446" lon="1.10508">
        <ele>12.1</ele>
      </trkpt>
      <trkpt lat="49.36454" lon="1.105089">
        <ele>11.9</ele>
      </trkpt>
      <trkpt lat="49.36494" lon="1.10529">
        <ele>10.8</ele>
      </trkpt>
      <trkpt lat="49.36518" lon="1.10542">
        <ele>10.8</ele>
      </trkpt>
      <trkpt lat="49.36545" lon="1.10554">
        <ele>11.1</ele>
      </trkpt>
      <trkpt lat="49.36575" lon="1.10568">
        <ele>11.2</ele>
      </trkpt>
      <trkpt lat="49.36586" lon="1.10572">
        <ele>11.2</ele>
      </trkpt>
      <trkpt lat="49.36597" lon="1.10578">
        <ele>11.0</ele>
      </trkpt>
      <trkpt lat="49.36639" lon="1.10596">
        <ele>10.2</ele>
      </trkpt>
      <trkpt lat="49.36647" lon="1.10598">
        <ele>10.1</ele>
      </trkpt>
      <trkpt lat="49.36659" lon="1.10605">
        <ele>9.9</ele>
      </trkpt>
      <trkpt lat="49.36692" lon="1.10618">
        <ele>9.6</ele>
      </trkpt>
      <trkpt lat="49.36698" lon="1.1062">
        <ele>9.6</ele>
      </trkpt>
      <trkpt lat="49.36708" lon="1.1063">
        <ele>9.4</ele>
      </trkpt>
      <trkpt lat="49.36734" lon="1.10646">
        <ele>9.2</ele>
      </trkpt>
      <trkpt lat="49.36738" lon="1.10649">
        <ele>9.2</ele>
      </trkpt>
      <trkpt lat="49.36745" lon="1.10656">
        <ele>9.1</ele>
      </trkpt>
      <trkpt lat="49.36745" lon="1.10656">
        <ele>9.1</ele>
      </trkpt>
      <trkpt lat="49.36746" lon="1.1066">
        <ele>9.1</ele>
      </trkpt>
      <trkpt lat="49.36748" lon="1.10664">
        <ele>9.0</ele>
      </trkpt>
      <trkpt lat="49.3675" lon="1.10667">
        <ele>9.0</ele>
      </trkpt>
      <trkpt lat="49.36751" lon="1.1067">
        <ele>9.0</ele>
      </trkpt>
      <trkpt lat="49.36754" lon="1.10673">
        <ele>9.0</ele>
      </trkpt>
      <trkpt lat="49.36756" lon="1.10676">
        <ele>9.0</ele>
      </trkpt>
      <trkpt lat="49.367579" lon="1.10678">
        <ele>9.0</ele>
      </trkpt>
      <trkpt lat="49.36761" lon="1.1068">
        <ele>9.1</ele>
      </trkpt>
      <trkpt lat="49.36765" lon="1.10693">
        <ele>9.0</ele>
      </trkpt>
      <trkpt lat="49.36766" lon="1.10699">
        <ele>8.9</ele>
      </trkpt>
      <trkpt lat="49.36768" lon="1.10706">
        <ele>8.9</ele>
      </trkpt>
      <trkpt lat="49.36769" lon="1.10713">
        <ele>8.8</ele>
      </trkpt>
      <trkpt lat="49.3677" lon="1.10722">
        <ele>8.7</ele>
      </trkpt>
      <trkpt lat="49.36771" lon="1.10729">
        <ele>8.6</ele>
      </trkpt>
      <trkpt lat="49.36771" lon="1.10743">
        <ele>8.4</ele>
      </trkpt>
      <trkpt lat="49.36772" lon="1.10778">
        <ele>8.6</ele>
      </trkpt>
      <trkpt lat="49.36772" lon="1.10812">
        <ele>9.0</ele>
      </trkpt>
      <trkpt lat="49.36772" lon="1.108309">
        <ele>9.2</ele>
      </trkpt>
      <trkpt lat="49.36771" lon="1.1085">
        <ele>9.1</ele>
      </trkpt>
      <trkpt lat="49.36771" lon="1.10899">
        <ele>8.7</ele>
      </trkpt>
      <trkpt lat="49.36772" lon="1.10935">
        <ele>8.4</ele>
      </trkpt>
      <trkpt lat="49.36772" lon="1.10959">
        <ele>8.2</ele>
      </trkpt>
      <trkpt lat="49.36773" lon="1.10968">
        <ele>8.1</ele>
      </trkpt>
      <trkpt lat="49.36773" lon="1.10972">
        <ele>8.1</ele>
      </trkpt>
      <trkpt lat="49.36774" lon="1.1099">
        <ele>8.0</ele>
      </trkpt>
      <trkpt lat="49.367759" lon="1.11009">
        <ele>8.0</ele>
      </trkpt>
      <trkpt lat="49.36779" lon="1.11026">
        <ele>8.2</ele>
      </trkpt>
      <trkpt lat="49.36783" lon="1.11051">
        <ele>8.6</ele>
      </trkpt>
      <trkpt lat="49.36787" lon="1.110679">
        <ele>8.8</ele>
      </trkpt>
      <trkpt lat="49.3679" lon="1.1108">
        <ele>8.9</ele>
      </trkpt>
      <trkpt lat="49.367959" lon="1.111019">
        <ele>9.1</ele>
      </trkpt>
      <trkpt lat="49.36802" lon="1.11121">
        <ele>9.2</ele>
      </trkpt>
      <trkpt lat="49.36807" lon="1.11137">
        <ele>9.4</ele>
      </trkpt>
      <trkpt lat="49.36811" lon="1.1115">
        <ele>9.5</ele>
      </trkpt>
      <trkpt lat="49.36816" lon="1.11162">
        <ele>9.6</ele>
      </trkpt>
      <trkpt lat="49.36827" lon="1.11193">
        <ele>8.9</ele>
      </trkpt>
      <trkpt lat="49.36837" lon="1.11217">
        <ele>8.1</ele>
      </trkpt>
      <trkpt lat="49.36845" lon="1.11235">
        <ele>7.3</ele>
      </trkpt>
      <trkpt lat="49.3686" lon="1.11264">
        <ele>6.0</ele>
      </trkpt>
      <trkpt lat="49.368699" lon="1.11284">
        <ele>5.1</ele>
      </trkpt>
      <trkpt lat="49.36882" lon="1.11303">
        <ele>4.2</ele>
      </trkpt>
      <trkpt lat="49.36893" lon="1.11321">
        <ele>3.3</ele>
      </trkpt>
      <trkpt lat="49.36906" lon="1.1134">
        <ele>2.5</ele>
      </trkpt>
      <trkpt lat="49.36932" lon="1.11375">
        <ele>2.9</ele>
      </trkpt>
      <trkpt lat="49.3695" lon="1.11396">
        <ele>3.2</ele>
      </trkpt>
      <trkpt lat="49.36959" lon="1.11406">
        <ele>3.3</ele>
      </trkpt>
      <trkpt lat="49.36968" lon="1.11415">
        <ele>3.4</ele>
      </trkpt>
      <trkpt lat="49.36987" lon="1.11433">
        <ele>3.4</ele>
      </trkpt>
      <trkpt lat="49.37009" lon="1.11452">
        <ele>3.5</ele>
      </trkpt>
      <trkpt lat="49.37027" lon="1.11467">
        <ele>3.7</ele>
      </trkpt>
      <trkpt lat="49.37046" lon="1.11483">
        <ele>3.9</ele>
      </trkpt>
      <trkpt lat="49.37066" lon="1.11501">
        <ele>4.0</ele>
      </trkpt>
      <trkpt lat="49.37086" lon="1.11518">
        <ele>4.2</ele>
      </trkpt>
      <trkpt lat="49.370959" lon="1.11527">
        <ele>4.3</ele>
      </trkpt>
      <trkpt lat="49.371049" lon="1.11534">
        <ele>4.3</ele>
      </trkpt>
      <trkpt lat="49.37122" lon="1.115459">
        <ele>4.3</ele>
      </trkpt>
      <trkpt lat="49.37137" lon="1.11555">
        <ele>4.2</ele>
      </trkpt>
      <trkpt lat="49.37148" lon="1.1156">
        <ele>4.2</ele>
      </trkpt>
      <trkpt lat="49.37158" lon="1.11565">
        <ele>4.1</ele>
      </trkpt>
      <trkpt lat="49.37171" lon="1.11569">
        <ele>4.1</ele>
      </trkpt>
      <trkpt lat="49.3718" lon="1.11572">
        <ele>4.5</ele>
      </trkpt>
      <trkpt lat="49.371899" lon="1.11574">
        <ele>4.8</ele>
      </trkpt>
      <trkpt lat="49.37202" lon="1.11576">
        <ele>5.2</ele>
      </trkpt>
      <trkpt lat="49.37213" lon="1.11578">
        <ele>5.6</ele>
      </trkpt>
      <trkpt lat="49.37225" lon="1.11578">
        <ele>6.1</ele>
      </trkpt>
      <trkpt lat="49.37245" lon="1.11577">
        <ele>6.7</ele>
      </trkpt>
      <trkpt lat="49.37266" lon="1.11574">
        <ele>6.5</ele>
      </trkpt>
      <trkpt lat="49.37281" lon="1.11571">
        <ele>6.2</ele>
      </trkpt>
      <trkpt lat="49.37297" lon="1.11566">
        <ele>5.9</ele>
      </trkpt>
      <trkpt lat="49.37313" lon="1.1156">
        <ele>5.6</ele>
      </trkpt>
      <trkpt lat="49.37323" lon="1.11556">
        <ele>5.5</ele>
      </trkpt>
      <trkpt lat="49.37336" lon="1.11551">
        <ele>5.4</ele>
      </trkpt>
      <trkpt lat="49.37345" lon="1.115459">
        <ele>5.4</ele>
      </trkpt>
      <trkpt lat="49.37356" lon="1.1154">
        <ele>5.5</ele>
      </trkpt>
      <trkpt lat="49.373779" lon="1.11527">
        <ele>5.7</ele>
      </trkpt>
      <trkpt lat="49.37409" lon="1.11506">
        <ele>5.9</ele>
      </trkpt>
      <trkpt lat="49.37429" lon="1.11492">
        <ele>6.3</ele>
      </trkpt>
      <trkpt lat="49.374519" lon="1.11476">
        <ele>6.6</ele>
      </trkpt>
      <trkpt lat="49.37469" lon="1.11463">
        <ele>6.8</ele>
      </trkpt>
      <trkpt lat="49.3751" lon="1.11432">
        <ele>6.6</ele>
      </trkpt>
      <trkpt lat="49.37561" lon="1.11393">
        <ele>5.6</ele>
      </trkpt>
      <trkpt lat="49.37632" lon="1.11339">
        <ele>5.6</ele>
      </trkpt>
      <trkpt lat="49.37674" lon="1.11307">
        <ele>6.1</ele>
      </trkpt>
      <trkpt lat="49.37685" lon="1.11299">
        <ele>6.2</ele>
      </trkpt>
      <trkpt lat="49.37706" lon="1.11283">
        <ele>6.5</ele>
      </trkpt>
      <trkpt lat="49.37738" lon="1.11259">
        <ele>6.9</ele>
      </trkpt>
      <trkpt lat="49.3777" lon="1.11235">
        <ele>6.6</ele>
      </trkpt>
      <trkpt lat="49.37822" lon="1.11195">
        <ele>5.5</ele>
      </trkpt>
      <trkpt lat="49.37864" lon="1.11164">
        <ele>5.0</ele>
      </trkpt>
      <trkpt lat="49.37906" lon="1.11132">
        <ele>5.4</ele>
      </trkpt>
      <trkpt lat="49.37968" lon="1.11084">
        <ele>5.4</ele>
      </trkpt>
      <trkpt lat="49.38011" lon="1.11054">
        <ele>5.0</ele>
      </trkpt>
      <trkpt lat="49.38027" lon="1.11043">
        <ele>5.0</ele>
      </trkpt>
      <trkpt lat="49.38039" lon="1.11035">
        <ele>5.0</ele>
      </trkpt>
      <trkpt lat="49.38047" lon="1.11029">
        <ele>5.0</ele>
      </trkpt>
      <trkpt lat="49.38054" lon="1.11025">
        <ele>5.0</ele>
      </trkpt>
      <trkpt lat="49.38058" lon="1.11023">
        <ele>5.0</ele>
      </trkpt>
      <trkpt lat="49.38069" lon="1.11017">
        <ele>5.0</ele>
      </trkpt>
      <trkpt lat="49.38085" lon="1.11009">
        <ele>5.0</ele>
      </trkpt>
      <trkpt lat="49.381" lon="1.11002">
        <ele>4.8</ele>
      </trkpt>
      <trkpt lat="49.38122" lon="1.10992">
        <ele>4.7</ele>
      </trkpt>
      <trkpt lat="49.38152" lon="1.10983">
        <ele>4.5</ele>
      </trkpt>
      <trkpt lat="49.38176" lon="1.10976">
        <ele>4.8</ele>
      </trkpt>
      <trkpt lat="49.38201" lon="1.1097">
        <ele>5.5</ele>
      </trkpt>
      <trkpt lat="49.38224" lon="1.10965">
        <ele>6.0</ele>
      </trkpt>
      <trkpt lat="49.38244" lon="1.10962">
        <ele>6.4</ele>
      </trkpt>
      <trkpt lat="49.38256" lon="1.10961">
        <ele>6.5</ele>
      </trkpt>
      <trkpt lat="49.38268" lon="1.1096">
        <ele>6.4</ele>
      </trkpt>
      <trkpt lat="49.38277" lon="1.1096">
        <ele>6.4</ele>
      </trkpt>
      <trkpt lat="49.38291" lon="1.10959">
        <ele>6.3</ele>
      </trkpt>
      <trkpt lat="49.383249" lon="1.10959">
        <ele>6.1</ele>
      </trkpt>
      <trkpt lat="49.38346" lon="1.1096">
        <ele>5.8</ele>
      </trkpt>
      <trkpt lat="49.3836" lon="1.1096">
        <ele>5.7</ele>
      </trkpt>
      <trkpt lat="49.383809" lon="1.10961">
        <ele>5.4</ele>
      </trkpt>
      <trkpt lat="49.38394" lon="1.10962">
        <ele>5.3</ele>
      </trkpt>
      <trkpt lat="49.38414" lon="1.10964">
        <ele>5.0</ele>
      </trkpt>
      <trkpt lat="49.38427" lon="1.10965">
        <ele>5.2</ele>
      </trkpt>
      <trkpt lat="49.38448" lon="1.10968">
        <ele>5.7</ele>
      </trkpt>
      <trkpt lat="49.38462" lon="1.1097">
        <ele>5.9</ele>
      </trkpt>
      <trkpt lat="49.38482" lon="1.10975">
        <ele>6.3</ele>
      </trkpt>
      <trkpt lat="49.38506" lon="1.10982">
        <ele>6.4</ele>
      </trkpt>
      <trkpt lat="49.38549" lon="1.10996">
        <ele>6.1</ele>
      </trkpt>
      <trkpt lat="49.38582" lon="1.11008">
        <ele>5.8</ele>
      </trkpt>
      <trkpt lat="49.386249" lon="1.11025">
        <ele>5.7</ele>
      </trkpt>
      <trkpt lat="49.38659" lon="1.11038">
        <ele>5.9</ele>
      </trkpt>
      <trkpt lat="49.386809" lon="1.11047">
        <ele>6.1</ele>
      </trkpt>
      <trkpt lat="49.38714" lon="1.11059">
        <ele>6.2</ele>
      </trkpt>
      <trkpt lat="49.38736" lon="1.11067">
        <ele>6.2</ele>
      </trkpt>
      <trkpt lat="49.387569" lon="1.110749">
        <ele>6.0</ele>
      </trkpt>
      <trkpt lat="49.38769" lon="1.11079">
        <ele>5.8</ele>
      </trkpt>
      <trkpt lat="49.3879" lon="1.110849">
        <ele>5.5</ele>
      </trkpt>
      <trkpt lat="49.388129" lon="1.11092">
        <ele>5.2</ele>
      </trkpt>
      <trkpt lat="49.38847" lon="1.111">
        <ele>5.3</ele>
      </trkpt>
      <trkpt lat="49.388689" lon="1.11105">
        <ele>5.7</ele>
      </trkpt>
      <trkpt lat="49.38903" lon="1.11111">
        <ele>6.4</ele>
      </trkpt>
      <trkpt lat="49.38947" lon="1.11117">
        <ele>6.4</ele>
      </trkpt>
      <trkpt lat="49.38961" lon="1.111189">
        <ele>6.3</ele>
      </trkpt>
      <trkpt lat="49.38982" lon="1.11121">
        <ele>6.2</ele>
      </trkpt>
      <trkpt lat="49.38993" lon="1.11122">
        <ele>6.1</ele>
      </trkpt>
      <trkpt lat="49.39062" lon="1.11128">
        <ele>6.0</ele>
      </trkpt>
      <trkpt lat="49.39118" lon="1.11134">
        <ele>6.2</ele>
      </trkpt>
      <trkpt lat="49.39222" lon="1.11144">
        <ele>6.8</ele>
      </trkpt>
      <trkpt lat="49.39253" lon="1.11148">
        <ele>7.0</ele>
      </trkpt>
      <trkpt lat="49.39286" lon="1.11153">
        <ele>6.6</ele>
      </trkpt>
      <trkpt lat="49.39309" lon="1.11157">
        <ele>6.4</ele>
      </trkpt>
      <trkpt lat="49.39333" lon="1.1116">
        <ele>6.1</ele>
      </trkpt>
      <trkpt lat="49.39356" lon="1.111629">
        <ele>6.1</ele>
      </trkpt>
      <trkpt lat="49.39394" lon="1.11167">
        <ele>6.0</ele>
      </trkpt>
      <trkpt lat="49.39402" lon="1.11167">
        <ele>6.0</ele>
      </trkpt>
      <trkpt lat="49.39444" lon="1.11171">
        <ele>5.4</ele>
      </trkpt>
      <trkpt lat="49.39478" lon="1.11174">
        <ele>4.6</ele>
      </trkpt>
      <trkpt lat="49.39511" lon="1.11175">
        <ele>4.4</ele>
      </trkpt>
      <trkpt lat="49.39534" lon="1.11175">
        <ele>4.9</ele>
      </trkpt>
      <trkpt lat="49.39568" lon="1.11175">
        <ele>5.7</ele>
      </trkpt>
      <trkpt lat="49.39614" lon="1.11174">
        <ele>6.0</ele>
      </trkpt>
      <trkpt lat="49.39682" lon="1.11172">
        <ele>5.8</ele>
      </trkpt>
      <trkpt lat="49.39722" lon="1.1117">
        <ele>5.4</ele>
      </trkpt>
      <trkpt lat="49.3975" lon="1.11167">
        <ele>5.0</ele>
      </trkpt>
      <trkpt lat="49.39788" lon="1.11164">
        <ele>5.9</ele>
      </trkpt>
      <trkpt lat="49.39807" lon="1.11161">
        <ele>6.3</ele>
      </trkpt>
      <trkpt lat="49.398269" lon="1.11159">
        <ele>6.7</ele>
      </trkpt>
      <trkpt lat="49.3984" lon="1.11157">
        <ele>6.7</ele>
      </trkpt>
      <trkpt lat="49.39862" lon="1.11154">
        <ele>6.3</ele>
      </trkpt>
      <trkpt lat="49.398739" lon="1.11152">
        <ele>6.1</ele>
      </trkpt>
      <trkpt lat="49.39896" lon="1.11149">
        <ele>5.7</ele>
      </trkpt>
      <trkpt lat="49.39919" lon="1.11145">
        <ele>5.2</ele>
      </trkpt>
      <trkpt lat="49.39966" lon="1.111359">
        <ele>4.4</ele>
      </trkpt>
      <trkpt lat="49.39974" lon="1.11134">
        <ele>4.3</ele>
      </trkpt>
      <trkpt lat="49.40074" lon="1.11116">
        <ele>3.8</ele>
      </trkpt>
      <trkpt lat="49.40163" lon="1.11099">
        <ele>4.2</ele>
      </trkpt>
      <trkpt lat="49.40269" lon="1.11078">
        <ele>4.8</ele>
      </trkpt>
      <trkpt lat="49.40288" lon="1.110749">
        <ele>4.6</ele>
      </trkpt>
      <trkpt lat="49.40295" lon="1.11073">
        <ele>4.5</ele>
      </trkpt>
      <trkpt lat="49.40323" lon="1.110679">
        <ele>4.3</ele>
      </trkpt>
      <trkpt lat="49.40399" lon="1.11052">
        <ele>6.1</ele>
      </trkpt>
      <trkpt lat="49.40442" lon="1.11043">
        <ele>6.5</ele>
      </trkpt>
      <trkpt lat="49.40516" lon="1.11026">
        <ele>6.9</ele>
      </trkpt>
      <trkpt lat="49.40581" lon="1.11011">
        <ele>6.0</ele>
      </trkpt>
      <trkpt lat="49.40621" lon="1.11002">
        <ele>6.0</ele>
      </trkpt>
      <trkpt lat="49.40654" lon="1.10993">
        <ele>5.9</ele>
      </trkpt>
      <trkpt lat="49.40688" lon="1.10983">
        <ele>5.5</ele>
      </trkpt>
      <trkpt lat="49.40731" lon="1.10969">
        <ele>4.9</ele>
      </trkpt>
      <trkpt lat="49.40822" lon="1.10938">
        <ele>4.3</ele>
      </trkpt>
      <trkpt lat="49.40861" lon="1.10924">
        <ele>4.8</ele>
      </trkpt>
      <trkpt lat="49.4096" lon="1.108919">
        <ele>5.9</ele>
      </trkpt>
      <trkpt lat="49.41083" lon="1.10851">
        <ele>5.0</ele>
      </trkpt>
      <trkpt lat="49.41137" lon="1.10832">
        <ele>5.0</ele>
      </trkpt>
      <trkpt lat="49.41436" lon="1.10731">
        <ele>6.0</ele>
      </trkpt>
      <trkpt lat="49.41452" lon="1.10726">
        <ele>6.0</ele>
      </trkpt>
      <trkpt lat="49.4146" lon="1.10724">
        <ele>6.0</ele>
      </trkpt>
      <trkpt lat="49.41471" lon="1.10721">
        <ele>6.0</ele>
      </trkpt>
      <trkpt lat="49.41482" lon="1.107189">
        <ele>6.0</ele>
      </trkpt>
      <trkpt lat="49.4149" lon="1.107189">
        <ele>6.0</ele>
      </trkpt>
      <trkpt lat="49.41508" lon="1.10718">
        <ele>6.0</ele>
      </trkpt>
      <trkpt lat="49.41518" lon="1.107189">
        <ele>5.9</ele>
      </trkpt>
      <trkpt lat="49.41529" lon="1.1072">
        <ele>5.9</ele>
      </trkpt>
      <trkpt lat="49.41539" lon="1.10721">
        <ele>5.9</ele>
      </trkpt>
      <trkpt lat="49.41551" lon="1.10724">
        <ele>5.8</ele>
      </trkpt>
      <trkpt lat="49.41563" lon="1.10728">
        <ele>5.6</ele>
      </trkpt>
      <trkpt lat="49.41574" lon="1.10732">
        <ele>5.5</ele>
      </trkpt>
      <trkpt lat="49.41578" lon="1.10733">
        <ele>5.4</ele>
      </trkpt>
      <trkpt lat="49.415819" lon="1.10735">
        <ele>5.4</ele>
      </trkpt>
      <trkpt lat="49.4159" lon="1.10739">
        <ele>5.2</ele>
      </trkpt>
      <trkpt lat="49.41599" lon="1.10744">
        <ele>5.0</ele>
      </trkpt>
      <trkpt lat="49.41606" lon="1.10749">
        <ele>4.8</ele>
      </trkpt>
      <trkpt lat="49.41659" lon="1.10781">
        <ele>3.8</ele>
      </trkpt>
      <trkpt lat="49.41675" lon="1.10792">
        <ele>3.6</ele>
      </trkpt>
      <trkpt lat="49.41695" lon="1.10804">
        <ele>3.9</ele>
      </trkpt>
      <trkpt lat="49.41718" lon="1.10815">
        <ele>4.3</ele>
      </trkpt>
      <trkpt lat="49.41743" lon="1.108239">
        <ele>4.8</ele>
      </trkpt>
      <trkpt lat="49.41756" lon="1.10827">
        <ele>5.0</ele>
      </trkpt>
      <trkpt lat="49.4177" lon="1.10829">
        <ele>5.0</ele>
      </trkpt>
      <trkpt lat="49.41783" lon="1.10829">
        <ele>5.0</ele>
      </trkpt>
      <trkpt lat="49.41799" lon="1.10829">
        <ele>5.0</ele>
      </trkpt>
      <trkpt lat="49.41812" lon="1.10828">
        <ele>5.0</ele>
      </trkpt>
      <trkpt lat="49.41825" lon="1.10826">
        <ele>5.1</ele>
      </trkpt>
      <trkpt lat="49.41839" lon="1.10823">
        <ele>5.1</ele>
      </trkpt>
      <trkpt lat="49.41851" lon="1.10819">
        <ele>5.2</ele>
      </trkpt>
      <trkpt lat="49.41858" lon="1.10816">
        <ele>5.2</ele>
      </trkpt>
      <trkpt lat="49.41868" lon="1.10812">
        <ele>5.3</ele>
      </trkpt>
      <trkpt lat="49.41879" lon="1.10807">
        <ele>5.3</ele>
      </trkpt>
      <trkpt lat="49.41898" lon="1.107969">
        <ele>5.4</ele>
      </trkpt>
      <trkpt lat="49.419199" lon="1.10785">
        <ele>5.6</ele>
      </trkpt>
      <trkpt lat="49.41962" lon="1.1076">
        <ele>5.9</ele>
      </trkpt>
      <trkpt lat="49.42094" lon="1.106849">
        <ele>5.0</ele>
      </trkpt>
      <trkpt lat="49.42098" lon="1.10683">
        <ele>5.2</ele>
      </trkpt>
      <trkpt lat="49.42109" lon="1.10678">
        <ele>5.5</ele>
      </trkpt>
      <trkpt lat="49.42122" lon="1.10674">
        <ele>5.8</ele>
      </trkpt>
      <trkpt lat="49.421349" lon="1.1067">
        <ele>6.2</ele>
      </trkpt>
      <trkpt lat="49.42152" lon="1.10667">
        <ele>6.6</ele>
      </trkpt>
      <trkpt lat="49.4218" lon="1.1066">
        <ele>6.9</ele>
      </trkpt>
      <trkpt lat="49.42223" lon="1.10654">
        <ele>6.5</ele>
      </trkpt>
      <trkpt lat="49.42268" lon="1.10648">
        <ele>6.4</ele>
      </trkpt>
      <trkpt lat="49.42283" lon="1.10646">
        <ele>6.3</ele>
      </trkpt>
      <trkpt lat="49.42311" lon="1.10642">
        <ele>6.2</ele>
      </trkpt>
      <trkpt lat="49.42337" lon="1.10637">
        <ele>6.1</ele>
      </trkpt>
      <trkpt lat="49.4238" lon="1.10629">
        <ele>6.8</ele>
      </trkpt>
      <trkpt lat="49.42407" lon="1.10625">
        <ele>7.3</ele>
      </trkpt>
      <trkpt lat="49.42429" lon="1.10621">
        <ele>7.7</ele>
      </trkpt>
      <trkpt lat="49.42447" lon="1.10617">
        <ele>8.0</ele>
      </trkpt>
      <trkpt lat="49.424639" lon="1.10613">
        <ele>8.2</ele>
      </trkpt>
      <trkpt lat="49.42479" lon="1.10608">
        <ele>8.5</ele>
      </trkpt>
      <trkpt lat="49.425" lon="1.106">
        <ele>8.8</ele>
      </trkpt>
      <trkpt lat="49.42514" lon="1.10593">
        <ele>8.2</ele>
      </trkpt>
      <trkpt lat="49.42554" lon="1.10578">
        <ele>6.4</ele>
      </trkpt>
      <trkpt lat="49.42565" lon="1.10574">
        <ele>6.0</ele>
      </trkpt>
      <trkpt lat="49.425669" lon="1.10572">
        <ele>5.9</ele>
      </trkpt>
      <trkpt lat="49.42573" lon="1.10569">
        <ele>5.6</ele>
      </trkpt>
      <trkpt lat="49.42582" lon="1.105629">
        <ele>5.3</ele>
      </trkpt>
      <trkpt lat="49.42591" lon="1.10556">
        <ele>5.2</ele>
      </trkpt>
      <trkpt lat="49.42601" lon="1.10547">
        <ele>5.1</ele>
      </trkpt>
      <trkpt lat="49.42609" lon="1.10537">
        <ele>5.1</ele>
      </trkpt>
      <trkpt lat="49.426139" lon="1.1053">
        <ele>5.1</ele>
      </trkpt>
      <trkpt lat="49.42626" lon="1.10513">
        <ele>5.3</ele>
      </trkpt>
      <trkpt lat="49.4268" lon="1.1044">
        <ele>5.4</ele>
      </trkpt>
      <trkpt lat="49.42709" lon="1.10399">
        <ele>5.2</ele>
      </trkpt>
      <trkpt lat="49.42731" lon="1.10367">
        <ele>5.1</ele>
      </trkpt>
      <trkpt lat="49.42731" lon="1.10367">
        <ele>5.1</ele>
      </trkpt>
      <trkpt lat="49.42743" lon="1.1035">
        <ele>5.0</ele>
      </trkpt>
      <trkpt lat="49.42783" lon="1.10295">
        <ele>4.2</ele>
      </trkpt>
      <trkpt lat="49.42816" lon="1.10249">
        <ele>3.4</ele>
      </trkpt>
      <trkpt lat="49.42842" lon="1.102139">
        <ele>3.5</ele>
      </trkpt>
      <trkpt lat="49.428759" lon="1.10169">
        <ele>4.0</ele>
      </trkpt>
      <trkpt lat="49.42911" lon="1.10123">
        <ele>5.6</ele>
      </trkpt>
      <trkpt lat="49.42939" lon="1.10088">
        <ele>6.8</ele>
      </trkpt>
      <trkpt lat="49.42948" lon="1.10076">
        <ele>7.2</ele>
      </trkpt>
      <trkpt lat="49.430459" lon="1.09945">
        <ele>7.9</ele>
      </trkpt>
      <trkpt lat="49.43061" lon="1.09925">
        <ele>7.6</ele>
      </trkpt>
      <trkpt lat="49.43078" lon="1.09905">
        <ele>7.6</ele>
      </trkpt>
      <trkpt lat="49.43131" lon="1.09835">
        <ele>7.6</ele>
      </trkpt>
      <trkpt lat="49.43169" lon="1.09785">
        <ele>7.1</ele>
      </trkpt>
      <trkpt lat="49.43229" lon="1.09705">
        <ele>6.3</ele>
      </trkpt>
      <trkpt lat="49.43289" lon="1.09625">
        <ele>6.6</ele>
      </trkpt>
      <trkpt lat="49.43332" lon="1.09566">
        <ele>9.2</ele>
      </trkpt>
      <trkpt lat="49.4338" lon="1.095">
        <ele>9.4</ele>
      </trkpt>
      <trkpt lat="49.43416" lon="1.09453">
        <ele>9.6</ele>
      </trkpt>
      <trkpt lat="49.43438" lon="1.09426">
        <ele>7.6</ele>
      </trkpt>
      <trkpt lat="49.43471" lon="1.09392">
        <ele>5.3</ele>
      </trkpt>
      <trkpt lat="49.43484" lon="1.09376">
        <ele>5.1</ele>
      </trkpt>
      <trkpt lat="49.43484" lon="1.09376">
        <ele>5.1</ele>
      </trkpt>
      <trkpt lat="49.43495" lon="1.09385">
        <ele>3.7</ele>
      </trkpt>
      <trkpt lat="49.43497" lon="1.0939">
        <ele>3.2</ele>
      </trkpt>
      <trkpt lat="49.43504" lon="1.09403">
        <ele>1.5</ele>
      </trkpt>
      <trkpt lat="49.43512" lon="1.09417">
        <ele>-0.4</ele>
      </trkpt>
      <trkpt lat="49.4354" lon="1.09469">
        <ele>-3.2</ele>
      </trkpt>
      <trkpt lat="49.43582" lon="1.09549">
        <ele>-1.6</ele>
      </trkpt>
      <trkpt lat="49.43636" lon="1.09577">
        <ele>-0.7</ele>
      </trkpt>
      <trkpt lat="49.4369" lon="1.09606">
        <ele>4.1</ele>
      </trkpt>
      <trkpt lat="49.43698" lon="1.09609">
        <ele>5.5</ele>
      </trkpt>
      <trkpt lat="49.437" lon="1.0961">
        <ele>5.9</ele>
      </trkpt>
      <trkpt lat="49.43701" lon="1.0961">
        <ele>6.0</ele>
      </trkpt>
      <trkpt lat="49.43707" lon="1.09611">
        <ele>7.0</ele>
      </trkpt>
      <trkpt lat="49.43716" lon="1.096139">
        <ele>8.4</ele>
      </trkpt>
      <trkpt lat="49.43716" lon="1.096139">
        <ele>8.4</ele>
      </trkpt>
      <trkpt lat="49.437309" lon="1.096139">
        <ele>10.5</ele>
      </trkpt>
      <trkpt lat="49.43737" lon="1.09584">
        <ele>9.9</ele>
      </trkpt>
      <trkpt lat="49.43747" lon="1.09537">
        <ele>8.3</ele>
      </trkpt>
      <trkpt lat="49.43751" lon="1.09516">
        <ele>7.2</ele>
      </trkpt>
      <trkpt lat="49.43752" lon="1.09513">
        <ele>7.0</ele>
      </trkpt>
      <trkpt lat="49.43766" lon="1.09447">
        <ele>7.4</ele>
      </trkpt>
      <trkpt lat="49.43781" lon="1.09376">
        <ele>7.8</ele>
      </trkpt>
      <trkpt lat="49.437869" lon="1.09351">
        <ele>7.8</ele>
      </trkpt>
      <trkpt lat="49.43806" lon="1.09268">
        <ele>11.5</ele>
      </trkpt>
      <trkpt lat="49.43824" lon="1.09193">
        <ele>14.7</ele>
      </trkpt>
      <trkpt lat="49.438339" lon="1.09151">
        <ele>15.8</ele>
      </trkpt>
      <trkpt lat="49.43836" lon="1.09146">
        <ele>15.8</ele>
      </trkpt>
      <trkpt lat="49.438429" lon="1.09114">
        <ele>15.5</ele>
      </trkpt>
      <trkpt lat="49.43861" lon="1.09042">
        <ele>13.3</ele>
      </trkpt>
      <trkpt lat="49.43887" lon="1.08944">
        <ele>11.8</ele>
      </trkpt>
      <trkpt lat="49.43892" lon="1.08922">
        <ele>12.2</ele>
      </trkpt>
      <trkpt lat="49.43901" lon="1.08886">
        <ele>12.7</ele>
      </trkpt>
      <trkpt lat="49.43902" lon="1.088819">
        <ele>12.8</ele>
      </trkpt>
      <trkpt lat="49.43905" lon="1.08871">
        <ele>13.0</ele>
      </trkpt>
      <trkpt lat="49.43916" lon="1.0883">
        <ele>13.9</ele>
      </trkpt>
      <trkpt lat="49.4392" lon="1.08813">
        <ele>13.7</ele>
      </trkpt>
      <trkpt lat="49.43973" lon="1.08615">
        <ele>9.9</ele>
      </trkpt>
      <trkpt lat="49.43976" lon="1.08605">
        <ele>9.8</ele>
      </trkpt>
      <trkpt lat="49.43982" lon="1.0858">
        <ele>9.6</ele>
      </trkpt>
      <trkpt lat="49.4399" lon="1.08552">
        <ele>9.5</ele>
      </trkpt>
      <trkpt lat="49.44" lon="1.08518">
        <ele>9.4</ele>
      </trkpt>
      <trkpt lat="49.44017" lon="1.08463">
        <ele>8.5</ele>
      </trkpt>
      <trkpt lat="49.44051" lon="1.08372">
        <ele>8.3</ele>
      </trkpt>
      <trkpt lat="49.440959" lon="1.08261">
        <ele>7.7</ele>
      </trkpt>
      <trkpt lat="49.441" lon="1.08252">
        <ele>7.5</ele>
      </trkpt>
      <trkpt lat="49.44114" lon="1.08224">
        <ele>7.4</ele>
      </trkpt>
      <trkpt lat="49.44144" lon="1.08159">
        <ele>7.4</ele>
      </trkpt>
      <trkpt lat="49.44151" lon="1.08139">
        <ele>7.6</ele>
      </trkpt>
      <trkpt lat="49.44175" lon="1.080889">
        <ele>8.0</ele>
      </trkpt>
      <trkpt lat="49.44203" lon="1.08025">
        <ele>6.9</ele>
      </trkpt>
      <trkpt lat="49.44218" lon="1.07993">
        <ele>6.6</ele>
      </trkpt>
      <trkpt lat="49.44218" lon="1.07993">
        <ele>6.6</ele>
      </trkpt>
      <trkpt lat="49.44221" lon="1.0798">
        <ele>6.6</ele>
      </trkpt>
      <trkpt lat="49.4423" lon="1.079599">
        <ele>6.6</ele>
      </trkpt>
      <trkpt lat="49.44302" lon="1.078">
        <ele>8.0</ele>
      </trkpt>
      <trkpt lat="49.44328" lon="1.07741">
        <ele>7.8</ele>
      </trkpt>
      <trkpt lat="49.44337" lon="1.07721">
        <ele>7.7</ele>
      </trkpt>
      <trkpt lat="49.44351" lon="1.0769">
        <ele>7.6</ele>
      </trkpt>
      <trkpt lat="49.44358" lon="1.07676">
        <ele>7.4</ele>
      </trkpt>
      <trkpt lat="49.443869" lon="1.07615">
        <ele>6.7</ele>
      </trkpt>
      <trkpt lat="49.444" lon="1.07589">
        <ele>5.7</ele>
      </trkpt>
      <trkpt lat="49.44426" lon="1.07536">
        <ele>6.2</ele>
      </trkpt>
      <trkpt lat="49.44441" lon="1.07503">
        <ele>6.7</ele>
      </trkpt>
      <trkpt lat="49.4445" lon="1.07483">
        <ele>6.6</ele>
      </trkpt>
      <trkpt lat="49.44476" lon="1.07429">
        <ele>5.9</ele>
      </trkpt>
      <trkpt lat="49.44505" lon="1.07366">
        <ele>6.3</ele>
      </trkpt>
      <trkpt lat="49.44532" lon="1.07307">
        <ele>7.0</ele>
      </trkpt>
      <trkpt lat="49.44551" lon="1.07267">
        <ele>6.2</ele>
      </trkpt>
      <trkpt lat="49.44574" lon="1.07217">
        <ele>5.2</ele>
      </trkpt>
      <trkpt lat="49.44586" lon="1.07193">
        <ele>5.0</ele>
      </trkpt>
      <trkpt lat="49.44598" lon="1.07171">
        <ele>5.2</ele>
      </trkpt>
      <trkpt lat="49.44611" lon="1.07147">
        <ele>5.6</ele>
      </trkpt>
      <trkpt lat="49.44614" lon="1.07141">
        <ele>5.8</ele>
      </trkpt>
      <trkpt lat="49.44634" lon="1.07096">
        <ele>7.0</ele>
      </trkpt>
      <trkpt lat="49.44679" lon="1.06996">
        <ele>6.8</ele>
      </trkpt>
      <trkpt lat="49.44689" lon="1.0697">
        <ele>6.5</ele>
      </trkpt>
      <trkpt lat="49.44722" lon="1.06899">
        <ele>5.9</ele>
      </trkpt>
      <trkpt lat="49.44738" lon="1.06864">
        <ele>5.9</ele>
      </trkpt>
      <trkpt lat="49.44751" lon="1.06837">
        <ele>6.0</ele>
      </trkpt>
      <trkpt lat="49.44774" lon="1.06788">
        <ele>5.8</ele>
      </trkpt>
      <trkpt lat="49.44796" lon="1.06739">
        <ele>5.4</ele>
      </trkpt>
      <trkpt lat="49.44806" lon="1.0672">
        <ele>5.3</ele>
      </trkpt>
      <trkpt lat="49.44827" lon="1.06675">
        <ele>5.1</ele>
      </trkpt>
      <trkpt lat="49.44846" lon="1.06633">
        <ele>5.3</ele>
      </trkpt>
      <trkpt lat="49.44864" lon="1.06595">
        <ele>5.7</ele>
      </trkpt>
      <trkpt lat="49.448749" lon="1.06572">
        <ele>5.9</ele>
      </trkpt>
      <trkpt lat="49.44902" lon="1.06513">
        <ele>6.0</ele>
      </trkpt>
      <trkpt lat="49.4491" lon="1.06495">
        <ele>6.0</ele>
      </trkpt>
      <trkpt lat="49.44919" lon="1.06474">
        <ele>6.4</ele>
      </trkpt>
      <trkpt lat="49.4492" lon="1.06469">
        <ele>6.5</ele>
      </trkpt>
      <trkpt lat="49.449219" lon="1.06463">
        <ele>6.6</ele>
      </trkpt>
      <trkpt lat="49.44926" lon="1.064449">
        <ele>7.0</ele>
      </trkpt>
      <trkpt lat="49.4493" lon="1.064279">
        <ele>7.3</ele>
      </trkpt>
      <trkpt lat="49.44933" lon="1.06409">
        <ele>7.7</ele>
      </trkpt>
      <trkpt lat="49.44938" lon="1.06382">
        <ele>8.2</ele>
      </trkpt>
      <trkpt lat="49.44941" lon="1.06369">
        <ele>8.4</ele>
      </trkpt>
      <trkpt lat="49.44941" lon="1.06369">
        <ele>8.4</ele>
      </trkpt>
      <trkpt lat="49.44949" lon="1.06354">
        <ele>8.9</ele>
      </trkpt>
      <trkpt lat="49.44956" lon="1.06337">
        <ele>9.4</ele>
      </trkpt>
      <trkpt lat="49.449599" lon="1.0633">
        <ele>9.6</ele>
      </trkpt>
      <trkpt lat="49.44968" lon="1.06318">
        <ele>9.9</ele>
      </trkpt>
      <trkpt lat="49.44971" lon="1.0631">
        <ele>10.0</ele>
      </trkpt>
      <trkpt lat="49.44975" lon="1.06302">
        <ele>10.3</ele>
      </trkpt>
      <trkpt lat="49.44977" lon="1.06295">
        <ele>10.4</ele>
      </trkpt>
      <trkpt lat="49.44979" lon="1.06286">
        <ele>10.5</ele>
      </trkpt>
      <trkpt lat="49.44981" lon="1.0628">
        <ele>10.7</ele>
      </trkpt>
      <trkpt lat="49.44984" lon="1.06265">
        <ele>10.9</ele>
      </trkpt>
      <trkpt lat="49.44989" lon="1.06242">
        <ele>11.4</ele>
      </trkpt>
      <trkpt lat="49.44995" lon="1.06211">
        <ele>11.8</ele>
      </trkpt>
      <trkpt lat="49.45002" lon="1.06181">
        <ele>12.2</ele>
      </trkpt>
      <trkpt lat="49.45014" lon="1.061229">
        <ele>12.8</ele>
      </trkpt>
      <trkpt lat="49.450449" lon="1.05965">
        <ele>16.9</ele>
      </trkpt>
      <trkpt lat="49.4505" lon="1.059399">
        <ele>16.5</ele>
      </trkpt>
      <trkpt lat="49.45055" lon="1.05918">
        <ele>16.0</ele>
      </trkpt>
      <trkpt lat="49.45061" lon="1.05887">
        <ele>15.0</ele>
      </trkpt>
      <trkpt lat="49.45065" lon="1.05868">
        <ele>14.5</ele>
      </trkpt>
      <trkpt lat="49.45067" lon="1.05855">
        <ele>14.0</ele>
      </trkpt>
      <trkpt lat="49.450719" lon="1.0583">
        <ele>13.4</ele>
      </trkpt>
      <trkpt lat="49.45074" lon="1.05805">
        <ele>12.9</ele>
      </trkpt>
      <trkpt lat="49.45082" lon="1.05751">
        <ele>12.0</ele>
      </trkpt>
      <trkpt lat="49.45085" lon="1.05726">
        <ele>11.3</ele>
      </trkpt>
      <trkpt lat="49.45087" lon="1.05707">
        <ele>10.8</ele>
      </trkpt>
      <trkpt lat="49.45087" lon="1.05699">
        <ele>10.5</ele>
      </trkpt>
      <trkpt lat="49.45088" lon="1.05687">
        <ele>10.1</ele>
      </trkpt>
      <trkpt lat="49.45088" lon="1.056789">
        <ele>9.8</ele>
      </trkpt>
      <trkpt lat="49.45087" lon="1.05669">
        <ele>9.3</ele>
      </trkpt>
      <trkpt lat="49.45087" lon="1.056619">
        <ele>9.0</ele>
      </trkpt>
      <trkpt lat="49.45087" lon="1.05653">
        <ele>8.7</ele>
      </trkpt>
      <trkpt lat="49.45085" lon="1.05638">
        <ele>8.0</ele>
      </trkpt>
      <trkpt lat="49.45084" lon="1.05626">
        <ele>7.6</ele>
      </trkpt>
      <trkpt lat="49.45083" lon="1.05616">
        <ele>7.2</ele>
      </trkpt>
      <trkpt lat="49.45081" lon="1.05605">
        <ele>6.8</ele>
      </trkpt>
      <trkpt lat="49.45078" lon="1.05585">
        <ele>6.1</ele>
      </trkpt>
      <trkpt lat="49.45071" lon="1.05544">
        <ele>5.5</ele>
      </trkpt>
      <trkpt lat="49.450629" lon="1.055">
        <ele>4.8</ele>
      </trkpt>
      <trkpt lat="49.4506" lon="1.05485">
        <ele>4.9</ele>
      </trkpt>
      <trkpt lat="49.45057" lon="1.054689">
        <ele>5.1</ele>
      </trkpt>
      <trkpt lat="49.45051" lon="1.054349">
        <ele>5.4</ele>
      </trkpt>
      <trkpt lat="49.45009" lon="1.052079">
        <ele>5.5</ele>
      </trkpt>
      <trkpt lat="49.45006" lon="1.05181">
        <ele>5.2</ele>
      </trkpt>
      <trkpt lat="49.44995" lon="1.0512">
        <ele>4.9</ele>
      </trkpt>
      <trkpt lat="49.44988" lon="1.05083">
        <ele>4.7</ele>
      </trkpt>
      <trkpt lat="49.44981" lon="1.05047">
        <ele>5.0</ele>
      </trkpt>
      <trkpt lat="49.44977" lon="1.05026">
        <ele>5.1</ele>
      </trkpt>
      <trkpt lat="49.44976" lon="1.05019">
        <ele>5.2</ele>
      </trkpt>
      <trkpt lat="49.44967" lon="1.04973">
        <ele>5.2</ele>
      </trkpt>
      <trkpt lat="49.44952" lon="1.04893">
        <ele>4.9</ele>
      </trkpt>
      <trkpt lat="49.44943" lon="1.048349">
        <ele>5.0</ele>
      </trkpt>
      <trkpt lat="49.44942" lon="1.04826">
        <ele>5.4</ele>
      </trkpt>
      <trkpt lat="49.44938" lon="1.04804">
        <ele>6.8</ele>
      </trkpt>
      <trkpt lat="49.44935" lon="1.0479">
        <ele>7.8</ele>
      </trkpt>
      <trkpt lat="49.44934" lon="1.04784">
        <ele>8.3</ele>
      </trkpt>
      <trkpt lat="49.44932" lon="1.04777">
        <ele>8.9</ele>
      </trkpt>
      <trkpt lat="49.4493" lon="1.047739">
        <ele>9.2</ele>
      </trkpt>
      <trkpt lat="49.44929" lon="1.0477">
        <ele>9.5</ele>
      </trkpt>
      <trkpt lat="49.44927" lon="1.04767">
        <ele>9.9</ele>
      </trkpt>
      <trkpt lat="49.44925" lon="1.04763">
        <ele>10.3</ele>
      </trkpt>
      <trkpt lat="49.449219" lon="1.04758">
        <ele>10.9</ele>
      </trkpt>
      <trkpt lat="49.44917" lon="1.04752">
        <ele>11.8</ele>
      </trkpt>
      <trkpt lat="49.44909" lon="1.04741">
        <ele>13.2</ele>
      </trkpt>
      <trkpt lat="49.44898" lon="1.04726">
        <ele>15.3</ele>
      </trkpt>
      <trkpt lat="49.44887" lon="1.047129">
        <ele>16.9</ele>
      </trkpt>
      <trkpt lat="49.4488" lon="1.04706">
        <ele>17.7</ele>
      </trkpt>
      <trkpt lat="49.44876" lon="1.04701">
        <ele>18.3</ele>
      </trkpt>
      <trkpt lat="49.44871" lon="1.04697">
        <ele>18.7</ele>
      </trkpt>
      <trkpt lat="49.44864" lon="1.04691">
        <ele>19.2</ele>
      </trkpt>
      <trkpt lat="49.44845" lon="1.04675">
        <ele>20.5</ele>
      </trkpt>
      <trkpt lat="49.44836" lon="1.04668">
        <ele>21.0</ele>
      </trkpt>
      <trkpt lat="49.44827" lon="1.0466">
        <ele>21.3</ele>
      </trkpt>
      <trkpt lat="49.44823" lon="1.04655">
        <ele>21.6</ele>
      </trkpt>
      <trkpt lat="49.4482" lon="1.04654">
        <ele>21.3</ele>
      </trkpt>
      <trkpt lat="49.44814" lon="1.04651">
        <ele>20.8</ele>
      </trkpt>
      <trkpt lat="49.44784" lon="1.04617">
        <ele>21.8</ele>
      </trkpt>
      <trkpt lat="49.44732" lon="1.04555">
        <ele>25.5</ele>
      </trkpt>
      <trkpt lat="49.4469" lon="1.04504">
        <ele>28.7</ele>
      </trkpt>
      <trkpt lat="49.44673" lon="1.04485">
        <ele>28.4</ele>
      </trkpt>
      <trkpt lat="49.44664" lon="1.04474">
        <ele>28.6</ele>
      </trkpt>
      <trkpt lat="49.44654" lon="1.04461">
        <ele>29.3</ele>
      </trkpt>
      <trkpt lat="49.44644" lon="1.04446">
        <ele>30.1</ele>
      </trkpt>
      <trkpt lat="49.44634" lon="1.0443">
        <ele>30.6</ele>
      </trkpt>
      <trkpt lat="49.446309" lon="1.04419">
        <ele>31.5</ele>
      </trkpt>
      <trkpt lat="49.446309" lon="1.04418">
        <ele>31.7</ele>
      </trkpt>
      <trkpt lat="49.446309" lon="1.04417">
        <ele>31.8</ele>
      </trkpt>
      <trkpt lat="49.4463" lon="1.04416">
        <ele>31.7</ele>
      </trkpt>
      <trkpt lat="49.44623" lon="1.04402">
        <ele>32.0</ele>
      </trkpt>
      <trkpt lat="49.44615" lon="1.043879">
        <ele>32.0</ele>
      </trkpt>
      <trkpt lat="49.4459" lon="1.04345">
        <ele>32.0</ele>
      </trkpt>
      <trkpt lat="49.44576" lon="1.04318">
        <ele>33.4</ele>
      </trkpt>
      <trkpt lat="49.44546" lon="1.04264">
        <ele>36.4</ele>
      </trkpt>
      <trkpt lat="49.44514" lon="1.04207">
        <ele>39.7</ele>
      </trkpt>
      <trkpt lat="49.44507" lon="1.04193">
        <ele>40.8</ele>
      </trkpt>
      <trkpt lat="49.44492" lon="1.041709">
        <ele>41.6</ele>
      </trkpt>
      <trkpt lat="49.44482" lon="1.04158">
        <ele>41.7</ele>
      </trkpt>
      <trkpt lat="49.44473" lon="1.04146">
        <ele>42.0</ele>
      </trkpt>
      <trkpt lat="49.44464" lon="1.041339">
        <ele>42.3</ele>
      </trkpt>
      <trkpt lat="49.44459" lon="1.041269">
        <ele>42.5</ele>
      </trkpt>
      <trkpt lat="49.44454" lon="1.04118">
        <ele>43.1</ele>
      </trkpt>
      <trkpt lat="49.44452" lon="1.04115">
        <ele>43.3</ele>
      </trkpt>
      <trkpt lat="49.44452" lon="1.04114">
        <ele>43.5</ele>
      </trkpt>
      <trkpt lat="49.44449" lon="1.04108">
        <ele>44.0</ele>
      </trkpt>
      <trkpt lat="49.44444" lon="1.04094">
        <ele>45.6</ele>
      </trkpt>
      <trkpt lat="49.44438" lon="1.04077">
        <ele>47.2</ele>
      </trkpt>
      <trkpt lat="49.44428" lon="1.04044">
        <ele>49.6</ele>
      </trkpt>
      <trkpt lat="49.44418" lon="1.04007">
        <ele>52.4</ele>
      </trkpt>
      <trkpt lat="49.44414" lon="1.039949">
        <ele>53.0</ele>
      </trkpt>
      <trkpt lat="49.44413" lon="1.03993">
        <ele>53.0</ele>
      </trkpt>
      <trkpt lat="49.44408" lon="1.03984">
        <ele>53.1</ele>
      </trkpt>
      <trkpt lat="49.44399" lon="1.039509">
        <ele>54.7</ele>
      </trkpt>
      <trkpt lat="49.44384" lon="1.03898">
        <ele>57.9</ele>
      </trkpt>
      <trkpt lat="49.44371" lon="1.03851">
        <ele>60.2</ele>
      </trkpt>
      <trkpt lat="49.4436" lon="1.03814">
        <ele>61.7</ele>
      </trkpt>
      <trkpt lat="49.44356" lon="1.038">
        <ele>62.4</ele>
      </trkpt>
      <trkpt lat="49.44353" lon="1.03791">
        <ele>62.7</ele>
      </trkpt>
      <trkpt lat="49.44349" lon="1.0378">
        <ele>62.8</ele>
      </trkpt>
      <trkpt lat="49.44342" lon="1.037639">
        <ele>62.4</ele>
      </trkpt>
      <trkpt lat="49.44337" lon="1.03752">
        <ele>62.0</ele>
      </trkpt>
      <trkpt lat="49.44328" lon="1.03735">
        <ele>62.5</ele>
      </trkpt>
      <trkpt lat="49.44232" lon="1.03557">
        <ele>76.4</ele>
      </trkpt>
      <trkpt lat="49.44196" lon="1.03491">
        <ele>83.0</ele>
      </trkpt>
      <trkpt lat="49.441719" lon="1.03448">
        <ele>86.4</ele>
      </trkpt>
      <trkpt lat="49.44162" lon="1.03431">
        <ele>86.7</ele>
      </trkpt>
      <trkpt lat="49.44156" lon="1.03418">
        <ele>86.6</ele>
      </trkpt>
      <trkpt lat="49.4415" lon="1.03407">
        <ele>85.4</ele>
      </trkpt>
      <trkpt lat="49.44146" lon="1.03397">
        <ele>84.5</ele>
      </trkpt>
      <trkpt lat="49.441429" lon="1.03389">
        <ele>83.8</ele>
      </trkpt>
      <trkpt lat="49.44141" lon="1.033809">
        <ele>83.4</ele>
      </trkpt>
      <trkpt lat="49.44137" lon="1.03365">
        <ele>82.4</ele>
      </trkpt>
      <trkpt lat="49.44135" lon="1.033509">
        <ele>82.1</ele>
      </trkpt>
      <trkpt lat="49.441339" lon="1.03338">
        <ele>82.0</ele>
      </trkpt>
      <trkpt lat="49.441339" lon="1.03325">
        <ele>81.7</ele>
      </trkpt>
      <trkpt lat="49.44136" lon="1.03302">
        <ele>81.6</ele>
      </trkpt>
      <trkpt lat="49.44139" lon="1.032859">
        <ele>82.2</ele>
      </trkpt>
      <trkpt lat="49.44142" lon="1.03275">
        <ele>82.9</ele>
      </trkpt>
      <trkpt lat="49.44145" lon="1.032659">
        <ele>83.8</ele>
      </trkpt>
      <trkpt lat="49.44148" lon="1.03258">
        <ele>84.7</ele>
      </trkpt>
      <trkpt lat="49.44151" lon="1.03251">
        <ele>85.7</ele>
      </trkpt>
      <trkpt lat="49.44158" lon="1.03238">
        <ele>88.2</ele>
      </trkpt>
      <trkpt lat="49.44168" lon="1.03223">
        <ele>91.4</ele>
      </trkpt>
      <trkpt lat="49.44182" lon="1.032019">
        <ele>94.4</ele>
      </trkpt>
      <trkpt lat="49.44189" lon="1.03191">
        <ele>96.0</ele>
      </trkpt>
      <trkpt lat="49.44193" lon="1.03183">
        <ele>96.8</ele>
      </trkpt>
      <trkpt lat="49.44198" lon="1.031709">
        <ele>97.8</ele>
      </trkpt>
      <trkpt lat="49.44201" lon="1.03163">
        <ele>98.7</ele>
      </trkpt>
      <trkpt lat="49.44203" lon="1.031539">
        <ele>99.7</ele>
      </trkpt>
      <trkpt lat="49.44204" lon="1.03146">
        <ele>100.4</ele>
      </trkpt>
      <trkpt lat="49.44205" lon="1.03132">
        <ele>101.3</ele>
      </trkpt>
      <trkpt lat="49.44205" lon="1.031199">
        <ele>101.9</ele>
      </trkpt>
      <trkpt lat="49.44203" lon="1.031099">
        <ele>101.9</ele>
      </trkpt>
      <trkpt lat="49.44201" lon="1.03102">
        <ele>101.9</ele>
      </trkpt>
      <trkpt lat="49.441989" lon="1.03094">
        <ele>101.8</ele>
      </trkpt>
      <trkpt lat="49.44195" lon="1.03085">
        <ele>101.4</ele>
      </trkpt>
      <trkpt lat="49.441899" lon="1.03075">
        <ele>101.8</ele>
      </trkpt>
      <trkpt lat="49.44184" lon="1.030659">
        <ele>102.1</ele>
      </trkpt>
      <trkpt lat="49.44165" lon="1.030459">
        <ele>102.7</ele>
      </trkpt>
      <trkpt lat="49.44156" lon="1.03037">
        <ele>102.6</ele>
      </trkpt>
      <trkpt lat="49.44147" lon="1.03027">
        <ele>102.6</ele>
      </trkpt>
      <trkpt lat="49.4413" lon="1.0301">
        <ele>102.1</ele>
      </trkpt>
      <trkpt lat="49.44112" lon="1.02989">
        <ele>101.8</ele>
      </trkpt>
      <trkpt lat="49.44072" lon="1.029369">
        <ele>105.9</ele>
      </trkpt>
      <trkpt lat="49.44052" lon="1.02909">
        <ele>109.0</ele>
      </trkpt>
      <trkpt lat="49.4403" lon="1.02877">
        <ele>110.1</ele>
      </trkpt>
      <trkpt lat="49.44019" lon="1.02857">
        <ele>111.4</ele>
      </trkpt>
      <trkpt lat="49.44012" lon="1.02841">
        <ele>112.7</ele>
      </trkpt>
      <trkpt lat="49.4401" lon="1.028359">
        <ele>113.1</ele>
      </trkpt>
      <trkpt lat="49.43998" lon="1.02796">
        <ele>114.0</ele>
      </trkpt>
      <trkpt lat="49.43997" lon="1.02772">
        <ele>114.6</ele>
      </trkpt>
      <trkpt lat="49.43996" lon="1.027539">
        <ele>115.0</ele>
      </trkpt>
      <trkpt lat="49.43997" lon="1.02736">
        <ele>114.9</ele>
      </trkpt>
      <trkpt lat="49.43998" lon="1.02732">
        <ele>114.8</ele>
      </trkpt>
      <trkpt lat="49.43999" lon="1.02726">
        <ele>114.7</ele>
      </trkpt>
      <trkpt lat="49.44003" lon="1.027169">
        <ele>114.7</ele>
      </trkpt>
      <trkpt lat="49.44008" lon="1.02708">
        <ele>114.7</ele>
      </trkpt>
      <trkpt lat="49.44036" lon="1.026559">
        <ele>115.3</ele>
      </trkpt>
      <trkpt lat="49.44081" lon="1.02576">
        <ele>115.9</ele>
      </trkpt>
      <trkpt lat="49.44088" lon="1.02557">
        <ele>115.8</ele>
      </trkpt>
      <trkpt lat="49.44114" lon="1.02486">
        <ele>115.3</ele>
      </trkpt>
      <trkpt lat="49.441719" lon="1.02333">
        <ele>109.9</ele>
      </trkpt>
      <trkpt lat="49.44196" lon="1.022659">
        <ele>108.7</ele>
      </trkpt>
      <trkpt lat="49.44214" lon="1.02209">
        <ele>108.2</ele>
      </trkpt>
      <trkpt lat="49.44229" lon="1.02156">
        <ele>107.1</ele>
      </trkpt>
      <trkpt lat="49.44235" lon="1.021369">
        <ele>106.0</ele>
      </trkpt>
      <trkpt lat="49.44244" lon="1.02106">
        <ele>104.2</ele>
      </trkpt>
      <trkpt lat="49.4425" lon="1.02084">
        <ele>103.0</ele>
      </trkpt>
      <trkpt lat="49.44267" lon="1.02025">
        <ele>104.2</ele>
      </trkpt>
      <trkpt lat="49.4427" lon="1.020119">
        <ele>104.4</ele>
      </trkpt>
      <trkpt lat="49.44272" lon="1.02008">
        <ele>104.5</ele>
      </trkpt>
      <trkpt lat="49.44279" lon="1.01982">
        <ele>105.4</ele>
      </trkpt>
      <trkpt lat="49.44286" lon="1.01957">
        <ele>106.3</ele>
      </trkpt>
      <trkpt lat="49.44292" lon="1.01938">
        <ele>106.9</ele>
      </trkpt>
      <trkpt lat="49.44299" lon="1.01916">
        <ele>107.2</ele>
      </trkpt>
      <trkpt lat="49.44304" lon="1.01901">
        <ele>106.6</ele>
      </trkpt>
      <trkpt lat="49.443129" lon="1.01881">
        <ele>105.6</ele>
      </trkpt>
      <trkpt lat="49.44317" lon="1.01871">
        <ele>105.1</ele>
      </trkpt>
      <trkpt lat="49.44327" lon="1.018529">
        <ele>104.0</ele>
      </trkpt>
      <trkpt lat="49.44332" lon="1.01843">
        <ele>103.4</ele>
      </trkpt>
      <trkpt lat="49.44341" lon="1.01825">
        <ele>102.9</ele>
      </trkpt>
      <trkpt lat="49.443689" lon="1.01774">
        <ele>101.4</ele>
      </trkpt>
      <trkpt lat="49.44379" lon="1.01755">
        <ele>100.5</ele>
      </trkpt>
      <trkpt lat="49.44422" lon="1.016729">
        <ele>99.9</ele>
      </trkpt>
      <trkpt lat="49.44426" lon="1.01664">
        <ele>100.1</ele>
      </trkpt>
      <trkpt lat="49.4443" lon="1.01655">
        <ele>100.2</ele>
      </trkpt>
      <trkpt lat="49.44438" lon="1.01634">
        <ele>100.5</ele>
      </trkpt>
      <trkpt lat="49.44442" lon="1.01623">
        <ele>100.6</ele>
      </trkpt>
      <trkpt lat="49.44445" lon="1.016119">
        <ele>100.6</ele>
      </trkpt>
      <trkpt lat="49.44448" lon="1.016">
        <ele>100.7</ele>
      </trkpt>
      <trkpt lat="49.44451" lon="1.015879">
        <ele>100.7</ele>
      </trkpt>
      <trkpt lat="49.44454" lon="1.01577">
        <ele>100.6</ele>
      </trkpt>
      <trkpt lat="49.44456" lon="1.01564">
        <ele>100.4</ele>
      </trkpt>
      <trkpt lat="49.44458" lon="1.015509">
        <ele>100.1</ele>
      </trkpt>
      <trkpt lat="49.4446" lon="1.01538">
        <ele>99.9</ele>
      </trkpt>
      <trkpt lat="49.44469" lon="1.01477">
        <ele>99.5</ele>
      </trkpt>
      <trkpt lat="49.444809" lon="1.0138">
        <ele>100.4</ele>
      </trkpt>
      <trkpt lat="49.444809" lon="1.01379">
        <ele>100.4</ele>
      </trkpt>
      <trkpt lat="49.44491" lon="1.012969">
        <ele>101.0</ele>
      </trkpt>
      <trkpt lat="49.44495" lon="1.01286">
        <ele>100.9</ele>
      </trkpt>
      <trkpt lat="49.445" lon="1.01254">
        <ele>101.0</ele>
      </trkpt>
      <trkpt lat="49.44501" lon="1.01254">
        <ele>101.1</ele>
      </trkpt>
      <trkpt lat="49.44502" lon="1.012529">
        <ele>101.2</ele>
      </trkpt>
      <trkpt lat="49.44503" lon="1.01252">
        <ele>101.3</ele>
      </trkpt>
      <trkpt lat="49.44504" lon="1.01251">
        <ele>101.4</ele>
      </trkpt>
      <trkpt lat="49.44504" lon="1.0125">
        <ele>101.4</ele>
      </trkpt>
      <trkpt lat="49.44505" lon="1.0125">
        <ele>101.5</ele>
      </trkpt>
      <trkpt lat="49.44505" lon="1.012489">
        <ele>101.5</ele>
      </trkpt>
      <trkpt lat="49.44505" lon="1.01248">
        <ele>101.5</ele>
      </trkpt>
      <trkpt lat="49.44506" lon="1.01247">
        <ele>101.6</ele>
      </trkpt>
      <trkpt lat="49.44506" lon="1.012459">
        <ele>101.6</ele>
      </trkpt>
      <trkpt lat="49.44506" lon="1.01245">
        <ele>101.6</ele>
      </trkpt>
      <trkpt lat="49.44506" lon="1.01244">
        <ele>101.6</ele>
      </trkpt>
      <trkpt lat="49.44506" lon="1.012429">
        <ele>101.6</ele>
      </trkpt>
      <trkpt lat="49.44507" lon="1.012429">
        <ele>101.7</ele>
      </trkpt>
      <trkpt lat="49.44507" lon="1.01242">
        <ele>101.7</ele>
      </trkpt>
      <trkpt lat="49.44507" lon="1.01241">
        <ele>101.6</ele>
      </trkpt>
      <trkpt lat="49.44507" lon="1.0124">
        <ele>101.6</ele>
      </trkpt>
      <trkpt lat="49.44507" lon="1.012389">
        <ele>101.6</ele>
      </trkpt>
      <trkpt lat="49.44506" lon="1.012389">
        <ele>101.5</ele>
      </trkpt>
      <trkpt lat="49.44506" lon="1.01238">
        <ele>101.5</ele>
      </trkpt>
      <trkpt lat="49.44506" lon="1.01237">
        <ele>101.5</ele>
      </trkpt>
      <trkpt lat="49.44506" lon="1.012359">
        <ele>101.5</ele>
      </trkpt>
      <trkpt lat="49.44506" lon="1.01235">
        <ele>101.5</ele>
      </trkpt>
      <trkpt lat="49.44505" lon="1.01234">
        <ele>101.3</ele>
      </trkpt>
      <trkpt lat="49.44505" lon="1.01233">
        <ele>101.3</ele>
      </trkpt>
      <trkpt lat="49.44505" lon="1.01232">
        <ele>101.3</ele>
      </trkpt>
      <trkpt lat="49.44504" lon="1.01232">
        <ele>101.2</ele>
      </trkpt>
      <trkpt lat="49.44504" lon="1.01231">
        <ele>101.2</ele>
      </trkpt>
      <trkpt lat="49.44503" lon="1.01231">
        <ele>101.1</ele>
      </trkpt>
      <trkpt lat="49.44505" lon="1.012119">
        <ele>101.1</ele>
      </trkpt>
      <trkpt lat="49.44506" lon="1.01197">
        <ele>101.0</ele>
      </trkpt>
      <trkpt lat="49.44509" lon="1.01177">
        <ele>101.0</ele>
      </trkpt>
      <trkpt lat="49.445099" lon="1.01155">
        <ele>100.4</ele>
      </trkpt>
      <trkpt lat="49.44511" lon="1.01136">
        <ele>99.7</ele>
      </trkpt>
      <trkpt lat="49.44511" lon="1.01098">
        <ele>98.0</ele>
      </trkpt>
      <trkpt lat="49.44512" lon="1.01018">
        <ele>95.9</ele>
      </trkpt>
      <trkpt lat="49.44511" lon="1.0095">
        <ele>95.6</ele>
      </trkpt>
      <trkpt lat="49.44511" lon="1.00903">
        <ele>95.9</ele>
      </trkpt>
      <trkpt lat="49.44509" lon="1.00885">
        <ele>96.0</ele>
      </trkpt>
      <trkpt lat="49.44509" lon="1.008629">
        <ele>96.2</ele>
      </trkpt>
      <trkpt lat="49.44509" lon="1.00832">
        <ele>96.6</ele>
      </trkpt>
      <trkpt lat="49.44509" lon="1.00808">
        <ele>96.9</ele>
      </trkpt>
      <trkpt lat="49.44509" lon="1.00745">
        <ele>97.6</ele>
      </trkpt>
      <trkpt lat="49.44509" lon="1.00718">
        <ele>97.2</ele>
      </trkpt>
      <trkpt lat="49.44508" lon="1.00637">
        <ele>96.4</ele>
      </trkpt>
      <trkpt lat="49.44508" lon="1.00587">
        <ele>96.3</ele>
      </trkpt>
      <trkpt lat="49.44508" lon="1.00546">
        <ele>96.6</ele>
      </trkpt>
      <trkpt lat="49.44506" lon="1.002459">
        <ele>94.2</ele>
      </trkpt>
      <trkpt lat="49.44505" lon="1.00061">
        <ele>91.1</ele>
      </trkpt>
      <trkpt lat="49.44504" lon="0.99988">
        <ele>90.1</ele>
      </trkpt>
      <trkpt lat="49.44504" lon="0.99833">
        <ele>88.2</ele>
      </trkpt>
      <trkpt lat="49.44504" lon="0.99763">
        <ele>88.1</ele>
      </trkpt>
      <trkpt lat="49.44502" lon="0.99399">
        <ele>87.5</ele>
      </trkpt>
      <trkpt lat="49.44502" lon="0.9936">
        <ele>86.6</ele>
      </trkpt>
      <trkpt lat="49.44504" lon="0.99253">
        <ele>83.2</ele>
      </trkpt>
      <trkpt lat="49.44505" lon="0.99187">
        <ele>80.0</ele>
      </trkpt>
      <trkpt lat="49.44505" lon="0.99172">
        <ele>79.3</ele>
      </trkpt>
      <trkpt lat="49.44505" lon="0.99154">
        <ele>78.8</ele>
      </trkpt>
      <trkpt lat="49.44505" lon="0.9912">
        <ele>77.9</ele>
      </trkpt>
      <trkpt lat="49.44505" lon="0.991">
        <ele>77.5</ele>
      </trkpt>
      <trkpt lat="49.44506" lon="0.99088">
        <ele>77.2</ele>
      </trkpt>
      <trkpt lat="49.44509" lon="0.99074">
        <ele>77.0</ele>
      </trkpt>
      <trkpt lat="49.44512" lon="0.99047">
        <ele>76.5</ele>
      </trkpt>
      <trkpt lat="49.44514" lon="0.99033">
        <ele>76.3</ele>
      </trkpt>
      <trkpt lat="49.44543" lon="0.989">
        <ele>75.3</ele>
      </trkpt>
      <trkpt lat="49.44544" lon="0.98893">
        <ele>75.6</ele>
      </trkpt>
      <trkpt lat="49.44558" lon="0.98825">
        <ele>78.2</ele>
      </trkpt>
      <trkpt lat="49.44565" lon="0.98792">
        <ele>79.0</ele>
      </trkpt>
      <trkpt lat="49.445659" lon="0.9879">
        <ele>79.1</ele>
      </trkpt>
      <trkpt lat="49.44593" lon="0.98669">
        <ele>82.2</ele>
      </trkpt>
      <trkpt lat="49.44593" lon="0.98667">
        <ele>82.2</ele>
      </trkpt>
      <trkpt lat="49.44605" lon="0.98621">
        <ele>82.5</ele>
      </trkpt>
      <trkpt lat="49.446219" lon="0.98547">
        <ele>83.4</ele>
      </trkpt>
      <trkpt lat="49.44625" lon="0.98532">
        <ele>83.8</ele>
      </trkpt>
      <trkpt lat="49.44635" lon="0.98492">
        <ele>85.1</ele>
      </trkpt>
      <trkpt lat="49.44645" lon="0.98446">
        <ele>87.1</ele>
      </trkpt>
      <trkpt lat="49.44657" lon="0.984">
        <ele>88.3</ele>
      </trkpt>
      <trkpt lat="49.44663" lon="0.98373">
        <ele>88.1</ele>
      </trkpt>
      <trkpt lat="49.44665" lon="0.98361">
        <ele>88.1</ele>
      </trkpt>
      <trkpt lat="49.44668" lon="0.98336">
        <ele>88.0</ele>
      </trkpt>
      <trkpt lat="49.4467" lon="0.98323">
        <ele>88.2</ele>
      </trkpt>
      <trkpt lat="49.44671" lon="0.98313">
        <ele>88.4</ele>
      </trkpt>
      <trkpt lat="49.44672" lon="0.983">
        <ele>88.6</ele>
      </trkpt>
      <trkpt lat="49.44672" lon="0.98286">
        <ele>88.8</ele>
      </trkpt>
      <trkpt lat="49.44672" lon="0.98269">
        <ele>89.0</ele>
      </trkpt>
      <trkpt lat="49.44672" lon="0.98246">
        <ele>89.3</ele>
      </trkpt>
      <trkpt lat="49.44671" lon="0.98226">
        <ele>89.5</ele>
      </trkpt>
      <trkpt lat="49.4467" lon="0.98206">
        <ele>89.7</ele>
      </trkpt>
      <trkpt lat="49.446689" lon="0.98189">
        <ele>89.8</ele>
      </trkpt>
      <trkpt lat="49.44664" lon="0.98154">
        <ele>89.7</ele>
      </trkpt>
      <trkpt lat="49.44663" lon="0.9815">
        <ele>89.7</ele>
      </trkpt>
      <trkpt lat="49.446599" lon="0.98141">
        <ele>89.5</ele>
      </trkpt>
      <trkpt lat="49.44659" lon="0.98137">
        <ele>89.4</ele>
      </trkpt>
      <trkpt lat="49.44655" lon="0.9811">
        <ele>89.0</ele>
      </trkpt>
      <trkpt lat="49.44653" lon="0.98096">
        <ele>88.7</ele>
      </trkpt>
      <trkpt lat="49.44652" lon="0.98077">
        <ele>88.3</ele>
      </trkpt>
      <trkpt lat="49.44651" lon="0.98063">
        <ele>87.9</ele>
      </trkpt>
      <trkpt lat="49.44651" lon="0.98045">
        <ele>87.3</ele>
      </trkpt>
      <trkpt lat="49.44651" lon="0.98033">
        <ele>86.9</ele>
      </trkpt>
      <trkpt lat="49.44652" lon="0.98022">
        <ele>86.5</ele>
      </trkpt>
      <trkpt lat="49.44654" lon="0.98004">
        <ele>86.0</ele>
      </trkpt>
      <trkpt lat="49.44657" lon="0.97984">
        <ele>85.0</ele>
      </trkpt>
      <trkpt lat="49.44663" lon="0.97954">
        <ele>83.3</ele>
      </trkpt>
      <trkpt lat="49.446689" lon="0.97931">
        <ele>82.1</ele>
      </trkpt>
      <trkpt lat="49.44681" lon="0.97895">
        <ele>82.1</ele>
      </trkpt>
      <trkpt lat="49.44696" lon="0.97856">
        <ele>82.3</ele>
      </trkpt>
      <trkpt lat="49.44711" lon="0.97813">
        <ele>81.3</ele>
      </trkpt>
      <trkpt lat="49.44714" lon="0.97804">
        <ele>80.9</ele>
      </trkpt>
      <trkpt lat="49.44717" lon="0.9779">
        <ele>80.2</ele>
      </trkpt>
      <trkpt lat="49.44721" lon="0.97775">
        <ele>79.4</ele>
      </trkpt>
      <trkpt lat="49.44723" lon="0.9776">
        <ele>78.5</ele>
      </trkpt>
      <trkpt lat="49.44724" lon="0.97753">
        <ele>78.0</ele>
      </trkpt>
      <trkpt lat="49.44724" lon="0.97744">
        <ele>77.3</ele>
      </trkpt>
      <trkpt lat="49.44724" lon="0.97732">
        <ele>76.0</ele>
      </trkpt>
      <trkpt lat="49.44724" lon="0.97718">
        <ele>74.6</ele>
      </trkpt>
      <trkpt lat="49.44723" lon="0.97711">
        <ele>73.9</ele>
      </trkpt>
      <trkpt lat="49.44722" lon="0.97704">
        <ele>73.2</ele>
      </trkpt>
      <trkpt lat="49.44721" lon="0.97694">
        <ele>72.2</ele>
      </trkpt>
      <trkpt lat="49.44718" lon="0.97675">
        <ele>70.4</ele>
      </trkpt>
      <trkpt lat="49.44714" lon="0.97663">
        <ele>69.5</ele>
      </trkpt>
      <trkpt lat="49.44711" lon="0.97652">
        <ele>68.8</ele>
      </trkpt>
      <trkpt lat="49.447069" lon="0.97642">
        <ele>68.3</ele>
      </trkpt>
      <trkpt lat="49.44704" lon="0.97636">
        <ele>67.9</ele>
      </trkpt>
      <trkpt lat="49.44698" lon="0.97624">
        <ele>67.2</ele>
      </trkpt>
      <trkpt lat="49.44692" lon="0.97614">
        <ele>66.5</ele>
      </trkpt>
      <trkpt lat="49.44686" lon="0.97604">
        <ele>65.8</ele>
      </trkpt>
      <trkpt lat="49.446689" lon="0.97577">
        <ele>63.6</ele>
      </trkpt>
      <trkpt lat="49.44662" lon="0.97564">
        <ele>63.7</ele>
      </trkpt>
      <trkpt lat="49.44658" lon="0.97556">
        <ele>64.0</ele>
      </trkpt>
      <trkpt lat="49.44654" lon="0.97548">
        <ele>64.3</ele>
      </trkpt>
      <trkpt lat="49.44651" lon="0.97537">
        <ele>64.4</ele>
      </trkpt>
      <trkpt lat="49.44649" lon="0.97527">
        <ele>64.3</ele>
      </trkpt>
      <trkpt lat="49.44647" lon="0.97519">
        <ele>64.4</ele>
      </trkpt>
      <trkpt lat="49.44647" lon="0.97511">
        <ele>64.0</ele>
      </trkpt>
      <trkpt lat="49.44646" lon="0.97502">
        <ele>63.8</ele>
      </trkpt>
      <trkpt lat="49.44646" lon="0.97496">
        <ele>63.8</ele>
      </trkpt>
      <trkpt lat="49.44647" lon="0.97489">
        <ele>63.6</ele>
      </trkpt>
      <trkpt lat="49.44648" lon="0.97481">
        <ele>63.5</ele>
      </trkpt>
      <trkpt lat="49.44649" lon="0.9747">
        <ele>63.5</ele>
      </trkpt>
      <trkpt lat="49.44665" lon="0.97413">
        <ele>60.4</ele>
      </trkpt>
      <trkpt lat="49.44672" lon="0.97386">
        <ele>59.5</ele>
      </trkpt>
      <trkpt lat="49.44676" lon="0.97365">
        <ele>58.9</ele>
      </trkpt>
      <trkpt lat="49.44679" lon="0.97351">
        <ele>58.4</ele>
      </trkpt>
      <trkpt lat="49.4468" lon="0.97342">
        <ele>58.1</ele>
      </trkpt>
      <trkpt lat="49.44682" lon="0.97332">
        <ele>57.7</ele>
      </trkpt>
      <trkpt lat="49.44684" lon="0.97319">
        <ele>57.5</ele>
      </trkpt>
      <trkpt lat="49.44685" lon="0.97309">
        <ele>57.4</ele>
      </trkpt>
      <trkpt lat="49.44688" lon="0.97282">
        <ele>57.0</ele>
      </trkpt>
      <trkpt lat="49.44689" lon="0.97267">
        <ele>56.9</ele>
      </trkpt>
      <trkpt lat="49.44692" lon="0.97231">
        <ele>56.2</ele>
      </trkpt>
      <trkpt lat="49.44693" lon="0.97217">
        <ele>55.9</ele>
      </trkpt>
      <trkpt lat="49.44693" lon="0.97202">
        <ele>55.8</ele>
      </trkpt>
      <trkpt lat="49.44694" lon="0.97187">
        <ele>55.5</ele>
      </trkpt>
      <trkpt lat="49.44693" lon="0.97175">
        <ele>55.7</ele>
      </trkpt>
      <trkpt lat="49.44693" lon="0.97165">
        <ele>55.6</ele>
      </trkpt>
      <trkpt lat="49.44693" lon="0.97153">
        <ele>55.1</ele>
      </trkpt>
      <trkpt lat="49.44692" lon="0.97143">
        <ele>54.9</ele>
      </trkpt>
      <trkpt lat="49.4469" lon="0.97127">
        <ele>54.6</ele>
      </trkpt>
      <trkpt lat="49.446869" lon="0.97107">
        <ele>54.4</ele>
      </trkpt>
      <trkpt lat="49.44684" lon="0.97092">
        <ele>54.4</ele>
      </trkpt>
      <trkpt lat="49.446779" lon="0.97065">
        <ele>53.8</ele>
      </trkpt>
      <trkpt lat="49.44673" lon="0.97047">
        <ele>53.2</ele>
      </trkpt>
      <trkpt lat="49.44671" lon="0.97035">
        <ele>52.5</ele>
      </trkpt>
      <trkpt lat="49.44662" lon="0.96998">
        <ele>50.9</ele>
      </trkpt>
      <trkpt lat="49.44656" lon="0.96975">
        <ele>49.4</ele>
      </trkpt>
      <trkpt lat="49.44655" lon="0.96966">
        <ele>48.5</ele>
      </trkpt>
      <trkpt lat="49.44654" lon="0.96959">
        <ele>47.9</ele>
      </trkpt>
      <trkpt lat="49.44654" lon="0.96954">
        <ele>47.3</ele>
      </trkpt>
      <trkpt lat="49.44654" lon="0.96948">
        <ele>46.5</ele>
      </trkpt>
      <trkpt lat="49.44654" lon="0.96943">
        <ele>45.9</ele>
      </trkpt>
      <trkpt lat="49.44654" lon="0.96939">
        <ele>45.4</ele>
      </trkpt>
      <trkpt lat="49.44655" lon="0.96933">
        <ele>44.4</ele>
      </trkpt>
      <trkpt lat="49.44658" lon="0.96916">
        <ele>41.7</ele>
      </trkpt>
      <trkpt lat="49.44661" lon="0.96909">
        <ele>40.2</ele>
      </trkpt>
      <trkpt lat="49.44663" lon="0.96904">
        <ele>39.2</ele>
      </trkpt>
      <trkpt lat="49.44667" lon="0.96899">
        <ele>37.8</ele>
      </trkpt>
      <trkpt lat="49.4467" lon="0.96894">
        <ele>36.9</ele>
      </trkpt>
      <trkpt lat="49.44674" lon="0.96891">
        <ele>36.2</ele>
      </trkpt>
      <trkpt lat="49.44682" lon="0.96884">
        <ele>34.5</ele>
      </trkpt>
      <trkpt lat="49.44688" lon="0.96882">
        <ele>33.6</ele>
      </trkpt>
      <trkpt lat="49.44694" lon="0.96881">
        <ele>32.9</ele>
      </trkpt>
      <trkpt lat="49.44699" lon="0.96881">
        <ele>32.4</ele>
      </trkpt>
      <trkpt lat="49.44703" lon="0.96881">
        <ele>32.0</ele>
      </trkpt>
      <trkpt lat="49.44709" lon="0.96882">
        <ele>31.5</ele>
      </trkpt>
      <trkpt lat="49.44714" lon="0.96884">
        <ele>31.2</ele>
      </trkpt>
      <trkpt lat="49.44719" lon="0.96887">
        <ele>31.0</ele>
      </trkpt>
      <trkpt lat="49.44724" lon="0.96891">
        <ele>30.9</ele>
      </trkpt>
      <trkpt lat="49.44729" lon="0.96896">
        <ele>31.0</ele>
      </trkpt>
      <trkpt lat="49.44732" lon="0.969">
        <ele>31.1</ele>
      </trkpt>
      <trkpt lat="49.44733" lon="0.96902">
        <ele>31.2</ele>
      </trkpt>
      <trkpt lat="49.4474" lon="0.96917">
        <ele>32.1</ele>
      </trkpt>
      <trkpt lat="49.44743" lon="0.96928">
        <ele>32.4</ele>
      </trkpt>
      <trkpt lat="49.44745" lon="0.96936">
        <ele>32.5</ele>
      </trkpt>
      <trkpt lat="49.44746" lon="0.96942">
        <ele>32.7</ele>
      </trkpt>
      <trkpt lat="49.44749" lon="0.96969">
        <ele>33.7</ele>
      </trkpt>
      <trkpt lat="49.4475" lon="0.96992">
        <ele>34.6</ele>
      </trkpt>
      <trkpt lat="49.44752" lon="0.97017">
        <ele>35.5</ele>
      </trkpt>
      <trkpt lat="49.44753" lon="0.97035">
        <ele>36.2</ele>
      </trkpt>
      <trkpt lat="49.44755" lon="0.97069">
        <ele>37.6</ele>
      </trkpt>
      <trkpt lat="49.44757" lon="0.97089">
        <ele>38.2</ele>
      </trkpt>
      <trkpt lat="49.44758" lon="0.97103">
        <ele>38.6</ele>
      </trkpt>
      <trkpt lat="49.44759" lon="0.97112">
        <ele>38.9</ele>
      </trkpt>
      <trkpt lat="49.4476" lon="0.97118">
        <ele>39.0</ele>
      </trkpt>
      <trkpt lat="49.44761" lon="0.97123">
        <ele>39.1</ele>
      </trkpt>
      <trkpt lat="49.44762" lon="0.9713">
        <ele>39.3</ele>
      </trkpt>
      <trkpt lat="49.44765" lon="0.97142">
        <ele>39.5</ele>
      </trkpt>
      <trkpt lat="49.44769" lon="0.97152">
        <ele>39.5</ele>
      </trkpt>
      <trkpt lat="49.44773" lon="0.97161">
        <ele>39.5</ele>
      </trkpt>
      <trkpt lat="49.44777" lon="0.97167">
        <ele>39.4</ele>
      </trkpt>
      <trkpt lat="49.447809" lon="0.97172">
        <ele>39.2</ele>
      </trkpt>
      <trkpt lat="49.44788" lon="0.97179">
        <ele>38.9</ele>
      </trkpt>
      <trkpt lat="49.44796" lon="0.97184">
        <ele>38.5</ele>
      </trkpt>
      <trkpt lat="49.44803" lon="0.97187">
        <ele>38.2</ele>
      </trkpt>
      <trkpt lat="49.44806" lon="0.97187">
        <ele>38.0</ele>
      </trkpt>
      <trkpt lat="49.44813" lon="0.97188">
        <ele>37.6</ele>
      </trkpt>
      <trkpt lat="49.44818" lon="0.97188">
        <ele>37.3</ele>
      </trkpt>
      <trkpt lat="49.44823" lon="0.97187">
        <ele>36.9</ele>
      </trkpt>
      <trkpt lat="49.44827" lon="0.97185">
        <ele>36.4</ele>
      </trkpt>
      <trkpt lat="49.44831" lon="0.97183">
        <ele>35.9</ele>
      </trkpt>
      <trkpt lat="49.44836" lon="0.97179">
        <ele>35.6</ele>
      </trkpt>
      <trkpt lat="49.44841" lon="0.97175">
        <ele>35.6</ele>
      </trkpt>
      <trkpt lat="49.44847" lon="0.97167">
        <ele>35.2</ele>
      </trkpt>
      <trkpt lat="49.44852" lon="0.9716">
        <ele>34.9</ele>
      </trkpt>
      <trkpt lat="49.448569" lon="0.97149">
        <ele>34.3</ele>
      </trkpt>
      <trkpt lat="49.44862" lon="0.97135">
        <ele>33.2</ele>
      </trkpt>
      <trkpt lat="49.448659" lon="0.9712">
        <ele>31.9</ele>
      </trkpt>
      <trkpt lat="49.44868" lon="0.97108">
        <ele>30.8</ele>
      </trkpt>
      <trkpt lat="49.44869" lon="0.97099">
        <ele>29.9</ele>
      </trkpt>
      <trkpt lat="49.4487" lon="0.97092">
        <ele>29.2</ele>
      </trkpt>
      <trkpt lat="49.4487" lon="0.97087">
        <ele>28.7</ele>
      </trkpt>
      <trkpt lat="49.4487" lon="0.97074">
        <ele>27.5</ele>
      </trkpt>
      <trkpt lat="49.44869" lon="0.97051">
        <ele>25.6</ele>
      </trkpt>
      <trkpt lat="49.44867" lon="0.96994">
        <ele>21.1</ele>
      </trkpt>
      <trkpt lat="49.448659" lon="0.9698">
        <ele>20.6</ele>
      </trkpt>
      <trkpt lat="49.44867" lon="0.9697">
        <ele>20.2</ele>
      </trkpt>
      <trkpt lat="49.44867" lon="0.96963">
        <ele>19.9</ele>
      </trkpt>
      <trkpt lat="49.44867" lon="0.96956">
        <ele>19.6</ele>
      </trkpt>
      <trkpt lat="49.44868" lon="0.96951">
        <ele>19.3</ele>
      </trkpt>
      <trkpt lat="49.44868" lon="0.96949">
        <ele>19.2</ele>
      </trkpt>
      <trkpt lat="49.44869" lon="0.96938">
        <ele>18.7</ele>
      </trkpt>
      <trkpt lat="49.44872" lon="0.96919">
        <ele>17.8</ele>
      </trkpt>
      <trkpt lat="49.44876" lon="0.96899">
        <ele>16.7</ele>
      </trkpt>
      <trkpt lat="49.4488" lon="0.96875">
        <ele>15.5</ele>
      </trkpt>
      <trkpt lat="49.44896" lon="0.96797">
        <ele>13.5</ele>
      </trkpt>
      <trkpt lat="49.44907" lon="0.96744">
        <ele>13.8</ele>
      </trkpt>
      <trkpt lat="49.44915" lon="0.96709">
        <ele>14.0</ele>
      </trkpt>
      <trkpt lat="49.44937" lon="0.96602">
        <ele>16.6</ele>
      </trkpt>
      <trkpt lat="49.4494" lon="0.9659">
        <ele>16.9</ele>
      </trkpt>
      <trkpt lat="49.44943" lon="0.96579">
        <ele>17.0</ele>
      </trkpt>
      <trkpt lat="49.44946" lon="0.96568">
        <ele>16.6</ele>
      </trkpt>
      <trkpt lat="49.449509" lon="0.96558">
        <ele>16.4</ele>
      </trkpt>
      <trkpt lat="49.44956" lon="0.96548">
        <ele>16.2</ele>
      </trkpt>
      <trkpt lat="49.44962" lon="0.96538">
        <ele>16.0</ele>
      </trkpt>
      <trkpt lat="49.44972" lon="0.96526">
        <ele>16.0</ele>
      </trkpt>
      <trkpt lat="49.44987" lon="0.96508">
        <ele>15.8</ele>
      </trkpt>
      <trkpt lat="49.45014" lon="0.96479">
        <ele>16.1</ele>
      </trkpt>
      <trkpt lat="49.45076" lon="0.96415">
        <ele>15.4</ele>
      </trkpt>
      <trkpt lat="49.45088" lon="0.96403">
        <ele>15.4</ele>
      </trkpt>
      <trkpt lat="49.45099" lon="0.96393">
        <ele>15.6</ele>
      </trkpt>
      <trkpt lat="49.45109" lon="0.96384">
        <ele>15.6</ele>
      </trkpt>
      <trkpt lat="49.45121" lon="0.96375">
        <ele>15.7</ele>
      </trkpt>
      <trkpt lat="49.45135" lon="0.96365">
        <ele>15.7</ele>
      </trkpt>
      <trkpt lat="49.45184" lon="0.96329">
        <ele>14.3</ele>
      </trkpt>
      <trkpt lat="49.451949" lon="0.96322">
        <ele>14.2</ele>
      </trkpt>
      <trkpt lat="49.45254" lon="0.96279">
        <ele>12.7</ele>
      </trkpt>
      <trkpt lat="49.45356" lon="0.96206">
        <ele>12.9</ele>
      </trkpt>
      <trkpt lat="49.45376" lon="0.96192">
        <ele>12.3</ele>
      </trkpt>
      <trkpt lat="49.45429" lon="0.96154">
        <ele>11.1</ele>
      </trkpt>
      <trkpt lat="49.45529" lon="0.96079">
        <ele>9.9</ele>
      </trkpt>
      <trkpt lat="49.45606" lon="0.96025">
        <ele>9.5</ele>
      </trkpt>
      <trkpt lat="49.45686" lon="0.95968">
        <ele>8.3</ele>
      </trkpt>
      <trkpt lat="49.45737" lon="0.9593">
        <ele>8.2</ele>
      </trkpt>
      <trkpt lat="49.45769" lon="0.95907">
        <ele>8.1</ele>
      </trkpt>
      <trkpt lat="49.45803" lon="0.95882">
        <ele>8.0</ele>
      </trkpt>
      <trkpt lat="49.45823" lon="0.95868">
        <ele>8.0</ele>
      </trkpt>
      <trkpt lat="49.458329" lon="0.95861">
        <ele>8.0</ele>
      </trkpt>
      <trkpt lat="49.45853" lon="0.95847">
        <ele>8.0</ele>
      </trkpt>
      <trkpt lat="49.45859" lon="0.95842">
        <ele>7.9</ele>
      </trkpt>
      <trkpt lat="49.45912" lon="0.95804">
        <ele>8.2</ele>
      </trkpt>
      <trkpt lat="49.45918" lon="0.958">
        <ele>8.3</ele>
      </trkpt>
      <trkpt lat="49.459829" lon="0.95754">
        <ele>8.8</ele>
      </trkpt>
      <trkpt lat="49.46028" lon="0.95721">
        <ele>9.0</ele>
      </trkpt>
      <trkpt lat="49.46036" lon="0.95715">
        <ele>9.0</ele>
      </trkpt>
      <trkpt lat="49.46064" lon="0.95695">
        <ele>9.3</ele>
      </trkpt>
      <trkpt lat="49.46235" lon="0.95572">
        <ele>10.1</ele>
      </trkpt>
      <trkpt lat="49.46385" lon="0.95464">
        <ele>10.6</ele>
      </trkpt>
      <trkpt lat="49.46397" lon="0.95456">
        <ele>10.1</ele>
      </trkpt>
      <trkpt lat="49.46479" lon="0.95397">
        <ele>8.6</ele>
      </trkpt>
      <trkpt lat="49.46558" lon="0.9534">
        <ele>9.7</ele>
      </trkpt>
      <trkpt lat="49.46581" lon="0.95323">
        <ele>10.6</ele>
      </trkpt>
      <trkpt lat="49.4665" lon="0.95274">
        <ele>11.9</ele>
      </trkpt>
      <trkpt lat="49.46682" lon="0.9525">
        <ele>11.4</ele>
      </trkpt>
      <trkpt lat="49.46712" lon="0.95227">
        <ele>11.4</ele>
      </trkpt>
      <trkpt lat="49.46751" lon="0.95194">
        <ele>12.4</ele>
      </trkpt>
      <trkpt lat="49.467709" lon="0.95176">
        <ele>12.6</ele>
      </trkpt>
      <trkpt lat="49.46815" lon="0.95135">
        <ele>13.3</ele>
      </trkpt>
      <trkpt lat="49.46855" lon="0.95098">
        <ele>13.3</ele>
      </trkpt>
      <trkpt lat="49.46876" lon="0.95079">
        <ele>12.8</ele>
      </trkpt>
      <trkpt lat="49.46885" lon="0.95071">
        <ele>12.3</ele>
      </trkpt>
      <trkpt lat="49.46928" lon="0.95032">
        <ele>10.4</ele>
      </trkpt>
      <trkpt lat="49.47032" lon="0.94937">
        <ele>9.9</ele>
      </trkpt>
      <trkpt lat="49.4711" lon="0.94866">
        <ele>10.6</ele>
      </trkpt>
      <trkpt lat="49.47132" lon="0.94847">
        <ele>10.6</ele>
      </trkpt>
      <trkpt lat="49.47316" lon="0.94679">
        <ele>11.0</ele>
      </trkpt>
      <trkpt lat="49.47431" lon="0.94575">
        <ele>9.8</ele>
      </trkpt>
      <trkpt lat="49.47508" lon="0.94506">
        <ele>10.2</ele>
      </trkpt>
      <trkpt lat="49.47537" lon="0.94478">
        <ele>11.2</ele>
      </trkpt>
      <trkpt lat="49.47553" lon="0.94461">
        <ele>11.8</ele>
      </trkpt>
      <trkpt lat="49.475589" lon="0.94454">
        <ele>11.9</ele>
      </trkpt>
      <trkpt lat="49.47566" lon="0.94445">
        <ele>12.0</ele>
      </trkpt>
      <trkpt lat="49.47581" lon="0.94421">
        <ele>12.0</ele>
      </trkpt>
      <trkpt lat="49.475879" lon="0.94408">
        <ele>12.5</ele>
      </trkpt>
      <trkpt lat="49.476" lon="0.94384">
        <ele>13.6</ele>
      </trkpt>
      <trkpt lat="49.47613" lon="0.94359">
        <ele>14.5</ele>
      </trkpt>
      <trkpt lat="49.47631" lon="0.94324">
        <ele>15.5</ele>
      </trkpt>
      <trkpt lat="49.47661" lon="0.94263">
        <ele>15.4</ele>
      </trkpt>
      <trkpt lat="49.47694" lon="0.94198">
        <ele>17.0</ele>
      </trkpt>
      <trkpt lat="49.477379" lon="0.9411">
        <ele>16.5</ele>
      </trkpt>
      <trkpt lat="49.47817" lon="0.93953">
        <ele>16.2</ele>
      </trkpt>
      <trkpt lat="49.478879" lon="0.93811">
        <ele>14.4</ele>
      </trkpt>
      <trkpt lat="49.47916" lon="0.93757">
        <ele>11.8</ele>
      </trkpt>
      <trkpt lat="49.47958" lon="0.93671">
        <ele>13.9</ele>
      </trkpt>
      <trkpt lat="49.48012" lon="0.93559">
        <ele>15.1</ele>
      </trkpt>
      <trkpt lat="49.480289" lon="0.93521">
        <ele>15.9</ele>
      </trkpt>
      <trkpt lat="49.48052" lon="0.9347">
        <ele>15.5</ele>
      </trkpt>
      <trkpt lat="49.48078" lon="0.93408">
        <ele>13.0</ele>
      </trkpt>
      <trkpt lat="49.48101" lon="0.93352">
        <ele>14.8</ele>
      </trkpt>
      <trkpt lat="49.4813" lon="0.93283">
        <ele>14.9</ele>
      </trkpt>
      <trkpt lat="49.48153" lon="0.93229">
        <ele>13.8</ele>
      </trkpt>
      <trkpt lat="49.48189" lon="0.93139">
        <ele>13.4</ele>
      </trkpt>
      <trkpt lat="49.48225" lon="0.93044">
        <ele>13.8</ele>
      </trkpt>
      <trkpt lat="49.48254" lon="0.92969">
        <ele>12.8</ele>
      </trkpt>
      <trkpt lat="49.48278" lon="0.92904">
        <ele>14.7</ele>
      </trkpt>
      <trkpt lat="49.48294" lon="0.92858">
        <ele>16.2</ele>
      </trkpt>
      <trkpt lat="49.48304" lon="0.92826">
        <ele>16.6</ele>
      </trkpt>
      <trkpt lat="49.4833" lon="0.92736">
        <ele>14.3</ele>
      </trkpt>
      <trkpt lat="49.48342" lon="0.92697">
        <ele>14.0</ele>
      </trkpt>
      <trkpt lat="49.48361" lon="0.92641">
        <ele>14.6</ele>
      </trkpt>
      <trkpt lat="49.48389" lon="0.92562">
        <ele>13.3</ele>
      </trkpt>
      <trkpt lat="49.48412" lon="0.92505">
        <ele>10.3</ele>
      </trkpt>
      <trkpt lat="49.484319" lon="0.92455">
        <ele>9.6</ele>
      </trkpt>
      <trkpt lat="49.48438" lon="0.92441">
        <ele>9.2</ele>
      </trkpt>
      <trkpt lat="49.48443" lon="0.92428">
        <ele>8.7</ele>
      </trkpt>
      <trkpt lat="49.48447" lon="0.92417">
        <ele>8.1</ele>
      </trkpt>
      <trkpt lat="49.48451" lon="0.92403">
        <ele>8.3</ele>
      </trkpt>
      <trkpt lat="49.48455" lon="0.92388">
        <ele>8.4</ele>
      </trkpt>
      <trkpt lat="49.4846" lon="0.92372">
        <ele>8.5</ele>
      </trkpt>
      <trkpt lat="49.484699" lon="0.92325">
        <ele>8.6</ele>
      </trkpt>
      <trkpt lat="49.48492" lon="0.92226">
        <ele>11.0</ele>
      </trkpt>
      <trkpt lat="49.48501" lon="0.92187">
        <ele>13.3</ele>
      </trkpt>
      <trkpt lat="49.4851" lon="0.92148">
        <ele>17.0</ele>
      </trkpt>
      <trkpt lat="49.48512" lon="0.92135">
        <ele>17.7</ele>
      </trkpt>
      <trkpt lat="49.48521" lon="0.92091">
        <ele>20.5</ele>
      </trkpt>
      <trkpt lat="49.48524" lon="0.92071">
        <ele>21.6</ele>
      </trkpt>
      <trkpt lat="49.485259" lon="0.9205">
        <ele>22.4</ele>
      </trkpt>
      <trkpt lat="49.48528" lon="0.92028">
        <ele>23.2</ele>
      </trkpt>
      <trkpt lat="49.48529" lon="0.92003">
        <ele>23.7</ele>
      </trkpt>
      <trkpt lat="49.48532" lon="0.91929">
        <ele>27.1</ele>
      </trkpt>
      <trkpt lat="49.485349" lon="0.91836">
        <ele>27.5</ele>
      </trkpt>
      <trkpt lat="49.48536" lon="0.91796">
        <ele>29.2</ele>
      </trkpt>
      <trkpt lat="49.48538" lon="0.91745">
        <ele>30.9</ele>
      </trkpt>
      <trkpt lat="49.48541" lon="0.917">
        <ele>28.3</ele>
      </trkpt>
      <trkpt lat="49.48543" lon="0.91675">
        <ele>26.9</ele>
      </trkpt>
      <trkpt lat="49.48547" lon="0.91635">
        <ele>24.0</ele>
      </trkpt>
      <trkpt lat="49.48548" lon="0.9162">
        <ele>22.9</ele>
      </trkpt>
      <trkpt lat="49.48551" lon="0.9159">
        <ele>21.4</ele>
      </trkpt>
      <trkpt lat="49.48556" lon="0.91544">
        <ele>20.3</ele>
      </trkpt>
      <trkpt lat="49.48558" lon="0.91529">
        <ele>20.0</ele>
      </trkpt>
      <trkpt lat="49.48579" lon="0.91392">
        <ele>21.1</ele>
      </trkpt>
      <trkpt lat="49.48583" lon="0.91366">
        <ele>22.5</ele>
      </trkpt>
      <trkpt lat="49.485909" lon="0.9131">
        <ele>25.1</ele>
      </trkpt>
      <trkpt lat="49.48596" lon="0.91276">
        <ele>25.3</ele>
      </trkpt>
      <trkpt lat="49.486" lon="0.91249">
        <ele>25.6</ele>
      </trkpt>
      <trkpt lat="49.48605" lon="0.91215">
        <ele>26.8</ele>
      </trkpt>
      <trkpt lat="49.4861" lon="0.91162">
        <ele>26.9</ele>
      </trkpt>
      <trkpt lat="49.48616" lon="0.911">
        <ele>28.9</ele>
      </trkpt>
      <trkpt lat="49.486199" lon="0.91053">
        <ele>28.5</ele>
      </trkpt>
      <trkpt lat="49.48625" lon="0.90967">
        <ele>23.9</ele>
      </trkpt>
      <trkpt lat="49.48628" lon="0.90906">
        <ele>19.4</ele>
      </trkpt>
      <trkpt lat="49.48631" lon="0.9086">
        <ele>18.8</ele>
      </trkpt>
      <trkpt lat="49.486379" lon="0.90769">
        <ele>18.3</ele>
      </trkpt>
      <trkpt lat="49.4864" lon="0.90734">
        <ele>18.8</ele>
      </trkpt>
      <trkpt lat="49.48641" lon="0.907">
        <ele>19.9</ele>
      </trkpt>
      <trkpt lat="49.48642" lon="0.90671">
        <ele>21.0</ele>
      </trkpt>
      <trkpt lat="49.48643" lon="0.90612">
        <ele>23.4</ele>
      </trkpt>
      <trkpt lat="49.48644" lon="0.90559">
        <ele>24.5</ele>
      </trkpt>
      <trkpt lat="49.48646" lon="0.90515">
        <ele>25.0</ele>
      </trkpt>
      <trkpt lat="49.4865" lon="0.90417">
        <ele>29.6</ele>
      </trkpt>
      <trkpt lat="49.48653" lon="0.9033">
        <ele>28.3</ele>
      </trkpt>
      <trkpt lat="49.48654" lon="0.90285">
        <ele>26.9</ele>
      </trkpt>
      <trkpt lat="49.48654" lon="0.90253">
        <ele>25.6</ele>
      </trkpt>
      <trkpt lat="49.48654" lon="0.90218">
        <ele>25.4</ele>
      </trkpt>
      <trkpt lat="49.48654" lon="0.90183">
        <ele>25.4</ele>
      </trkpt>
      <trkpt lat="49.48652" lon="0.90118">
        <ele>22.8</ele>
      </trkpt>
      <trkpt lat="49.48648" lon="0.90026">
        <ele>19.6</ele>
      </trkpt>
      <trkpt lat="49.48643" lon="0.8993">
        <ele>16.1</ele>
      </trkpt>
      <trkpt lat="49.48639" lon="0.89836">
        <ele>8.9</ele>
      </trkpt>
      <trkpt lat="49.486379" lon="0.89811">
        <ele>8.9</ele>
      </trkpt>
      <trkpt lat="49.48635" lon="0.89758">
        <ele>9.2</ele>
      </trkpt>
      <trkpt lat="49.48633" lon="0.89708">
        <ele>12.8</ele>
      </trkpt>
      <trkpt lat="49.48631" lon="0.89674">
        <ele>15.4</ele>
      </trkpt>
      <trkpt lat="49.48628" lon="0.89636">
        <ele>14.8</ele>
      </trkpt>
      <trkpt lat="49.48626" lon="0.89606">
        <ele>14.0</ele>
      </trkpt>
      <trkpt lat="49.48619" lon="0.89525">
        <ele>14.4</ele>
      </trkpt>
      <trkpt lat="49.48613" lon="0.89465">
        <ele>14.4</ele>
      </trkpt>
      <trkpt lat="49.4861" lon="0.89432">
        <ele>13.6</ele>
      </trkpt>
      <trkpt lat="49.48607" lon="0.89392">
        <ele>13.9</ele>
      </trkpt>
      <trkpt lat="49.48593" lon="0.89234">
        <ele>16.1</ele>
      </trkpt>
      <trkpt lat="49.48586" lon="0.89162">
        <ele>12.6</ele>
      </trkpt>
      <trkpt lat="49.485819" lon="0.89121">
        <ele>11.8</ele>
      </trkpt>
      <trkpt lat="49.48577" lon="0.89068">
        <ele>12.3</ele>
      </trkpt>
      <trkpt lat="49.48574" lon="0.89048">
        <ele>13.3</ele>
      </trkpt>
      <trkpt lat="49.48569" lon="0.89012">
        <ele>14.9</ele>
      </trkpt>
      <trkpt lat="49.48562" lon="0.88967">
        <ele>15.3</ele>
      </trkpt>
      <trkpt lat="49.48559" lon="0.88949">
        <ele>15.2</ele>
      </trkpt>
      <trkpt lat="49.48555" lon="0.88926">
        <ele>14.9</ele>
      </trkpt>
      <trkpt lat="49.48551" lon="0.88897">
        <ele>15.2</ele>
      </trkpt>
      <trkpt lat="49.48538" lon="0.88835">
        <ele>16.1</ele>
      </trkpt>
      <trkpt lat="49.48523" lon="0.8877">
        <ele>15.4</ele>
      </trkpt>
      <trkpt lat="49.48516" lon="0.88738">
        <ele>15.5</ele>
      </trkpt>
      <trkpt lat="49.48503" lon="0.88678">
        <ele>16.7</ele>
      </trkpt>
      <trkpt lat="49.48489" lon="0.88619">
        <ele>15.3</ele>
      </trkpt>
      <trkpt lat="49.48474" lon="0.8856">
        <ele>13.5</ele>
      </trkpt>
      <trkpt lat="49.48444" lon="0.88449">
        <ele>16.3</ele>
      </trkpt>
      <trkpt lat="49.48435" lon="0.88417">
        <ele>20.4</ele>
      </trkpt>
      <trkpt lat="49.48425" lon="0.88384">
        <ele>17.9</ele>
      </trkpt>
      <trkpt lat="49.48419" lon="0.88364">
        <ele>16.4</ele>
      </trkpt>
      <trkpt lat="49.48411" lon="0.88344">
        <ele>14.3</ele>
      </trkpt>
      <trkpt lat="49.48395" lon="0.88305">
        <ele>11.4</ele>
      </trkpt>
      <trkpt lat="49.48368" lon="0.88249">
        <ele>6.8</ele>
      </trkpt>
      <trkpt lat="49.48321" lon="0.88153">
        <ele>8.5</ele>
      </trkpt>
      <trkpt lat="49.48306" lon="0.88119">
        <ele>9.3</ele>
      </trkpt>
      <trkpt lat="49.482999" lon="0.88106">
        <ele>9.6</ele>
      </trkpt>
      <trkpt lat="49.48281" lon="0.88065">
        <ele>11.1</ele>
      </trkpt>
      <trkpt lat="49.48262" lon="0.88022">
        <ele>11.8</ele>
      </trkpt>
      <trkpt lat="49.48233" lon="0.87948">
        <ele>12.2</ele>
      </trkpt>
      <trkpt lat="49.48222" lon="0.87918">
        <ele>11.9</ele>
      </trkpt>
      <trkpt lat="49.48218" lon="0.87909">
        <ele>11.9</ele>
      </trkpt>
      <trkpt lat="49.48213" lon="0.87896">
        <ele>12.2</ele>
      </trkpt>
      <trkpt lat="49.48209" lon="0.87882">
        <ele>12.9</ele>
      </trkpt>
      <trkpt lat="49.4819" lon="0.87814">
        <ele>15.0</ele>
      </trkpt>
      <trkpt lat="49.481499" lon="0.87682">
        <ele>10.9</ele>
      </trkpt>
      <trkpt lat="49.48144" lon="0.87659">
        <ele>10.8</ele>
      </trkpt>
      <trkpt lat="49.48135" lon="0.87628">
        <ele>9.8</ele>
      </trkpt>
      <trkpt lat="49.48107" lon="0.8754">
        <ele>6.1</ele>
      </trkpt>
      <trkpt lat="49.48104" lon="0.87528">
        <ele>5.8</ele>
      </trkpt>
      <trkpt lat="49.481" lon="0.87515">
        <ele>5.4</ele>
      </trkpt>
      <trkpt lat="49.48095" lon="0.87501">
        <ele>5.0</ele>
      </trkpt>
      <trkpt lat="49.480939" lon="0.87498">
        <ele>4.9</ele>
      </trkpt>
      <trkpt lat="49.48082" lon="0.87452">
        <ele>4.5</ele>
      </trkpt>
      <trkpt lat="49.48073" lon="0.87421">
        <ele>4.7</ele>
      </trkpt>
      <trkpt lat="49.48061" lon="0.87392">
        <ele>4.5</ele>
      </trkpt>
      <trkpt lat="49.480379" lon="0.87339">
        <ele>3.9</ele>
      </trkpt>
      <trkpt lat="49.48034" lon="0.87332">
        <ele>3.8</ele>
      </trkpt>
      <trkpt lat="49.47986" lon="0.87231">
        <ele>3.7</ele>
      </trkpt>
      <trkpt lat="49.47973" lon="0.872">
        <ele>3.9</ele>
      </trkpt>
      <trkpt lat="49.47968" lon="0.87191">
        <ele>3.9</ele>
      </trkpt>
      <trkpt lat="49.47963" lon="0.87179">
        <ele>3.7</ele>
      </trkpt>
      <trkpt lat="49.47929" lon="0.87108">
        <ele>3.3</ele>
      </trkpt>
      <trkpt lat="49.47904" lon="0.87056">
        <ele>3.8</ele>
      </trkpt>
      <trkpt lat="49.47898" lon="0.87044">
        <ele>4.0</ele>
      </trkpt>
      <trkpt lat="49.4786" lon="0.86963">
        <ele>6.0</ele>
      </trkpt>
      <trkpt lat="49.47831" lon="0.86901">
        <ele>10.1</ele>
      </trkpt>
      <trkpt lat="49.478" lon="0.86833">
        <ele>14.0</ele>
      </trkpt>
      <trkpt lat="49.47761" lon="0.86752">
        <ele>16.1</ele>
      </trkpt>
      <trkpt lat="49.47745" lon="0.86719">
        <ele>17.3</ele>
      </trkpt>
      <trkpt lat="49.4774" lon="0.8671">
        <ele>17.7</ele>
      </trkpt>
      <trkpt lat="49.4773" lon="0.86694">
        <ele>18.1</ele>
      </trkpt>
      <trkpt lat="49.47715" lon="0.86675">
        <ele>18.1</ele>
      </trkpt>
      <trkpt lat="49.47693" lon="0.8665">
        <ele>17.7</ele>
      </trkpt>
      <trkpt lat="49.47636" lon="0.86587">
        <ele>16.5</ele>
      </trkpt>
      <trkpt lat="49.4748" lon="0.86408">
        <ele>17.3</ele>
      </trkpt>
      <trkpt lat="49.47439" lon="0.86362">
        <ele>14.8</ele>
      </trkpt>
      <trkpt lat="49.47434" lon="0.86354">
        <ele>14.6</ele>
      </trkpt>
      <trkpt lat="49.47405" lon="0.86319">
        <ele>12.7</ele>
      </trkpt>
      <trkpt lat="49.4737" lon="0.86279">
        <ele>11.3</ele>
      </trkpt>
      <trkpt lat="49.47356" lon="0.86263">
        <ele>10.7</ele>
      </trkpt>
      <trkpt lat="49.47338" lon="0.86242">
        <ele>9.7</ele>
      </trkpt>
      <trkpt lat="49.4732" lon="0.86222">
        <ele>9.3</ele>
      </trkpt>
      <trkpt lat="49.47303" lon="0.86203">
        <ele>9.0</ele>
      </trkpt>
      <trkpt lat="49.47269" lon="0.86162">
        <ele>8.2</ele>
      </trkpt>
      <trkpt lat="49.47196" lon="0.86081">
        <ele>7.7</ele>
      </trkpt>
      <trkpt lat="49.47179" lon="0.86059">
        <ele>7.6</ele>
      </trkpt>
      <trkpt lat="49.47162" lon="0.86038">
        <ele>7.5</ele>
      </trkpt>
      <trkpt lat="49.47146" lon="0.86017">
        <ele>7.5</ele>
      </trkpt>
      <trkpt lat="49.47122" lon="0.85991">
        <ele>7.5</ele>
      </trkpt>
      <trkpt lat="49.47097" lon="0.85967">
        <ele>7.4</ele>
      </trkpt>
      <trkpt lat="49.47091" lon="0.85964">
        <ele>7.4</ele>
      </trkpt>
      <trkpt lat="49.47073" lon="0.85945">
        <ele>7.4</ele>
      </trkpt>
      <trkpt lat="49.47041" lon="0.85907">
        <ele>6.5</ele>
      </trkpt>
      <trkpt lat="49.47023" lon="0.85887">
        <ele>5.8</ele>
      </trkpt>
      <trkpt lat="49.46955" lon="0.85807">
        <ele>6.6</ele>
      </trkpt>
      <trkpt lat="49.46948" lon="0.85799">
        <ele>6.8</ele>
      </trkpt>
      <trkpt lat="49.46908" lon="0.85753">
        <ele>7.2</ele>
      </trkpt>
      <trkpt lat="49.46895" lon="0.85738">
        <ele>7.7</ele>
      </trkpt>
      <trkpt lat="49.4689" lon="0.8573">
        <ele>7.9</ele>
      </trkpt>
      <trkpt lat="49.46881" lon="0.85718">
        <ele>8.1</ele>
      </trkpt>
      <trkpt lat="49.46813" lon="0.85642">
        <ele>8.9</ele>
      </trkpt>
      <trkpt lat="49.46807" lon="0.85638">
        <ele>9.1</ele>
      </trkpt>
      <trkpt lat="49.46766" lon="0.85591">
        <ele>9.9</ele>
      </trkpt>
      <trkpt lat="49.46743" lon="0.85562">
        <ele>11.3</ele>
      </trkpt>
      <trkpt lat="49.46731" lon="0.85545">
        <ele>12.2</ele>
      </trkpt>
      <trkpt lat="49.46723" lon="0.8553">
        <ele>12.8</ele>
      </trkpt>
      <trkpt lat="49.46718" lon="0.85518">
        <ele>13.2</ele>
      </trkpt>
      <trkpt lat="49.46713" lon="0.85508">
        <ele>13.4</ele>
      </trkpt>
      <trkpt lat="49.46713" lon="0.85507">
        <ele>13.4</ele>
      </trkpt>
      <trkpt lat="49.467059" lon="0.85491">
        <ele>13.9</ele>
      </trkpt>
      <trkpt lat="49.46674" lon="0.854">
        <ele>18.3</ele>
      </trkpt>
      <trkpt lat="49.46648" lon="0.85329">
        <ele>19.4</ele>
      </trkpt>
      <trkpt lat="49.46619" lon="0.85251">
        <ele>18.1</ele>
      </trkpt>
      <trkpt lat="49.4654" lon="0.85044">
        <ele>11.9</ele>
      </trkpt>
      <trkpt lat="49.4641" lon="0.84684">
        <ele>7.4</ele>
      </trkpt>
      <trkpt lat="49.46341" lon="0.84495">
        <ele>8.3</ele>
      </trkpt>
      <trkpt lat="49.4624" lon="0.84221">
        <ele>8.3</ele>
      </trkpt>
      <trkpt lat="49.46199" lon="0.84106">
        <ele>8.3</ele>
      </trkpt>
      <trkpt lat="49.46169" lon="0.84026">
        <ele>7.8</ele>
      </trkpt>
      <trkpt lat="49.461419" lon="0.83953">
        <ele>8.4</ele>
      </trkpt>
      <trkpt lat="49.461329" lon="0.83921">
        <ele>9.1</ele>
      </trkpt>
      <trkpt lat="49.46097" lon="0.83824">
        <ele>8.3</ele>
      </trkpt>
      <trkpt lat="49.46069" lon="0.8375">
        <ele>7.2</ele>
      </trkpt>
      <trkpt lat="49.46068" lon="0.83747">
        <ele>7.2</ele>
      </trkpt>
      <trkpt lat="49.46053" lon="0.8371">
        <ele>7.3</ele>
      </trkpt>
      <trkpt lat="49.46049" lon="0.83699">
        <ele>7.3</ele>
      </trkpt>
      <trkpt lat="49.46045" lon="0.83686">
        <ele>7.2</ele>
      </trkpt>
      <trkpt lat="49.46041" lon="0.83673">
        <ele>7.0</ele>
      </trkpt>
      <trkpt lat="49.46037" lon="0.8366">
        <ele>6.8</ele>
      </trkpt>
      <trkpt lat="49.460299" lon="0.83631">
        <ele>6.3</ele>
      </trkpt>
      <trkpt lat="49.460209" lon="0.83584">
        <ele>5.3</ele>
      </trkpt>
      <trkpt lat="49.46014" lon="0.8354">
        <ele>5.0</ele>
      </trkpt>
      <trkpt lat="49.46002" lon="0.83468">
        <ele>4.6</ele>
      </trkpt>
      <trkpt lat="49.45996" lon="0.83444">
        <ele>4.7</ele>
      </trkpt>
      <trkpt lat="49.459829" lon="0.83362">
        <ele>5.5</ele>
      </trkpt>
      <trkpt lat="49.45967" lon="0.83274">
        <ele>6.9</ele>
      </trkpt>
      <trkpt lat="49.45963" lon="0.83244">
        <ele>7.3</ele>
      </trkpt>
      <trkpt lat="49.4596" lon="0.8322">
        <ele>7.6</ele>
      </trkpt>
      <trkpt lat="49.45951" lon="0.83169">
        <ele>7.9</ele>
      </trkpt>
      <trkpt lat="49.45951" lon="0.83168">
        <ele>7.9</ele>
      </trkpt>
      <trkpt lat="49.45932" lon="0.83058">
        <ele>9.4</ele>
      </trkpt>
      <trkpt lat="49.45912" lon="0.8294">
        <ele>9.2</ele>
      </trkpt>
      <trkpt lat="49.45908" lon="0.82915">
        <ele>9.4</ele>
      </trkpt>
      <trkpt lat="49.45901" lon="0.82877">
        <ele>9.5</ele>
      </trkpt>
      <trkpt lat="49.45878" lon="0.82755">
        <ele>10.3</ele>
      </trkpt>
      <trkpt lat="49.45863" lon="0.82663">
        <ele>10.8</ele>
      </trkpt>
      <trkpt lat="49.45861" lon="0.82638">
        <ele>11.0</ele>
      </trkpt>
      <trkpt lat="49.45858" lon="0.82618">
        <ele>10.9</ele>
      </trkpt>
      <trkpt lat="49.45856" lon="0.82596">
        <ele>11.1</ele>
      </trkpt>
      <trkpt lat="49.45854" lon="0.82573">
        <ele>10.7</ele>
      </trkpt>
      <trkpt lat="49.45855" lon="0.82552">
        <ele>10.4</ele>
      </trkpt>
      <trkpt lat="49.45856" lon="0.82536">
        <ele>10.2</ele>
      </trkpt>
      <trkpt lat="49.45858" lon="0.8252">
        <ele>10.1</ele>
      </trkpt>
      <trkpt lat="49.45861" lon="0.82506">
        <ele>10.2</ele>
      </trkpt>
      <trkpt lat="49.45864" lon="0.82493">
        <ele>10.2</ele>
      </trkpt>
      <trkpt lat="49.45869" lon="0.82481">
        <ele>10.5</ele>
      </trkpt>
      <trkpt lat="49.45872" lon="0.82475">
        <ele>10.6</ele>
      </trkpt>
      <trkpt lat="49.45876" lon="0.82467">
        <ele>10.7</ele>
      </trkpt>
      <trkpt lat="49.45882" lon="0.82455">
        <ele>10.7</ele>
      </trkpt>
      <trkpt lat="49.45899" lon="0.82432">
        <ele>10.5</ele>
      </trkpt>
      <trkpt lat="49.45909" lon="0.82421">
        <ele>10.1</ele>
      </trkpt>
      <trkpt lat="49.45911" lon="0.82419">
        <ele>10.0</ele>
      </trkpt>
      <trkpt lat="49.45917" lon="0.82412">
        <ele>9.9</ele>
      </trkpt>
      <trkpt lat="49.45923" lon="0.82407">
        <ele>10.3</ele>
      </trkpt>
      <trkpt lat="49.459359" lon="0.82396">
        <ele>11.0</ele>
      </trkpt>
      <trkpt lat="49.45969" lon="0.82367">
        <ele>12.5</ele>
      </trkpt>
      <trkpt lat="49.45982" lon="0.82355">
        <ele>12.8</ele>
      </trkpt>
      <trkpt lat="49.45993" lon="0.82346">
        <ele>13.2</ele>
      </trkpt>
      <trkpt lat="49.45994" lon="0.82345">
        <ele>13.2</ele>
      </trkpt>
      <trkpt lat="49.4601" lon="0.82325">
        <ele>12.9</ele>
      </trkpt>
      <trkpt lat="49.46051" lon="0.82289">
        <ele>13.8</ele>
      </trkpt>
      <trkpt lat="49.46109" lon="0.82239">
        <ele>17.4</ele>
      </trkpt>
      <trkpt lat="49.46162" lon="0.82195">
        <ele>23.9</ele>
      </trkpt>
      <trkpt lat="49.46173" lon="0.8219">
        <ele>25.1</ele>
      </trkpt>
      <trkpt lat="49.46185" lon="0.82179">
        <ele>26.6</ele>
      </trkpt>
      <trkpt lat="49.46206" lon="0.82162">
        <ele>28.5</ele>
      </trkpt>
      <trkpt lat="49.46243" lon="0.8213">
        <ele>31.0</ele>
      </trkpt>
      <trkpt lat="49.46277" lon="0.82106">
        <ele>31.7</ele>
      </trkpt>
      <trkpt lat="49.462919" lon="0.82096">
        <ele>31.5</ele>
      </trkpt>
      <trkpt lat="49.46343" lon="0.820659">
        <ele>30.4</ele>
      </trkpt>
      <trkpt lat="49.46358" lon="0.82056">
        <ele>31.2</ele>
      </trkpt>
      <trkpt lat="49.46406" lon="0.82028">
        <ele>33.7</ele>
      </trkpt>
      <trkpt lat="49.46431" lon="0.82013">
        <ele>33.9</ele>
      </trkpt>
      <trkpt lat="49.46451" lon="0.819999">
        <ele>33.2</ele>
      </trkpt>
      <trkpt lat="49.46501" lon="0.81968">
        <ele>30.9</ele>
      </trkpt>
      <trkpt lat="49.465179" lon="0.81953">
        <ele>30.7</ele>
      </trkpt>
      <trkpt lat="49.46538" lon="0.8194">
        <ele>30.8</ele>
      </trkpt>
      <trkpt lat="49.46564" lon="0.81924">
        <ele>30.8</ele>
      </trkpt>
      <trkpt lat="49.465919" lon="0.81907">
        <ele>30.4</ele>
      </trkpt>
      <trkpt lat="49.46637" lon="0.81881">
        <ele>29.1</ele>
      </trkpt>
      <trkpt lat="49.46681" lon="0.81854">
        <ele>28.2</ele>
      </trkpt>
      <trkpt lat="49.4672" lon="0.8183">
        <ele>27.5</ele>
      </trkpt>
      <trkpt lat="49.46741" lon="0.81816">
        <ele>27.2</ele>
      </trkpt>
      <trkpt lat="49.467529" lon="0.81812">
        <ele>27.4</ele>
      </trkpt>
      <trkpt lat="49.46773" lon="0.81799">
        <ele>27.8</ele>
      </trkpt>
      <trkpt lat="49.46798" lon="0.81786">
        <ele>28.3</ele>
      </trkpt>
      <trkpt lat="49.46808" lon="0.81779">
        <ele>28.4</ele>
      </trkpt>
      <trkpt lat="49.46846" lon="0.817559">
        <ele>28.0</ele>
      </trkpt>
      <trkpt lat="49.46858" lon="0.81749">
        <ele>27.4</ele>
      </trkpt>
      <trkpt lat="49.46881" lon="0.81734">
        <ele>26.2</ele>
      </trkpt>
      <trkpt lat="49.46927" lon="0.81705">
        <ele>23.9</ele>
      </trkpt>
      <trkpt lat="49.46934" lon="0.81698">
        <ele>23.6</ele>
      </trkpt>
      <trkpt lat="49.46952" lon="0.81688">
        <ele>23.1</ele>
      </trkpt>
      <trkpt lat="49.46955" lon="0.81686">
        <ele>23.0</ele>
      </trkpt>
      <trkpt lat="49.47019" lon="0.81647">
        <ele>21.9</ele>
      </trkpt>
      <trkpt lat="49.47075" lon="0.81612">
        <ele>20.4</ele>
      </trkpt>
      <trkpt lat="49.47113" lon="0.81587">
        <ele>20.4</ele>
      </trkpt>
      <trkpt lat="49.47146" lon="0.81567">
        <ele>21.9</ele>
      </trkpt>
      <trkpt lat="49.471559" lon="0.81564">
        <ele>22.5</ele>
      </trkpt>
      <trkpt lat="49.47169" lon="0.81558">
        <ele>23.1</ele>
      </trkpt>
      <trkpt lat="49.47181" lon="0.81551">
        <ele>22.9</ele>
      </trkpt>
      <trkpt lat="49.47196" lon="0.81542">
        <ele>22.7</ele>
      </trkpt>
      <trkpt lat="49.47219" lon="0.81528">
        <ele>22.2</ele>
      </trkpt>
      <trkpt lat="49.47256" lon="0.81506">
        <ele>21.4</ele>
      </trkpt>
      <trkpt lat="49.47291" lon="0.81485">
        <ele>21.3</ele>
      </trkpt>
      <trkpt lat="49.4734" lon="0.81455">
        <ele>21.1</ele>
      </trkpt>
      <trkpt lat="49.47386" lon="0.81425">
        <ele>21.4</ele>
      </trkpt>
      <trkpt lat="49.47396" lon="0.81419">
        <ele>21.4</ele>
      </trkpt>
      <trkpt lat="49.47434" lon="0.81396">
        <ele>20.6</ele>
      </trkpt>
      <trkpt lat="49.47533" lon="0.81336">
        <ele>16.5</ele>
      </trkpt>
      <trkpt lat="49.47592" lon="0.81301">
        <ele>16.3</ele>
      </trkpt>
      <trkpt lat="49.47619" lon="0.81283">
        <ele>16.0</ele>
      </trkpt>
      <trkpt lat="49.47626" lon="0.81279">
        <ele>15.9</ele>
      </trkpt>
      <trkpt lat="49.47639" lon="0.8127">
        <ele>15.7</ele>
      </trkpt>
      <trkpt lat="49.47655" lon="0.81259">
        <ele>15.4</ele>
      </trkpt>
      <trkpt lat="49.47673" lon="0.81244">
        <ele>15.1</ele>
      </trkpt>
      <trkpt lat="49.47685" lon="0.81236">
        <ele>15.3</ele>
      </trkpt>
      <trkpt lat="49.47711" lon="0.81218">
        <ele>15.3</ele>
      </trkpt>
      <trkpt lat="49.47763" lon="0.8118">
        <ele>14.4</ele>
      </trkpt>
      <trkpt lat="49.47772" lon="0.81169">
        <ele>14.1</ele>
      </trkpt>
      <trkpt lat="49.47782" lon="0.81162">
        <ele>14.3</ele>
      </trkpt>
      <trkpt lat="49.47851" lon="0.81111">
        <ele>12.5</ele>
      </trkpt>
      <trkpt lat="49.47942" lon="0.81043">
        <ele>11.6</ele>
      </trkpt>
      <trkpt lat="49.47974" lon="0.81018">
        <ele>11.3</ele>
      </trkpt>
      <trkpt lat="49.48051" lon="0.8096">
        <ele>10.9</ele>
      </trkpt>
      <trkpt lat="49.48083" lon="0.80937">
        <ele>11.0</ele>
      </trkpt>
      <trkpt lat="49.48115" lon="0.80914">
        <ele>10.6</ele>
      </trkpt>
      <trkpt lat="49.48133" lon="0.80899">
        <ele>10.3</ele>
      </trkpt>
      <trkpt lat="49.48138" lon="0.80896">
        <ele>10.3</ele>
      </trkpt>
      <trkpt lat="49.48154" lon="0.80885">
        <ele>10.2</ele>
      </trkpt>
      <trkpt lat="49.48193" lon="0.8086">
        <ele>10.1</ele>
      </trkpt>
      <trkpt lat="49.48195" lon="0.80857">
        <ele>10.0</ele>
      </trkpt>
      <trkpt lat="49.48206" lon="0.80849">
        <ele>9.9</ele>
      </trkpt>
      <trkpt lat="49.48221" lon="0.80839">
        <ele>9.7</ele>
      </trkpt>
      <trkpt lat="49.48276" lon="0.80799">
        <ele>10.2</ele>
      </trkpt>
      <trkpt lat="49.4836" lon="0.807339">
        <ele>10.0</ele>
      </trkpt>
      <trkpt lat="49.4836" lon="0.80735">
        <ele>10.0</ele>
      </trkpt>
      <trkpt lat="49.48361" lon="0.80736">
        <ele>10.1</ele>
      </trkpt>
      <trkpt lat="49.48361" lon="0.80737">
        <ele>10.1</ele>
      </trkpt>
      <trkpt lat="49.48362" lon="0.80737">
        <ele>10.2</ele>
      </trkpt>
      <trkpt lat="49.48362" lon="0.80738">
        <ele>10.2</ele>
      </trkpt>
      <trkpt lat="49.48363" lon="0.80738">
        <ele>10.2</ele>
      </trkpt>
      <trkpt lat="49.48363" lon="0.80739">
        <ele>10.3</ele>
      </trkpt>
      <trkpt lat="49.48364" lon="0.80739">
        <ele>10.3</ele>
      </trkpt>
      <trkpt lat="49.48364" lon="0.8074">
        <ele>10.3</ele>
      </trkpt>
      <trkpt lat="49.48365" lon="0.8074">
        <ele>10.4</ele>
      </trkpt>
      <trkpt lat="49.48366" lon="0.8074">
        <ele>10.4</ele>
      </trkpt>
      <trkpt lat="49.483669" lon="0.8074">
        <ele>10.4</ele>
      </trkpt>
      <trkpt lat="49.48368" lon="0.8074">
        <ele>10.4</ele>
      </trkpt>
      <trkpt lat="49.48369" lon="0.8074">
        <ele>10.4</ele>
      </trkpt>
      <trkpt lat="49.48369" lon="0.80739">
        <ele>10.4</ele>
      </trkpt>
      <trkpt lat="49.4837" lon="0.80739">
        <ele>10.4</ele>
      </trkpt>
      <trkpt lat="49.4837" lon="0.80738">
        <ele>10.4</ele>
      </trkpt>
      <trkpt lat="49.48371" lon="0.80738">
        <ele>10.4</ele>
      </trkpt>
      <trkpt lat="49.48371" lon="0.80737">
        <ele>10.4</ele>
      </trkpt>
      <trkpt lat="49.48372" lon="0.80737">
        <ele>10.4</ele>
      </trkpt>
      <trkpt lat="49.48372" lon="0.80736">
        <ele>10.3</ele>
      </trkpt>
      <trkpt lat="49.48372" lon="0.80735">
        <ele>10.3</ele>
      </trkpt>
      <trkpt lat="49.48373" lon="0.80735">
        <ele>10.3</ele>
      </trkpt>
      <trkpt lat="49.48373" lon="0.807339">
        <ele>10.3</ele>
      </trkpt>
      <trkpt lat="49.48373" lon="0.80733">
        <ele>10.2</ele>
      </trkpt>
      <trkpt lat="49.48373" lon="0.80732">
        <ele>10.2</ele>
      </trkpt>
      <trkpt lat="49.48373" lon="0.80731">
        <ele>10.2</ele>
      </trkpt>
      <trkpt lat="49.48374" lon="0.80731">
        <ele>10.2</ele>
      </trkpt>
      <trkpt lat="49.48374" lon="0.8073">
        <ele>10.1</ele>
      </trkpt>
      <trkpt lat="49.48374" lon="0.807289">
        <ele>10.1</ele>
      </trkpt>
      <trkpt lat="49.48374" lon="0.80728">
        <ele>10.1</ele>
      </trkpt>
      <trkpt lat="49.48374" lon="0.80727">
        <ele>10.0</ele>
      </trkpt>
      <trkpt lat="49.48373" lon="0.80727">
        <ele>10.0</ele>
      </trkpt>
      <trkpt lat="49.48373" lon="0.80726">
        <ele>10.0</ele>
      </trkpt>
      <trkpt lat="49.48373" lon="0.80725">
        <ele>9.9</ele>
      </trkpt>
      <trkpt lat="49.48373" lon="0.80724">
        <ele>9.9</ele>
      </trkpt>
      <trkpt lat="49.48393" lon="0.80707">
        <ele>9.5</ele>
      </trkpt>
      <trkpt lat="49.48445" lon="0.806679">
        <ele>9.4</ele>
      </trkpt>
      <trkpt lat="49.48466" lon="0.80652">
        <ele>10.0</ele>
      </trkpt>
      <trkpt lat="49.48491" lon="0.806339">
        <ele>10.5</ele>
      </trkpt>
      <trkpt lat="49.48494" lon="0.80632">
        <ele>10.5</ele>
      </trkpt>
      <trkpt lat="49.485169" lon="0.80616">
        <ele>10.7</ele>
      </trkpt>
      <trkpt lat="49.48523" lon="0.806119">
        <ele>10.8</ele>
      </trkpt>
      <trkpt lat="49.48579" lon="0.8057">
        <ele>11.7</ele>
      </trkpt>
      <trkpt lat="49.48616" lon="0.80543">
        <ele>11.9</ele>
      </trkpt>
      <trkpt lat="49.48624" lon="0.8054">
        <ele>11.9</ele>
      </trkpt>
      <trkpt lat="49.48663" lon="0.80513">
        <ele>11.5</ele>
      </trkpt>
      <trkpt lat="49.48671" lon="0.805069">
        <ele>11.4</ele>
      </trkpt>
      <trkpt lat="49.48703" lon="0.80484">
        <ele>11.9</ele>
      </trkpt>
      <trkpt lat="49.48719" lon="0.80471">
        <ele>11.9</ele>
      </trkpt>
      <trkpt lat="49.48719" lon="0.80472">
        <ele>11.9</ele>
      </trkpt>
      <trkpt lat="49.4872" lon="0.80472">
        <ele>11.9</ele>
      </trkpt>
      <trkpt lat="49.4872" lon="0.804729">
        <ele>12.0</ele>
      </trkpt>
      <trkpt lat="49.48721" lon="0.804729">
        <ele>12.0</ele>
      </trkpt>
      <trkpt lat="49.48721" lon="0.80474">
        <ele>12.0</ele>
      </trkpt>
      <trkpt lat="49.48722" lon="0.80474">
        <ele>12.1</ele>
      </trkpt>
      <trkpt lat="49.487229" lon="0.80474">
        <ele>12.1</ele>
      </trkpt>
      <trkpt lat="49.48724" lon="0.80474">
        <ele>12.1</ele>
      </trkpt>
      <trkpt lat="49.48725" lon="0.80474">
        <ele>12.1</ele>
      </trkpt>
      <trkpt lat="49.48726" lon="0.80474">
        <ele>12.2</ele>
      </trkpt>
      <trkpt lat="49.48727" lon="0.80474">
        <ele>12.2</ele>
      </trkpt>
      <trkpt lat="49.48727" lon="0.804729">
        <ele>12.1</ele>
      </trkpt>
      <trkpt lat="49.48728" lon="0.804729">
        <ele>12.2</ele>
      </trkpt>
      <trkpt lat="49.48728" lon="0.80472">
        <ele>12.1</ele>
      </trkpt>
      <trkpt lat="49.48729" lon="0.80472">
        <ele>12.2</ele>
      </trkpt>
      <trkpt lat="49.48729" lon="0.80471">
        <ele>12.1</ele>
      </trkpt>
      <trkpt lat="49.4873" lon="0.80471">
        <ele>12.1</ele>
      </trkpt>
      <trkpt lat="49.4873" lon="0.8047">
        <ele>12.1</ele>
      </trkpt>
      <trkpt lat="49.4873" lon="0.80469">
        <ele>12.1</ele>
      </trkpt>
      <trkpt lat="49.48731" lon="0.80469">
        <ele>12.1</ele>
      </trkpt>
      <trkpt lat="49.48731" lon="0.804679">
        <ele>12.0</ele>
      </trkpt>
      <trkpt lat="49.48731" lon="0.80467">
        <ele>12.0</ele>
      </trkpt>
      <trkpt lat="49.48731" lon="0.80466">
        <ele>12.0</ele>
      </trkpt>
      <trkpt lat="49.487319" lon="0.80466">
        <ele>12.0</ele>
      </trkpt>
      <trkpt lat="49.487319" lon="0.80465">
        <ele>11.9</ele>
      </trkpt>
      <trkpt lat="49.487319" lon="0.80464">
        <ele>11.9</ele>
      </trkpt>
      <trkpt lat="49.487319" lon="0.80463">
        <ele>11.9</ele>
      </trkpt>
      <trkpt lat="49.487319" lon="0.80462">
        <ele>11.8</ele>
      </trkpt>
      <trkpt lat="49.487319" lon="0.80461">
        <ele>11.8</ele>
      </trkpt>
      <trkpt lat="49.487319" lon="0.8046">
        <ele>11.7</ele>
      </trkpt>
      <trkpt lat="49.487319" lon="0.80459">
        <ele>11.7</ele>
      </trkpt>
      <trkpt lat="49.48777" lon="0.80425">
        <ele>11.8</ele>
      </trkpt>
      <trkpt lat="49.48803" lon="0.80408">
        <ele>12.0</ele>
      </trkpt>
      <trkpt lat="49.48845" lon="0.80377">
        <ele>12.1</ele>
      </trkpt>
      <trkpt lat="49.48851" lon="0.803679">
        <ele>11.8</ele>
      </trkpt>
      <trkpt lat="49.48883" lon="0.80344">
        <ele>12.0</ele>
      </trkpt>
      <trkpt lat="49.48912" lon="0.80322">
        <ele>12.1</ele>
      </trkpt>
      <trkpt lat="49.489289" lon="0.803069">
        <ele>12.8</ele>
      </trkpt>
      <trkpt lat="49.48939" lon="0.80297">
        <ele>13.2</ele>
      </trkpt>
      <trkpt lat="49.48944" lon="0.80292">
        <ele>13.3</ele>
      </trkpt>
      <trkpt lat="49.48948" lon="0.80287">
        <ele>13.4</ele>
      </trkpt>
      <trkpt lat="49.489579" lon="0.80274">
        <ele>13.3</ele>
      </trkpt>
      <trkpt lat="49.48965" lon="0.80266">
        <ele>13.4</ele>
      </trkpt>
      <trkpt lat="49.48973" lon="0.80257">
        <ele>13.3</ele>
      </trkpt>
      <trkpt lat="49.48979" lon="0.8025">
        <ele>13.2</ele>
      </trkpt>
      <trkpt lat="49.48983" lon="0.802459">
        <ele>13.4</ele>
      </trkpt>
      <trkpt lat="49.48987" lon="0.80243">
        <ele>13.5</ele>
      </trkpt>
      <trkpt lat="49.48992" lon="0.80241">
        <ele>13.8</ele>
      </trkpt>
      <trkpt lat="49.48996" lon="0.8024">
        <ele>14.1</ele>
      </trkpt>
      <trkpt lat="49.49002" lon="0.80238">
        <ele>14.4</ele>
      </trkpt>
      <trkpt lat="49.4903" lon="0.8024">
        <ele>16.5</ele>
      </trkpt>
      <trkpt lat="49.49038" lon="0.80238">
        <ele>17.0</ele>
      </trkpt>
      <trkpt lat="49.49042" lon="0.80238">
        <ele>17.2</ele>
      </trkpt>
      <trkpt lat="49.49047" lon="0.80237">
        <ele>17.5</ele>
      </trkpt>
      <trkpt lat="49.490519" lon="0.80235">
        <ele>17.7</ele>
      </trkpt>
      <trkpt lat="49.49056" lon="0.80233">
        <ele>17.9</ele>
      </trkpt>
      <trkpt lat="49.490609" lon="0.802289">
        <ele>17.9</ele>
      </trkpt>
      <trkpt lat="49.49067" lon="0.802239">
        <ele>18.0</ele>
      </trkpt>
      <trkpt lat="49.49073" lon="0.80218">
        <ele>18.0</ele>
      </trkpt>
      <trkpt lat="49.49081" lon="0.80209">
        <ele>17.9</ele>
      </trkpt>
      <trkpt lat="49.49088" lon="0.802">
        <ele>17.9</ele>
      </trkpt>
      <trkpt lat="49.49097" lon="0.801899">
        <ele>18.1</ele>
      </trkpt>
      <trkpt lat="49.49111" lon="0.80177">
        <ele>18.5</ele>
      </trkpt>
      <trkpt lat="49.49122" lon="0.801679">
        <ele>18.8</ele>
      </trkpt>
      <trkpt lat="49.49131" lon="0.8016">
        <ele>19.0</ele>
      </trkpt>
      <trkpt lat="49.4914" lon="0.80154">
        <ele>19.2</ele>
      </trkpt>
      <trkpt lat="49.49156" lon="0.80142">
        <ele>19.4</ele>
      </trkpt>
      <trkpt lat="49.49179" lon="0.80121">
        <ele>19.3</ele>
      </trkpt>
      <trkpt lat="49.49192" lon="0.80108">
        <ele>19.2</ele>
      </trkpt>
      <trkpt lat="49.49201" lon="0.80098">
        <ele>19.0</ele>
      </trkpt>
      <trkpt lat="49.49214" lon="0.80082">
        <ele>18.4</ele>
      </trkpt>
      <trkpt lat="49.492489" lon="0.80039">
        <ele>17.1</ele>
      </trkpt>
      <trkpt lat="49.49283" lon="0.79995">
        <ele>15.8</ele>
      </trkpt>
      <trkpt lat="49.49326" lon="0.79939">
        <ele>16.0</ele>
      </trkpt>
      <trkpt lat="49.4938" lon="0.79869">
        <ele>15.7</ele>
      </trkpt>
      <trkpt lat="49.49395" lon="0.79851">
        <ele>15.7</ele>
      </trkpt>
      <trkpt lat="49.49426" lon="0.79811">
        <ele>16.0</ele>
      </trkpt>
      <trkpt lat="49.49439" lon="0.79795">
        <ele>16.4</ele>
      </trkpt>
      <trkpt lat="49.49448" lon="0.79783">
        <ele>16.6</ele>
      </trkpt>
      <trkpt lat="49.49467" lon="0.79758">
        <ele>17.0</ele>
      </trkpt>
      <trkpt lat="49.4949" lon="0.79729">
        <ele>17.3</ele>
      </trkpt>
      <trkpt lat="49.49496" lon="0.79722">
        <ele>17.4</ele>
      </trkpt>
      <trkpt lat="49.49525" lon="0.79686">
        <ele>18.2</ele>
      </trkpt>
      <trkpt lat="49.49647" lon="0.79529">
        <ele>16.2</ele>
      </trkpt>
      <trkpt lat="49.49647" lon="0.7953">
        <ele>16.3</ele>
      </trkpt>
      <trkpt lat="49.49648" lon="0.79531">
        <ele>16.5</ele>
      </trkpt>
      <trkpt lat="49.49648" lon="0.79532">
        <ele>16.6</ele>
      </trkpt>
      <trkpt lat="49.49649" lon="0.79532">
        <ele>16.6</ele>
      </trkpt>
      <trkpt lat="49.4965" lon="0.79532">
        <ele>16.7</ele>
      </trkpt>
      <trkpt lat="49.49651" lon="0.79532">
        <ele>16.8</ele>
      </trkpt>
      <trkpt lat="49.496519" lon="0.79532">
        <ele>16.9</ele>
      </trkpt>
      <trkpt lat="49.49653" lon="0.79532">
        <ele>17.0</ele>
      </trkpt>
      <trkpt lat="49.49653" lon="0.79531">
        <ele>16.9</ele>
      </trkpt>
      <trkpt lat="49.49654" lon="0.79531">
        <ele>17.0</ele>
      </trkpt>
      <trkpt lat="49.49654" lon="0.7953">
        <ele>16.9</ele>
      </trkpt>
      <trkpt lat="49.49654" lon="0.79529">
        <ele>16.8</ele>
      </trkpt>
      <trkpt lat="49.49655" lon="0.79529">
        <ele>16.8</ele>
      </trkpt>
      <trkpt lat="49.49655" lon="0.79528">
        <ele>16.8</ele>
      </trkpt>
      <trkpt lat="49.49655" lon="0.79527">
        <ele>16.7</ele>
      </trkpt>
      <trkpt lat="49.49655" lon="0.79526">
        <ele>16.6</ele>
      </trkpt>
      <trkpt lat="49.49655" lon="0.79525">
        <ele>16.5</ele>
      </trkpt>
      <trkpt lat="49.49655" lon="0.795239">
        <ele>16.4</ele>
      </trkpt>
      <trkpt lat="49.49655" lon="0.79523">
        <ele>16.3</ele>
      </trkpt>
      <trkpt lat="49.49655" lon="0.79522">
        <ele>16.2</ele>
      </trkpt>
      <trkpt lat="49.49654" lon="0.79522">
        <ele>16.1</ele>
      </trkpt>
      <trkpt lat="49.49654" lon="0.79521">
        <ele>16.0</ele>
      </trkpt>
      <trkpt lat="49.49654" lon="0.7952">
        <ele>15.9</ele>
      </trkpt>
      <trkpt lat="49.49653" lon="0.7952">
        <ele>15.9</ele>
      </trkpt>
      <trkpt lat="49.49714" lon="0.79442">
        <ele>14.8</ele>
      </trkpt>
      <trkpt lat="49.49819" lon="0.7931">
        <ele>13.5</ele>
      </trkpt>
      <trkpt lat="49.49827" lon="0.79301">
        <ele>13.6</ele>
      </trkpt>
      <trkpt lat="49.49844" lon="0.79279">
        <ele>14.2</ele>
      </trkpt>
      <trkpt lat="49.49869" lon="0.79247">
        <ele>15.3</ele>
      </trkpt>
      <trkpt lat="49.49918" lon="0.79184">
        <ele>17.0</ele>
      </trkpt>
      <trkpt lat="49.49942" lon="0.79152">
        <ele>17.6</ele>
      </trkpt>
      <trkpt lat="49.49948" lon="0.7914">
        <ele>17.0</ele>
      </trkpt>
      <trkpt lat="49.50058" lon="0.789969">
        <ele>14.7</ele>
      </trkpt>
      <trkpt lat="49.50136" lon="0.78896">
        <ele>14.9</ele>
      </trkpt>
      <trkpt lat="49.501779" lon="0.78842">
        <ele>15.5</ele>
      </trkpt>
      <trkpt lat="49.50198" lon="0.78817">
        <ele>16.5</ele>
      </trkpt>
      <trkpt lat="49.50204" lon="0.78809">
        <ele>16.6</ele>
      </trkpt>
      <trkpt lat="49.50222" lon="0.78785">
        <ele>16.4</ele>
      </trkpt>
      <trkpt lat="49.50241" lon="0.78764">
        <ele>16.0</ele>
      </trkpt>
      <trkpt lat="49.50255" lon="0.7875">
        <ele>15.7</ele>
      </trkpt>
      <trkpt lat="49.50266" lon="0.78741">
        <ele>16.5</ele>
      </trkpt>
      <trkpt lat="49.50274" lon="0.78734">
        <ele>17.0</ele>
      </trkpt>
      <trkpt lat="49.50291" lon="0.78723">
        <ele>18.3</ele>
      </trkpt>
      <trkpt lat="49.50317" lon="0.78706">
        <ele>20.1</ele>
      </trkpt>
      <trkpt lat="49.50373" lon="0.78671">
        <ele>20.9</ele>
      </trkpt>
      <trkpt lat="49.5048" lon="0.78606">
        <ele>21.8</ele>
      </trkpt>
      <trkpt lat="49.50493" lon="0.78595">
        <ele>22.6</ele>
      </trkpt>
      <trkpt lat="49.50508" lon="0.78582">
        <ele>24.5</ele>
      </trkpt>
      <trkpt lat="49.50514" lon="0.78577">
        <ele>25.3</ele>
      </trkpt>
      <trkpt lat="49.50536" lon="0.785529">
        <ele>27.5</ele>
      </trkpt>
      <trkpt lat="49.50602" lon="0.7848">
        <ele>32.1</ele>
      </trkpt>
      <trkpt lat="49.50656" lon="0.78419">
        <ele>34.2</ele>
      </trkpt>
      <trkpt lat="49.50669" lon="0.78403">
        <ele>33.9</ele>
      </trkpt>
      <trkpt lat="49.50771" lon="0.78294">
        <ele>33.7</ele>
      </trkpt>
      <trkpt lat="49.50878" lon="0.78179">
        <ele>38.8</ele>
      </trkpt>
      <trkpt lat="49.50916" lon="0.78126">
        <ele>37.6</ele>
      </trkpt>
      <trkpt lat="49.51059" lon="0.77927">
        <ele>36.2</ele>
      </trkpt>
      <trkpt lat="49.5112" lon="0.77843">
        <ele>30.9</ele>
      </trkpt>
      <trkpt lat="49.51142" lon="0.77811">
        <ele>29.8</ele>
      </trkpt>
      <trkpt lat="49.51155" lon="0.77793">
        <ele>29.5</ele>
      </trkpt>
      <trkpt lat="49.51169" lon="0.777699">
        <ele>29.0</ele>
      </trkpt>
      <trkpt lat="49.51199" lon="0.77723">
        <ele>32.7</ele>
      </trkpt>
      <trkpt lat="49.512009" lon="0.77719">
        <ele>32.8</ele>
      </trkpt>
      <trkpt lat="49.51239" lon="0.77656">
        <ele>36.1</ele>
      </trkpt>
      <trkpt lat="49.51272" lon="0.77602">
        <ele>37.3</ele>
      </trkpt>
      <trkpt lat="49.51289" lon="0.77573">
        <ele>37.7</ele>
      </trkpt>
      <trkpt lat="49.51298" lon="0.77559">
        <ele>38.0</ele>
      </trkpt>
      <trkpt lat="49.51333" lon="0.77499">
        <ele>34.7</ele>
      </trkpt>
      <trkpt lat="49.51344" lon="0.77481">
        <ele>35.7</ele>
      </trkpt>
      <trkpt lat="49.5139" lon="0.77403">
        <ele>37.0</ele>
      </trkpt>
      <trkpt lat="49.514249" lon="0.773429">
        <ele>34.7</ele>
      </trkpt>
      <trkpt lat="49.5146" lon="0.77283">
        <ele>37.3</ele>
      </trkpt>
      <trkpt lat="49.51523" lon="0.77177">
        <ele>36.6</ele>
      </trkpt>
      <trkpt lat="49.51547" lon="0.77136">
        <ele>38.0</ele>
      </trkpt>
      <trkpt lat="49.51607" lon="0.77032">
        <ele>36.4</ele>
      </trkpt>
      <trkpt lat="49.51691" lon="0.7689">
        <ele>36.2</ele>
      </trkpt>
      <trkpt lat="49.51717" lon="0.768429">
        <ele>36.9</ele>
      </trkpt>
      <trkpt lat="49.51727" lon="0.76826">
        <ele>37.3</ele>
      </trkpt>
      <trkpt lat="49.51738" lon="0.76805">
        <ele>37.0</ele>
      </trkpt>
      <trkpt lat="49.51749" lon="0.76783">
        <ele>35.8</ele>
      </trkpt>
      <trkpt lat="49.5176" lon="0.76759">
        <ele>35.0</ele>
      </trkpt>
      <trkpt lat="49.51791" lon="0.76694">
        <ele>36.7</ele>
      </trkpt>
      <trkpt lat="49.51817" lon="0.76637">
        <ele>36.4</ele>
      </trkpt>
      <trkpt lat="49.51827" lon="0.76617">
        <ele>35.6</ele>
      </trkpt>
      <trkpt lat="49.51831" lon="0.76606">
        <ele>34.4</ele>
      </trkpt>
      <trkpt lat="49.51838" lon="0.76589">
        <ele>33.3</ele>
      </trkpt>
      <trkpt lat="49.51847" lon="0.76565">
        <ele>33.5</ele>
      </trkpt>
      <trkpt lat="49.51858" lon="0.76536">
        <ele>34.2</ele>
      </trkpt>
      <trkpt lat="49.51859" lon="0.76531">
        <ele>33.9</ele>
      </trkpt>
      <trkpt lat="49.51864" lon="0.76517">
        <ele>34.0</ele>
      </trkpt>
      <trkpt lat="49.51867" lon="0.76508">
        <ele>33.9</ele>
      </trkpt>
      <trkpt lat="49.51875" lon="0.7648">
        <ele>33.6</ele>
      </trkpt>
      <trkpt lat="49.51906" lon="0.76376">
        <ele>29.8</ele>
      </trkpt>
      <trkpt lat="49.51949" lon="0.76243">
        <ele>25.3</ele>
      </trkpt>
      <trkpt lat="49.51979" lon="0.76151">
        <ele>22.9</ele>
      </trkpt>
      <trkpt lat="49.52001" lon="0.76076">
        <ele>17.7</ele>
      </trkpt>
      <trkpt lat="49.52019" lon="0.760159">
        <ele>17.0</ele>
      </trkpt>
      <trkpt lat="49.5204" lon="0.75943">
        <ele>13.3</ele>
      </trkpt>
      <trkpt lat="49.5205" lon="0.75913">
        <ele>11.0</ele>
      </trkpt>
      <trkpt lat="49.52067" lon="0.75861">
        <ele>8.1</ele>
      </trkpt>
      <trkpt lat="49.52074" lon="0.75846">
        <ele>7.0</ele>
      </trkpt>
      <trkpt lat="49.52082" lon="0.7583">
        <ele>6.0</ele>
      </trkpt>
      <trkpt lat="49.520919" lon="0.75813">
        <ele>6.3</ele>
      </trkpt>
      <trkpt lat="49.52104" lon="0.75795">
        <ele>6.5</ele>
      </trkpt>
      <trkpt lat="49.52119" lon="0.75774">
        <ele>6.5</ele>
      </trkpt>
      <trkpt lat="49.52191" lon="0.75679">
        <ele>4.9</ele>
      </trkpt>
      <trkpt lat="49.521949" lon="0.75673">
        <ele>4.7</ele>
      </trkpt>
      <trkpt lat="49.52206" lon="0.75658">
        <ele>4.6</ele>
      </trkpt>
      <trkpt lat="49.52214" lon="0.75645">
        <ele>4.5</ele>
      </trkpt>
      <trkpt lat="49.52222" lon="0.75632">
        <ele>4.5</ele>
      </trkpt>
      <trkpt lat="49.5223" lon="0.75616">
        <ele>4.4</ele>
      </trkpt>
      <trkpt lat="49.52237" lon="0.75604">
        <ele>4.3</ele>
      </trkpt>
      <trkpt lat="49.522419" lon="0.75593">
        <ele>4.2</ele>
      </trkpt>
      <trkpt lat="49.52247" lon="0.75583">
        <ele>4.1</ele>
      </trkpt>
      <trkpt lat="49.52255" lon="0.75561">
        <ele>3.6</ele>
      </trkpt>
      <trkpt lat="49.52264" lon="0.755329">
        <ele>3.3</ele>
      </trkpt>
      <trkpt lat="49.52273" lon="0.75498">
        <ele>3.1</ele>
      </trkpt>
      <trkpt lat="49.52316" lon="0.75282">
        <ele>5.2</ele>
      </trkpt>
      <trkpt lat="49.52322" lon="0.75242">
        <ele>5.5</ele>
      </trkpt>
      <trkpt lat="49.52324" lon="0.75212">
        <ele>5.3</ele>
      </trkpt>
      <trkpt lat="49.52324" lon="0.75179">
        <ele>5.0</ele>
      </trkpt>
      <trkpt lat="49.52326" lon="0.75103">
        <ele>4.2</ele>
      </trkpt>
      <trkpt lat="49.523269" lon="0.75077">
        <ele>4.1</ele>
      </trkpt>
      <trkpt lat="49.523269" lon="0.75066">
        <ele>4.4</ele>
      </trkpt>
      <trkpt lat="49.52329" lon="0.75026">
        <ele>5.3</ele>
      </trkpt>
      <trkpt lat="49.5233" lon="0.75011">
        <ele>5.7</ele>
      </trkpt>
      <trkpt lat="49.52331" lon="0.74998">
        <ele>6.0</ele>
      </trkpt>
      <trkpt lat="49.52333" lon="0.7498">
        <ele>6.7</ele>
      </trkpt>
      <trkpt lat="49.52333" lon="0.7498">
        <ele>6.7</ele>
      </trkpt>
      <trkpt lat="49.52334" lon="0.74979">
        <ele>7.0</ele>
      </trkpt>
      <trkpt lat="49.52335" lon="0.74979">
        <ele>7.2</ele>
      </trkpt>
      <trkpt lat="49.523359" lon="0.74979">
        <ele>7.5</ele>
      </trkpt>
      <trkpt lat="49.52337" lon="0.74978">
        <ele>7.9</ele>
      </trkpt>
      <trkpt lat="49.52338" lon="0.74978">
        <ele>8.1</ele>
      </trkpt>
      <trkpt lat="49.52339" lon="0.74977">
        <ele>8.5</ele>
      </trkpt>
      <trkpt lat="49.5234" lon="0.74976">
        <ele>8.8</ele>
      </trkpt>
      <trkpt lat="49.52341" lon="0.74975">
        <ele>9.1</ele>
      </trkpt>
      <trkpt lat="49.52342" lon="0.74974">
        <ele>9.5</ele>
      </trkpt>
      <trkpt lat="49.52343" lon="0.74973">
        <ele>9.8</ele>
      </trkpt>
      <trkpt lat="49.52344" lon="0.74972">
        <ele>10.2</ele>
      </trkpt>
      <trkpt lat="49.52344" lon="0.74971">
        <ele>10.2</ele>
      </trkpt>
      <trkpt lat="49.523449" lon="0.7497">
        <ele>10.6</ele>
      </trkpt>
      <trkpt lat="49.523449" lon="0.74969">
        <ele>10.6</ele>
      </trkpt>
      <trkpt lat="49.52346" lon="0.74968">
        <ele>11.0</ele>
      </trkpt>
      <trkpt lat="49.52346" lon="0.749669">
        <ele>11.0</ele>
      </trkpt>
      <trkpt lat="49.52347" lon="0.74966">
        <ele>11.4</ele>
      </trkpt>
      <trkpt lat="49.52347" lon="0.74965">
        <ele>11.4</ele>
      </trkpt>
      <trkpt lat="49.52347" lon="0.74964">
        <ele>11.5</ele>
      </trkpt>
      <trkpt lat="49.52347" lon="0.74963">
        <ele>11.5</ele>
      </trkpt>
      <trkpt lat="49.52348" lon="0.74961">
        <ele>11.9</ele>
      </trkpt>
      <trkpt lat="49.52348" lon="0.7496">
        <ele>12.0</ele>
      </trkpt>
      <trkpt lat="49.52348" lon="0.74959">
        <ele>12.0</ele>
      </trkpt>
      <trkpt lat="49.52348" lon="0.74957">
        <ele>12.2</ele>
      </trkpt>
      <trkpt lat="49.52348" lon="0.74956">
        <ele>12.2</ele>
      </trkpt>
      <trkpt lat="49.52348" lon="0.74955">
        <ele>12.3</ele>
      </trkpt>
      <trkpt lat="49.52348" lon="0.74954">
        <ele>12.3</ele>
      </trkpt>
      <trkpt lat="49.52348" lon="0.74953">
        <ele>12.4</ele>
      </trkpt>
      <trkpt lat="49.52347" lon="0.74952">
        <ele>12.1</ele>
      </trkpt>
      <trkpt lat="49.52347" lon="0.74951">
        <ele>12.1</ele>
      </trkpt>
      <trkpt lat="49.52347" lon="0.7495">
        <ele>12.2</ele>
      </trkpt>
      <trkpt lat="49.52347" lon="0.74949">
        <ele>12.3</ele>
      </trkpt>
      <trkpt lat="49.52346" lon="0.74948">
        <ele>12.0</ele>
      </trkpt>
      <trkpt lat="49.52346" lon="0.74947">
        <ele>12.0</ele>
      </trkpt>
      <trkpt lat="49.523449" lon="0.74946">
        <ele>11.8</ele>
      </trkpt>
      <trkpt lat="49.523449" lon="0.749449">
        <ele>11.8</ele>
      </trkpt>
      <trkpt lat="49.523449" lon="0.74944">
        <ele>11.9</ele>
      </trkpt>
      <trkpt lat="49.52344" lon="0.74943">
        <ele>11.6</ele>
      </trkpt>
      <trkpt lat="49.52343" lon="0.74942">
        <ele>11.3</ele>
      </trkpt>
      <trkpt lat="49.5234" lon="0.74933">
        <ele>10.7</ele>
      </trkpt>
      <trkpt lat="49.52339" lon="0.74924">
        <ele>10.7</ele>
      </trkpt>
      <trkpt lat="49.52339" lon="0.74903">
        <ele>11.8</ele>
      </trkpt>
      <trkpt lat="49.5234" lon="0.74876">
        <ele>13.6</ele>
      </trkpt>
      <trkpt lat="49.523539" lon="0.74609">
        <ele>20.0</ele>
      </trkpt>
      <trkpt lat="49.52362" lon="0.74476">
        <ele>22.3</ele>
      </trkpt>
      <trkpt lat="49.52361" lon="0.74461">
        <ele>21.5</ele>
      </trkpt>
      <trkpt lat="49.52362" lon="0.74441">
        <ele>21.3</ele>
      </trkpt>
      <trkpt lat="49.52365" lon="0.74367">
        <ele>18.7</ele>
      </trkpt>
      <trkpt lat="49.52366" lon="0.74326">
        <ele>16.7</ele>
      </trkpt>
      <trkpt lat="49.52371" lon="0.7422">
        <ele>12.5</ele>
      </trkpt>
      <trkpt lat="49.523739" lon="0.74188">
        <ele>11.7</ele>
      </trkpt>
      <trkpt lat="49.52375" lon="0.74186">
        <ele>11.8</ele>
      </trkpt>
      <trkpt lat="49.52379" lon="0.74145">
        <ele>12.5</ele>
      </trkpt>
      <trkpt lat="49.52382" lon="0.74108">
        <ele>14.4</ele>
      </trkpt>
      <trkpt lat="49.52387" lon="0.74059">
        <ele>16.1</ele>
      </trkpt>
      <trkpt lat="49.524009" lon="0.73943">
        <ele>18.9</ele>
      </trkpt>
      <trkpt lat="49.52412" lon="0.73862">
        <ele>19.2</ele>
      </trkpt>
      <trkpt lat="49.52428" lon="0.73719">
        <ele>20.7</ele>
      </trkpt>
      <trkpt lat="49.52436" lon="0.73634">
        <ele>22.3</ele>
      </trkpt>
      <trkpt lat="49.52436" lon="0.73621">
        <ele>21.9</ele>
      </trkpt>
      <trkpt lat="49.5244" lon="0.73586">
        <ele>22.5</ele>
      </trkpt>
      <trkpt lat="49.52442" lon="0.73566">
        <ele>22.6</ele>
      </trkpt>
      <trkpt lat="49.5245" lon="0.73487">
        <ele>23.5</ele>
      </trkpt>
      <trkpt lat="49.52453" lon="0.73462">
        <ele>24.0</ele>
      </trkpt>
      <trkpt lat="49.52458" lon="0.73412">
        <ele>24.2</ele>
      </trkpt>
      <trkpt lat="49.52466" lon="0.733349">
        <ele>22.9</ele>
      </trkpt>
      <trkpt lat="49.5248" lon="0.73199">
        <ele>20.2</ele>
      </trkpt>
      <trkpt lat="49.52481" lon="0.73185">
        <ele>19.6</ele>
      </trkpt>
      <trkpt lat="49.52484" lon="0.73145">
        <ele>17.8</ele>
      </trkpt>
      <trkpt lat="49.52485" lon="0.731299">
        <ele>17.2</ele>
      </trkpt>
      <trkpt lat="49.52485" lon="0.73118">
        <ele>16.6</ele>
      </trkpt>
      <trkpt lat="49.524859" lon="0.73109">
        <ele>16.3</ele>
      </trkpt>
      <trkpt lat="49.52485" lon="0.73097">
        <ele>15.6</ele>
      </trkpt>
      <trkpt lat="49.52483" lon="0.7301">
        <ele>12.3</ele>
      </trkpt>
      <trkpt lat="49.52482" lon="0.72998">
        <ele>11.9</ele>
      </trkpt>
      <trkpt lat="49.52482" lon="0.72972">
        <ele>11.7</ele>
      </trkpt>
      <trkpt lat="49.5248" lon="0.72895">
        <ele>10.8</ele>
      </trkpt>
      <trkpt lat="49.52479" lon="0.72872">
        <ele>10.4</ele>
      </trkpt>
      <trkpt lat="49.52474" lon="0.72854">
        <ele>9.8</ele>
      </trkpt>
      <trkpt lat="49.5246" lon="0.72824">
        <ele>8.0</ele>
      </trkpt>
      <trkpt lat="49.52457" lon="0.72814">
        <ele>7.6</ele>
      </trkpt>
      <trkpt lat="49.52454" lon="0.72805">
        <ele>7.2</ele>
      </trkpt>
      <trkpt lat="49.52452" lon="0.72797">
        <ele>7.0</ele>
      </trkpt>
      <trkpt lat="49.52449" lon="0.727859">
        <ele>6.5</ele>
      </trkpt>
      <trkpt lat="49.52446" lon="0.72771">
        <ele>6.1</ele>
      </trkpt>
      <trkpt lat="49.52446" lon="0.72761">
        <ele>5.9</ele>
      </trkpt>
      <trkpt lat="49.52445" lon="0.72754">
        <ele>5.8</ele>
      </trkpt>
      <trkpt lat="49.52445" lon="0.72739">
        <ele>5.6</ele>
      </trkpt>
      <trkpt lat="49.52445" lon="0.72646">
        <ele>5.7</ele>
      </trkpt>
      <trkpt lat="49.52446" lon="0.72628">
        <ele>6.3</ele>
      </trkpt>
      <trkpt lat="49.52445" lon="0.72598">
        <ele>7.2</ele>
      </trkpt>
      <trkpt lat="49.52447" lon="0.72502">
        <ele>5.8</ele>
      </trkpt>
      <trkpt lat="49.5245" lon="0.724469">
        <ele>6.4</ele>
      </trkpt>
      <trkpt lat="49.5245" lon="0.72433">
        <ele>6.6</ele>
      </trkpt>
      <trkpt lat="49.52451" lon="0.72412">
        <ele>6.9</ele>
      </trkpt>
      <trkpt lat="49.52453" lon="0.72397">
        <ele>7.2</ele>
      </trkpt>
      <trkpt lat="49.52458" lon="0.72377">
        <ele>7.7</ele>
      </trkpt>
      <trkpt lat="49.52465" lon="0.72368">
        <ele>8.1</ele>
      </trkpt>
      <trkpt lat="49.524679" lon="0.7236">
        <ele>8.3</ele>
      </trkpt>
      <trkpt lat="49.52472" lon="0.7235">
        <ele>8.7</ele>
      </trkpt>
      <trkpt lat="49.52478" lon="0.72341">
        <ele>9.0</ele>
      </trkpt>
      <trkpt lat="49.52488" lon="0.72321">
        <ele>9.8</ele>
      </trkpt>
      <trkpt lat="49.52488" lon="0.72321">
        <ele>9.8</ele>
      </trkpt>
      <trkpt lat="49.52489" lon="0.72321">
        <ele>9.9</ele>
      </trkpt>
      <trkpt lat="49.52489" lon="0.7232">
        <ele>9.9</ele>
      </trkpt>
      <trkpt lat="49.5249" lon="0.7232">
        <ele>9.9</ele>
      </trkpt>
      <trkpt lat="49.52491" lon="0.7232">
        <ele>10.0</ele>
      </trkpt>
      <trkpt lat="49.52491" lon="0.72319">
        <ele>10.0</ele>
      </trkpt>
      <trkpt lat="49.52492" lon="0.72318">
        <ele>10.0</ele>
      </trkpt>
      <trkpt lat="49.52493" lon="0.72317">
        <ele>10.1</ele>
      </trkpt>
      <trkpt lat="49.52493" lon="0.72316">
        <ele>10.1</ele>
      </trkpt>
      <trkpt lat="49.52494" lon="0.72315">
        <ele>10.2</ele>
      </trkpt>
      <trkpt lat="49.52494" lon="0.72314">
        <ele>10.2</ele>
      </trkpt>
      <trkpt lat="49.52494" lon="0.72313">
        <ele>10.2</ele>
      </trkpt>
      <trkpt lat="49.52494" lon="0.72312">
        <ele>10.3</ele>
      </trkpt>
      <trkpt lat="49.52494" lon="0.72311">
        <ele>10.3</ele>
      </trkpt>
      <trkpt lat="49.52494" lon="0.7231">
        <ele>10.3</ele>
      </trkpt>
      <trkpt lat="49.52494" lon="0.72309">
        <ele>10.3</ele>
      </trkpt>
      <trkpt lat="49.52494" lon="0.723079">
        <ele>10.3</ele>
      </trkpt>
      <trkpt lat="49.52494" lon="0.72307">
        <ele>10.4</ele>
      </trkpt>
      <trkpt lat="49.52494" lon="0.72306">
        <ele>10.4</ele>
      </trkpt>
      <trkpt lat="49.52493" lon="0.72306">
        <ele>10.3</ele>
      </trkpt>
      <trkpt lat="49.52493" lon="0.72305">
        <ele>10.4</ele>
      </trkpt>
      <trkpt lat="49.52492" lon="0.72304">
        <ele>10.3</ele>
      </trkpt>
      <trkpt lat="49.52492" lon="0.723029">
        <ele>10.4</ele>
      </trkpt>
      <trkpt lat="49.52491" lon="0.723029">
        <ele>10.3</ele>
      </trkpt>
      <trkpt lat="49.52491" lon="0.72302">
        <ele>10.3</ele>
      </trkpt>
      <trkpt lat="49.5249" lon="0.72302">
        <ele>10.3</ele>
      </trkpt>
      <trkpt lat="49.5249" lon="0.72301">
        <ele>10.3</ele>
      </trkpt>
      <trkpt lat="49.52489" lon="0.72301">
        <ele>10.3</ele>
      </trkpt>
      <trkpt lat="49.52488" lon="0.72301">
        <ele>10.2</ele>
      </trkpt>
      <trkpt lat="49.5249" lon="0.72252">
        <ele>11.4</ele>
      </trkpt>
      <trkpt lat="49.52487" lon="0.72243">
        <ele>11.6</ele>
      </trkpt>
      <trkpt lat="49.5248" lon="0.72176">
        <ele>14.2</ele>
      </trkpt>
      <trkpt lat="49.52472" lon="0.721">
        <ele>15.2</ele>
      </trkpt>
      <trkpt lat="49.52464" lon="0.72037">
        <ele>15.9</ele>
      </trkpt>
      <trkpt lat="49.52458" lon="0.71999">
        <ele>16.0</ele>
      </trkpt>
      <trkpt lat="49.5245" lon="0.71958">
        <ele>16.1</ele>
      </trkpt>
      <trkpt lat="49.52447" lon="0.71944">
        <ele>15.9</ele>
      </trkpt>
      <trkpt lat="49.52438" lon="0.719029">
        <ele>15.2</ele>
      </trkpt>
      <trkpt lat="49.52438" lon="0.71891">
        <ele>15.8</ele>
      </trkpt>
      <trkpt lat="49.52433" lon="0.71876">
        <ele>15.4</ele>
      </trkpt>
      <trkpt lat="49.52424" lon="0.71852">
        <ele>14.2</ele>
      </trkpt>
      <trkpt lat="49.52418" lon="0.7184">
        <ele>13.1</ele>
      </trkpt>
      <trkpt lat="49.52416" lon="0.71835">
        <ele>12.8</ele>
      </trkpt>
      <trkpt lat="49.52415" lon="0.7183">
        <ele>12.7</ele>
      </trkpt>
      <trkpt lat="49.52413" lon="0.71825">
        <ele>12.2</ele>
      </trkpt>
      <trkpt lat="49.52411" lon="0.71815">
        <ele>11.7</ele>
      </trkpt>
      <trkpt lat="49.52409" lon="0.71795">
        <ele>11.0</ele>
      </trkpt>
      <trkpt lat="49.52408" lon="0.71779">
        <ele>10.5</ele>
      </trkpt>
      <trkpt lat="49.52408" lon="0.71755">
        <ele>10.0</ele>
      </trkpt>
      <trkpt lat="49.52409" lon="0.71722">
        <ele>11.4</ele>
      </trkpt>
      <trkpt lat="49.5241" lon="0.71706">
        <ele>12.4</ele>
      </trkpt>
      <trkpt lat="49.5241" lon="0.71696">
        <ele>12.9</ele>
      </trkpt>
      <trkpt lat="49.52412" lon="0.71664">
        <ele>14.6</ele>
      </trkpt>
      <trkpt lat="49.52412" lon="0.716419">
        <ele>15.4</ele>
      </trkpt>
      <trkpt lat="49.52413" lon="0.71627">
        <ele>16.0</ele>
      </trkpt>
      <trkpt lat="49.52413" lon="0.715979">
        <ele>17.0</ele>
      </trkpt>
      <trkpt lat="49.52413" lon="0.71593">
        <ele>17.2</ele>
      </trkpt>
      <trkpt lat="49.52408" lon="0.71582">
        <ele>16.9</ele>
      </trkpt>
      <trkpt lat="49.52407" lon="0.71561">
        <ele>16.9</ele>
      </trkpt>
      <trkpt lat="49.52404" lon="0.71519">
        <ele>16.6</ele>
      </trkpt>
      <trkpt lat="49.52402" lon="0.71505">
        <ele>16.3</ele>
      </trkpt>
      <trkpt lat="49.524009" lon="0.7149">
        <ele>16.4</ele>
      </trkpt>
      <trkpt lat="49.52399" lon="0.714759">
        <ele>16.4</ele>
      </trkpt>
      <trkpt lat="49.52396" lon="0.7145">
        <ele>16.3</ele>
      </trkpt>
      <trkpt lat="49.52393" lon="0.714369">
        <ele>15.9</ele>
      </trkpt>
      <trkpt lat="49.52384" lon="0.71385">
        <ele>15.6</ele>
      </trkpt>
      <trkpt lat="49.523359" lon="0.71116">
        <ele>10.3</ele>
      </trkpt>
      <trkpt lat="49.52329" lon="0.71074">
        <ele>10.3</ele>
      </trkpt>
      <trkpt lat="49.52325" lon="0.71046">
        <ele>11.6</ele>
      </trkpt>
      <trkpt lat="49.52312" lon="0.709759">
        <ele>13.4</ele>
      </trkpt>
      <trkpt lat="49.52304" lon="0.70935">
        <ele>13.9</ele>
      </trkpt>
      <trkpt lat="49.52284" lon="0.7084">
        <ele>13.2</ele>
      </trkpt>
      <trkpt lat="49.522799" lon="0.70819">
        <ele>11.9</ele>
      </trkpt>
      <trkpt lat="49.52272" lon="0.70781">
        <ele>8.0</ele>
      </trkpt>
      <trkpt lat="49.52245" lon="0.70646">
        <ele>4.5</ele>
      </trkpt>
      <trkpt lat="49.522329" lon="0.70583">
        <ele>8.0</ele>
      </trkpt>
      <trkpt lat="49.52212" lon="0.7048">
        <ele>9.8</ele>
      </trkpt>
      <trkpt lat="49.52161" lon="0.7022">
        <ele>10.5</ele>
      </trkpt>
      <trkpt lat="49.5216" lon="0.70216">
        <ele>10.7</ele>
      </trkpt>
      <trkpt lat="49.52155" lon="0.70189">
        <ele>12.5</ele>
      </trkpt>
      <trkpt lat="49.5215" lon="0.70163">
        <ele>13.7</ele>
      </trkpt>
      <trkpt lat="49.52104" lon="0.69935">
        <ele>16.5</ele>
      </trkpt>
      <trkpt lat="49.52061" lon="0.69719">
        <ele>15.1</ele>
      </trkpt>
      <trkpt lat="49.520539" lon="0.69684">
        <ele>15.3</ele>
      </trkpt>
      <trkpt lat="49.52047" lon="0.69654">
        <ele>15.9</ele>
      </trkpt>
      <trkpt lat="49.52038" lon="0.69606">
        <ele>20.1</ele>
      </trkpt>
      <trkpt lat="49.52012" lon="0.69481">
        <ele>22.3</ele>
      </trkpt>
      <trkpt lat="49.51999" lon="0.69415">
        <ele>19.8</ele>
      </trkpt>
      <trkpt lat="49.51996" lon="0.69394">
        <ele>19.8</ele>
      </trkpt>
      <trkpt lat="49.51994" lon="0.69376">
        <ele>19.9</ele>
      </trkpt>
      <trkpt lat="49.51993" lon="0.69358">
        <ele>20.3</ele>
      </trkpt>
      <trkpt lat="49.51991" lon="0.69313">
        <ele>20.5</ele>
      </trkpt>
      <trkpt lat="49.5199" lon="0.69267">
        <ele>20.2</ele>
      </trkpt>
      <trkpt lat="49.51988" lon="0.69233">
        <ele>20.9</ele>
      </trkpt>
      <trkpt lat="49.51985" lon="0.69205">
        <ele>22.2</ele>
      </trkpt>
      <trkpt lat="49.51982" lon="0.691829">
        <ele>23.0</ele>
      </trkpt>
      <trkpt lat="49.51978" lon="0.69165">
        <ele>23.3</ele>
      </trkpt>
      <trkpt lat="49.51968" lon="0.69125">
        <ele>22.7</ele>
      </trkpt>
      <trkpt lat="49.51955" lon="0.69075">
        <ele>21.2</ele>
      </trkpt>
      <trkpt lat="49.51954" lon="0.6907">
        <ele>21.0</ele>
      </trkpt>
      <trkpt lat="49.51949" lon="0.6905">
        <ele>19.8</ele>
      </trkpt>
      <trkpt lat="49.51945" lon="0.69024">
        <ele>18.9</ele>
      </trkpt>
      <trkpt lat="49.5194" lon="0.68986">
        <ele>17.2</ele>
      </trkpt>
      <trkpt lat="49.519329" lon="0.68932">
        <ele>13.5</ele>
      </trkpt>
      <trkpt lat="49.51928" lon="0.68887">
        <ele>11.1</ele>
      </trkpt>
      <trkpt lat="49.51923" lon="0.68849">
        <ele>9.4</ele>
      </trkpt>
      <trkpt lat="49.51917" lon="0.68797">
        <ele>8.1</ele>
      </trkpt>
      <trkpt lat="49.51914" lon="0.687779">
        <ele>7.7</ele>
      </trkpt>
      <trkpt lat="49.51912" lon="0.68765">
        <ele>7.6</ele>
      </trkpt>
      <trkpt lat="49.51909" lon="0.68743">
        <ele>7.5</ele>
      </trkpt>
      <trkpt lat="49.51905" lon="0.68723">
        <ele>7.8</ele>
      </trkpt>
      <trkpt lat="49.519" lon="0.68699">
        <ele>8.0</ele>
      </trkpt>
      <trkpt lat="49.51892" lon="0.68669">
        <ele>8.0</ele>
      </trkpt>
      <trkpt lat="49.51891" lon="0.68665">
        <ele>8.0</ele>
      </trkpt>
      <trkpt lat="49.51877" lon="0.686119">
        <ele>7.2</ele>
      </trkpt>
      <trkpt lat="49.51876" lon="0.68609">
        <ele>7.2</ele>
      </trkpt>
      <trkpt lat="49.5186" lon="0.68554">
        <ele>5.9</ele>
      </trkpt>
      <trkpt lat="49.51847" lon="0.68511">
        <ele>4.7</ele>
      </trkpt>
      <trkpt lat="49.51836" lon="0.684729">
        <ele>3.7</ele>
      </trkpt>
      <trkpt lat="49.51831" lon="0.68448">
        <ele>3.5</ele>
      </trkpt>
      <trkpt lat="49.51828" lon="0.68432">
        <ele>3.5</ele>
      </trkpt>
      <trkpt lat="49.51828" lon="0.6843">
        <ele>3.5</ele>
      </trkpt>
      <trkpt lat="49.51825" lon="0.68405">
        <ele>4.3</ele>
      </trkpt>
      <trkpt lat="49.51822" lon="0.68377">
        <ele>5.9</ele>
      </trkpt>
      <trkpt lat="49.51819" lon="0.68349">
        <ele>7.5</ele>
      </trkpt>
      <trkpt lat="49.51816" lon="0.68308">
        <ele>9.8</ele>
      </trkpt>
      <trkpt lat="49.51812" lon="0.6828">
        <ele>11.2</ele>
      </trkpt>
      <trkpt lat="49.518099" lon="0.68266">
        <ele>11.9</ele>
      </trkpt>
      <trkpt lat="49.51808" lon="0.682559">
        <ele>12.3</ele>
      </trkpt>
      <trkpt lat="49.51804" lon="0.68239">
        <ele>13.0</ele>
      </trkpt>
      <trkpt lat="49.51798" lon="0.68214">
        <ele>13.9</ele>
      </trkpt>
      <trkpt lat="49.51793" lon="0.68198">
        <ele>14.2</ele>
      </trkpt>
      <trkpt lat="49.51784" lon="0.68175">
        <ele>14.0</ele>
      </trkpt>
      <trkpt lat="49.51767" lon="0.68139">
        <ele>13.8</ele>
      </trkpt>
      <trkpt lat="49.51755" lon="0.68115">
        <ele>13.4</ele>
      </trkpt>
      <trkpt lat="49.51744" lon="0.68094">
        <ele>13.3</ele>
      </trkpt>
      <trkpt lat="49.51717" lon="0.6804">
        <ele>15.0</ele>
      </trkpt>
      <trkpt lat="49.5168" lon="0.6797">
        <ele>12.4</ele>
      </trkpt>
      <trkpt lat="49.51667" lon="0.67944">
        <ele>10.5</ele>
      </trkpt>
      <trkpt lat="49.51647" lon="0.67905">
        <ele>11.1</ele>
      </trkpt>
      <trkpt lat="49.51634" lon="0.67882">
        <ele>11.5</ele>
      </trkpt>
      <trkpt lat="49.5162" lon="0.67857">
        <ele>11.2</ele>
      </trkpt>
      <trkpt lat="49.51614" lon="0.67847">
        <ele>10.8</ele>
      </trkpt>
      <trkpt lat="49.5161" lon="0.67841">
        <ele>10.4</ele>
      </trkpt>
      <trkpt lat="49.516" lon="0.67827">
        <ele>9.7</ele>
      </trkpt>
      <trkpt lat="49.51588" lon="0.678119">
        <ele>9.4</ele>
      </trkpt>
      <trkpt lat="49.51572" lon="0.67791">
        <ele>10.0</ele>
      </trkpt>
      <trkpt lat="49.51552" lon="0.677679">
        <ele>10.4</ele>
      </trkpt>
      <trkpt lat="49.51531" lon="0.67742">
        <ele>10.9</ele>
      </trkpt>
      <trkpt lat="49.51523" lon="0.67733">
        <ele>10.9</ele>
      </trkpt>
      <trkpt lat="49.515099" lon="0.67717">
        <ele>10.6</ele>
      </trkpt>
      <trkpt lat="49.514919" lon="0.67693">
        <ele>10.1</ele>
      </trkpt>
      <trkpt lat="49.5149" lon="0.67692">
        <ele>10.1</ele>
      </trkpt>
      <trkpt lat="49.51475" lon="0.6767">
        <ele>10.6</ele>
      </trkpt>
      <trkpt lat="49.51461" lon="0.67649">
        <ele>11.4</ele>
      </trkpt>
      <trkpt lat="49.5145" lon="0.67632">
        <ele>11.5</ele>
      </trkpt>
      <trkpt lat="49.51449" lon="0.67631">
        <ele>11.5</ele>
      </trkpt>
      <trkpt lat="49.51433" lon="0.676069">
        <ele>10.8</ele>
      </trkpt>
      <trkpt lat="49.514159" lon="0.67583">
        <ele>9.0</ele>
      </trkpt>
      <trkpt lat="49.514" lon="0.67559">
        <ele>10.5</ele>
      </trkpt>
      <trkpt lat="49.51384" lon="0.67533">
        <ele>11.4</ele>
      </trkpt>
      <trkpt lat="49.5138" lon="0.67516">
        <ele>12.4</ele>
      </trkpt>
      <trkpt lat="49.51374" lon="0.67506">
        <ele>12.5</ele>
      </trkpt>
      <trkpt lat="49.51361" lon="0.674849">
        <ele>12.2</ele>
      </trkpt>
      <trkpt lat="49.51355" lon="0.67476">
        <ele>11.8</ele>
      </trkpt>
      <trkpt lat="49.5135" lon="0.67472">
        <ele>11.3</ele>
      </trkpt>
      <trkpt lat="49.51345" lon="0.67461">
        <ele>11.1</ele>
      </trkpt>
      <trkpt lat="49.51334" lon="0.6744">
        <ele>10.3</ele>
      </trkpt>
      <trkpt lat="49.5133" lon="0.67434">
        <ele>10.2</ele>
      </trkpt>
      <trkpt lat="49.51321" lon="0.67419">
        <ele>10.3</ele>
      </trkpt>
      <trkpt lat="49.51302" lon="0.67392">
        <ele>10.9</ele>
      </trkpt>
      <trkpt lat="49.51281" lon="0.67364">
        <ele>11.3</ele>
      </trkpt>
      <trkpt lat="49.51278" lon="0.6736">
        <ele>11.3</ele>
      </trkpt>
      <trkpt lat="49.51269" lon="0.67349">
        <ele>11.3</ele>
      </trkpt>
      <trkpt lat="49.5126" lon="0.67338">
        <ele>11.4</ele>
      </trkpt>
      <trkpt lat="49.51246" lon="0.67323">
        <ele>11.4</ele>
      </trkpt>
      <trkpt lat="49.5124" lon="0.67319">
        <ele>11.3</ele>
      </trkpt>
      <trkpt lat="49.51227" lon="0.67308">
        <ele>11.2</ele>
      </trkpt>
      <trkpt lat="49.51221" lon="0.67304">
        <ele>11.1</ele>
      </trkpt>
      <trkpt lat="49.51199" lon="0.67291">
        <ele>10.8</ele>
      </trkpt>
      <trkpt lat="49.51173" lon="0.67276">
        <ele>10.5</ele>
      </trkpt>
      <trkpt lat="49.511539" lon="0.67264">
        <ele>10.6</ele>
      </trkpt>
      <trkpt lat="49.51141" lon="0.67258">
        <ele>10.5</ele>
      </trkpt>
      <trkpt lat="49.51124" lon="0.67251">
        <ele>10.4</ele>
      </trkpt>
      <trkpt lat="49.51105" lon="0.67247">
        <ele>10.3</ele>
      </trkpt>
      <trkpt lat="49.51083" lon="0.67245">
        <ele>9.8</ele>
      </trkpt>
      <trkpt lat="49.510689" lon="0.672459">
        <ele>9.1</ele>
      </trkpt>
      <trkpt lat="49.510599" lon="0.672459">
        <ele>8.8</ele>
      </trkpt>
      <trkpt lat="49.51053" lon="0.67247">
        <ele>8.4</ele>
      </trkpt>
      <trkpt lat="49.51043" lon="0.67247">
        <ele>8.0</ele>
      </trkpt>
      <trkpt lat="49.510309" lon="0.672459">
        <ele>7.7</ele>
      </trkpt>
      <trkpt lat="49.51021" lon="0.67244">
        <ele>7.6</ele>
      </trkpt>
      <trkpt lat="49.5101" lon="0.67238">
        <ele>8.0</ele>
      </trkpt>
      <trkpt lat="49.50995" lon="0.67228">
        <ele>8.8</ele>
      </trkpt>
      <trkpt lat="49.50976" lon="0.67211">
        <ele>10.4</ele>
      </trkpt>
      <trkpt lat="49.50951" lon="0.67188">
        <ele>11.3</ele>
      </trkpt>
      <trkpt lat="49.50939" lon="0.67176">
        <ele>11.3</ele>
      </trkpt>
      <trkpt lat="49.50935" lon="0.67172">
        <ele>11.2</ele>
      </trkpt>
      <trkpt lat="49.50916" lon="0.67158">
        <ele>12.8</ele>
      </trkpt>
      <trkpt lat="49.50903" lon="0.67149">
        <ele>14.9</ele>
      </trkpt>
      <trkpt lat="49.50894" lon="0.67144">
        <ele>15.8</ele>
      </trkpt>
      <trkpt lat="49.50884" lon="0.67139">
        <ele>16.4</ele>
      </trkpt>
      <trkpt lat="49.508629" lon="0.6713">
        <ele>16.6</ele>
      </trkpt>
      <trkpt lat="49.50838" lon="0.6712">
        <ele>15.8</ele>
      </trkpt>
      <trkpt lat="49.50814" lon="0.67111">
        <ele>14.0</ele>
      </trkpt>
      <trkpt lat="49.5079" lon="0.67105">
        <ele>11.3</ele>
      </trkpt>
      <trkpt lat="49.50767" lon="0.67103">
        <ele>8.1</ele>
      </trkpt>
      <trkpt lat="49.50736" lon="0.67103">
        <ele>5.4</ele>
      </trkpt>
      <trkpt lat="49.507309" lon="0.67104">
        <ele>5.3</ele>
      </trkpt>
      <trkpt lat="49.507129" lon="0.67106">
        <ele>4.9</ele>
      </trkpt>
      <trkpt lat="49.50707" lon="0.67106">
        <ele>4.9</ele>
      </trkpt>
      <trkpt lat="49.50702" lon="0.67106">
        <ele>4.8</ele>
      </trkpt>
      <trkpt lat="49.50697" lon="0.67104">
        <ele>4.9</ele>
      </trkpt>
      <trkpt lat="49.5069" lon="0.671019">
        <ele>4.9</ele>
      </trkpt>
      <trkpt lat="49.506839" lon="0.67099">
        <ele>5.1</ele>
      </trkpt>
      <trkpt lat="49.5066" lon="0.6709">
        <ele>5.4</ele>
      </trkpt>
      <trkpt lat="49.50615" lon="0.6707">
        <ele>8.2</ele>
      </trkpt>
      <trkpt lat="49.50575" lon="0.67053">
        <ele>11.2</ele>
      </trkpt>
      <trkpt lat="49.50524" lon="0.67031">
        <ele>10.5</ele>
      </trkpt>
      <trkpt lat="49.50428" lon="0.66992">
        <ele>10.0</ele>
      </trkpt>
      <trkpt lat="49.50386" lon="0.66974">
        <ele>12.9</ele>
      </trkpt>
      <trkpt lat="49.50345" lon="0.66957">
        <ele>13.8</ele>
      </trkpt>
      <trkpt lat="49.5033" lon="0.6695">
        <ele>14.0</ele>
      </trkpt>
      <trkpt lat="49.50296" lon="0.66931">
        <ele>13.6</ele>
      </trkpt>
      <trkpt lat="49.50291" lon="0.66928">
        <ele>13.3</ele>
      </trkpt>
      <trkpt lat="49.5026" lon="0.6691">
        <ele>10.5</ele>
      </trkpt>
      <trkpt lat="49.50244" lon="0.66901">
        <ele>9.4</ele>
      </trkpt>
      <trkpt lat="49.50214" lon="0.66884">
        <ele>9.2</ele>
      </trkpt>
      <trkpt lat="49.501959" lon="0.66874">
        <ele>8.7</ele>
      </trkpt>
      <trkpt lat="49.50192" lon="0.66871">
        <ele>8.6</ele>
      </trkpt>
      <trkpt lat="49.50152" lon="0.6685">
        <ele>6.6</ele>
      </trkpt>
      <trkpt lat="49.50106" lon="0.668239">
        <ele>6.1</ele>
      </trkpt>
      <trkpt lat="49.50076" lon="0.6681">
        <ele>6.5</ele>
      </trkpt>
      <trkpt lat="49.500369" lon="0.66788">
        <ele>10.0</ele>
      </trkpt>
      <trkpt lat="49.50033" lon="0.66785">
        <ele>10.4</ele>
      </trkpt>
      <trkpt lat="49.50024" lon="0.667799">
        <ele>10.8</ele>
      </trkpt>
      <trkpt lat="49.499989" lon="0.66764">
        <ele>11.6</ele>
      </trkpt>
      <trkpt lat="49.49995" lon="0.66762">
        <ele>11.9</ele>
      </trkpt>
      <trkpt lat="49.499809" lon="0.66754">
        <ele>12.9</ele>
      </trkpt>
      <trkpt lat="49.49944" lon="0.66731">
        <ele>17.4</ele>
      </trkpt>
      <trkpt lat="49.49845" lon="0.666629">
        <ele>14.4</ele>
      </trkpt>
      <trkpt lat="49.49808" lon="0.66635">
        <ele>14.7</ele>
      </trkpt>
      <trkpt lat="49.497639" lon="0.66601">
        <ele>14.2</ele>
      </trkpt>
      <trkpt lat="49.49724" lon="0.66567">
        <ele>14.9</ele>
      </trkpt>
      <trkpt lat="49.49702" lon="0.66547">
        <ele>15.7</ele>
      </trkpt>
      <trkpt lat="49.49697" lon="0.6654">
        <ele>16.0</ele>
      </trkpt>
      <trkpt lat="49.49607" lon="0.66463">
        <ele>18.1</ele>
      </trkpt>
      <trkpt lat="49.49598" lon="0.66457">
        <ele>17.0</ele>
      </trkpt>
      <trkpt lat="49.49566" lon="0.66429">
        <ele>14.6</ele>
      </trkpt>
      <trkpt lat="49.49535" lon="0.664">
        <ele>16.8</ele>
      </trkpt>
      <trkpt lat="49.49492" lon="0.66364">
        <ele>17.4</ele>
      </trkpt>
      <trkpt lat="49.4948" lon="0.663529">
        <ele>17.5</ele>
      </trkpt>
      <trkpt lat="49.494729" lon="0.66346">
        <ele>17.4</ele>
      </trkpt>
      <trkpt lat="49.49468" lon="0.66342">
        <ele>17.1</ele>
      </trkpt>
      <trkpt lat="49.49461" lon="0.66334">
        <ele>16.9</ele>
      </trkpt>
      <trkpt lat="49.49443" lon="0.66318">
        <ele>17.3</ele>
      </trkpt>
      <trkpt lat="49.49407" lon="0.66285">
        <ele>18.1</ele>
      </trkpt>
      <trkpt lat="49.49401" lon="0.66278">
        <ele>18.5</ele>
      </trkpt>
      <trkpt lat="49.493519" lon="0.66226">
        <ele>20.4</ele>
      </trkpt>
      <trkpt lat="49.493429" lon="0.66221">
        <ele>19.8</ele>
      </trkpt>
      <trkpt lat="49.49178" lon="0.66046">
        <ele>21.4</ele>
      </trkpt>
      <trkpt lat="49.49157" lon="0.66025">
        <ele>20.5</ele>
      </trkpt>
      <trkpt lat="49.491169" lon="0.65983">
        <ele>20.0</ele>
      </trkpt>
      <trkpt lat="49.49094" lon="0.65961">
        <ele>18.7</ele>
      </trkpt>
      <trkpt lat="49.49088" lon="0.65954">
        <ele>18.3</ele>
      </trkpt>
      <trkpt lat="49.49067" lon="0.65932">
        <ele>18.2</ele>
      </trkpt>
      <trkpt lat="49.48988" lon="0.65848">
        <ele>16.8</ele>
      </trkpt>
      <trkpt lat="49.48962" lon="0.65822">
        <ele>17.5</ele>
      </trkpt>
      <trkpt lat="49.48856" lon="0.6571">
        <ele>16.9</ele>
      </trkpt>
      <trkpt lat="49.48798" lon="0.65641">
        <ele>16.7</ele>
      </trkpt>
      <trkpt lat="49.48757" lon="0.655869">
        <ele>14.5</ele>
      </trkpt>
      <trkpt lat="49.48636" lon="0.65415">
        <ele>19.6</ele>
      </trkpt>
      <trkpt lat="49.48588" lon="0.65343">
        <ele>18.9</ele>
      </trkpt>
      <trkpt lat="49.48523" lon="0.652479">
        <ele>23.6</ele>
      </trkpt>
      <trkpt lat="49.484879" lon="0.65197">
        <ele>25.6</ele>
      </trkpt>
      <trkpt lat="49.48465" lon="0.65162">
        <ele>25.6</ele>
      </trkpt>
      <trkpt lat="49.48447" lon="0.65136">
        <ele>25.0</ele>
      </trkpt>
      <trkpt lat="49.48431" lon="0.65113">
        <ele>24.5</ele>
      </trkpt>
      <trkpt lat="49.484229" lon="0.65101">
        <ele>24.4</ele>
      </trkpt>
      <trkpt lat="49.48415" lon="0.6509">
        <ele>24.2</ele>
      </trkpt>
      <trkpt lat="49.48401" lon="0.65068">
        <ele>25.5</ele>
      </trkpt>
      <trkpt lat="49.48384" lon="0.650429">
        <ele>26.1</ele>
      </trkpt>
      <trkpt lat="49.48375" lon="0.6503">
        <ele>26.1</ele>
      </trkpt>
      <trkpt lat="49.48366" lon="0.65016">
        <ele>26.0</ele>
      </trkpt>
      <trkpt lat="49.48362" lon="0.65011">
        <ele>25.6</ele>
      </trkpt>
      <trkpt lat="49.48349" lon="0.64993">
        <ele>24.5</ele>
      </trkpt>
      <trkpt lat="49.483379" lon="0.6498">
        <ele>23.5</ele>
      </trkpt>
      <trkpt lat="49.483199" lon="0.64958">
        <ele>23.6</ele>
      </trkpt>
      <trkpt lat="49.4825" lon="0.64859">
        <ele>22.8</ele>
      </trkpt>
      <trkpt lat="49.482" lon="0.64791">
        <ele>23.0</ele>
      </trkpt>
      <trkpt lat="49.48168" lon="0.647429">
        <ele>22.7</ele>
      </trkpt>
      <trkpt lat="49.481229" lon="0.64672">
        <ele>26.2</ele>
      </trkpt>
      <trkpt lat="49.480939" lon="0.64628">
        <ele>27.2</ele>
      </trkpt>
      <trkpt lat="49.4806" lon="0.6458">
        <ele>26.3</ele>
      </trkpt>
      <trkpt lat="49.48017" lon="0.64523">
        <ele>23.8</ele>
      </trkpt>
      <trkpt lat="49.47971" lon="0.64452">
        <ele>25.7</ele>
      </trkpt>
      <trkpt lat="49.4795" lon="0.64418">
        <ele>26.0</ele>
      </trkpt>
      <trkpt lat="49.47931" lon="0.64391">
        <ele>27.0</ele>
      </trkpt>
      <trkpt lat="49.47914" lon="0.64369">
        <ele>29.1</ele>
      </trkpt>
      <trkpt lat="49.47892" lon="0.64341">
        <ele>31.1</ele>
      </trkpt>
      <trkpt lat="49.47861" lon="0.643">
        <ele>31.0</ele>
      </trkpt>
      <trkpt lat="49.47853" lon="0.6429">
        <ele>31.2</ele>
      </trkpt>
      <trkpt lat="49.47819" lon="0.64244">
        <ele>33.3</ele>
      </trkpt>
      <trkpt lat="49.4778" lon="0.64187">
        <ele>33.4</ele>
      </trkpt>
      <trkpt lat="49.47737" lon="0.64125">
        <ele>34.9</ele>
      </trkpt>
      <trkpt lat="49.47702" lon="0.640769">
        <ele>35.0</ele>
      </trkpt>
      <trkpt lat="49.47686" lon="0.64053">
        <ele>35.2</ele>
      </trkpt>
      <trkpt lat="49.47668" lon="0.64025">
        <ele>36.6</ele>
      </trkpt>
      <trkpt lat="49.476529" lon="0.63998">
        <ele>37.4</ele>
      </trkpt>
      <trkpt lat="49.47647" lon="0.63987">
        <ele>37.0</ele>
      </trkpt>
      <trkpt lat="49.47641" lon="0.63974">
        <ele>37.1</ele>
      </trkpt>
      <trkpt lat="49.47634" lon="0.63954">
        <ele>37.9</ele>
      </trkpt>
      <trkpt lat="49.4763" lon="0.63944">
        <ele>38.5</ele>
      </trkpt>
      <trkpt lat="49.47628" lon="0.63933">
        <ele>39.4</ele>
      </trkpt>
      <trkpt lat="49.47619" lon="0.63892">
        <ele>41.2</ele>
      </trkpt>
      <trkpt lat="49.47605" lon="0.63818">
        <ele>42.6</ele>
      </trkpt>
      <trkpt lat="49.47587" lon="0.63724">
        <ele>42.4</ele>
      </trkpt>
      <trkpt lat="49.47576" lon="0.63667">
        <ele>41.0</ele>
      </trkpt>
      <trkpt lat="49.47574" lon="0.63645">
        <ele>41.0</ele>
      </trkpt>
      <trkpt lat="49.47576" lon="0.63636">
        <ele>41.0</ele>
      </trkpt>
      <trkpt lat="49.47576" lon="0.63631">
        <ele>41.0</ele>
      </trkpt>
      <trkpt lat="49.4757" lon="0.63591">
        <ele>41.1</ele>
      </trkpt>
      <trkpt lat="49.47567" lon="0.63573">
        <ele>41.4</ele>
      </trkpt>
      <trkpt lat="49.47565" lon="0.6356">
        <ele>41.7</ele>
      </trkpt>
      <trkpt lat="49.475589" lon="0.63505">
        <ele>42.6</ele>
      </trkpt>
      <trkpt lat="49.47551" lon="0.63443">
        <ele>42.2</ele>
      </trkpt>
      <trkpt lat="49.47549" lon="0.6341">
        <ele>42.0</ele>
      </trkpt>
      <trkpt lat="49.47551" lon="0.63366">
        <ele>41.8</ele>
      </trkpt>
      <trkpt lat="49.475499" lon="0.63354">
        <ele>41.7</ele>
      </trkpt>
      <trkpt lat="49.47551" lon="0.63342">
        <ele>41.7</ele>
      </trkpt>
      <trkpt lat="49.4756" lon="0.63258">
        <ele>40.6</ele>
      </trkpt>
      <trkpt lat="49.47567" lon="0.63197">
        <ele>39.5</ele>
      </trkpt>
      <trkpt lat="49.47575" lon="0.63138">
        <ele>38.9</ele>
      </trkpt>
      <trkpt lat="49.47581" lon="0.63099">
        <ele>39.0</ele>
      </trkpt>
      <trkpt lat="49.47592" lon="0.63037">
        <ele>38.4</ele>
      </trkpt>
      <trkpt lat="49.476059" lon="0.62979">
        <ele>37.3</ele>
      </trkpt>
      <trkpt lat="49.47618" lon="0.629279">
        <ele>36.2</ele>
      </trkpt>
      <trkpt lat="49.47631" lon="0.62878">
        <ele>35.1</ele>
      </trkpt>
      <trkpt lat="49.4765" lon="0.628109">
        <ele>33.7</ele>
      </trkpt>
      <trkpt lat="49.47667" lon="0.62754">
        <ele>33.1</ele>
      </trkpt>
      <trkpt lat="49.47669" lon="0.62748">
        <ele>33.1</ele>
      </trkpt>
      <trkpt lat="49.47671" lon="0.62741">
        <ele>33.1</ele>
      </trkpt>
      <trkpt lat="49.47692" lon="0.62681">
        <ele>33.8</ele>
      </trkpt>
      <trkpt lat="49.47715" lon="0.62618">
        <ele>36.0</ele>
      </trkpt>
      <trkpt lat="49.47742" lon="0.62539">
        <ele>38.1</ele>
      </trkpt>
      <trkpt lat="49.47754" lon="0.62483">
        <ele>39.5</ele>
      </trkpt>
      <trkpt lat="49.47762" lon="0.62434">
        <ele>40.6</ele>
      </trkpt>
      <trkpt lat="49.47768" lon="0.62356">
        <ele>41.0</ele>
      </trkpt>
      <trkpt lat="49.47773" lon="0.62275">
        <ele>40.9</ele>
      </trkpt>
      <trkpt lat="49.47778" lon="0.62195">
        <ele>40.6</ele>
      </trkpt>
      <trkpt lat="49.47782" lon="0.6212">
        <ele>40.4</ele>
      </trkpt>
      <trkpt lat="49.477849" lon="0.62065">
        <ele>40.7</ele>
      </trkpt>
      <trkpt lat="49.47787" lon="0.62025">
        <ele>41.4</ele>
      </trkpt>
      <trkpt lat="49.47789" lon="0.619789">
        <ele>41.8</ele>
      </trkpt>
      <trkpt lat="49.47791" lon="0.619229">
        <ele>42.0</ele>
      </trkpt>
      <trkpt lat="49.47791" lon="0.61902">
        <ele>42.1</ele>
      </trkpt>
      <trkpt lat="49.47793" lon="0.61853">
        <ele>42.9</ele>
      </trkpt>
      <trkpt lat="49.47795" lon="0.61824">
        <ele>43.4</ele>
      </trkpt>
      <trkpt lat="49.47798" lon="0.61788">
        <ele>44.3</ele>
      </trkpt>
      <trkpt lat="49.47807" lon="0.61719">
        <ele>45.7</ele>
      </trkpt>
      <trkpt lat="49.47815" lon="0.61643">
        <ele>45.4</ele>
      </trkpt>
      <trkpt lat="49.47819" lon="0.61593">
        <ele>44.5</ele>
      </trkpt>
      <trkpt lat="49.47822" lon="0.61528">
        <ele>44.5</ele>
      </trkpt>
      <trkpt lat="49.47824" lon="0.614739">
        <ele>45.4</ele>
      </trkpt>
      <trkpt lat="49.47823" lon="0.61453">
        <ele>46.1</ele>
      </trkpt>
      <trkpt lat="49.47821" lon="0.61414">
        <ele>47.1</ele>
      </trkpt>
      <trkpt lat="49.47816" lon="0.61348">
        <ele>47.7</ele>
      </trkpt>
      <trkpt lat="49.47815" lon="0.61332">
        <ele>47.9</ele>
      </trkpt>
      <trkpt lat="49.47813" lon="0.61289">
        <ele>47.8</ele>
      </trkpt>
      <trkpt lat="49.47811" lon="0.612519">
        <ele>47.7</ele>
      </trkpt>
      <trkpt lat="49.47809" lon="0.6123">
        <ele>47.2</ele>
      </trkpt>
      <trkpt lat="49.47808" lon="0.61197">
        <ele>46.6</ele>
      </trkpt>
      <trkpt lat="49.47804" lon="0.61169">
        <ele>46.0</ele>
      </trkpt>
      <trkpt lat="49.4779" lon="0.61094">
        <ele>45.4</ele>
      </trkpt>
      <trkpt lat="49.47732" lon="0.60656">
        <ele>40.3</ele>
      </trkpt>
      <trkpt lat="49.47702" lon="0.60432">
        <ele>41.2</ele>
      </trkpt>
      <trkpt lat="49.47701" lon="0.60384">
        <ele>41.0</ele>
      </trkpt>
      <trkpt lat="49.47701" lon="0.60383">
        <ele>41.0</ele>
      </trkpt>
      <trkpt lat="49.47703" lon="0.60345">
        <ele>40.8</ele>
      </trkpt>
      <trkpt lat="49.4771" lon="0.60296">
        <ele>40.6</ele>
      </trkpt>
      <trkpt lat="49.47717" lon="0.60261">
        <ele>40.5</ele>
      </trkpt>
      <trkpt lat="49.47731" lon="0.60181">
        <ele>40.8</ele>
      </trkpt>
      <trkpt lat="49.47737" lon="0.60131">
        <ele>41.0</ele>
      </trkpt>
      <trkpt lat="49.47743" lon="0.60057">
        <ele>40.7</ele>
      </trkpt>
      <trkpt lat="49.47744" lon="0.60035">
        <ele>40.5</ele>
      </trkpt>
      <trkpt lat="49.477469" lon="0.59994">
        <ele>39.9</ele>
      </trkpt>
      <trkpt lat="49.47749" lon="0.59983">
        <ele>39.6</ele>
      </trkpt>
      <trkpt lat="49.47759" lon="0.5989">
        <ele>37.6</ele>
      </trkpt>
      <trkpt lat="49.4777" lon="0.59801">
        <ele>36.9</ele>
      </trkpt>
      <trkpt lat="49.47772" lon="0.59801">
        <ele>37.0</ele>
      </trkpt>
      <trkpt lat="49.47774" lon="0.598">
        <ele>37.0</ele>
      </trkpt>
      <trkpt lat="49.47776" lon="0.59798">
        <ele>37.1</ele>
      </trkpt>
      <trkpt lat="49.47776" lon="0.59795">
        <ele>37.1</ele>
      </trkpt>
      <trkpt lat="49.47778" lon="0.59791">
        <ele>37.2</ele>
      </trkpt>
      <trkpt lat="49.47778" lon="0.597859">
        <ele>37.2</ele>
      </trkpt>
      <trkpt lat="49.47778" lon="0.59783">
        <ele>37.2</ele>
      </trkpt>
      <trkpt lat="49.47777" lon="0.59779">
        <ele>37.2</ele>
      </trkpt>
      <trkpt lat="49.47776" lon="0.59776">
        <ele>37.2</ele>
      </trkpt>
      <trkpt lat="49.47774" lon="0.59773">
        <ele>37.2</ele>
      </trkpt>
      <trkpt lat="49.47782" lon="0.59711">
        <ele>37.5</ele>
      </trkpt>
      <trkpt lat="49.47783" lon="0.59706">
        <ele>37.5</ele>
      </trkpt>
      <trkpt lat="49.47788" lon="0.59643">
        <ele>37.3</ele>
      </trkpt>
      <trkpt lat="49.47792" lon="0.59591">
        <ele>36.6</ele>
      </trkpt>
      <trkpt lat="49.47795" lon="0.59528">
        <ele>35.9</ele>
      </trkpt>
      <trkpt lat="49.47802" lon="0.59462">
        <ele>36.2</ele>
      </trkpt>
      <trkpt lat="49.47816" lon="0.59372">
        <ele>37.3</ele>
      </trkpt>
      <trkpt lat="49.478319" lon="0.59291">
        <ele>37.1</ele>
      </trkpt>
      <trkpt lat="49.47858" lon="0.59179">
        <ele>37.5</ele>
      </trkpt>
      <trkpt lat="49.47877" lon="0.59104">
        <ele>36.8</ele>
      </trkpt>
      <trkpt lat="49.47887" lon="0.59068">
        <ele>36.6</ele>
      </trkpt>
      <trkpt lat="49.47903" lon="0.59013">
        <ele>36.5</ele>
      </trkpt>
      <trkpt lat="49.47966" lon="0.58813">
        <ele>32.4</ele>
      </trkpt>
      <trkpt lat="49.47972" lon="0.58794">
        <ele>31.9</ele>
      </trkpt>
      <trkpt lat="49.47978" lon="0.58778">
        <ele>31.4</ele>
      </trkpt>
      <trkpt lat="49.47995" lon="0.58723">
        <ele>29.9</ele>
      </trkpt>
      <trkpt lat="49.48001" lon="0.58705">
        <ele>29.4</ele>
      </trkpt>
      <trkpt lat="49.48007" lon="0.5868">
        <ele>29.1</ele>
      </trkpt>
      <trkpt lat="49.48024" lon="0.58619">
        <ele>28.3</ele>
      </trkpt>
      <trkpt lat="49.48032" lon="0.58581">
        <ele>28.0</ele>
      </trkpt>
      <trkpt lat="49.48039" lon="0.58534">
        <ele>27.1</ele>
      </trkpt>
      <trkpt lat="49.48042" lon="0.58501">
        <ele>26.5</ele>
      </trkpt>
      <trkpt lat="49.48044" lon="0.58479">
        <ele>26.7</ele>
      </trkpt>
      <trkpt lat="49.480469" lon="0.58472">
        <ele>26.8</ele>
      </trkpt>
      <trkpt lat="49.48049" lon="0.58458">
        <ele>26.9</ele>
      </trkpt>
      <trkpt lat="49.48051" lon="0.58431">
        <ele>27.2</ele>
      </trkpt>
      <trkpt lat="49.48052" lon="0.58405">
        <ele>27.4</ele>
      </trkpt>
      <trkpt lat="49.48054" lon="0.583929">
        <ele>27.4</ele>
      </trkpt>
      <trkpt lat="49.480559" lon="0.58384">
        <ele>27.3</ele>
      </trkpt>
      <trkpt lat="49.480559" lon="0.58384">
        <ele>27.3</ele>
      </trkpt>
      <trkpt lat="49.48059" lon="0.58382">
        <ele>27.3</ele>
      </trkpt>
      <trkpt lat="49.48063" lon="0.58378">
        <ele>27.2</ele>
      </trkpt>
      <trkpt lat="49.48065" lon="0.58374">
        <ele>27.2</ele>
      </trkpt>
      <trkpt lat="49.48068" lon="0.58366">
        <ele>27.2</ele>
      </trkpt>
      <trkpt lat="49.4807" lon="0.58355">
        <ele>27.2</ele>
      </trkpt>
      <trkpt lat="49.4807" lon="0.58353">
        <ele>27.2</ele>
      </trkpt>
      <trkpt lat="49.4807" lon="0.58346">
        <ele>27.2</ele>
      </trkpt>
      <trkpt lat="49.48068" lon="0.58341">
        <ele>27.2</ele>
      </trkpt>
      <trkpt lat="49.48067" lon="0.58335">
        <ele>27.2</ele>
      </trkpt>
      <trkpt lat="49.48063" lon="0.5833">
        <ele>27.1</ele>
      </trkpt>
      <trkpt lat="49.48059" lon="0.58325">
        <ele>27.0</ele>
      </trkpt>
      <trkpt lat="49.48053" lon="0.58322">
        <ele>26.9</ele>
      </trkpt>
      <trkpt lat="49.48049" lon="0.583099">
        <ele>26.5</ele>
      </trkpt>
      <trkpt lat="49.48046" lon="0.58297">
        <ele>25.9</ele>
      </trkpt>
      <trkpt lat="49.48043" lon="0.58275">
        <ele>25.0</ele>
      </trkpt>
      <trkpt lat="49.48039" lon="0.5824">
        <ele>23.8</ele>
      </trkpt>
      <trkpt lat="49.48035" lon="0.58224">
        <ele>23.6</ele>
      </trkpt>
      <trkpt lat="49.48015" lon="0.58073">
        <ele>20.6</ele>
      </trkpt>
      <trkpt lat="49.47988" lon="0.57862">
        <ele>18.9</ele>
      </trkpt>
      <trkpt lat="49.47972" lon="0.57697">
        <ele>17.0</ele>
      </trkpt>
      <trkpt lat="49.47971" lon="0.57618">
        <ele>14.3</ele>
      </trkpt>
      <trkpt lat="49.47976" lon="0.57546">
        <ele>12.2</ele>
      </trkpt>
      <trkpt lat="49.47989" lon="0.57453">
        <ele>11.3</ele>
      </trkpt>
      <trkpt lat="49.479909" lon="0.574439">
        <ele>11.4</ele>
      </trkpt>
      <trkpt lat="49.48001" lon="0.57398">
        <ele>11.8</ele>
      </trkpt>
      <trkpt lat="49.48015" lon="0.57348">
        <ele>11.1</ele>
      </trkpt>
      <trkpt lat="49.48021" lon="0.57332">
        <ele>10.7</ele>
      </trkpt>
      <trkpt lat="49.48024" lon="0.57324">
        <ele>10.3</ele>
      </trkpt>
      <trkpt lat="49.48031" lon="0.57306">
        <ele>9.4</ele>
      </trkpt>
      <trkpt lat="49.48033" lon="0.57299">
        <ele>9.1</ele>
      </trkpt>
      <trkpt lat="49.48043" lon="0.57269">
        <ele>7.8</ele>
      </trkpt>
      <trkpt lat="49.480469" lon="0.572609">
        <ele>7.5</ele>
      </trkpt>
      <trkpt lat="49.4808" lon="0.57195">
        <ele>8.2</ele>
      </trkpt>
      <trkpt lat="49.48121" lon="0.57129">
        <ele>9.1</ele>
      </trkpt>
      <trkpt lat="49.48126" lon="0.571219">
        <ele>9.0</ele>
      </trkpt>
      <trkpt lat="49.48155" lon="0.57103">
        <ele>7.3</ele>
      </trkpt>
      <trkpt lat="49.4816" lon="0.57106">
        <ele>7.2</ele>
      </trkpt>
      <trkpt lat="49.48164" lon="0.57108">
        <ele>7.0</ele>
      </trkpt>
      <trkpt lat="49.48167" lon="0.57108">
        <ele>6.9</ele>
      </trkpt>
      <trkpt lat="49.48169" lon="0.57108">
        <ele>7.0</ele>
      </trkpt>
      <trkpt lat="49.48171" lon="0.57107">
        <ele>7.0</ele>
      </trkpt>
      <trkpt lat="49.48173" lon="0.57106">
        <ele>7.1</ele>
      </trkpt>
      <trkpt lat="49.48175" lon="0.57104">
        <ele>7.1</ele>
      </trkpt>
      <trkpt lat="49.48176" lon="0.57102">
        <ele>7.1</ele>
      </trkpt>
      <trkpt lat="49.48178" lon="0.570999">
        <ele>7.1</ele>
      </trkpt>
      <trkpt lat="49.4818" lon="0.57096">
        <ele>7.0</ele>
      </trkpt>
      <trkpt lat="49.48181" lon="0.57093">
        <ele>7.0</ele>
      </trkpt>
      <trkpt lat="49.48182" lon="0.5709">
        <ele>6.9</ele>
      </trkpt>
      <trkpt lat="49.48182" lon="0.57086">
        <ele>6.8</ele>
      </trkpt>
      <trkpt lat="49.4819" lon="0.57079">
        <ele>7.0</ele>
      </trkpt>
      <trkpt lat="49.48196" lon="0.57072">
        <ele>7.2</ele>
      </trkpt>
      <trkpt lat="49.482" lon="0.57065">
        <ele>7.3</ele>
      </trkpt>
      <trkpt lat="49.48206" lon="0.57051">
        <ele>7.5</ele>
      </trkpt>
      <trkpt lat="49.48214" lon="0.57038">
        <ele>7.8</ele>
      </trkpt>
      <trkpt lat="49.48223" lon="0.57024">
        <ele>8.2</ele>
      </trkpt>
      <trkpt lat="49.48229" lon="0.57016">
        <ele>8.6</ele>
      </trkpt>
      <trkpt lat="49.48241" lon="0.57004">
        <ele>9.4</ele>
      </trkpt>
      <trkpt lat="49.48283" lon="0.56968">
        <ele>10.5</ele>
      </trkpt>
      <trkpt lat="49.48331" lon="0.56926">
        <ele>12.9</ele>
      </trkpt>
      <trkpt lat="49.48339" lon="0.5692">
        <ele>12.8</ele>
      </trkpt>
      <trkpt lat="49.48501" lon="0.5678">
        <ele>7.4</ele>
      </trkpt>
      <trkpt lat="49.48583" lon="0.56712">
        <ele>7.1</ele>
      </trkpt>
      <trkpt lat="49.48637" lon="0.56663">
        <ele>5.4</ele>
      </trkpt>
      <trkpt lat="49.48661" lon="0.5664">
        <ele>5.9</ele>
      </trkpt>
      <trkpt lat="49.48668" lon="0.56634">
        <ele>6.2</ele>
      </trkpt>
      <trkpt lat="49.48682" lon="0.56626">
        <ele>7.0</ele>
      </trkpt>
      <trkpt lat="49.4871" lon="0.56606">
        <ele>8.3</ele>
      </trkpt>
      <trkpt lat="49.48722" lon="0.56597">
        <ele>8.6</ele>
      </trkpt>
      <trkpt lat="49.48754" lon="0.56567">
        <ele>9.1</ele>
      </trkpt>
      <trkpt lat="49.487789" lon="0.5654">
        <ele>9.3</ele>
      </trkpt>
      <trkpt lat="49.487879" lon="0.56529">
        <ele>9.3</ele>
      </trkpt>
      <trkpt lat="49.48792" lon="0.56523">
        <ele>9.3</ele>
      </trkpt>
      <trkpt lat="49.48794" lon="0.56521">
        <ele>9.3</ele>
      </trkpt>
      <trkpt lat="49.48799" lon="0.56515">
        <ele>9.2</ele>
      </trkpt>
      <trkpt lat="49.48812" lon="0.564949">
        <ele>8.8</ele>
      </trkpt>
      <trkpt lat="49.48828" lon="0.5647">
        <ele>7.9</ele>
      </trkpt>
      <trkpt lat="49.48834" lon="0.56459">
        <ele>7.6</ele>
      </trkpt>
      <trkpt lat="49.48834" lon="0.56459">
        <ele>7.6</ele>
      </trkpt>
      <trkpt lat="49.48837" lon="0.5646">
        <ele>7.8</ele>
      </trkpt>
      <trkpt lat="49.48841" lon="0.5646">
        <ele>8.0</ele>
      </trkpt>
      <trkpt lat="49.48843" lon="0.56459">
        <ele>8.0</ele>
      </trkpt>
      <trkpt lat="49.48845" lon="0.56457">
        <ele>8.1</ele>
      </trkpt>
      <trkpt lat="49.48848" lon="0.56455">
        <ele>8.2</ele>
      </trkpt>
      <trkpt lat="49.48854" lon="0.56451">
        <ele>8.3</ele>
      </trkpt>
      <trkpt lat="49.488549" lon="0.56448">
        <ele>8.2</ele>
      </trkpt>
      <trkpt lat="49.48857" lon="0.56443">
        <ele>8.1</ele>
      </trkpt>
      <trkpt lat="49.48859" lon="0.56429">
        <ele>7.5</ele>
      </trkpt>
      <trkpt lat="49.48869" lon="0.56423">
        <ele>7.6</ele>
      </trkpt>
      <trkpt lat="49.488819" lon="0.56414">
        <ele>7.7</ele>
      </trkpt>
      <trkpt lat="49.48888" lon="0.56409">
        <ele>7.9</ele>
      </trkpt>
      <trkpt lat="49.48892" lon="0.56405">
        <ele>8.0</ele>
      </trkpt>
      <trkpt lat="49.48904" lon="0.56389">
        <ele>8.2</ele>
      </trkpt>
      <trkpt lat="49.4896" lon="0.56304">
        <ele>9.7</ele>
      </trkpt>
      <trkpt lat="49.48971" lon="0.56287">
        <ele>9.4</ele>
      </trkpt>
      <trkpt lat="49.48997" lon="0.56244">
        <ele>7.9</ele>
      </trkpt>
      <trkpt lat="49.49018" lon="0.56211">
        <ele>9.0</ele>
      </trkpt>
      <trkpt lat="49.490229" lon="0.56192">
        <ele>8.8</ele>
      </trkpt>
      <trkpt lat="49.49025" lon="0.56189">
        <ele>8.9</ele>
      </trkpt>
      <trkpt lat="49.49062" lon="0.56132">
        <ele>10.4</ele>
      </trkpt>
      <trkpt lat="49.49142" lon="0.559949">
        <ele>11.3</ele>
      </trkpt>
      <trkpt lat="49.49217" lon="0.55857">
        <ele>11.3</ele>
      </trkpt>
      <trkpt lat="49.492199" lon="0.5585">
        <ele>11.3</ele>
      </trkpt>
      <trkpt lat="49.49251" lon="0.55789">
        <ele>11.0</ele>
      </trkpt>
      <trkpt lat="49.49311" lon="0.55657">
        <ele>10.3</ele>
      </trkpt>
      <trkpt lat="49.49374" lon="0.55506">
        <ele>10.2</ele>
      </trkpt>
      <trkpt lat="49.49376" lon="0.55501">
        <ele>10.2</ele>
      </trkpt>
      <trkpt lat="49.4943" lon="0.55363">
        <ele>11.9</ele>
      </trkpt>
      <trkpt lat="49.49442" lon="0.55333">
        <ele>12.5</ele>
      </trkpt>
      <trkpt lat="49.49465" lon="0.55272">
        <ele>12.7</ele>
      </trkpt>
      <trkpt lat="49.49523" lon="0.551289">
        <ele>13.4</ele>
      </trkpt>
      <trkpt lat="49.49573" lon="0.55">
        <ele>8.6</ele>
      </trkpt>
      <trkpt lat="49.49625" lon="0.54881">
        <ele>11.3</ele>
      </trkpt>
      <trkpt lat="49.49676" lon="0.54772">
        <ele>10.3</ele>
      </trkpt>
      <trkpt lat="49.497" lon="0.54727">
        <ele>13.1</ele>
      </trkpt>
      <trkpt lat="49.49719" lon="0.54692">
        <ele>13.9</ele>
      </trkpt>
      <trkpt lat="49.49732" lon="0.54668">
        <ele>13.4</ele>
      </trkpt>
      <trkpt lat="49.49779" lon="0.54582">
        <ele>15.1</ele>
      </trkpt>
      <trkpt lat="49.4979" lon="0.54564">
        <ele>15.6</ele>
      </trkpt>
      <trkpt lat="49.49816" lon="0.54522">
        <ele>14.9</ele>
      </trkpt>
      <trkpt lat="49.49821" lon="0.5452">
        <ele>15.4</ele>
      </trkpt>
      <trkpt lat="49.49823" lon="0.54517">
        <ele>15.2</ele>
      </trkpt>
      <trkpt lat="49.49866" lon="0.544409">
        <ele>16.8</ele>
      </trkpt>
      <trkpt lat="49.49883" lon="0.54403">
        <ele>15.6</ele>
      </trkpt>
      <trkpt lat="49.49902" lon="0.54356">
        <ele>13.3</ele>
      </trkpt>
      <trkpt lat="49.49914" lon="0.54321">
        <ele>10.9</ele>
      </trkpt>
      <trkpt lat="49.49924" lon="0.54287">
        <ele>9.6</ele>
      </trkpt>
      <trkpt lat="49.49937" lon="0.54238">
        <ele>8.0</ele>
      </trkpt>
      <trkpt lat="49.49942" lon="0.54214">
        <ele>8.2</ele>
      </trkpt>
      <trkpt lat="49.49944" lon="0.54206">
        <ele>8.3</ele>
      </trkpt>
      <trkpt lat="49.49946" lon="0.5419">
        <ele>8.2</ele>
      </trkpt>
      <trkpt lat="49.49949" lon="0.54178">
        <ele>8.2</ele>
      </trkpt>
      <trkpt lat="49.4995" lon="0.54169">
        <ele>8.0</ele>
      </trkpt>
      <trkpt lat="49.4995" lon="0.54166">
        <ele>8.0</ele>
      </trkpt>
      <trkpt lat="49.49951" lon="0.54164">
        <ele>8.0</ele>
      </trkpt>
      <trkpt lat="49.49954" lon="0.541359">
        <ele>8.0</ele>
      </trkpt>
      <trkpt lat="49.49956" lon="0.54122">
        <ele>8.0</ele>
      </trkpt>
      <trkpt lat="49.49959" lon="0.54085">
        <ele>8.0</ele>
      </trkpt>
      <trkpt lat="49.49971" lon="0.53895">
        <ele>7.3</ele>
      </trkpt>
      <trkpt lat="49.49977" lon="0.53823">
        <ele>5.8</ele>
      </trkpt>
      <trkpt lat="49.49993" lon="0.53695">
        <ele>5.2</ele>
      </trkpt>
      <trkpt lat="49.50001" lon="0.53662">
        <ele>4.9</ele>
      </trkpt>
      <trkpt lat="49.50007" lon="0.53642">
        <ele>4.7</ele>
      </trkpt>
      <trkpt lat="49.50007" lon="0.53642">
        <ele>4.7</ele>
      </trkpt>
      <trkpt lat="49.50011" lon="0.53642">
        <ele>4.8</ele>
      </trkpt>
      <trkpt lat="49.50014" lon="0.53641">
        <ele>4.9</ele>
      </trkpt>
      <trkpt lat="49.50018" lon="0.5364">
        <ele>5.0</ele>
      </trkpt>
      <trkpt lat="49.50021" lon="0.53638">
        <ele>5.1</ele>
      </trkpt>
      <trkpt lat="49.50024" lon="0.536359">
        <ele>5.1</ele>
      </trkpt>
      <trkpt lat="49.50027" lon="0.53633">
        <ele>5.2</ele>
      </trkpt>
      <trkpt lat="49.5003" lon="0.53629">
        <ele>5.2</ele>
      </trkpt>
      <trkpt lat="49.50033" lon="0.53625">
        <ele>5.2</ele>
      </trkpt>
      <trkpt lat="49.50034" lon="0.53622">
        <ele>5.2</ele>
      </trkpt>
      <trkpt lat="49.50035" lon="0.53619">
        <ele>5.1</ele>
      </trkpt>
      <trkpt lat="49.50035" lon="0.53616">
        <ele>5.0</ele>
      </trkpt>
      <trkpt lat="49.50036" lon="0.53613">
        <ele>5.0</ele>
      </trkpt>
      <trkpt lat="49.50036" lon="0.5361">
        <ele>4.9</ele>
      </trkpt>
      <trkpt lat="49.500369" lon="0.53606">
        <ele>4.9</ele>
      </trkpt>
      <trkpt lat="49.500369" lon="0.53603">
        <ele>4.8</ele>
      </trkpt>
      <trkpt lat="49.500369" lon="0.536">
        <ele>4.7</ele>
      </trkpt>
      <trkpt lat="49.500369" lon="0.535969">
        <ele>4.7</ele>
      </trkpt>
      <trkpt lat="49.50036" lon="0.53594">
        <ele>4.6</ele>
      </trkpt>
      <trkpt lat="49.50036" lon="0.53591">
        <ele>4.5</ele>
      </trkpt>
      <trkpt lat="49.50035" lon="0.53588">
        <ele>4.4</ele>
      </trkpt>
      <trkpt lat="49.50034" lon="0.53585">
        <ele>4.3</ele>
      </trkpt>
      <trkpt lat="49.50034" lon="0.53583">
        <ele>4.2</ele>
      </trkpt>
      <trkpt lat="49.50033" lon="0.5358">
        <ele>4.1</ele>
      </trkpt>
      <trkpt lat="49.50032" lon="0.53578">
        <ele>4.1</ele>
      </trkpt>
      <trkpt lat="49.50032" lon="0.5357">
        <ele>4.0</ele>
      </trkpt>
      <trkpt lat="49.50032" lon="0.53566">
        <ele>3.9</ele>
      </trkpt>
      <trkpt lat="49.50033" lon="0.53562">
        <ele>3.9</ele>
      </trkpt>
      <trkpt lat="49.50033" lon="0.53559">
        <ele>3.8</ele>
      </trkpt>
      <trkpt lat="49.50034" lon="0.53557">
        <ele>3.8</ele>
      </trkpt>
      <trkpt lat="49.50034" lon="0.535529">
        <ele>3.8</ele>
      </trkpt>
      <trkpt lat="49.50035" lon="0.5355">
        <ele>3.8</ele>
      </trkpt>
      <trkpt lat="49.50036" lon="0.53545">
        <ele>3.7</ele>
      </trkpt>
      <trkpt lat="49.50038" lon="0.53539">
        <ele>3.6</ele>
      </trkpt>
      <trkpt lat="49.50042" lon="0.53527">
        <ele>3.5</ele>
      </trkpt>
      <trkpt lat="49.50045" lon="0.53519">
        <ele>3.4</ele>
      </trkpt>
      <trkpt lat="49.5005" lon="0.53508">
        <ele>3.2</ele>
      </trkpt>
      <trkpt lat="49.50052" lon="0.53501">
        <ele>3.0</ele>
      </trkpt>
      <trkpt lat="49.50056" lon="0.534919">
        <ele>3.2</ele>
      </trkpt>
      <trkpt lat="49.50061" lon="0.53481">
        <ele>3.4</ele>
      </trkpt>
      <trkpt lat="49.50067" lon="0.53468">
        <ele>3.7</ele>
      </trkpt>
      <trkpt lat="49.50072" lon="0.53458">
        <ele>3.9</ele>
      </trkpt>
      <trkpt lat="49.50077" lon="0.53447">
        <ele>4.2</ele>
      </trkpt>
      <trkpt lat="49.50081" lon="0.53439">
        <ele>4.4</ele>
      </trkpt>
      <trkpt lat="49.50087" lon="0.53427">
        <ele>4.8</ele>
      </trkpt>
      <trkpt lat="49.50089" lon="0.53424">
        <ele>4.9</ele>
      </trkpt>
      <trkpt lat="49.50104" lon="0.53391">
        <ele>5.5</ele>
      </trkpt>
      <trkpt lat="49.50113" lon="0.533749">
        <ele>5.7</ele>
      </trkpt>
      <trkpt lat="49.50119" lon="0.53363">
        <ele>5.8</ele>
      </trkpt>
      <trkpt lat="49.50121" lon="0.53356">
        <ele>5.9</ele>
      </trkpt>
      <trkpt lat="49.50123" lon="0.53348">
        <ele>5.9</ele>
      </trkpt>
      <trkpt lat="49.501309" lon="0.53334">
        <ele>6.0</ele>
      </trkpt>
      <trkpt lat="49.501399" lon="0.53319">
        <ele>5.7</ele>
      </trkpt>
      <trkpt lat="49.50155" lon="0.53295">
        <ele>5.1</ele>
      </trkpt>
      <trkpt lat="49.50217" lon="0.53196">
        <ele>3.5</ele>
      </trkpt>
      <trkpt lat="49.50233" lon="0.53171">
        <ele>2.8</ele>
      </trkpt>
      <trkpt lat="49.50251" lon="0.53143">
        <ele>2.9</ele>
      </trkpt>
      <trkpt lat="49.50287" lon="0.530869">
        <ele>4.0</ele>
      </trkpt>
      <trkpt lat="49.50301" lon="0.53066">
        <ele>4.4</ele>
      </trkpt>
      <trkpt lat="49.50317" lon="0.5304">
        <ele>5.0</ele>
      </trkpt>
      <trkpt lat="49.50348" lon="0.52993">
        <ele>6.7</ele>
      </trkpt>
      <trkpt lat="49.50359" lon="0.52975">
        <ele>8.0</ele>
      </trkpt>
      <trkpt lat="49.503749" lon="0.52951">
        <ele>9.7</ele>
      </trkpt>
      <trkpt lat="49.50391" lon="0.52925">
        <ele>11.5</ele>
      </trkpt>
      <trkpt lat="49.50413" lon="0.52893">
        <ele>12.8</ele>
      </trkpt>
      <trkpt lat="49.50415" lon="0.528919">
        <ele>12.9</ele>
      </trkpt>
      <trkpt lat="49.50416" lon="0.52891">
        <ele>12.9</ele>
      </trkpt>
      <trkpt lat="49.50417" lon="0.5289">
        <ele>13.0</ele>
      </trkpt>
      <trkpt lat="49.50418" lon="0.52889">
        <ele>13.0</ele>
      </trkpt>
      <trkpt lat="49.50419" lon="0.52889">
        <ele>13.1</ele>
      </trkpt>
      <trkpt lat="49.50427" lon="0.52878">
        <ele>13.6</ele>
      </trkpt>
      <trkpt lat="49.504309" lon="0.52872">
        <ele>13.8</ele>
      </trkpt>
      <trkpt lat="49.50438" lon="0.52863">
        <ele>14.1</ele>
      </trkpt>
      <trkpt lat="49.50445" lon="0.52856">
        <ele>14.3</ele>
      </trkpt>
      <trkpt lat="49.50455" lon="0.52844">
        <ele>14.5</ele>
      </trkpt>
      <trkpt lat="49.50464" lon="0.52835">
        <ele>14.4</ele>
      </trkpt>
      <trkpt lat="49.50477" lon="0.52823">
        <ele>14.2</ele>
      </trkpt>
      <trkpt lat="49.50493" lon="0.52807">
        <ele>13.8</ele>
      </trkpt>
      <trkpt lat="49.505" lon="0.52801">
        <ele>13.6</ele>
      </trkpt>
      <trkpt lat="49.50502" lon="0.52798">
        <ele>14.0</ele>
      </trkpt>
      <trkpt lat="49.50506" lon="0.52794">
        <ele>14.7</ele>
      </trkpt>
      <trkpt lat="49.50508" lon="0.527919">
        <ele>15.1</ele>
      </trkpt>
      <trkpt lat="49.50511" lon="0.52788">
        <ele>15.7</ele>
      </trkpt>
      <trkpt lat="49.50514" lon="0.52783">
        <ele>16.4</ele>
      </trkpt>
      <trkpt lat="49.50517" lon="0.52778">
        <ele>17.0</ele>
      </trkpt>
      <trkpt lat="49.5052" lon="0.52772">
        <ele>17.7</ele>
      </trkpt>
      <trkpt lat="49.50524" lon="0.52764">
        <ele>18.6</ele>
      </trkpt>
      <trkpt lat="49.50526" lon="0.5276">
        <ele>19.1</ele>
      </trkpt>
      <trkpt lat="49.50527" lon="0.52757">
        <ele>19.4</ele>
      </trkpt>
      <trkpt lat="49.50528" lon="0.52753">
        <ele>19.7</ele>
      </trkpt>
      <trkpt lat="49.50532" lon="0.5274">
        <ele>20.9</ele>
      </trkpt>
      <trkpt lat="49.50532" lon="0.5274">
        <ele>20.9</ele>
      </trkpt>
      <trkpt lat="49.50535" lon="0.52724">
        <ele>21.9</ele>
      </trkpt>
      <trkpt lat="49.50539" lon="0.52694">
        <ele>23.4</ele>
      </trkpt>
      <trkpt lat="49.50542" lon="0.52652">
        <ele>24.5</ele>
      </trkpt>
      <trkpt lat="49.50547" lon="0.52582">
        <ele>25.1</ele>
      </trkpt>
      <trkpt lat="49.50551" lon="0.52538">
        <ele>24.6</ele>
      </trkpt>
      <trkpt lat="49.50555" lon="0.5249">
        <ele>23.7</ele>
      </trkpt>
      <trkpt lat="49.50559" lon="0.52454">
        <ele>21.8</ele>
      </trkpt>
      <trkpt lat="49.50566" lon="0.52402">
        <ele>19.4</ele>
      </trkpt>
      <trkpt lat="49.50571" lon="0.5238">
        <ele>19.0</ele>
      </trkpt>
      <trkpt lat="49.50585" lon="0.523109">
        <ele>17.9</ele>
      </trkpt>
      <trkpt lat="49.50597" lon="0.52246">
        <ele>19.7</ele>
      </trkpt>
      <trkpt lat="49.50623" lon="0.5211">
        <ele>23.4</ele>
      </trkpt>
      <trkpt lat="49.50636" lon="0.52044">
        <ele>23.3</ele>
      </trkpt>
      <trkpt lat="49.50649" lon="0.51976">
        <ele>20.5</ele>
      </trkpt>
      <trkpt lat="49.50662" lon="0.51909">
        <ele>15.1</ele>
      </trkpt>
      <trkpt lat="49.50671" lon="0.51859">
        <ele>16.8</ele>
      </trkpt>
      <trkpt lat="49.5068" lon="0.518109">
        <ele>19.7</ele>
      </trkpt>
      <trkpt lat="49.50685" lon="0.51773">
        <ele>21.1</ele>
      </trkpt>
      <trkpt lat="49.50688" lon="0.51747">
        <ele>21.9</ele>
      </trkpt>
      <trkpt lat="49.5069" lon="0.51717">
        <ele>22.0</ele>
      </trkpt>
      <trkpt lat="49.50692" lon="0.51681">
        <ele>21.8</ele>
      </trkpt>
      <trkpt lat="49.50692" lon="0.51652">
        <ele>20.7</ele>
      </trkpt>
      <trkpt lat="49.50691" lon="0.51615">
        <ele>18.4</ele>
      </trkpt>
      <trkpt lat="49.5069" lon="0.515839">
        <ele>16.5</ele>
      </trkpt>
      <trkpt lat="49.50685" lon="0.51536">
        <ele>12.7</ele>
      </trkpt>
      <trkpt lat="49.50682" lon="0.515">
        <ele>10.4</ele>
      </trkpt>
      <trkpt lat="49.50673" lon="0.51413">
        <ele>6.6</ele>
      </trkpt>
      <trkpt lat="49.50667" lon="0.51357">
        <ele>6.0</ele>
      </trkpt>
      <trkpt lat="49.50661" lon="0.51304">
        <ele>6.0</ele>
      </trkpt>
      <trkpt lat="49.50656" lon="0.51259">
        <ele>5.8</ele>
      </trkpt>
      <trkpt lat="49.50652" lon="0.512159">
        <ele>6.2</ele>
      </trkpt>
      <trkpt lat="49.50643" lon="0.51142">
        <ele>6.9</ele>
      </trkpt>
      <trkpt lat="49.50638" lon="0.510889">
        <ele>7.6</ele>
      </trkpt>
      <trkpt lat="49.50633" lon="0.51037">
        <ele>7.1</ele>
      </trkpt>
      <trkpt lat="49.50623" lon="0.50947">
        <ele>7.1</ele>
      </trkpt>
      <trkpt lat="49.50609" lon="0.5081">
        <ele>6.9</ele>
      </trkpt>
      <trkpt lat="49.50603" lon="0.5076">
        <ele>6.8</ele>
      </trkpt>
      <trkpt lat="49.50595" lon="0.50675">
        <ele>6.3</ele>
      </trkpt>
      <trkpt lat="49.50586" lon="0.50592">
        <ele>6.0</ele>
      </trkpt>
      <trkpt lat="49.50582" lon="0.50548">
        <ele>5.5</ele>
      </trkpt>
      <trkpt lat="49.50578" lon="0.50505">
        <ele>5.0</ele>
      </trkpt>
      <trkpt lat="49.50574" lon="0.50459">
        <ele>4.3</ele>
      </trkpt>
      <trkpt lat="49.50574" lon="0.50444">
        <ele>4.1</ele>
      </trkpt>
      <trkpt lat="49.50573" lon="0.50424">
        <ele>3.9</ele>
      </trkpt>
      <trkpt lat="49.505719" lon="0.503909">
        <ele>4.1</ele>
      </trkpt>
      <trkpt lat="49.505719" lon="0.50365">
        <ele>4.4</ele>
      </trkpt>
      <trkpt lat="49.50573" lon="0.50349">
        <ele>4.7</ele>
      </trkpt>
      <trkpt lat="49.50574" lon="0.503009">
        <ele>4.5</ele>
      </trkpt>
      <trkpt lat="49.50577" lon="0.50277">
        <ele>4.2</ele>
      </trkpt>
      <trkpt lat="49.50579" lon="0.50254">
        <ele>4.0</ele>
      </trkpt>
      <trkpt lat="49.505809" lon="0.50241">
        <ele>4.0</ele>
      </trkpt>
      <trkpt lat="49.50583" lon="0.50227">
        <ele>4.0</ele>
      </trkpt>
      <trkpt lat="49.50584" lon="0.50216">
        <ele>4.0</ele>
      </trkpt>
      <trkpt lat="49.50587" lon="0.50199">
        <ele>4.0</ele>
      </trkpt>
      <trkpt lat="49.50591" lon="0.501739">
        <ele>4.1</ele>
      </trkpt>
      <trkpt lat="49.50593" lon="0.501619">
        <ele>4.2</ele>
      </trkpt>
      <trkpt lat="49.50594" lon="0.50156">
        <ele>4.2</ele>
      </trkpt>
      <trkpt lat="49.50595" lon="0.50147">
        <ele>4.3</ele>
      </trkpt>
      <trkpt lat="49.50597" lon="0.50134">
        <ele>4.4</ele>
      </trkpt>
      <trkpt lat="49.506" lon="0.50117">
        <ele>4.6</ele>
      </trkpt>
      <trkpt lat="49.50602" lon="0.501009">
        <ele>4.7</ele>
      </trkpt>
      <trkpt lat="49.50603" lon="0.50094">
        <ele>4.7</ele>
      </trkpt>
      <trkpt lat="49.50605" lon="0.50082">
        <ele>4.7</ele>
      </trkpt>
      <trkpt lat="49.50607" lon="0.50068">
        <ele>4.7</ele>
      </trkpt>
      <trkpt lat="49.5061" lon="0.500449">
        <ele>4.7</ele>
      </trkpt>
      <trkpt lat="49.50611" lon="0.50036">
        <ele>4.7</ele>
      </trkpt>
      <trkpt lat="49.50612" lon="0.50022">
        <ele>4.7</ele>
      </trkpt>
      <trkpt lat="49.50613" lon="0.50014">
        <ele>4.7</ele>
      </trkpt>
      <trkpt lat="49.50614" lon="0.5">
        <ele>4.7</ele>
      </trkpt>
      <trkpt lat="49.50615" lon="0.49988">
        <ele>4.6</ele>
      </trkpt>
      <trkpt lat="49.50616" lon="0.49975">
        <ele>4.5</ele>
      </trkpt>
      <trkpt lat="49.50617" lon="0.49966">
        <ele>4.4</ele>
      </trkpt>
      <trkpt lat="49.50617" lon="0.49953">
        <ele>4.2</ele>
      </trkpt>
      <trkpt lat="49.50618" lon="0.49943">
        <ele>4.1</ele>
      </trkpt>
      <trkpt lat="49.506189" lon="0.49928">
        <ele>4.0</ele>
      </trkpt>
      <trkpt lat="49.506189" lon="0.49916">
        <ele>3.9</ele>
      </trkpt>
      <trkpt lat="49.506189" lon="0.49908">
        <ele>3.9</ele>
      </trkpt>
      <trkpt lat="49.5062" lon="0.49901">
        <ele>3.9</ele>
      </trkpt>
      <trkpt lat="49.5062" lon="0.49889">
        <ele>3.9</ele>
      </trkpt>
      <trkpt lat="49.50621" lon="0.49878">
        <ele>3.9</ele>
      </trkpt>
      <trkpt lat="49.50621" lon="0.49867">
        <ele>3.9</ele>
      </trkpt>
      <trkpt lat="49.50622" lon="0.49854">
        <ele>3.9</ele>
      </trkpt>
      <trkpt lat="49.50623" lon="0.49837">
        <ele>4.0</ele>
      </trkpt>
      <trkpt lat="49.50623" lon="0.49828">
        <ele>4.0</ele>
      </trkpt>
      <trkpt lat="49.50624" lon="0.49813">
        <ele>4.1</ele>
      </trkpt>
      <trkpt lat="49.50624" lon="0.49806">
        <ele>4.1</ele>
      </trkpt>
      <trkpt lat="49.50624" lon="0.49798">
        <ele>4.2</ele>
      </trkpt>
      <trkpt lat="49.50625" lon="0.49789">
        <ele>4.3</ele>
      </trkpt>
      <trkpt lat="49.50625" lon="0.49776">
        <ele>4.3</ele>
      </trkpt>
      <trkpt lat="49.50625" lon="0.49769">
        <ele>4.4</ele>
      </trkpt>
      <trkpt lat="49.50624" lon="0.4975">
        <ele>4.5</ele>
      </trkpt>
      <trkpt lat="49.50624" lon="0.49737">
        <ele>4.8</ele>
      </trkpt>
      <trkpt lat="49.50623" lon="0.49728">
        <ele>4.9</ele>
      </trkpt>
      <trkpt lat="49.50622" lon="0.4971">
        <ele>5.3</ele>
      </trkpt>
      <trkpt lat="49.5062" lon="0.49693">
        <ele>5.6</ele>
      </trkpt>
      <trkpt lat="49.50618" lon="0.49677">
        <ele>5.9</ele>
      </trkpt>
      <trkpt lat="49.50616" lon="0.49665">
        <ele>6.0</ele>
      </trkpt>
      <trkpt lat="49.50614" lon="0.49657">
        <ele>6.1</ele>
      </trkpt>
      <trkpt lat="49.50613" lon="0.49649">
        <ele>6.3</ele>
      </trkpt>
      <trkpt lat="49.5061" lon="0.49637">
        <ele>6.4</ele>
      </trkpt>
      <trkpt lat="49.50605" lon="0.4962">
        <ele>6.6</ele>
      </trkpt>
      <trkpt lat="49.50596" lon="0.49589">
        <ele>6.8</ele>
      </trkpt>
      <trkpt lat="49.50592" lon="0.49575">
        <ele>6.7</ele>
      </trkpt>
      <trkpt lat="49.50589" lon="0.49567">
        <ele>6.5</ele>
      </trkpt>
      <trkpt lat="49.50582" lon="0.49544">
        <ele>6.0</ele>
      </trkpt>
      <trkpt lat="49.50574" lon="0.49521">
        <ele>5.9</ele>
      </trkpt>
      <trkpt lat="49.50554" lon="0.4946">
        <ele>6.8</ele>
      </trkpt>
      <trkpt lat="49.5055" lon="0.49447">
        <ele>7.0</ele>
      </trkpt>
      <trkpt lat="49.50538" lon="0.49414">
        <ele>7.5</ele>
      </trkpt>
      <trkpt lat="49.50517" lon="0.49348">
        <ele>9.1</ele>
      </trkpt>
      <trkpt lat="49.50497" lon="0.49291">
        <ele>6.9</ele>
      </trkpt>
      <trkpt lat="49.50483" lon="0.49247">
        <ele>6.4</ele>
      </trkpt>
      <trkpt lat="49.50462" lon="0.49185">
        <ele>6.1</ele>
      </trkpt>
      <trkpt lat="49.50441" lon="0.49123">
        <ele>5.4</ele>
      </trkpt>
      <trkpt lat="49.50426" lon="0.49077">
        <ele>4.4</ele>
      </trkpt>
      <trkpt lat="49.50413" lon="0.49038">
        <ele>5.1</ele>
      </trkpt>
      <trkpt lat="49.50409" lon="0.49028">
        <ele>5.4</ele>
      </trkpt>
      <trkpt lat="49.5038" lon="0.48942">
        <ele>5.1</ele>
      </trkpt>
      <trkpt lat="49.50373" lon="0.48921">
        <ele>4.9</ele>
      </trkpt>
      <trkpt lat="49.50358" lon="0.48876">
        <ele>5.4</ele>
      </trkpt>
      <trkpt lat="49.50343" lon="0.4883">
        <ele>6.4</ele>
      </trkpt>
      <trkpt lat="49.50326" lon="0.48781">
        <ele>8.1</ele>
      </trkpt>
      <trkpt lat="49.50305" lon="0.48719">
        <ele>8.2</ele>
      </trkpt>
      <trkpt lat="49.50285" lon="0.48659">
        <ele>7.7</ele>
      </trkpt>
      <trkpt lat="49.50269" lon="0.48612">
        <ele>7.1</ele>
      </trkpt>
      <trkpt lat="49.50248" lon="0.4855">
        <ele>6.7</ele>
      </trkpt>
      <trkpt lat="49.50233" lon="0.48502">
        <ele>7.1</ele>
      </trkpt>
      <trkpt lat="49.50202" lon="0.48411">
        <ele>7.7</ele>
      </trkpt>
      <trkpt lat="49.50172" lon="0.4832">
        <ele>7.0</ele>
      </trkpt>
      <trkpt lat="49.50132" lon="0.482">
        <ele>10.9</ele>
      </trkpt>
      <trkpt lat="49.50092" lon="0.4808">
        <ele>12.7</ele>
      </trkpt>
      <trkpt lat="49.500749" lon="0.48032">
        <ele>13.5</ele>
      </trkpt>
      <trkpt lat="49.50068" lon="0.48015">
        <ele>14.0</ele>
      </trkpt>
      <trkpt lat="49.50059" lon="0.47995">
        <ele>14.5</ele>
      </trkpt>
      <trkpt lat="49.50052" lon="0.4798">
        <ele>15.6</ele>
      </trkpt>
      <trkpt lat="49.50043" lon="0.47963">
        <ele>16.2</ele>
      </trkpt>
      <trkpt lat="49.50026" lon="0.47933">
        <ele>16.0</ele>
      </trkpt>
      <trkpt lat="49.50016" lon="0.47919">
        <ele>14.8</ele>
      </trkpt>
      <trkpt lat="49.49997" lon="0.47892">
        <ele>17.5</ele>
      </trkpt>
      <trkpt lat="49.49959" lon="0.47841">
        <ele>22.3</ele>
      </trkpt>
      <trkpt lat="49.49936" lon="0.4781">
        <ele>22.7</ele>
      </trkpt>
      <trkpt lat="49.4987" lon="0.4772">
        <ele>24.1</ele>
      </trkpt>
      <trkpt lat="49.49843" lon="0.47682">
        <ele>25.5</ele>
      </trkpt>
      <trkpt lat="49.498019" lon="0.47626">
        <ele>27.3</ele>
      </trkpt>
      <trkpt lat="49.49768" lon="0.47582">
        <ele>24.6</ele>
      </trkpt>
      <trkpt lat="49.4975" lon="0.47559">
        <ele>23.6</ele>
      </trkpt>
      <trkpt lat="49.4973" lon="0.47537">
        <ele>25.0</ele>
      </trkpt>
      <trkpt lat="49.49714" lon="0.47523">
        <ele>25.0</ele>
      </trkpt>
      <trkpt lat="49.496899" lon="0.47502">
        <ele>24.4</ele>
      </trkpt>
      <trkpt lat="49.49656" lon="0.47471">
        <ele>25.7</ele>
      </trkpt>
      <trkpt lat="49.49637" lon="0.47456">
        <ele>25.1</ele>
      </trkpt>
      <trkpt lat="49.49604" lon="0.47432">
        <ele>21.5</ele>
      </trkpt>
      <trkpt lat="49.49553" lon="0.47401">
        <ele>16.2</ele>
      </trkpt>
      <trkpt lat="49.49491" lon="0.47368">
        <ele>11.1</ele>
      </trkpt>
      <trkpt lat="49.49363" lon="0.473">
        <ele>7.8</ele>
      </trkpt>
      <trkpt lat="49.49309" lon="0.47271">
        <ele>6.9</ele>
      </trkpt>
      <trkpt lat="49.49264" lon="0.47247">
        <ele>5.8</ele>
      </trkpt>
      <trkpt lat="49.492" lon="0.47212">
        <ele>7.4</ele>
      </trkpt>
      <trkpt lat="49.4918" lon="0.47201">
        <ele>8.3</ele>
      </trkpt>
      <trkpt lat="49.49162" lon="0.47188">
        <ele>9.3</ele>
      </trkpt>
      <trkpt lat="49.49149" lon="0.47178">
        <ele>9.4</ele>
      </trkpt>
      <trkpt lat="49.49125" lon="0.47158">
        <ele>9.1</ele>
      </trkpt>
      <trkpt lat="49.49089" lon="0.47128">
        <ele>8.5</ele>
      </trkpt>
      <trkpt lat="49.49075" lon="0.47116">
        <ele>8.7</ele>
      </trkpt>
      <trkpt lat="49.4906" lon="0.47105">
        <ele>8.9</ele>
      </trkpt>
      <trkpt lat="49.49048" lon="0.47096">
        <ele>9.1</ele>
      </trkpt>
      <trkpt lat="49.49034" lon="0.47087">
        <ele>9.3</ele>
      </trkpt>
      <trkpt lat="49.49021" lon="0.47079">
        <ele>9.3</ele>
      </trkpt>
      <trkpt lat="49.49004" lon="0.4707">
        <ele>9.2</ele>
      </trkpt>
      <trkpt lat="49.48988" lon="0.47062">
        <ele>9.1</ele>
      </trkpt>
      <trkpt lat="49.48974" lon="0.47055">
        <ele>9.0</ele>
      </trkpt>
      <trkpt lat="49.48953" lon="0.47046">
        <ele>8.9</ele>
      </trkpt>
      <trkpt lat="49.48922" lon="0.47035">
        <ele>8.6</ele>
      </trkpt>
      <trkpt lat="49.489" lon="0.47026">
        <ele>8.5</ele>
      </trkpt>
      <trkpt lat="49.48883" lon="0.47019">
        <ele>8.5</ele>
      </trkpt>
      <trkpt lat="49.4887" lon="0.47012">
        <ele>8.6</ele>
      </trkpt>
      <trkpt lat="49.4885" lon="0.47001">
        <ele>9.0</ele>
      </trkpt>
      <trkpt lat="49.48822" lon="0.46985">
        <ele>9.5</ele>
      </trkpt>
      <trkpt lat="49.48801" lon="0.46973">
        <ele>9.8</ele>
      </trkpt>
      <trkpt lat="49.487789" lon="0.46959">
        <ele>10.3</ele>
      </trkpt>
      <trkpt lat="49.48745" lon="0.46938">
        <ele>11.2</ele>
      </trkpt>
      <trkpt lat="49.487229" lon="0.46924">
        <ele>10.6</ele>
      </trkpt>
      <trkpt lat="49.48689" lon="0.46904">
        <ele>8.6</ele>
      </trkpt>
      <trkpt lat="49.48671" lon="0.46895">
        <ele>7.5</ele>
      </trkpt>
      <trkpt lat="49.48646" lon="0.46886">
        <ele>7.0</ele>
      </trkpt>
      <trkpt lat="49.48642" lon="0.46885">
        <ele>7.0</ele>
      </trkpt>
      <trkpt lat="49.48634" lon="0.46883">
        <ele>6.9</ele>
      </trkpt>
      <trkpt lat="49.48619" lon="0.46879">
        <ele>6.6</ele>
      </trkpt>
      <trkpt lat="49.48606" lon="0.46876">
        <ele>6.4</ele>
      </trkpt>
      <trkpt lat="49.48595" lon="0.46874">
        <ele>6.2</ele>
      </trkpt>
      <trkpt lat="49.48585" lon="0.46873">
        <ele>6.0</ele>
      </trkpt>
      <trkpt lat="49.48568" lon="0.46871">
        <ele>5.9</ele>
      </trkpt>
      <trkpt lat="49.48542" lon="0.46871">
        <ele>5.8</ele>
      </trkpt>
      <trkpt lat="49.48507" lon="0.46871">
        <ele>5.7</ele>
      </trkpt>
      <trkpt lat="49.48477" lon="0.46872">
        <ele>4.9</ele>
      </trkpt>
      <trkpt lat="49.48436" lon="0.46873">
        <ele>3.6</ele>
      </trkpt>
      <trkpt lat="49.48428" lon="0.4687">
        <ele>3.5</ele>
      </trkpt>
      <trkpt lat="49.484229" lon="0.4687">
        <ele>3.3</ele>
      </trkpt>
      <trkpt lat="49.48382" lon="0.46868">
        <ele>2.9</ele>
      </trkpt>
      <trkpt lat="49.48345" lon="0.46868">
        <ele>2.7</ele>
      </trkpt>
      <trkpt lat="49.482999" lon="0.46868">
        <ele>2.1</ele>
      </trkpt>
      <trkpt lat="49.48284" lon="0.46868">
        <ele>1.9</ele>
      </trkpt>
      <trkpt lat="49.48279" lon="0.46867">
        <ele>1.8</ele>
      </trkpt>
      <trkpt lat="49.48275" lon="0.46866">
        <ele>1.8</ele>
      </trkpt>
      <trkpt lat="49.48265" lon="0.46863">
        <ele>1.6</ele>
      </trkpt>
      <trkpt lat="49.48265" lon="0.46862">
        <ele>1.6</ele>
      </trkpt>
      <trkpt lat="49.48264" lon="0.46861">
        <ele>1.6</ele>
      </trkpt>
      <trkpt lat="49.48263" lon="0.46859">
        <ele>1.5</ele>
      </trkpt>
      <trkpt lat="49.48262" lon="0.46858">
        <ele>1.5</ele>
      </trkpt>
      <trkpt lat="49.48261" lon="0.46857">
        <ele>1.5</ele>
      </trkpt>
      <trkpt lat="49.4826" lon="0.46856">
        <ele>1.4</ele>
      </trkpt>
      <trkpt lat="49.48259" lon="0.46855">
        <ele>1.4</ele>
      </trkpt>
      <trkpt lat="49.48258" lon="0.46855">
        <ele>1.4</ele>
      </trkpt>
      <trkpt lat="49.48256" lon="0.46854">
        <ele>1.4</ele>
      </trkpt>
      <trkpt lat="49.48255" lon="0.46854">
        <ele>1.3</ele>
      </trkpt>
      <trkpt lat="49.48254" lon="0.46854">
        <ele>1.3</ele>
      </trkpt>
      <trkpt lat="49.482529" lon="0.46853">
        <ele>1.3</ele>
      </trkpt>
      <trkpt lat="49.48251" lon="0.46853">
        <ele>1.3</ele>
      </trkpt>
      <trkpt lat="49.4825" lon="0.46854">
        <ele>1.2</ele>
      </trkpt>
      <trkpt lat="49.48249" lon="0.46854">
        <ele>1.3</ele>
      </trkpt>
      <trkpt lat="49.48248" lon="0.46854">
        <ele>1.3</ele>
      </trkpt>
      <trkpt lat="49.48247" lon="0.46855">
        <ele>1.3</ele>
      </trkpt>
      <trkpt lat="49.48246" lon="0.46856">
        <ele>1.3</ele>
      </trkpt>
      <trkpt lat="49.482439" lon="0.46856">
        <ele>1.4</ele>
      </trkpt>
      <trkpt lat="49.48243" lon="0.46857">
        <ele>1.4</ele>
      </trkpt>
      <trkpt lat="49.48242" lon="0.46858">
        <ele>1.4</ele>
      </trkpt>
      <trkpt lat="49.48241" lon="0.4686">
        <ele>1.5</ele>
      </trkpt>
      <trkpt lat="49.48241" lon="0.46861">
        <ele>1.5</ele>
      </trkpt>
      <trkpt lat="49.48239" lon="0.46863">
        <ele>1.5</ele>
      </trkpt>
      <trkpt lat="49.48233" lon="0.46866">
        <ele>1.6</ele>
      </trkpt>
      <trkpt lat="49.48229" lon="0.46868">
        <ele>1.7</ele>
      </trkpt>
      <trkpt lat="49.482259" lon="0.46869">
        <ele>1.8</ele>
      </trkpt>
      <trkpt lat="49.48223" lon="0.4687">
        <ele>1.8</ele>
      </trkpt>
      <trkpt lat="49.4822" lon="0.4687">
        <ele>1.8</ele>
      </trkpt>
      <trkpt lat="49.48192" lon="0.4687">
        <ele>2.2</ele>
      </trkpt>
      <trkpt lat="49.48183" lon="0.46871">
        <ele>2.3</ele>
      </trkpt>
      <trkpt lat="49.4816" lon="0.46871">
        <ele>2.6</ele>
      </trkpt>
      <trkpt lat="49.48136" lon="0.4687">
        <ele>2.9</ele>
      </trkpt>
      <trkpt lat="49.48124" lon="0.4687">
        <ele>3.1</ele>
      </trkpt>
      <trkpt lat="49.48108" lon="0.46868">
        <ele>3.3</ele>
      </trkpt>
      <trkpt lat="49.48097" lon="0.46866">
        <ele>3.4</ele>
      </trkpt>
      <trkpt lat="49.48087" lon="0.46864">
        <ele>3.6</ele>
      </trkpt>
      <trkpt lat="49.48077" lon="0.46862">
        <ele>3.6</ele>
      </trkpt>
      <trkpt lat="49.48067" lon="0.4686">
        <ele>3.6</ele>
      </trkpt>
      <trkpt lat="49.48054" lon="0.46855">
        <ele>3.6</ele>
      </trkpt>
      <trkpt lat="49.48048" lon="0.46853">
        <ele>3.7</ele>
      </trkpt>
      <trkpt lat="49.48037" lon="0.46851">
        <ele>3.7</ele>
      </trkpt>
      <trkpt lat="49.4802" lon="0.46844">
        <ele>3.8</ele>
      </trkpt>
      <trkpt lat="49.47999" lon="0.46831">
        <ele>4.1</ele>
      </trkpt>
      <trkpt lat="49.4797" lon="0.46812">
        <ele>4.7</ele>
      </trkpt>
      <trkpt lat="49.4796" lon="0.46806">
        <ele>4.8</ele>
      </trkpt>
      <trkpt lat="49.479439" lon="0.46793">
        <ele>5.0</ele>
      </trkpt>
      <trkpt lat="49.47911" lon="0.46768">
        <ele>5.1</ele>
      </trkpt>
      <trkpt lat="49.47878" lon="0.46742">
        <ele>5.8</ele>
      </trkpt>
      <trkpt lat="49.47858" lon="0.46727">
        <ele>6.0</ele>
      </trkpt>
      <trkpt lat="49.4784" lon="0.46712">
        <ele>6.0</ele>
      </trkpt>
      <trkpt lat="49.47826" lon="0.46698">
        <ele>5.6</ele>
      </trkpt>
      <trkpt lat="49.47817" lon="0.4669">
        <ele>5.3</ele>
      </trkpt>
      <trkpt lat="49.47804" lon="0.46675">
        <ele>4.8</ele>
      </trkpt>
      <trkpt lat="49.47783" lon="0.46651">
        <ele>4.9</ele>
      </trkpt>
      <trkpt lat="49.47774" lon="0.46639">
        <ele>5.3</ele>
      </trkpt>
      <trkpt lat="49.47765" lon="0.46626">
        <ele>5.9</ele>
      </trkpt>
      <trkpt lat="49.47755" lon="0.46611">
        <ele>6.6</ele>
      </trkpt>
      <trkpt lat="49.47745" lon="0.46595">
        <ele>7.1</ele>
      </trkpt>
      <trkpt lat="49.47732" lon="0.46574">
        <ele>7.1</ele>
      </trkpt>
      <trkpt lat="49.47724" lon="0.46558">
        <ele>6.8</ele>
      </trkpt>
      <trkpt lat="49.47712" lon="0.46537">
        <ele>6.5</ele>
      </trkpt>
      <trkpt lat="49.477089" lon="0.46527">
        <ele>6.5</ele>
      </trkpt>
      <trkpt lat="49.4769" lon="0.46488">
        <ele>6.8</ele>
      </trkpt>
      <trkpt lat="49.47661" lon="0.46431">
        <ele>8.6</ele>
      </trkpt>
      <trkpt lat="49.47655" lon="0.46419">
        <ele>8.8</ele>
      </trkpt>
      <trkpt lat="49.4765" lon="0.46412">
        <ele>8.7</ele>
      </trkpt>
      <trkpt lat="49.47645" lon="0.46404">
        <ele>8.7</ele>
      </trkpt>
      <trkpt lat="49.476349" lon="0.4639">
        <ele>8.7</ele>
      </trkpt>
      <trkpt lat="49.47613" lon="0.46361">
        <ele>8.6</ele>
      </trkpt>
      <trkpt lat="49.47605" lon="0.46352">
        <ele>8.5</ele>
      </trkpt>
      <trkpt lat="49.47599" lon="0.46346">
        <ele>8.4</ele>
      </trkpt>
      <trkpt lat="49.47571" lon="0.46309">
        <ele>12.4</ele>
      </trkpt>
      <trkpt lat="49.47556" lon="0.46289">
        <ele>16.1</ele>
      </trkpt>
      <trkpt lat="49.4754" lon="0.46266">
        <ele>21.3</ele>
      </trkpt>
      <trkpt lat="49.47534" lon="0.46255">
        <ele>24.1</ele>
      </trkpt>
      <trkpt lat="49.47528" lon="0.46245">
        <ele>26.0</ele>
      </trkpt>
      <trkpt lat="49.47524" lon="0.46239">
        <ele>26.6</ele>
      </trkpt>
      <trkpt lat="49.47521" lon="0.46232">
        <ele>27.3</ele>
      </trkpt>
      <trkpt lat="49.47517" lon="0.46224">
        <ele>28.1</ele>
      </trkpt>
      <trkpt lat="49.47514" lon="0.46217">
        <ele>28.7</ele>
      </trkpt>
      <trkpt lat="49.47511" lon="0.46208">
        <ele>29.5</ele>
      </trkpt>
      <trkpt lat="49.47507" lon="0.46198">
        <ele>30.3</ele>
      </trkpt>
      <trkpt lat="49.475029" lon="0.46186">
        <ele>31.3</ele>
      </trkpt>
      <trkpt lat="49.475" lon="0.46176">
        <ele>32.0</ele>
      </trkpt>
      <trkpt lat="49.47498" lon="0.46164">
        <ele>31.6</ele>
      </trkpt>
      <trkpt lat="49.47495" lon="0.46153">
        <ele>28.1</ele>
      </trkpt>
      <trkpt lat="49.47491" lon="0.46134">
        <ele>22.8</ele>
      </trkpt>
      <trkpt lat="49.4749" lon="0.46125">
        <ele>20.6</ele>
      </trkpt>
      <trkpt lat="49.47488" lon="0.46112">
        <ele>17.5</ele>
      </trkpt>
      <trkpt lat="49.47487" lon="0.46097">
        <ele>14.3</ele>
      </trkpt>
      <trkpt lat="49.47486" lon="0.46089">
        <ele>12.6</ele>
      </trkpt>
      <trkpt lat="49.47486" lon="0.4608">
        <ele>11.4</ele>
      </trkpt>
      <trkpt lat="49.47486" lon="0.46071">
        <ele>11.3</ele>
      </trkpt>
      <trkpt lat="49.47486" lon="0.4606">
        <ele>11.2</ele>
      </trkpt>
      <trkpt lat="49.47487" lon="0.46041">
        <ele>11.0</ele>
      </trkpt>
      <trkpt lat="49.47488" lon="0.46023">
        <ele>10.9</ele>
      </trkpt>
      <trkpt lat="49.4749" lon="0.46008">
        <ele>10.9</ele>
      </trkpt>
      <trkpt lat="49.47491" lon="0.45999">
        <ele>10.9</ele>
      </trkpt>
      <trkpt lat="49.47492" lon="0.45991">
        <ele>10.9</ele>
      </trkpt>
      <trkpt lat="49.47493" lon="0.45983">
        <ele>10.9</ele>
      </trkpt>
      <trkpt lat="49.47495" lon="0.45974">
        <ele>10.9</ele>
      </trkpt>
      <trkpt lat="49.47498" lon="0.4596">
        <ele>10.9</ele>
      </trkpt>
      <trkpt lat="49.475" lon="0.45952">
        <ele>10.9</ele>
      </trkpt>
      <trkpt lat="49.47502" lon="0.45944">
        <ele>10.9</ele>
      </trkpt>
      <trkpt lat="49.47505" lon="0.45931">
        <ele>11.0</ele>
      </trkpt>
      <trkpt lat="49.47509" lon="0.45919">
        <ele>11.1</ele>
      </trkpt>
      <trkpt lat="49.47513" lon="0.45904">
        <ele>10.7</ele>
      </trkpt>
      <trkpt lat="49.47517" lon="0.45894">
        <ele>10.4</ele>
      </trkpt>
      <trkpt lat="49.4752" lon="0.45885">
        <ele>10.1</ele>
      </trkpt>
      <trkpt lat="49.47531" lon="0.45861">
        <ele>9.2</ele>
      </trkpt>
      <trkpt lat="49.47537" lon="0.45849">
        <ele>8.6</ele>
      </trkpt>
      <trkpt lat="49.47545" lon="0.45832">
        <ele>7.6</ele>
      </trkpt>
      <trkpt lat="49.475589" lon="0.45807">
        <ele>7.5</ele>
      </trkpt>
      <trkpt lat="49.47592" lon="0.45748">
        <ele>8.6</ele>
      </trkpt>
      <trkpt lat="49.47611" lon="0.45715">
        <ele>10.9</ele>
      </trkpt>
      <trkpt lat="49.47631" lon="0.45678">
        <ele>11.8</ele>
      </trkpt>
      <trkpt lat="49.47646" lon="0.45651">
        <ele>12.1</ele>
      </trkpt>
      <trkpt lat="49.47675" lon="0.456">
        <ele>13.1</ele>
      </trkpt>
      <trkpt lat="49.47699" lon="0.45555">
        <ele>15.1</ele>
      </trkpt>
      <trkpt lat="49.47727" lon="0.45507">
        <ele>15.3</ele>
      </trkpt>
      <trkpt lat="49.47751" lon="0.45465">
        <ele>14.5</ele>
      </trkpt>
      <trkpt lat="49.47766" lon="0.45437">
        <ele>14.8</ele>
      </trkpt>
      <trkpt lat="49.47783" lon="0.45408">
        <ele>15.3</ele>
      </trkpt>
      <trkpt lat="49.47822" lon="0.45337">
        <ele>13.2</ele>
      </trkpt>
      <trkpt lat="49.47869" lon="0.45253">
        <ele>11.5</ele>
      </trkpt>
      <trkpt lat="49.47933" lon="0.45141">
        <ele>9.3</ele>
      </trkpt>
      <trkpt lat="49.47968" lon="0.45078">
        <ele>10.1</ele>
      </trkpt>
      <trkpt lat="49.47986" lon="0.45046">
        <ele>10.0</ele>
      </trkpt>
      <trkpt lat="49.479999" lon="0.45022">
        <ele>9.1</ele>
      </trkpt>
      <trkpt lat="49.48014" lon="0.44997">
        <ele>10.5</ele>
      </trkpt>
      <trkpt lat="49.48021" lon="0.44983">
        <ele>11.1</ele>
      </trkpt>
      <trkpt lat="49.48033" lon="0.4496">
        <ele>11.5</ele>
      </trkpt>
      <trkpt lat="49.48044" lon="0.4494">
        <ele>11.2</ele>
      </trkpt>
      <trkpt lat="49.4805" lon="0.44928">
        <ele>10.5</ele>
      </trkpt>
      <trkpt lat="49.48062" lon="0.44903">
        <ele>9.6</ele>
      </trkpt>
      <trkpt lat="49.4808" lon="0.44862">
        <ele>8.2</ele>
      </trkpt>
      <trkpt lat="49.48086" lon="0.44849">
        <ele>8.1</ele>
      </trkpt>
      <trkpt lat="49.4809" lon="0.44839">
        <ele>8.4</ele>
      </trkpt>
      <trkpt lat="49.48099" lon="0.44818">
        <ele>9.5</ele>
      </trkpt>
      <trkpt lat="49.4811" lon="0.44794">
        <ele>10.3</ele>
      </trkpt>
      <trkpt lat="49.48115" lon="0.44781">
        <ele>10.1</ele>
      </trkpt>
      <trkpt lat="49.48119" lon="0.4477">
        <ele>9.8</ele>
      </trkpt>
      <trkpt lat="49.48124" lon="0.44758">
        <ele>9.3</ele>
      </trkpt>
      <trkpt lat="49.48129" lon="0.44745">
        <ele>8.7</ele>
      </trkpt>
      <trkpt lat="49.48134" lon="0.44731">
        <ele>8.4</ele>
      </trkpt>
      <trkpt lat="49.4814" lon="0.44717">
        <ele>8.1</ele>
      </trkpt>
      <trkpt lat="49.48144" lon="0.44705">
        <ele>7.5</ele>
      </trkpt>
      <trkpt lat="49.48151" lon="0.44685">
        <ele>6.2</ele>
      </trkpt>
      <trkpt lat="49.48156" lon="0.44667">
        <ele>4.8</ele>
      </trkpt>
      <trkpt lat="49.48161" lon="0.44648">
        <ele>4.4</ele>
      </trkpt>
      <trkpt lat="49.48168" lon="0.44618">
        <ele>4.1</ele>
      </trkpt>
      <trkpt lat="49.48171" lon="0.44603">
        <ele>4.3</ele>
      </trkpt>
      <trkpt lat="49.48174" lon="0.44586">
        <ele>4.2</ele>
      </trkpt>
      <trkpt lat="49.48178" lon="0.44558">
        <ele>4.4</ele>
      </trkpt>
      <trkpt lat="49.4818" lon="0.4454">
        <ele>4.3</ele>
      </trkpt>
      <trkpt lat="49.48181" lon="0.44529">
        <ele>4.2</ele>
      </trkpt>
      <trkpt lat="49.48182" lon="0.44516">
        <ele>4.1</ele>
      </trkpt>
      <trkpt lat="49.48182" lon="0.44501">
        <ele>3.8</ele>
      </trkpt>
      <trkpt lat="49.48183" lon="0.44482">
        <ele>3.7</ele>
      </trkpt>
      <trkpt lat="49.48182" lon="0.44464">
        <ele>3.6</ele>
      </trkpt>
      <trkpt lat="49.48181" lon="0.44439">
        <ele>3.4</ele>
      </trkpt>
      <trkpt lat="49.481789" lon="0.44412">
        <ele>3.3</ele>
      </trkpt>
      <trkpt lat="49.48176" lon="0.44364">
        <ele>3.8</ele>
      </trkpt>
      <trkpt lat="49.48176" lon="0.44342">
        <ele>4.0</ele>
      </trkpt>
      <trkpt lat="49.48176" lon="0.44331">
        <ele>4.1</ele>
      </trkpt>
      <trkpt lat="49.48176" lon="0.44317">
        <ele>4.1</ele>
      </trkpt>
      <trkpt lat="49.48176" lon="0.44308">
        <ele>4.1</ele>
      </trkpt>
      <trkpt lat="49.48177" lon="0.44302">
        <ele>4.1</ele>
      </trkpt>
      <trkpt lat="49.481789" lon="0.44297">
        <ele>4.1</ele>
      </trkpt>
      <trkpt lat="49.48181" lon="0.44292">
        <ele>4.1</ele>
      </trkpt>
      <trkpt lat="49.48183" lon="0.44288">
        <ele>4.1</ele>
      </trkpt>
      <trkpt lat="49.48185" lon="0.44284">
        <ele>4.1</ele>
      </trkpt>
      <trkpt lat="49.48187" lon="0.44281">
        <ele>4.1</ele>
      </trkpt>
      <trkpt lat="49.48189" lon="0.44279">
        <ele>4.1</ele>
      </trkpt>
      <trkpt lat="49.48191" lon="0.44278">
        <ele>4.1</ele>
      </trkpt>
      <trkpt lat="49.48196" lon="0.44274">
        <ele>4.1</ele>
      </trkpt>
      <trkpt lat="49.48201" lon="0.44273">
        <ele>4.1</ele>
      </trkpt>
      <trkpt lat="49.48204" lon="0.44273">
        <ele>4.1</ele>
      </trkpt>
      <trkpt lat="49.48213" lon="0.44273">
        <ele>4.2</ele>
      </trkpt>
      <trkpt lat="49.48213" lon="0.44273">
        <ele>4.2</ele>
      </trkpt>
      <trkpt lat="49.48215" lon="0.44276">
        <ele>4.2</ele>
      </trkpt>
      <trkpt lat="49.48216" lon="0.44278">
        <ele>4.2</ele>
      </trkpt>
      <trkpt lat="49.48218" lon="0.44281">
        <ele>4.2</ele>
      </trkpt>
      <trkpt lat="49.4822" lon="0.44283">
        <ele>4.3</ele>
      </trkpt>
      <trkpt lat="49.48222" lon="0.44284">
        <ele>4.3</ele>
      </trkpt>
      <trkpt lat="49.48224" lon="0.44286">
        <ele>4.3</ele>
      </trkpt>
      <trkpt lat="49.482259" lon="0.44287">
        <ele>4.3</ele>
      </trkpt>
      <trkpt lat="49.48229" lon="0.44288">
        <ele>4.3</ele>
      </trkpt>
      <trkpt lat="49.48231" lon="0.44288">
        <ele>4.4</ele>
      </trkpt>
      <trkpt lat="49.48234" lon="0.44288">
        <ele>4.4</ele>
      </trkpt>
      <trkpt lat="49.48237" lon="0.44288">
        <ele>4.4</ele>
      </trkpt>
      <trkpt lat="49.48239" lon="0.44287">
        <ele>4.4</ele>
      </trkpt>
      <trkpt lat="49.48242" lon="0.44286">
        <ele>4.4</ele>
      </trkpt>
      <trkpt lat="49.482439" lon="0.44284">
        <ele>4.4</ele>
      </trkpt>
      <trkpt lat="49.48246" lon="0.44282">
        <ele>4.4</ele>
      </trkpt>
      <trkpt lat="49.4825" lon="0.44279">
        <ele>4.3</ele>
      </trkpt>
      <trkpt lat="49.48251" lon="0.44276">
        <ele>4.3</ele>
      </trkpt>
      <trkpt lat="49.48252" lon="0.44274">
        <ele>4.3</ele>
      </trkpt>
      <trkpt lat="49.482529" lon="0.44271">
        <ele>4.3</ele>
      </trkpt>
      <trkpt lat="49.48254" lon="0.44268">
        <ele>4.3</ele>
      </trkpt>
      <trkpt lat="49.48255" lon="0.44266">
        <ele>4.3</ele>
      </trkpt>
      <trkpt lat="49.48256" lon="0.44263">
        <ele>4.3</ele>
      </trkpt>
      <trkpt lat="49.48256" lon="0.4426">
        <ele>4.2</ele>
      </trkpt>
      <trkpt lat="49.48257" lon="0.44257">
        <ele>4.2</ele>
      </trkpt>
      <trkpt lat="49.48257" lon="0.44254">
        <ele>4.1</ele>
      </trkpt>
      <trkpt lat="49.48257" lon="0.44251">
        <ele>4.1</ele>
      </trkpt>
      <trkpt lat="49.48257" lon="0.44249">
        <ele>4.1</ele>
      </trkpt>
      <trkpt lat="49.48257" lon="0.44246">
        <ele>4.0</ele>
      </trkpt>
      <trkpt lat="49.48256" lon="0.44243">
        <ele>3.9</ele>
      </trkpt>
      <trkpt lat="49.48256" lon="0.44241">
        <ele>3.9</ele>
      </trkpt>
      <trkpt lat="49.48255" lon="0.44238">
        <ele>3.8</ele>
      </trkpt>
      <trkpt lat="49.48254" lon="0.44235">
        <ele>3.7</ele>
      </trkpt>
      <trkpt lat="49.482529" lon="0.44232">
        <ele>3.6</ele>
      </trkpt>
      <trkpt lat="49.48252" lon="0.44229">
        <ele>3.5</ele>
      </trkpt>
      <trkpt lat="49.4825" lon="0.44227">
        <ele>3.4</ele>
      </trkpt>
      <trkpt lat="49.48248" lon="0.44224">
        <ele>3.4</ele>
      </trkpt>
      <trkpt lat="49.48247" lon="0.44222">
        <ele>3.3</ele>
      </trkpt>
      <trkpt lat="49.48245" lon="0.4422">
        <ele>3.3</ele>
      </trkpt>
      <trkpt lat="49.48242" lon="0.44219">
        <ele>3.3</ele>
      </trkpt>
      <trkpt lat="49.4824" lon="0.44217">
        <ele>3.3</ele>
      </trkpt>
      <trkpt lat="49.48238" lon="0.44217">
        <ele>3.3</ele>
      </trkpt>
      <trkpt lat="49.48236" lon="0.44216">
        <ele>3.3</ele>
      </trkpt>
      <trkpt lat="49.48233" lon="0.44216">
        <ele>3.3</ele>
      </trkpt>
      <trkpt lat="49.4823" lon="0.44217">
        <ele>3.3</ele>
      </trkpt>
      <trkpt lat="49.48212" lon="0.44193">
        <ele>2.9</ele>
      </trkpt>
      <trkpt lat="49.48209" lon="0.44186">
        <ele>2.8</ele>
      </trkpt>
      <trkpt lat="49.48207" lon="0.44176">
        <ele>2.7</ele>
      </trkpt>
      <trkpt lat="49.48206" lon="0.44164">
        <ele>2.5</ele>
      </trkpt>
      <trkpt lat="49.48207" lon="0.44154">
        <ele>2.6</ele>
      </trkpt>
      <trkpt lat="49.48209" lon="0.44146">
        <ele>2.6</ele>
      </trkpt>
      <trkpt lat="49.48212" lon="0.44139">
        <ele>2.6</ele>
      </trkpt>
      <trkpt lat="49.48217" lon="0.44132">
        <ele>2.6</ele>
      </trkpt>
      <trkpt lat="49.48221" lon="0.44127">
        <ele>2.7</ele>
      </trkpt>
      <trkpt lat="49.48229" lon="0.44122">
        <ele>2.7</ele>
      </trkpt>
      <trkpt lat="49.482349" lon="0.4412">
        <ele>2.6</ele>
      </trkpt>
      <trkpt lat="49.48241" lon="0.44117">
        <ele>2.6</ele>
      </trkpt>
      <trkpt lat="49.4825" lon="0.44115">
        <ele>2.6</ele>
      </trkpt>
      <trkpt lat="49.48262" lon="0.44114">
        <ele>2.9</ele>
      </trkpt>
      <trkpt lat="49.48302" lon="0.44112">
        <ele>3.7</ele>
      </trkpt>
      <trkpt lat="49.4833" lon="0.44111">
        <ele>4.3</ele>
      </trkpt>
      <trkpt lat="49.48345" lon="0.4411">
        <ele>4.7</ele>
      </trkpt>
      <trkpt lat="49.48357" lon="0.44108">
        <ele>5.0</ele>
      </trkpt>
      <trkpt lat="49.483669" lon="0.44106">
        <ele>5.3</ele>
      </trkpt>
      <trkpt lat="49.483759" lon="0.44101">
        <ele>5.5</ele>
      </trkpt>
      <trkpt lat="49.48386" lon="0.44097">
        <ele>5.7</ele>
      </trkpt>
      <trkpt lat="49.483939" lon="0.44091">
        <ele>5.8</ele>
      </trkpt>
      <trkpt lat="49.48402" lon="0.44085">
        <ele>5.9</ele>
      </trkpt>
      <trkpt lat="49.4841" lon="0.44078">
        <ele>5.8</ele>
      </trkpt>
      <trkpt lat="49.48416" lon="0.44072">
        <ele>5.7</ele>
      </trkpt>
      <trkpt lat="49.48426" lon="0.44062">
        <ele>6.4</ele>
      </trkpt>
      <trkpt lat="49.48433" lon="0.44054">
        <ele>6.7</ele>
      </trkpt>
      <trkpt lat="49.48442" lon="0.44043">
        <ele>7.0</ele>
      </trkpt>
      <trkpt lat="49.48451" lon="0.4403">
        <ele>7.1</ele>
      </trkpt>
      <trkpt lat="49.48465" lon="0.44006">
        <ele>6.7</ele>
      </trkpt>
      <trkpt lat="49.48475" lon="0.43989">
        <ele>6.5</ele>
      </trkpt>
      <trkpt lat="49.48486" lon="0.43964">
        <ele>6.3</ele>
      </trkpt>
      <trkpt lat="49.48502" lon="0.43922">
        <ele>5.4</ele>
      </trkpt>
      <trkpt lat="49.485349" lon="0.43832">
        <ele>5.9</ele>
      </trkpt>
      <trkpt lat="49.48558" lon="0.43771">
        <ele>5.8</ele>
      </trkpt>
      <trkpt lat="49.48571" lon="0.4374">
        <ele>5.2</ele>
      </trkpt>
      <trkpt lat="49.48577" lon="0.43724">
        <ele>4.9</ele>
      </trkpt>
      <trkpt lat="49.48615" lon="0.43611">
        <ele>7.6</ele>
      </trkpt>
      <trkpt lat="49.48694" lon="0.43373">
        <ele>6.1</ele>
      </trkpt>
      <trkpt lat="49.48838" lon="0.42948">
        <ele>6.5</ele>
      </trkpt>
      <trkpt lat="49.48894" lon="0.42785">
        <ele>6.0</ele>
      </trkpt>
      <trkpt lat="49.48922" lon="0.42701">
        <ele>5.3</ele>
      </trkpt>
      <trkpt lat="49.4895" lon="0.42608">
        <ele>6.5</ele>
      </trkpt>
      <trkpt lat="49.489759" lon="0.42514">
        <ele>7.6</ele>
      </trkpt>
      <trkpt lat="49.49003" lon="0.42404">
        <ele>6.4</ele>
      </trkpt>
      <trkpt lat="49.49021" lon="0.42316">
        <ele>7.0</ele>
      </trkpt>
      <trkpt lat="49.49034" lon="0.42247">
        <ele>7.2</ele>
      </trkpt>
      <trkpt lat="49.49069" lon="0.42062">
        <ele>6.1</ele>
      </trkpt>
      <trkpt lat="49.49074" lon="0.42036">
        <ele>6.0</ele>
      </trkpt>
      <trkpt lat="49.4909" lon="0.41932">
        <ele>5.6</ele>
      </trkpt>
      <trkpt lat="49.49098" lon="0.41864">
        <ele>5.9</ele>
      </trkpt>
      <trkpt lat="49.49107" lon="0.41742">
        <ele>4.7</ele>
      </trkpt>
      <trkpt lat="49.4911" lon="0.41665">
        <ele>4.6</ele>
      </trkpt>
      <trkpt lat="49.49111" lon="0.41611">
        <ele>4.9</ele>
      </trkpt>
      <trkpt lat="49.49111" lon="0.41563">
        <ele>4.9</ele>
      </trkpt>
      <trkpt lat="49.4911" lon="0.4152">
        <ele>4.7</ele>
      </trkpt>
      <trkpt lat="49.49102" lon="0.41414">
        <ele>3.5</ele>
      </trkpt>
      <trkpt lat="49.49094" lon="0.41281">
        <ele>4.7</ele>
      </trkpt>
      <trkpt lat="49.49092" lon="0.41227">
        <ele>5.3</ele>
      </trkpt>
      <trkpt lat="49.49091" lon="0.41174">
        <ele>6.0</ele>
      </trkpt>
      <trkpt lat="49.49092" lon="0.41112">
        <ele>9.3</ele>
      </trkpt>
      <trkpt lat="49.49092" lon="0.41078">
        <ele>11.1</ele>
      </trkpt>
      <trkpt lat="49.49095" lon="0.40973">
        <ele>12.4</ele>
      </trkpt>
      <trkpt lat="49.49097" lon="0.40928">
        <ele>12.7</ele>
      </trkpt>
      <trkpt lat="49.490989" lon="0.40892">
        <ele>12.2</ele>
      </trkpt>
      <trkpt lat="49.49102" lon="0.40852">
        <ele>11.2</ele>
      </trkpt>
      <trkpt lat="49.49104" lon="0.40812">
        <ele>11.0</ele>
      </trkpt>
      <trkpt lat="49.49114" lon="0.40715">
        <ele>12.1</ele>
      </trkpt>
      <trkpt lat="49.4912" lon="0.40683">
        <ele>12.4</ele>
      </trkpt>
      <trkpt lat="49.4913" lon="0.40624">
        <ele>13.0</ele>
      </trkpt>
      <trkpt lat="49.49138" lon="0.40565">
        <ele>12.8</ele>
      </trkpt>
      <trkpt lat="49.49145" lon="0.40511">
        <ele>11.3</ele>
      </trkpt>
      <trkpt lat="49.4915" lon="0.40466">
        <ele>9.5</ele>
      </trkpt>
      <trkpt lat="49.49152" lon="0.40449">
        <ele>8.8</ele>
      </trkpt>
      <trkpt lat="49.49156" lon="0.40416">
        <ele>7.6</ele>
      </trkpt>
      <trkpt lat="49.49165" lon="0.40342">
        <ele>6.1</ele>
      </trkpt>
      <trkpt lat="49.49178" lon="0.40308">
        <ele>6.7</ele>
      </trkpt>
      <trkpt lat="49.49181" lon="0.40301">
        <ele>6.9</ele>
      </trkpt>
      <trkpt lat="49.49186" lon="0.402949">
        <ele>7.3</ele>
      </trkpt>
      <trkpt lat="49.49191" lon="0.40288">
        <ele>7.6</ele>
      </trkpt>
      <trkpt lat="49.49205" lon="0.40275">
        <ele>8.6</ele>
      </trkpt>
      <trkpt lat="49.49213" lon="0.40269">
        <ele>9.2</ele>
      </trkpt>
      <trkpt lat="49.49216" lon="0.402669">
        <ele>9.4</ele>
      </trkpt>
      <trkpt lat="49.49225" lon="0.40259">
        <ele>10.1</ele>
      </trkpt>
      <trkpt lat="49.49226" lon="0.40258">
        <ele>10.2</ele>
      </trkpt>
      <trkpt lat="49.49231" lon="0.40254">
        <ele>10.6</ele>
      </trkpt>
      <trkpt lat="49.49238" lon="0.40248">
        <ele>11.1</ele>
      </trkpt>
      <trkpt lat="49.49242" lon="0.402449">
        <ele>11.3</ele>
      </trkpt>
      <trkpt lat="49.49261" lon="0.4023">
        <ele>15.2</ele>
      </trkpt>
      <trkpt lat="49.492669" lon="0.402229">
        <ele>16.9</ele>
      </trkpt>
      <trkpt lat="49.49272" lon="0.40218">
        <ele>18.3</ele>
      </trkpt>
      <trkpt lat="49.492759" lon="0.4021">
        <ele>19.2</ele>
      </trkpt>
      <trkpt lat="49.4928" lon="0.40202">
        <ele>20.0</ele>
      </trkpt>
      <trkpt lat="49.49283" lon="0.40192">
        <ele>20.4</ele>
      </trkpt>
      <trkpt lat="49.49286" lon="0.40177">
        <ele>20.5</ele>
      </trkpt>
      <trkpt lat="49.49287" lon="0.40167">
        <ele>20.2</ele>
      </trkpt>
      <trkpt lat="49.49288" lon="0.401559">
        <ele>20.1</ele>
      </trkpt>
      <trkpt lat="49.49288" lon="0.40138">
        <ele>19.4</ele>
      </trkpt>
      <trkpt lat="49.49287" lon="0.40113">
        <ele>18.1</ele>
      </trkpt>
      <trkpt lat="49.49283" lon="0.40066">
        <ele>15.9</ele>
      </trkpt>
      <trkpt lat="49.49262" lon="0.39799">
        <ele>18.9</ele>
      </trkpt>
      <trkpt lat="49.49256" lon="0.39718">
        <ele>21.3</ele>
      </trkpt>
      <trkpt lat="49.49251" lon="0.39664">
        <ele>20.5</ele>
      </trkpt>
      <trkpt lat="49.49243" lon="0.39596">
        <ele>20.3</ele>
      </trkpt>
      <trkpt lat="49.49238" lon="0.39558">
        <ele>21.0</ele>
      </trkpt>
      <trkpt lat="49.49228" lon="0.39489">
        <ele>22.3</ele>
      </trkpt>
      <trkpt lat="49.49216" lon="0.39426">
        <ele>23.0</ele>
      </trkpt>
      <trkpt lat="49.492" lon="0.393289">
        <ele>21.9</ele>
      </trkpt>
      <trkpt lat="49.49184" lon="0.3925">
        <ele>17.9</ele>
      </trkpt>
      <trkpt lat="49.491459" lon="0.39039">
        <ele>7.5</ele>
      </trkpt>
      <trkpt lat="49.49124" lon="0.38925">
        <ele>10.0</ele>
      </trkpt>
      <trkpt lat="49.491169" lon="0.38887">
        <ele>11.6</ele>
      </trkpt>
      <trkpt lat="49.49087" lon="0.38723">
        <ele>13.6</ele>
      </trkpt>
      <trkpt lat="49.490319" lon="0.38427">
        <ele>15.7</ele>
      </trkpt>
      <trkpt lat="49.48977" lon="0.38132">
        <ele>19.2</ele>
      </trkpt>
      <trkpt lat="49.48921" lon="0.37837">
        <ele>13.7</ele>
      </trkpt>
      <trkpt lat="49.48904" lon="0.37745">
        <ele>9.3</ele>
      </trkpt>
      <trkpt lat="49.48865" lon="0.37531">
        <ele>16.7</ele>
      </trkpt>
      <trkpt lat="49.488549" lon="0.37476">
        <ele>20.7</ele>
      </trkpt>
      <trkpt lat="49.48775" lon="0.3705">
        <ele>15.1</ele>
      </trkpt>
      <trkpt lat="49.48738" lon="0.368589">
        <ele>9.1</ele>
      </trkpt>
      <trkpt lat="49.48701" lon="0.36668">
        <ele>14.0</ele>
      </trkpt>
      <trkpt lat="49.48664" lon="0.36477">
        <ele>5.8</ele>
      </trkpt>
      <trkpt lat="49.48618" lon="0.36234">
        <ele>10.3</ele>
      </trkpt>
      <trkpt lat="49.48607" lon="0.36175">
        <ele>10.5</ele>
      </trkpt>
      <trkpt lat="49.48599" lon="0.36139">
        <ele>10.2</ele>
      </trkpt>
      <trkpt lat="49.48592" lon="0.36109">
        <ele>9.0</ele>
      </trkpt>
      <trkpt lat="49.48575" lon="0.36039">
        <ele>9.8</ele>
      </trkpt>
      <trkpt lat="49.48571" lon="0.36022">
        <ele>11.1</ele>
      </trkpt>
      <trkpt lat="49.48568" lon="0.36011">
        <ele>11.8</ele>
      </trkpt>
      <trkpt lat="49.48567" lon="0.36">
        <ele>12.6</ele>
      </trkpt>
      <trkpt lat="49.48559" lon="0.35953">
        <ele>16.5</ele>
      </trkpt>
      <trkpt lat="49.48559" lon="0.35936">
        <ele>18.2</ele>
      </trkpt>
      <trkpt lat="49.48557" lon="0.35911">
        <ele>20.0</ele>
      </trkpt>
      <trkpt lat="49.48556" lon="0.358989">
        <ele>20.6</ele>
      </trkpt>
      <trkpt lat="49.48554" lon="0.35884">
        <ele>21.2</ele>
      </trkpt>
      <trkpt lat="49.48551" lon="0.3587">
        <ele>21.4</ele>
      </trkpt>
      <trkpt lat="49.48549" lon="0.35864">
        <ele>21.2</ele>
      </trkpt>
      <trkpt lat="49.48545" lon="0.35853">
        <ele>20.8</ele>
      </trkpt>
      <trkpt lat="49.48536" lon="0.35819">
        <ele>20.3</ele>
      </trkpt>
      <trkpt lat="49.48529" lon="0.35801">
        <ele>19.2</ele>
      </trkpt>
      <trkpt lat="49.48518" lon="0.35781">
        <ele>16.8</ele>
      </trkpt>
      <trkpt lat="49.48506" lon="0.35762">
        <ele>13.6</ele>
      </trkpt>
      <trkpt lat="49.48496" lon="0.35746">
        <ele>12.3</ele>
      </trkpt>
      <trkpt lat="49.48484" lon="0.35729">
        <ele>13.3</ele>
      </trkpt>
      <trkpt lat="49.48484" lon="0.35729">
        <ele>13.3</ele>
      </trkpt>
      <trkpt lat="49.484699" lon="0.35708">
        <ele>13.7</ele>
      </trkpt>
      <trkpt lat="49.48462" lon="0.35696">
        <ele>13.5</ele>
      </trkpt>
      <trkpt lat="49.48456" lon="0.35683">
        <ele>13.4</ele>
      </trkpt>
      <trkpt lat="49.48449" lon="0.35665">
        <ele>13.2</ele>
      </trkpt>
      <trkpt lat="49.48436" lon="0.35648">
        <ele>11.9</ele>
      </trkpt>
      <trkpt lat="49.48422" lon="0.35606">
        <ele>10.8</ele>
      </trkpt>
      <trkpt lat="49.4842" lon="0.356">
        <ele>10.4</ele>
      </trkpt>
      <trkpt lat="49.48418" lon="0.35595">
        <ele>10.0</ele>
      </trkpt>
      <trkpt lat="49.48412" lon="0.35587">
        <ele>9.7</ele>
      </trkpt>
      <trkpt lat="49.48403" lon="0.35558">
        <ele>12.1</ele>
      </trkpt>
      <trkpt lat="49.48392" lon="0.35529">
        <ele>13.6</ele>
      </trkpt>
      <trkpt lat="49.483759" lon="0.35479">
        <ele>14.8</ele>
      </trkpt>
      <trkpt lat="49.48368" lon="0.35443">
        <ele>15.5</ele>
      </trkpt>
      <trkpt lat="49.48275" lon="0.35169">
        <ele>14.1</ele>
      </trkpt>
      <trkpt lat="49.482529" lon="0.351049">
        <ele>13.8</ele>
      </trkpt>
      <trkpt lat="49.48231" lon="0.35042">
        <ele>18.4</ele>
      </trkpt>
      <trkpt lat="49.48219" lon="0.35007">
        <ele>19.7</ele>
      </trkpt>
      <trkpt lat="49.48155" lon="0.34818">
        <ele>20.5</ele>
      </trkpt>
      <trkpt lat="49.48114" lon="0.34697">
        <ele>22.3</ele>
      </trkpt>
      <trkpt lat="49.4809" lon="0.34629">
        <ele>18.0</ele>
      </trkpt>
      <trkpt lat="49.48024" lon="0.34441">
        <ele>19.0</ele>
      </trkpt>
      <trkpt lat="49.48002" lon="0.34355">
        <ele>13.5</ele>
      </trkpt>
      <trkpt lat="49.47992" lon="0.343169">
        <ele>13.8</ele>
      </trkpt>
      <trkpt lat="49.47986" lon="0.34277">
        <ele>16.8</ele>
      </trkpt>
      <trkpt lat="49.4798" lon="0.34225">
        <ele>18.0</ele>
      </trkpt>
      <trkpt lat="49.47978" lon="0.34185">
        <ele>17.4</ele>
      </trkpt>
      <trkpt lat="49.47978" lon="0.34149">
        <ele>15.7</ele>
      </trkpt>
      <trkpt lat="49.4798" lon="0.34123">
        <ele>13.7</ele>
      </trkpt>
      <trkpt lat="49.47984" lon="0.34081">
        <ele>10.4</ele>
      </trkpt>
      <trkpt lat="49.47995" lon="0.34009">
        <ele>9.8</ele>
      </trkpt>
      <trkpt lat="49.48007" lon="0.3396">
        <ele>13.3</ele>
      </trkpt>
      <trkpt lat="49.48017" lon="0.33926">
        <ele>16.5</ele>
      </trkpt>
      <trkpt lat="49.48174" lon="0.33505">
        <ele>20.2</ele>
      </trkpt>
      <trkpt lat="49.48216" lon="0.33394">
        <ele>24.2</ele>
      </trkpt>
      <trkpt lat="49.48225" lon="0.333679">
        <ele>23.1</ele>
      </trkpt>
      <trkpt lat="49.482349" lon="0.33341">
        <ele>21.2</ele>
      </trkpt>
      <trkpt lat="49.48255" lon="0.33287">
        <ele>19.8</ele>
      </trkpt>
      <trkpt lat="49.4828" lon="0.33221">
        <ele>21.0</ele>
      </trkpt>
      <trkpt lat="49.48326" lon="0.33098">
        <ele>18.3</ele>
      </trkpt>
      <trkpt lat="49.48401" lon="0.32893">
        <ele>12.8</ele>
      </trkpt>
      <trkpt lat="49.48449" lon="0.32764">
        <ele>9.6</ele>
      </trkpt>
      <trkpt lat="49.48464" lon="0.32719">
        <ele>11.2</ele>
      </trkpt>
      <trkpt lat="49.48468" lon="0.32701">
        <ele>12.2</ele>
      </trkpt>
      <trkpt lat="49.484699" lon="0.32697">
        <ele>12.6</ele>
      </trkpt>
      <trkpt lat="49.48487" lon="0.32631">
        <ele>17.1</ele>
      </trkpt>
      <trkpt lat="49.485349" lon="0.32436">
        <ele>18.6</ele>
      </trkpt>
      <trkpt lat="49.48568" lon="0.32303">
        <ele>12.4</ele>
      </trkpt>
      <trkpt lat="49.48577" lon="0.322629">
        <ele>10.6</ele>
      </trkpt>
      <trkpt lat="49.48584" lon="0.32228">
        <ele>9.2</ele>
      </trkpt>
      <trkpt lat="49.48586" lon="0.32221">
        <ele>9.1</ele>
      </trkpt>
      <trkpt lat="49.48588" lon="0.32213">
        <ele>8.8</ele>
      </trkpt>
      <trkpt lat="49.485909" lon="0.32197">
        <ele>8.3</ele>
      </trkpt>
      <trkpt lat="49.48592" lon="0.32189">
        <ele>8.0</ele>
      </trkpt>
      <trkpt lat="49.48594" lon="0.32179">
        <ele>7.6</ele>
      </trkpt>
      <trkpt lat="49.48596" lon="0.32172">
        <ele>7.4</ele>
      </trkpt>
      <trkpt lat="49.48598" lon="0.32161">
        <ele>7.1</ele>
      </trkpt>
      <trkpt lat="49.48625" lon="0.32009">
        <ele>11.9</ele>
      </trkpt>
      <trkpt lat="49.48635" lon="0.31954">
        <ele>16.5</ele>
      </trkpt>
      <trkpt lat="49.48655" lon="0.31844">
        <ele>20.7</ele>
      </trkpt>
      <trkpt lat="49.48675" lon="0.31734">
        <ele>22.5</ele>
      </trkpt>
      <trkpt lat="49.48704" lon="0.31557">
        <ele>22.9</ele>
      </trkpt>
      <trkpt lat="49.48754" lon="0.31271">
        <ele>16.9</ele>
      </trkpt>
      <trkpt lat="49.48804" lon="0.30984">
        <ele>19.3</ele>
      </trkpt>
      <trkpt lat="49.48862" lon="0.30655">
        <ele>16.2</ele>
      </trkpt>
      <trkpt lat="49.4887" lon="0.30612">
        <ele>16.3</ele>
      </trkpt>
      <trkpt lat="49.48892" lon="0.30481">
        <ele>8.3</ele>
      </trkpt>
      <trkpt lat="49.48903" lon="0.30421">
        <ele>6.0</ele>
      </trkpt>
      <trkpt lat="49.48906" lon="0.30404">
        <ele>6.0</ele>
      </trkpt>
      <trkpt lat="49.48917" lon="0.30339">
        <ele>7.0</ele>
      </trkpt>
      <trkpt lat="49.48921" lon="0.3032">
        <ele>8.2</ele>
      </trkpt>
      <trkpt lat="49.4893" lon="0.30266">
        <ele>10.8</ele>
      </trkpt>
      <trkpt lat="49.48955" lon="0.301259">
        <ele>20.0</ele>
      </trkpt>
      <trkpt lat="49.489579" lon="0.3011">
        <ele>20.4</ele>
      </trkpt>
      <trkpt lat="49.48968" lon="0.30052">
        <ele>20.2</ele>
      </trkpt>
      <trkpt lat="49.48994" lon="0.29906">
        <ele>13.8</ele>
      </trkpt>
      <trkpt lat="49.49008" lon="0.29831">
        <ele>15.0</ele>
      </trkpt>
      <trkpt lat="49.49019" lon="0.29773">
        <ele>14.2</ele>
      </trkpt>
      <trkpt lat="49.49042" lon="0.29648">
        <ele>19.3</ele>
      </trkpt>
      <trkpt lat="49.49069" lon="0.29501">
        <ele>14.7</ele>
      </trkpt>
      <trkpt lat="49.49104" lon="0.29346">
        <ele>17.2</ele>
      </trkpt>
      <trkpt lat="49.49133" lon="0.2923">
        <ele>16.7</ele>
      </trkpt>
      <trkpt lat="49.49167" lon="0.29087">
        <ele>9.4</ele>
      </trkpt>
      <trkpt lat="49.49194" lon="0.2898">
        <ele>11.3</ele>
      </trkpt>
      <trkpt lat="49.49205" lon="0.28947">
        <ele>11.1</ele>
      </trkpt>
      <trkpt lat="49.49218" lon="0.28917">
        <ele>10.3</ele>
      </trkpt>
      <trkpt lat="49.49233" lon="0.28887">
        <ele>9.8</ele>
      </trkpt>
      <trkpt lat="49.49248" lon="0.28862">
        <ele>9.0</ele>
      </trkpt>
      <trkpt lat="49.49264" lon="0.2884">
        <ele>10.3</ele>
      </trkpt>
      <trkpt lat="49.49317" lon="0.2878">
        <ele>11.5</ele>
      </trkpt>
      <trkpt lat="49.49342" lon="0.28753">
        <ele>7.6</ele>
      </trkpt>
      <trkpt lat="49.493699" lon="0.287219">
        <ele>6.5</ele>
      </trkpt>
      <trkpt lat="49.49393" lon="0.2869">
        <ele>5.8</ele>
      </trkpt>
      <trkpt lat="49.49403" lon="0.28675">
        <ele>5.3</ele>
      </trkpt>
      <trkpt lat="49.4941" lon="0.2866">
        <ele>5.1</ele>
      </trkpt>
      <trkpt lat="49.49421" lon="0.28642">
        <ele>5.0</ele>
      </trkpt>
      <trkpt lat="49.49437" lon="0.28607">
        <ele>5.2</ele>
      </trkpt>
      <trkpt lat="49.49461" lon="0.28548">
        <ele>4.9</ele>
      </trkpt>
      <trkpt lat="49.49469" lon="0.28524">
        <ele>4.7</ele>
      </trkpt>
      <trkpt lat="49.49479" lon="0.28494">
        <ele>4.6</ele>
      </trkpt>
      <trkpt lat="49.49487" lon="0.28462">
        <ele>5.5</ele>
      </trkpt>
      <trkpt lat="49.49489" lon="0.28454">
        <ele>5.7</ele>
      </trkpt>
      <trkpt lat="49.49491" lon="0.28444">
        <ele>6.0</ele>
      </trkpt>
      <trkpt lat="49.49494" lon="0.28432">
        <ele>6.4</ele>
      </trkpt>
      <trkpt lat="49.49498" lon="0.28408">
        <ele>6.9</ele>
      </trkpt>
      <trkpt lat="49.49499" lon="0.28403">
        <ele>7.0</ele>
      </trkpt>
      <trkpt lat="49.495019" lon="0.28373">
        <ele>7.4</ele>
      </trkpt>
      <trkpt lat="49.49503" lon="0.28366">
        <ele>7.6</ele>
      </trkpt>
      <trkpt lat="49.49505" lon="0.28319">
        <ele>8.4</ele>
      </trkpt>
      <trkpt lat="49.49509" lon="0.28176">
        <ele>13.3</ele>
      </trkpt>
      <trkpt lat="49.4951" lon="0.281389">
        <ele>14.9</ele>
      </trkpt>
      <trkpt lat="49.49516" lon="0.27957">
        <ele>24.3</ele>
      </trkpt>
      <trkpt lat="49.49519" lon="0.27842">
        <ele>25.7</ele>
      </trkpt>
      <trkpt lat="49.49522" lon="0.277449">
        <ele>26.3</ele>
      </trkpt>
      <trkpt lat="49.49524" lon="0.27685">
        <ele>27.1</ele>
      </trkpt>
      <trkpt lat="49.49524" lon="0.27683">
        <ele>27.1</ele>
      </trkpt>
      <trkpt lat="49.49525" lon="0.27679">
        <ele>27.6</ele>
      </trkpt>
      <trkpt lat="49.49527" lon="0.27592">
        <ele>25.1</ele>
      </trkpt>
      <trkpt lat="49.49529" lon="0.275339">
        <ele>24.0</ele>
      </trkpt>
      <trkpt lat="49.49532" lon="0.27497">
        <ele>24.0</ele>
      </trkpt>
      <trkpt lat="49.49536" lon="0.27457">
        <ele>23.2</ele>
      </trkpt>
      <trkpt lat="49.49545" lon="0.27414">
        <ele>23.3</ele>
      </trkpt>
      <trkpt lat="49.49556" lon="0.27374">
        <ele>21.1</ele>
      </trkpt>
      <trkpt lat="49.49569" lon="0.27332">
        <ele>17.2</ele>
      </trkpt>
      <trkpt lat="49.49588" lon="0.27292">
        <ele>13.8</ele>
      </trkpt>
      <trkpt lat="49.496" lon="0.27267">
        <ele>10.3</ele>
      </trkpt>
      <trkpt lat="49.4961" lon="0.27246">
        <ele>7.5</ele>
      </trkpt>
      <trkpt lat="49.49626" lon="0.272119">
        <ele>6.6</ele>
      </trkpt>
      <trkpt lat="49.49639" lon="0.27184">
        <ele>5.7</ele>
      </trkpt>
      <trkpt lat="49.49646" lon="0.27166">
        <ele>5.0</ele>
      </trkpt>
      <trkpt lat="49.4965" lon="0.27156">
        <ele>4.8</ele>
      </trkpt>
      <trkpt lat="49.49654" lon="0.27146">
        <ele>4.6</ele>
      </trkpt>
      <trkpt lat="49.49659" lon="0.27133">
        <ele>4.3</ele>
      </trkpt>
      <trkpt lat="49.4966" lon="0.27131">
        <ele>4.2</ele>
      </trkpt>
      <trkpt lat="49.49662" lon="0.271179">
        <ele>3.9</ele>
      </trkpt>
      <trkpt lat="49.49666" lon="0.27108">
        <ele>3.6</ele>
      </trkpt>
      <trkpt lat="49.49669" lon="0.27099">
        <ele>3.4</ele>
      </trkpt>
      <trkpt lat="49.49671" lon="0.27091">
        <ele>3.3</ele>
      </trkpt>
      <trkpt lat="49.49672" lon="0.27087">
        <ele>3.2</ele>
      </trkpt>
      <trkpt lat="49.49673" lon="0.27085">
        <ele>3.2</ele>
      </trkpt>
      <trkpt lat="49.49677" lon="0.270679">
        <ele>3.1</ele>
      </trkpt>
      <trkpt lat="49.49683" lon="0.27042">
        <ele>3.1</ele>
      </trkpt>
      <trkpt lat="49.49694" lon="0.26989">
        <ele>3.5</ele>
      </trkpt>
      <trkpt lat="49.497" lon="0.26951">
        <ele>4.4</ele>
      </trkpt>
      <trkpt lat="49.497" lon="0.26946">
        <ele>4.5</ele>
      </trkpt>
      <trkpt lat="49.497" lon="0.269399">
        <ele>4.6</ele>
      </trkpt>
      <trkpt lat="49.49702" lon="0.26924">
        <ele>5.0</ele>
      </trkpt>
      <trkpt lat="49.49703" lon="0.26906">
        <ele>5.4</ele>
      </trkpt>
      <trkpt lat="49.49706" lon="0.26841">
        <ele>6.7</ele>
      </trkpt>
      <trkpt lat="49.49706" lon="0.268179">
        <ele>7.0</ele>
      </trkpt>
      <trkpt lat="49.49706" lon="0.267959">
        <ele>7.3</ele>
      </trkpt>
      <trkpt lat="49.49705" lon="0.26784">
        <ele>7.3</ele>
      </trkpt>
      <trkpt lat="49.49704" lon="0.26765">
        <ele>7.4</ele>
      </trkpt>
      <trkpt lat="49.49704" lon="0.26764">
        <ele>7.4</ele>
      </trkpt>
      <trkpt lat="49.49701" lon="0.26734">
        <ele>8.6</ele>
      </trkpt>
      <trkpt lat="49.497" lon="0.26717">
        <ele>9.8</ele>
      </trkpt>
      <trkpt lat="49.49694" lon="0.26665">
        <ele>12.3</ele>
      </trkpt>
      <trkpt lat="49.49682" lon="0.26577">
        <ele>12.8</ele>
      </trkpt>
      <trkpt lat="49.4967" lon="0.26476">
        <ele>12.7</ele>
      </trkpt>
      <trkpt lat="49.4966" lon="0.2639">
        <ele>15.0</ele>
      </trkpt>
      <trkpt lat="49.496519" lon="0.2631">
        <ele>17.4</ele>
      </trkpt>
      <trkpt lat="49.49642" lon="0.26237">
        <ele>15.9</ele>
      </trkpt>
      <trkpt lat="49.49633" lon="0.26162">
        <ele>16.1</ele>
      </trkpt>
      <trkpt lat="49.49625" lon="0.26096">
        <ele>18.7</ele>
      </trkpt>
      <trkpt lat="49.49617" lon="0.260299">
        <ele>19.0</ele>
      </trkpt>
      <trkpt lat="49.4961" lon="0.25972">
        <ele>18.5</ele>
      </trkpt>
      <trkpt lat="49.49601" lon="0.25916">
        <ele>17.1</ele>
      </trkpt>
      <trkpt lat="49.49591" lon="0.2586">
        <ele>15.2</ele>
      </trkpt>
      <trkpt lat="49.49575" lon="0.25794">
        <ele>12.8</ele>
      </trkpt>
      <trkpt lat="49.49562" lon="0.25738">
        <ele>11.9</ele>
      </trkpt>
      <trkpt lat="49.49554" lon="0.25691">
        <ele>11.8</ele>
      </trkpt>
      <trkpt lat="49.49551" lon="0.25645">
        <ele>11.8</ele>
      </trkpt>
      <trkpt lat="49.49552" lon="0.25611">
        <ele>12.0</ele>
      </trkpt>
      <trkpt lat="49.49553" lon="0.25594">
        <ele>12.2</ele>
      </trkpt>
      <trkpt lat="49.49555" lon="0.25577">
        <ele>12.3</ele>
      </trkpt>
      <trkpt lat="49.49556" lon="0.255699">
        <ele>12.2</ele>
      </trkpt>
      <trkpt lat="49.495579" lon="0.255579">
        <ele>12.0</ele>
      </trkpt>
      <trkpt lat="49.49559" lon="0.25554">
        <ele>12.0</ele>
      </trkpt>
      <trkpt lat="49.49559" lon="0.25551">
        <ele>11.9</ele>
      </trkpt>
      <trkpt lat="49.4956" lon="0.255479">
        <ele>11.9</ele>
      </trkpt>
      <trkpt lat="49.49563" lon="0.25533">
        <ele>11.7</ele>
      </trkpt>
      <trkpt lat="49.49565" lon="0.25521">
        <ele>11.5</ele>
      </trkpt>
      <trkpt lat="49.49568" lon="0.25506">
        <ele>11.2</ele>
      </trkpt>
      <trkpt lat="49.49575" lon="0.254809">
        <ele>10.4</ele>
      </trkpt>
      <trkpt lat="49.49591" lon="0.25412">
        <ele>7.4</ele>
      </trkpt>
      <trkpt lat="49.495959" lon="0.25372">
        <ele>8.0</ele>
      </trkpt>
      <trkpt lat="49.49599" lon="0.25339">
        <ele>7.9</ele>
      </trkpt>
      <trkpt lat="49.496" lon="0.25318">
        <ele>7.8</ele>
      </trkpt>
      <trkpt lat="49.496" lon="0.252969">
        <ele>7.7</ele>
      </trkpt>
      <trkpt lat="49.49602" lon="0.25273">
        <ele>7.6</ele>
      </trkpt>
      <trkpt lat="49.496049" lon="0.25249">
        <ele>7.5</ele>
      </trkpt>
      <trkpt lat="49.49609" lon="0.252359">
        <ele>7.2</ele>
      </trkpt>
      <trkpt lat="49.49615" lon="0.25224">
        <ele>6.9</ele>
      </trkpt>
      <trkpt lat="49.49616" lon="0.25218">
        <ele>6.7</ele>
      </trkpt>
      <trkpt lat="49.49617" lon="0.25211">
        <ele>6.6</ele>
      </trkpt>
      <trkpt lat="49.49616" lon="0.25204">
        <ele>6.5</ele>
      </trkpt>
      <trkpt lat="49.49613" lon="0.25197">
        <ele>6.5</ele>
      </trkpt>
      <trkpt lat="49.49604" lon="0.25189">
        <ele>6.4</ele>
      </trkpt>
      <trkpt lat="49.49603" lon="0.25183">
        <ele>6.3</ele>
      </trkpt>
      <trkpt lat="49.49601" lon="0.25173">
        <ele>6.1</ele>
      </trkpt>
      <trkpt lat="49.49597" lon="0.2515">
        <ele>6.1</ele>
      </trkpt>
      <trkpt lat="49.49593" lon="0.2513">
        <ele>6.0</ele>
      </trkpt>
      <trkpt lat="49.495869" lon="0.25067">
        <ele>5.6</ele>
      </trkpt>
      <trkpt lat="49.49581" lon="0.24989">
        <ele>6.6</ele>
      </trkpt>
      <trkpt lat="49.49579" lon="0.24926">
        <ele>10.3</ele>
      </trkpt>
      <trkpt lat="49.49578" lon="0.24861">
        <ele>14.4</ele>
      </trkpt>
      <trkpt lat="49.49576" lon="0.24799">
        <ele>14.4</ele>
      </trkpt>
      <trkpt lat="49.49576" lon="0.24777">
        <ele>13.5</ele>
      </trkpt>
      <trkpt lat="49.49576" lon="0.24775">
        <ele>13.4</ele>
      </trkpt>
      <trkpt lat="49.49575" lon="0.24772">
        <ele>13.1</ele>
      </trkpt>
      <trkpt lat="49.49574" lon="0.24735">
        <ele>13.6</ele>
      </trkpt>
      <trkpt lat="49.49573" lon="0.24694">
        <ele>17.5</ele>
      </trkpt>
      <trkpt lat="49.49573" lon="0.24658">
        <ele>20.4</ele>
      </trkpt>
      <trkpt lat="49.49573" lon="0.2461">
        <ele>21.6</ele>
      </trkpt>
      <trkpt lat="49.49574" lon="0.24463">
        <ele>22.4</ele>
      </trkpt>
      <trkpt lat="49.49577" lon="0.24398">
        <ele>20.4</ele>
      </trkpt>
      <trkpt lat="49.49581" lon="0.24317">
        <ele>15.7</ele>
      </trkpt>
      <trkpt lat="49.495869" lon="0.24234">
        <ele>17.6</ele>
      </trkpt>
      <trkpt lat="49.49594" lon="0.24152">
        <ele>18.6</ele>
      </trkpt>
      <trkpt lat="49.49602" lon="0.2407">
        <ele>15.7</ele>
      </trkpt>
      <trkpt lat="49.49609" lon="0.24012">
        <ele>15.9</ele>
      </trkpt>
      <trkpt lat="49.49617" lon="0.23957">
        <ele>15.6</ele>
      </trkpt>
      <trkpt lat="49.49629" lon="0.23887">
        <ele>15.5</ele>
      </trkpt>
      <trkpt lat="49.49658" lon="0.23742">
        <ele>15.2</ele>
      </trkpt>
      <trkpt lat="49.49662" lon="0.23725">
        <ele>14.9</ele>
      </trkpt>
      <trkpt lat="49.49668" lon="0.23695">
        <ele>14.2</ele>
      </trkpt>
      <trkpt lat="49.49679" lon="0.23645">
        <ele>15.7</ele>
      </trkpt>
      <trkpt lat="49.49688" lon="0.236">
        <ele>16.2</ele>
      </trkpt>
      <trkpt lat="49.49698" lon="0.23542">
        <ele>16.0</ele>
      </trkpt>
      <trkpt lat="49.49705" lon="0.2352">
        <ele>16.5</ele>
      </trkpt>
      <trkpt lat="49.49705" lon="0.23519">
        <ele>16.4</ele>
      </trkpt>
      <trkpt lat="49.49706" lon="0.23519">
        <ele>16.6</ele>
      </trkpt>
      <trkpt lat="49.49706" lon="0.23518">
        <ele>16.6</ele>
      </trkpt>
      <trkpt lat="49.49707" lon="0.23517">
        <ele>16.7</ele>
      </trkpt>
      <trkpt lat="49.49707" lon="0.23516">
        <ele>16.7</ele>
      </trkpt>
      <trkpt lat="49.497079" lon="0.23515">
        <ele>16.8</ele>
      </trkpt>
      <trkpt lat="49.497079" lon="0.23514">
        <ele>16.8</ele>
      </trkpt>
      <trkpt lat="49.497079" lon="0.23513">
        <ele>16.7</ele>
      </trkpt>
      <trkpt lat="49.497079" lon="0.23512">
        <ele>16.7</ele>
      </trkpt>
      <trkpt lat="49.497079" lon="0.23511">
        <ele>16.6</ele>
      </trkpt>
      <trkpt lat="49.497079" lon="0.2351">
        <ele>16.5</ele>
      </trkpt>
      <trkpt lat="49.497079" lon="0.23509">
        <ele>16.5</ele>
      </trkpt>
      <trkpt lat="49.497079" lon="0.23508">
        <ele>16.4</ele>
      </trkpt>
      <trkpt lat="49.497079" lon="0.23507">
        <ele>16.4</ele>
      </trkpt>
      <trkpt lat="49.497079" lon="0.23506">
        <ele>16.3</ele>
      </trkpt>
      <trkpt lat="49.497079" lon="0.23505">
        <ele>16.2</ele>
      </trkpt>
      <trkpt lat="49.49707" lon="0.23504">
        <ele>16.0</ele>
      </trkpt>
      <trkpt lat="49.497079" lon="0.23493">
        <ele>15.4</ele>
      </trkpt>
      <trkpt lat="49.49709" lon="0.2348">
        <ele>14.7</ele>
      </trkpt>
      <trkpt lat="49.49712" lon="0.23467">
        <ele>14.3</ele>
      </trkpt>
      <trkpt lat="49.4972" lon="0.23432">
        <ele>12.9</ele>
      </trkpt>
      <trkpt lat="49.49728" lon="0.23395">
        <ele>12.2</ele>
      </trkpt>
      <trkpt lat="49.49769" lon="0.23198">
        <ele>7.6</ele>
      </trkpt>
      <trkpt lat="49.4978" lon="0.23153">
        <ele>6.3</ele>
      </trkpt>
      <trkpt lat="49.49787" lon="0.2312">
        <ele>5.6</ele>
      </trkpt>
      <trkpt lat="49.49791" lon="0.23121">
        <ele>6.0</ele>
      </trkpt>
      <trkpt lat="49.49792" lon="0.2312">
        <ele>6.1</ele>
      </trkpt>
      <trkpt lat="49.497929" lon="0.23119">
        <ele>6.1</ele>
      </trkpt>
      <trkpt lat="49.49794" lon="0.23117">
        <ele>6.1</ele>
      </trkpt>
      <trkpt lat="49.49795" lon="0.23113">
        <ele>6.0</ele>
      </trkpt>
      <trkpt lat="49.49795" lon="0.23108">
        <ele>5.8</ele>
      </trkpt>
      <trkpt lat="49.49794" lon="0.23106">
        <ele>5.7</ele>
      </trkpt>
      <trkpt lat="49.49792" lon="0.23103">
        <ele>5.4</ele>
      </trkpt>
      <trkpt lat="49.49797" lon="0.23082">
        <ele>4.9</ele>
      </trkpt>
      <trkpt lat="49.49807" lon="0.23047">
        <ele>5.2</ele>
      </trkpt>
      <trkpt lat="49.49812" lon="0.23028">
        <ele>5.1</ele>
      </trkpt>
      <trkpt lat="49.49823" lon="0.22995">
        <ele>4.8</ele>
      </trkpt>
      <trkpt lat="49.49836" lon="0.22952">
        <ele>5.7</ele>
      </trkpt>
      <trkpt lat="49.49848" lon="0.22909">
        <ele>8.1</ele>
      </trkpt>
      <trkpt lat="49.498579" lon="0.22876">
        <ele>9.6</ele>
      </trkpt>
      <trkpt lat="49.49881" lon="0.22795">
        <ele>10.7</ele>
      </trkpt>
      <trkpt lat="49.49888" lon="0.22771">
        <ele>10.6</ele>
      </trkpt>
      <trkpt lat="49.4989" lon="0.22761">
        <ele>10.3</ele>
      </trkpt>
      <trkpt lat="49.498959" lon="0.2275">
        <ele>10.5</ele>
      </trkpt>
      <trkpt lat="49.49907" lon="0.22713">
        <ele>9.9</ele>
      </trkpt>
      <trkpt lat="49.49912" lon="0.22697">
        <ele>9.5</ele>
      </trkpt>
      <trkpt lat="49.4992" lon="0.22673">
        <ele>9.3</ele>
      </trkpt>
      <trkpt lat="49.49925" lon="0.22658">
        <ele>10.1</ele>
      </trkpt>
      <trkpt lat="49.4993" lon="0.22636">
        <ele>10.8</ele>
      </trkpt>
      <trkpt lat="49.49939" lon="0.22602">
        <ele>12.0</ele>
      </trkpt>
      <trkpt lat="49.4994" lon="0.226">
        <ele>12.2</ele>
      </trkpt>
      <trkpt lat="49.49945" lon="0.2257">
        <ele>12.2</ele>
      </trkpt>
      <trkpt lat="49.49946" lon="0.22566">
        <ele>12.2</ele>
      </trkpt>
      <trkpt lat="49.4995" lon="0.2255">
        <ele>12.2</ele>
      </trkpt>
      <trkpt lat="49.49968" lon="0.2248">
        <ele>11.2</ele>
      </trkpt>
      <trkpt lat="49.49984" lon="0.22411">
        <ele>8.2</ele>
      </trkpt>
      <trkpt lat="49.499899" lon="0.22384">
        <ele>8.6</ele>
      </trkpt>
      <trkpt lat="49.50003" lon="0.22329">
        <ele>9.3</ele>
      </trkpt>
      <trkpt lat="49.50027" lon="0.22232">
        <ele>7.2</ele>
      </trkpt>
      <trkpt lat="49.50031" lon="0.22218">
        <ele>7.4</ele>
      </trkpt>
      <trkpt lat="49.50049" lon="0.22145">
        <ele>8.1</ele>
      </trkpt>
      <trkpt lat="49.50087" lon="0.21983">
        <ele>9.3</ele>
      </trkpt>
      <trkpt lat="49.50111" lon="0.21889">
        <ele>11.5</ele>
      </trkpt>
      <trkpt lat="49.50121" lon="0.21844">
        <ele>11.8</ele>
      </trkpt>
      <trkpt lat="49.50167" lon="0.2163">
        <ele>8.2</ele>
      </trkpt>
      <trkpt lat="49.50177" lon="0.21581">
        <ele>9.1</ele>
      </trkpt>
      <trkpt lat="49.50185" lon="0.21541">
        <ele>9.6</ele>
      </trkpt>
      <trkpt lat="49.50199" lon="0.21471">
        <ele>9.6</ele>
      </trkpt>
      <trkpt lat="49.50212" lon="0.21412">
        <ele>9.9</ele>
      </trkpt>
      <trkpt lat="49.50214" lon="0.21401">
        <ele>9.8</ele>
      </trkpt>
      <trkpt lat="49.50215" lon="0.21384">
        <ele>9.5</ele>
      </trkpt>
      <trkpt lat="49.50215" lon="0.21384">
        <ele>9.5</ele>
      </trkpt>
      <trkpt lat="49.50218" lon="0.21382">
        <ele>9.8</ele>
      </trkpt>
      <trkpt lat="49.50219" lon="0.2138">
        <ele>9.8</ele>
      </trkpt>
      <trkpt lat="49.50221" lon="0.21378">
        <ele>10.0</ele>
      </trkpt>
      <trkpt lat="49.50223" lon="0.21375">
        <ele>10.1</ele>
      </trkpt>
      <trkpt lat="49.50224" lon="0.21372">
        <ele>10.1</ele>
      </trkpt>
      <trkpt lat="49.50224" lon="0.2137">
        <ele>10.0</ele>
      </trkpt>
      <trkpt lat="49.502249" lon="0.21367">
        <ele>10.0</ele>
      </trkpt>
      <trkpt lat="49.50226" lon="0.21363">
        <ele>10.0</ele>
      </trkpt>
      <trkpt lat="49.50227" lon="0.2136">
        <ele>10.0</ele>
      </trkpt>
      <trkpt lat="49.50227" lon="0.21356">
        <ele>9.9</ele>
      </trkpt>
      <trkpt lat="49.50227" lon="0.21353">
        <ele>9.8</ele>
      </trkpt>
      <trkpt lat="49.50226" lon="0.21348">
        <ele>9.5</ele>
      </trkpt>
      <trkpt lat="49.50232" lon="0.21328">
        <ele>9.4</ele>
      </trkpt>
      <trkpt lat="49.50235" lon="0.21316">
        <ele>9.6</ele>
      </trkpt>
      <trkpt lat="49.50242" lon="0.21291">
        <ele>9.9</ele>
      </trkpt>
      <trkpt lat="49.50247" lon="0.21264">
        <ele>9.9</ele>
      </trkpt>
      <trkpt lat="49.50253" lon="0.21235">
        <ele>9.8</ele>
      </trkpt>
      <trkpt lat="49.50256" lon="0.21214">
        <ele>9.3</ele>
      </trkpt>
      <trkpt lat="49.5026" lon="0.21189">
        <ele>8.7</ele>
      </trkpt>
      <trkpt lat="49.50264" lon="0.21171">
        <ele>8.4</ele>
      </trkpt>
      <trkpt lat="49.502719" lon="0.21129">
        <ele>7.7</ele>
      </trkpt>
      <trkpt lat="49.502719" lon="0.21126">
        <ele>7.6</ele>
      </trkpt>
      <trkpt lat="49.50289" lon="0.21042">
        <ele>5.7</ele>
      </trkpt>
      <trkpt lat="49.50308" lon="0.20943">
        <ele>5.7</ele>
      </trkpt>
      <trkpt lat="49.50321" lon="0.20867">
        <ele>6.1</ele>
      </trkpt>
      <trkpt lat="49.50322" lon="0.20855">
        <ele>6.1</ele>
      </trkpt>
      <trkpt lat="49.503279" lon="0.20822">
        <ele>5.8</ele>
      </trkpt>
      <trkpt lat="49.50333" lon="0.20774">
        <ele>4.6</ele>
      </trkpt>
      <trkpt lat="49.503369" lon="0.20749">
        <ele>4.2</ele>
      </trkpt>
      <trkpt lat="49.5034" lon="0.20717">
        <ele>4.7</ele>
      </trkpt>
      <trkpt lat="49.503459" lon="0.2066">
        <ele>5.1</ele>
      </trkpt>
      <trkpt lat="49.50354" lon="0.20592">
        <ele>3.7</ele>
      </trkpt>
      <trkpt lat="49.50361" lon="0.20527">
        <ele>3.4</ele>
      </trkpt>
      <trkpt lat="49.50367" lon="0.20467">
        <ele>3.8</ele>
      </trkpt>
      <trkpt lat="49.50372" lon="0.20419">
        <ele>4.4</ele>
      </trkpt>
      <trkpt lat="49.503749" lon="0.20381">
        <ele>5.6</ele>
      </trkpt>
      <trkpt lat="49.50378" lon="0.203499">
        <ele>6.5</ele>
      </trkpt>
      <trkpt lat="49.50383" lon="0.20309">
        <ele>6.8</ele>
      </trkpt>
      <trkpt lat="49.503839" lon="0.20304">
        <ele>6.7</ele>
      </trkpt>
      <trkpt lat="49.50386" lon="0.20287">
        <ele>6.6</ele>
      </trkpt>
      <trkpt lat="49.50388" lon="0.20273">
        <ele>6.5</ele>
      </trkpt>
      <trkpt lat="49.50396" lon="0.20221">
        <ele>5.9</ele>
      </trkpt>
      <trkpt lat="49.5041" lon="0.20176">
        <ele>5.1</ele>
      </trkpt>
      <trkpt lat="49.50418" lon="0.20155">
        <ele>4.9</ele>
      </trkpt>
      <trkpt lat="49.50428" lon="0.20132">
        <ele>5.0</ele>
      </trkpt>
      <trkpt lat="49.50444" lon="0.20095">
        <ele>5.4</ele>
      </trkpt>
      <trkpt lat="49.50461" lon="0.2006">
        <ele>6.2</ele>
      </trkpt>
      <trkpt lat="49.5047" lon="0.20054">
        <ele>6.6</ele>
      </trkpt>
      <trkpt lat="49.504779" lon="0.20035">
        <ele>6.8</ele>
      </trkpt>
      <trkpt lat="49.50481" lon="0.20025">
        <ele>6.9</ele>
      </trkpt>
      <trkpt lat="49.50485" lon="0.20015">
        <ele>6.9</ele>
      </trkpt>
      <trkpt lat="49.5049" lon="0.19999">
        <ele>6.9</ele>
      </trkpt>
      <trkpt lat="49.50495" lon="0.19977">
        <ele>6.4</ele>
      </trkpt>
      <trkpt lat="49.50495" lon="0.19973">
        <ele>6.4</ele>
      </trkpt>
      <trkpt lat="49.504959" lon="0.19969">
        <ele>6.3</ele>
      </trkpt>
      <trkpt lat="49.504959" lon="0.19966">
        <ele>6.2</ele>
      </trkpt>
      <trkpt lat="49.504959" lon="0.1996">
        <ele>6.1</ele>
      </trkpt>
      <trkpt lat="49.50497" lon="0.19943">
        <ele>5.7</ele>
      </trkpt>
      <trkpt lat="49.50497" lon="0.19933">
        <ele>5.4</ele>
      </trkpt>
      <trkpt lat="49.50497" lon="0.19921">
        <ele>5.2</ele>
      </trkpt>
      <trkpt lat="49.504959" lon="0.199059">
        <ele>5.2</ele>
      </trkpt>
      <trkpt lat="49.504959" lon="0.19893">
        <ele>5.3</ele>
      </trkpt>
      <trkpt lat="49.50495" lon="0.19879">
        <ele>5.5</ele>
      </trkpt>
      <trkpt lat="49.50494" lon="0.19869">
        <ele>5.6</ele>
      </trkpt>
      <trkpt lat="49.50492" lon="0.198449">
        <ele>5.7</ele>
      </trkpt>
      <trkpt lat="49.50488" lon="0.19806">
        <ele>5.9</ele>
      </trkpt>
      <trkpt lat="49.50483" lon="0.19758">
        <ele>6.1</ele>
      </trkpt>
      <trkpt lat="49.504779" lon="0.19722">
        <ele>5.6</ele>
      </trkpt>
      <trkpt lat="49.50468" lon="0.19677">
        <ele>5.1</ele>
      </trkpt>
      <trkpt lat="49.50466" lon="0.19666">
        <ele>5.0</ele>
      </trkpt>
      <trkpt lat="49.50463" lon="0.19652">
        <ele>4.8</ele>
      </trkpt>
      <trkpt lat="49.50463" lon="0.19646">
        <ele>4.8</ele>
      </trkpt>
      <trkpt lat="49.50462" lon="0.19637">
        <ele>4.6</ele>
      </trkpt>
      <trkpt lat="49.50462" lon="0.19631">
        <ele>4.6</ele>
      </trkpt>
      <trkpt lat="49.50462" lon="0.19625">
        <ele>4.5</ele>
      </trkpt>
      <trkpt lat="49.50463" lon="0.19615">
        <ele>4.4</ele>
      </trkpt>
      <trkpt lat="49.50468" lon="0.19597">
        <ele>4.2</ele>
      </trkpt>
      <trkpt lat="49.50468" lon="0.19597">
        <ele>4.2</ele>
      </trkpt>
      <trkpt lat="49.50477" lon="0.19588">
        <ele>4.1</ele>
      </trkpt>
      <trkpt lat="49.5048" lon="0.19585">
        <ele>4.0</ele>
      </trkpt>
      <trkpt lat="49.50483" lon="0.19582">
        <ele>4.0</ele>
      </trkpt>
      <trkpt lat="49.50486" lon="0.19577">
        <ele>4.1</ele>
      </trkpt>
      <trkpt lat="49.50486" lon="0.195729">
        <ele>4.1</ele>
      </trkpt>
      <trkpt lat="49.504869" lon="0.19568">
        <ele>4.2</ele>
      </trkpt>
      <trkpt lat="49.50488" lon="0.195619">
        <ele>4.3</ele>
      </trkpt>
      <trkpt lat="49.50488" lon="0.19558">
        <ele>4.3</ele>
      </trkpt>
      <trkpt lat="49.50489" lon="0.19553">
        <ele>4.4</ele>
      </trkpt>
      <trkpt lat="49.50489" lon="0.19549">
        <ele>4.5</ele>
      </trkpt>
      <trkpt lat="49.50489" lon="0.19545">
        <ele>4.5</ele>
      </trkpt>
      <trkpt lat="49.50489" lon="0.19541">
        <ele>4.6</ele>
      </trkpt>
      <trkpt lat="49.50489" lon="0.19539">
        <ele>4.6</ele>
      </trkpt>
      <trkpt lat="49.50489" lon="0.195369">
        <ele>4.6</ele>
      </trkpt>
      <trkpt lat="49.50488" lon="0.19534">
        <ele>4.7</ele>
      </trkpt>
      <trkpt lat="49.504869" lon="0.1953">
        <ele>4.7</ele>
      </trkpt>
      <trkpt lat="49.50486" lon="0.19526">
        <ele>4.8</ele>
      </trkpt>
      <trkpt lat="49.50484" lon="0.19522">
        <ele>4.9</ele>
      </trkpt>
      <trkpt lat="49.50481" lon="0.19518">
        <ele>5.0</ele>
      </trkpt>
      <trkpt lat="49.50479" lon="0.19514">
        <ele>5.0</ele>
      </trkpt>
      <trkpt lat="49.504779" lon="0.19511">
        <ele>5.1</ele>
      </trkpt>
      <trkpt lat="49.50472" lon="0.19507">
        <ele>5.2</ele>
      </trkpt>
      <trkpt lat="49.50467" lon="0.19506">
        <ele>5.3</ele>
      </trkpt>
      <trkpt lat="49.50462" lon="0.19505">
        <ele>5.4</ele>
      </trkpt>
      <trkpt lat="49.50458" lon="0.19505">
        <ele>5.4</ele>
      </trkpt>
      <trkpt lat="49.50455" lon="0.19505">
        <ele>5.4</ele>
      </trkpt>
      <trkpt lat="49.50447" lon="0.19508">
        <ele>5.5</ele>
      </trkpt>
      <trkpt lat="49.504399" lon="0.19504">
        <ele>5.6</ele>
      </trkpt>
      <trkpt lat="49.50434" lon="0.194979">
        <ele>5.8</ele>
      </trkpt>
      <trkpt lat="49.5043" lon="0.19494">
        <ele>5.9</ele>
      </trkpt>
      <trkpt lat="49.50425" lon="0.19489">
        <ele>6.0</ele>
      </trkpt>
      <trkpt lat="49.5042" lon="0.19483">
        <ele>6.1</ele>
      </trkpt>
      <trkpt lat="49.50417" lon="0.19477">
        <ele>6.3</ele>
      </trkpt>
      <trkpt lat="49.50416" lon="0.19474">
        <ele>6.3</ele>
      </trkpt>
      <trkpt lat="49.50411" lon="0.19464">
        <ele>6.4</ele>
      </trkpt>
      <trkpt lat="49.50407" lon="0.1945">
        <ele>6.5</ele>
      </trkpt>
      <trkpt lat="49.50397" lon="0.19428">
        <ele>6.3</ele>
      </trkpt>
      <trkpt lat="49.50388" lon="0.19374">
        <ele>7.3</ele>
      </trkpt>
      <trkpt lat="49.50386" lon="0.19359">
        <ele>7.8</ele>
      </trkpt>
      <trkpt lat="49.503839" lon="0.19352">
        <ele>8.0</ele>
      </trkpt>
      <trkpt lat="49.50381" lon="0.19342">
        <ele>8.3</ele>
      </trkpt>
      <trkpt lat="49.50374" lon="0.19318">
        <ele>8.5</ele>
      </trkpt>
      <trkpt lat="49.50374" lon="0.19318">
        <ele>8.5</ele>
      </trkpt>
      <trkpt lat="49.50378" lon="0.19302">
        <ele>8.5</ele>
      </trkpt>
      <trkpt lat="49.50378" lon="0.19297">
        <ele>8.5</ele>
      </trkpt>
      <trkpt lat="49.50378" lon="0.19293">
        <ele>8.5</ele>
      </trkpt>
      <trkpt lat="49.50378" lon="0.19289">
        <ele>8.5</ele>
      </trkpt>
      <trkpt lat="49.50377" lon="0.19284">
        <ele>8.5</ele>
      </trkpt>
      <trkpt lat="49.50376" lon="0.1928">
        <ele>8.5</ele>
      </trkpt>
      <trkpt lat="49.503749" lon="0.192759">
        <ele>8.5</ele>
      </trkpt>
      <trkpt lat="49.50374" lon="0.19273">
        <ele>8.5</ele>
      </trkpt>
      <trkpt lat="49.50372" lon="0.19269">
        <ele>8.5</ele>
      </trkpt>
      <trkpt lat="49.50371" lon="0.19267">
        <ele>8.5</ele>
      </trkpt>
      <trkpt lat="49.50369" lon="0.19264">
        <ele>8.4</ele>
      </trkpt>
      <trkpt lat="49.50367" lon="0.19262">
        <ele>8.4</ele>
      </trkpt>
      <trkpt lat="49.50366" lon="0.1926">
        <ele>8.4</ele>
      </trkpt>
      <trkpt lat="49.50364" lon="0.19258">
        <ele>8.4</ele>
      </trkpt>
      <trkpt lat="49.50362" lon="0.19257">
        <ele>8.3</ele>
      </trkpt>
      <trkpt lat="49.5036" lon="0.19256">
        <ele>8.3</ele>
      </trkpt>
      <trkpt lat="49.50358" lon="0.19254">
        <ele>8.3</ele>
      </trkpt>
      <trkpt lat="49.50348" lon="0.192399">
        <ele>8.4</ele>
      </trkpt>
      <trkpt lat="49.50345" lon="0.19236">
        <ele>8.4</ele>
      </trkpt>
      <trkpt lat="49.50343" lon="0.19231">
        <ele>8.5</ele>
      </trkpt>
      <trkpt lat="49.50341" lon="0.19225">
        <ele>8.5</ele>
      </trkpt>
      <trkpt lat="49.50339" lon="0.19218">
        <ele>8.6</ele>
      </trkpt>
      <trkpt lat="49.50338" lon="0.19206">
        <ele>8.7</ele>
      </trkpt>
      <trkpt lat="49.50334" lon="0.19174">
        <ele>9.0</ele>
      </trkpt>
      <trkpt lat="49.50329" lon="0.1915">
        <ele>9.5</ele>
      </trkpt>
      <trkpt lat="49.50312" lon="0.19089">
        <ele>11.3</ele>
      </trkpt>
      <trkpt lat="49.502989" lon="0.19045">
        <ele>12.3</ele>
      </trkpt>
      <trkpt lat="49.50288" lon="0.190039">
        <ele>13.3</ele>
      </trkpt>
      <trkpt lat="49.502809" lon="0.1898">
        <ele>14.7</ele>
      </trkpt>
      <trkpt lat="49.50275" lon="0.18957">
        <ele>15.9</ele>
      </trkpt>
      <trkpt lat="49.50269" lon="0.18934">
        <ele>16.6</ele>
      </trkpt>
      <trkpt lat="49.50264" lon="0.1892">
        <ele>16.7</ele>
      </trkpt>
      <trkpt lat="49.50258" lon="0.18899">
        <ele>16.9</ele>
      </trkpt>
      <trkpt lat="49.50249" lon="0.18873">
        <ele>16.5</ele>
      </trkpt>
      <trkpt lat="49.50239" lon="0.1885">
        <ele>16.5</ele>
      </trkpt>
      <trkpt lat="49.50237" lon="0.188429">
        <ele>16.5</ele>
      </trkpt>
      <trkpt lat="49.502339" lon="0.188319">
        <ele>16.5</ele>
      </trkpt>
      <trkpt lat="49.50231" lon="0.18819">
        <ele>17.1</ele>
      </trkpt>
      <trkpt lat="49.50229" lon="0.188069">
        <ele>17.6</ele>
      </trkpt>
      <trkpt lat="49.50227" lon="0.18793">
        <ele>18.2</ele>
      </trkpt>
      <trkpt lat="49.50226" lon="0.1877">
        <ele>19.4</ele>
      </trkpt>
      <trkpt lat="49.50226" lon="0.18747">
        <ele>20.7</ele>
      </trkpt>
      <trkpt lat="49.50226" lon="0.18724">
        <ele>21.5</ele>
      </trkpt>
      <trkpt lat="49.50227" lon="0.18704">
        <ele>22.3</ele>
      </trkpt>
      <trkpt lat="49.50228" lon="0.18698">
        <ele>22.7</ele>
      </trkpt>
      <trkpt lat="49.50229" lon="0.18694">
        <ele>23.0</ele>
      </trkpt>
      <trkpt lat="49.50229" lon="0.18687">
        <ele>23.2</ele>
      </trkpt>
      <trkpt lat="49.50229" lon="0.18676">
        <ele>23.6</ele>
      </trkpt>
      <trkpt lat="49.5023" lon="0.18659">
        <ele>24.3</ele>
      </trkpt>
      <trkpt lat="49.5023" lon="0.18647">
        <ele>24.5</ele>
      </trkpt>
      <trkpt lat="49.5023" lon="0.186349">
        <ele>24.7</ele>
      </trkpt>
      <trkpt lat="49.50231" lon="0.186209">
        <ele>25.1</ele>
      </trkpt>
      <trkpt lat="49.50231" lon="0.18598">
        <ele>25.5</ele>
      </trkpt>
      <trkpt lat="49.50232" lon="0.1858">
        <ele>26.0</ele>
      </trkpt>
      <trkpt lat="49.50232" lon="0.185599">
        <ele>26.3</ele>
      </trkpt>
      <trkpt lat="49.50232" lon="0.18548">
        <ele>26.4</ele>
      </trkpt>
      <trkpt lat="49.50233" lon="0.18513">
        <ele>27.0</ele>
      </trkpt>
      <trkpt lat="49.502339" lon="0.18493">
        <ele>27.5</ele>
      </trkpt>
      <trkpt lat="49.502339" lon="0.18493">
        <ele>27.5</ele>
      </trkpt>
      <trkpt lat="49.50226" lon="0.18479">
        <ele>26.3</ele>
      </trkpt>
      <trkpt lat="49.50223" lon="0.18476">
        <ele>25.9</ele>
      </trkpt>
      <trkpt lat="49.50219" lon="0.184739">
        <ele>25.2</ele>
      </trkpt>
      <trkpt lat="49.50212" lon="0.1847">
        <ele>24.0</ele>
      </trkpt>
      <trkpt lat="49.50203" lon="0.18471">
        <ele>22.4</ele>
      </trkpt>
      <trkpt lat="49.50199" lon="0.18471">
        <ele>21.7</ele>
      </trkpt>
      <trkpt lat="49.50194" lon="0.18472">
        <ele>20.8</ele>
      </trkpt>
      <trkpt lat="49.50189" lon="0.18472">
        <ele>19.9</ele>
      </trkpt>
      <trkpt lat="49.50185" lon="0.18471">
        <ele>19.2</ele>
      </trkpt>
      <trkpt lat="49.5018" lon="0.1847">
        <ele>18.4</ele>
      </trkpt>
      <trkpt lat="49.501779" lon="0.18469">
        <ele>18.0</ele>
      </trkpt>
      <trkpt lat="49.50175" lon="0.18467">
        <ele>17.5</ele>
      </trkpt>
      <trkpt lat="49.50171" lon="0.18463">
        <ele>16.8</ele>
      </trkpt>
      <trkpt lat="49.50167" lon="0.18444">
        <ele>16.1</ele>
      </trkpt>
      <trkpt lat="49.50159" lon="0.18404">
        <ele>15.4</ele>
      </trkpt>
      <trkpt lat="49.50134" lon="0.182879">
        <ele>13.9</ele>
      </trkpt>
      <trkpt lat="49.50129" lon="0.18266">
        <ele>13.4</ele>
      </trkpt>
      <trkpt lat="49.50124" lon="0.18245">
        <ele>13.0</ele>
      </trkpt>
      <trkpt lat="49.50124" lon="0.18245">
        <ele>13.0</ele>
      </trkpt>
      <trkpt lat="49.50118" lon="0.1822">
        <ele>12.6</ele>
      </trkpt>
      <trkpt lat="49.50117" lon="0.18215">
        <ele>12.5</ele>
      </trkpt>
      <trkpt lat="49.50111" lon="0.18184">
        <ele>12.0</ele>
      </trkpt>
      <trkpt lat="49.50106" lon="0.18137">
        <ele>11.5</ele>
      </trkpt>
      <trkpt lat="49.50103" lon="0.18087">
        <ele>11.4</ele>
      </trkpt>
      <trkpt lat="49.501019" lon="0.18086">
        <ele>11.2</ele>
      </trkpt>
      <trkpt lat="49.50098" lon="0.18022">
        <ele>12.0</ele>
      </trkpt>
      <trkpt lat="49.50091" lon="0.17933">
        <ele>11.7</ele>
      </trkpt>
      <trkpt lat="49.50086" lon="0.17849">
        <ele>11.3</ele>
      </trkpt>
      <trkpt lat="49.50085" lon="0.17818">
        <ele>11.0</ele>
      </trkpt>
      <trkpt lat="49.500839" lon="0.17789">
        <ele>10.5</ele>
      </trkpt>
      <trkpt lat="49.50082" lon="0.17693">
        <ele>8.6</ele>
      </trkpt>
      <trkpt lat="49.50079" lon="0.17546">
        <ele>8.2</ele>
      </trkpt>
      <trkpt lat="49.50078" lon="0.17518">
        <ele>8.5</ele>
      </trkpt>
      <trkpt lat="49.50069" lon="0.172499">
        <ele>9.3</ele>
      </trkpt>
      <trkpt lat="49.50066" lon="0.17162">
        <ele>9.7</ele>
      </trkpt>
      <trkpt lat="49.50066" lon="0.17162">
        <ele>9.7</ele>
      </trkpt>
      <trkpt lat="49.50059" lon="0.17163">
        <ele>9.2</ele>
      </trkpt>
      <trkpt lat="49.50049" lon="0.17163">
        <ele>8.5</ele>
      </trkpt>
      <trkpt lat="49.50021" lon="0.17163">
        <ele>6.5</ele>
      </trkpt>
      <trkpt lat="49.50021" lon="0.17163">
        <ele>6.5</ele>
      </trkpt>
      <trkpt lat="49.5002" lon="0.17115">
        <ele>5.8</ele>
      </trkpt>
      <trkpt lat="49.5002" lon="0.17104">
        <ele>5.7</ele>
      </trkpt>
      <trkpt lat="49.50017" lon="0.17036">
        <ele>3.4</ele>
      </trkpt>
      <trkpt lat="49.50017" lon="0.17021">
        <ele>2.8</ele>
      </trkpt>
      <trkpt lat="49.50015" lon="0.16961">
        <ele>1.9</ele>
      </trkpt>
      <trkpt lat="49.5001" lon="0.16874">
        <ele>3.5</ele>
      </trkpt>
      <trkpt lat="49.50005" lon="0.16814">
        <ele>5.4</ele>
      </trkpt>
      <trkpt lat="49.49997" lon="0.16735">
        <ele>5.7</ele>
      </trkpt>
      <trkpt lat="49.49982" lon="0.16618">
        <ele>6.1</ele>
      </trkpt>
      <trkpt lat="49.49972" lon="0.16554">
        <ele>7.1</ele>
      </trkpt>
      <trkpt lat="49.49954" lon="0.164229">
        <ele>4.7</ele>
      </trkpt>
      <trkpt lat="49.49918" lon="0.1619">
        <ele>5.0</ele>
      </trkpt>
      <trkpt lat="49.4991" lon="0.16137">
        <ele>5.1</ele>
      </trkpt>
      <trkpt lat="49.498869" lon="0.15982">
        <ele>4.7</ele>
      </trkpt>
      <trkpt lat="49.49881" lon="0.15937">
        <ele>3.2</ele>
      </trkpt>
      <trkpt lat="49.49866" lon="0.15836">
        <ele>3.4</ele>
      </trkpt>
      <trkpt lat="49.49862" lon="0.15805">
        <ele>4.4</ele>
      </trkpt>
      <trkpt lat="49.49836" lon="0.15627">
        <ele>3.5</ele>
      </trkpt>
      <trkpt lat="49.49824" lon="0.15539">
        <ele>3.6</ele>
      </trkpt>
      <trkpt lat="49.49809" lon="0.15436">
        <ele>3.2</ele>
      </trkpt>
      <trkpt lat="49.49801" lon="0.15396">
        <ele>3.2</ele>
      </trkpt>
      <trkpt lat="49.4979" lon="0.15348">
        <ele>3.8</ele>
      </trkpt>
      <trkpt lat="49.49763" lon="0.152379">
        <ele>5.7</ele>
      </trkpt>
      <trkpt lat="49.49741" lon="0.15147">
        <ele>6.4</ele>
      </trkpt>
      <trkpt lat="49.49727" lon="0.15092">
        <ele>5.6</ele>
      </trkpt>
      <trkpt lat="49.49712" lon="0.15034">
        <ele>5.0</ele>
      </trkpt>
      <trkpt lat="49.49704" lon="0.14996">
        <ele>4.7</ele>
      </trkpt>
      <trkpt lat="49.49691" lon="0.14933">
        <ele>4.8</ele>
      </trkpt>
      <trkpt lat="49.49674" lon="0.14867">
        <ele>3.8</ele>
      </trkpt>
      <trkpt lat="49.49666" lon="0.14842">
        <ele>3.2</ele>
      </trkpt>
      <trkpt lat="49.49639" lon="0.14731">
        <ele>2.3</ele>
      </trkpt>
      <trkpt lat="49.49637" lon="0.14722">
        <ele>2.3</ele>
      </trkpt>
      <trkpt lat="49.49631" lon="0.14702">
        <ele>2.3</ele>
      </trkpt>
      <trkpt lat="49.49629" lon="0.14693">
        <ele>2.2</ele>
      </trkpt>
      <trkpt lat="49.49626" lon="0.146829">
        <ele>2.1</ele>
      </trkpt>
      <trkpt lat="49.49621" lon="0.14664">
        <ele>1.9</ele>
      </trkpt>
      <trkpt lat="49.49616" lon="0.146439">
        <ele>2.1</ele>
      </trkpt>
      <trkpt lat="49.49598" lon="0.14571">
        <ele>3.1</ele>
      </trkpt>
      <trkpt lat="49.495869" lon="0.14524">
        <ele>3.7</ele>
      </trkpt>
      <trkpt lat="49.49584" lon="0.14513">
        <ele>3.8</ele>
      </trkpt>
      <trkpt lat="49.49582" lon="0.14505">
        <ele>3.9</ele>
      </trkpt>
      <trkpt lat="49.49577" lon="0.14494">
        <ele>3.9</ele>
      </trkpt>
      <trkpt lat="49.49577" lon="0.14494">
        <ele>3.9</ele>
      </trkpt>
      <trkpt lat="49.49543" lon="0.14358">
        <ele>4.1</ele>
      </trkpt>
      <trkpt lat="49.49509" lon="0.14215">
        <ele>6.5</ele>
      </trkpt>
      <trkpt lat="49.49485" lon="0.14117">
        <ele>6.6</ele>
      </trkpt>
      <trkpt lat="49.49474" lon="0.14079">
        <ele>6.4</ele>
      </trkpt>
      <trkpt lat="49.49463" lon="0.14031">
        <ele>6.1</ele>
      </trkpt>
      <trkpt lat="49.49459" lon="0.14013">
        <ele>6.0</ele>
      </trkpt>
      <trkpt lat="49.49447" lon="0.139639">
        <ele>5.7</ele>
      </trkpt>
      <trkpt lat="49.49428" lon="0.13887">
        <ele>4.9</ele>
      </trkpt>
      <trkpt lat="49.49418" lon="0.13849">
        <ele>4.2</ele>
      </trkpt>
      <trkpt lat="49.494079" lon="0.13812">
        <ele>4.1</ele>
      </trkpt>
      <trkpt lat="49.493989" lon="0.13772">
        <ele>4.4</ele>
      </trkpt>
      <trkpt lat="49.49388" lon="0.13724">
        <ele>4.0</ele>
      </trkpt>
      <trkpt lat="49.49379" lon="0.13684">
        <ele>3.6</ele>
      </trkpt>
      <trkpt lat="49.49376" lon="0.13669">
        <ele>3.5</ele>
      </trkpt>
      <trkpt lat="49.49335" lon="0.13498">
        <ele>3.9</ele>
      </trkpt>
      <trkpt lat="49.49331" lon="0.13478">
        <ele>3.8</ele>
      </trkpt>
      <trkpt lat="49.493229" lon="0.13435">
        <ele>3.4</ele>
      </trkpt>
      <trkpt lat="49.49308" lon="0.13322">
        <ele>3.8</ele>
      </trkpt>
      <trkpt lat="49.49306" lon="0.13308">
        <ele>4.1</ele>
      </trkpt>
      <trkpt lat="49.49301" lon="0.132619">
        <ele>4.7</ele>
      </trkpt>
      <trkpt lat="49.49295" lon="0.1322">
        <ele>4.0</ele>
      </trkpt>
      <trkpt lat="49.49294" lon="0.13203">
        <ele>3.5</ele>
      </trkpt>
      <trkpt lat="49.49291" lon="0.13186">
        <ele>2.9</ele>
      </trkpt>
      <trkpt lat="49.49287" lon="0.13166">
        <ele>2.1</ele>
      </trkpt>
      <trkpt lat="49.49287" lon="0.13166">
        <ele>2.1</ele>
      </trkpt>
      <trkpt lat="49.49278" lon="0.13119">
        <ele>2.1</ele>
      </trkpt>
      <trkpt lat="49.49272" lon="0.13094">
        <ele>2.3</ele>
      </trkpt>
      <trkpt lat="49.49265" lon="0.13061">
        <ele>2.8</ele>
      </trkpt>
      <trkpt lat="49.49262" lon="0.13049">
        <ele>3.0</ele>
      </trkpt>
      <trkpt lat="49.49259" lon="0.13036">
        <ele>3.2</ele>
      </trkpt>
      <trkpt lat="49.49247" lon="0.12987">
        <ele>3.9</ele>
      </trkpt>
      <trkpt lat="49.49204" lon="0.12814">
        <ele>3.0</ele>
      </trkpt>
      <trkpt lat="49.49177" lon="0.12708">
        <ele>3.3</ele>
      </trkpt>
      <trkpt lat="49.4916" lon="0.12639">
        <ele>3.9</ele>
      </trkpt>
      <trkpt lat="49.49153" lon="0.12612">
        <ele>3.8</ele>
      </trkpt>
      <trkpt lat="49.491459" lon="0.125819">
        <ele>3.7</ele>
      </trkpt>
      <trkpt lat="49.49115" lon="0.12462">
        <ele>2.0</ele>
      </trkpt>
      <trkpt lat="49.49093" lon="0.12375">
        <ele>1.4</ele>
      </trkpt>
      <trkpt lat="49.49091" lon="0.12367">
        <ele>1.5</ele>
      </trkpt>
      <trkpt lat="49.49088" lon="0.12348">
        <ele>1.8</ele>
      </trkpt>
      <trkpt lat="49.49084" lon="0.12319">
        <ele>2.9</ele>
      </trkpt>
      <trkpt lat="49.49082" lon="0.12305">
        <ele>3.7</ele>
      </trkpt>
      <trkpt lat="49.49082" lon="0.12305">
        <ele>3.7</ele>
      </trkpt>
      <trkpt lat="49.49077" lon="0.1228">
        <ele>5.0</ele>
      </trkpt>
      <trkpt lat="49.490699" lon="0.12248">
        <ele>6.2</ele>
      </trkpt>
      <trkpt lat="49.49067" lon="0.12236">
        <ele>6.2</ele>
      </trkpt>
      <trkpt lat="49.49063" lon="0.12214">
        <ele>6.1</ele>
      </trkpt>
      <trkpt lat="49.49063" lon="0.12202">
        <ele>6.2</ele>
      </trkpt>
      <trkpt lat="49.49063" lon="0.12177">
        <ele>6.4</ele>
      </trkpt>
      <trkpt lat="49.49064" lon="0.12152">
        <ele>6.2</ele>
      </trkpt>
      <trkpt lat="49.49065" lon="0.12109">
        <ele>5.0</ele>
      </trkpt>
      <trkpt lat="49.49067" lon="0.12019">
        <ele>5.3</ele>
      </trkpt>
      <trkpt lat="49.49067" lon="0.12002">
        <ele>5.6</ele>
      </trkpt>
      <trkpt lat="49.490699" lon="0.11888">
        <ele>5.3</ele>
      </trkpt>
      <trkpt lat="49.490699" lon="0.11888">
        <ele>5.3</ele>
      </trkpt>
      <trkpt lat="49.490699" lon="0.11872">
        <ele>5.4</ele>
      </trkpt>
      <trkpt lat="49.49073" lon="0.1178">
        <ele>6.0</ele>
      </trkpt>
      <trkpt lat="49.49077" lon="0.11666">
        <ele>5.0</ele>
      </trkpt>
      <trkpt lat="49.49077" lon="0.11666">
        <ele>5.0</ele>
      </trkpt>
      <trkpt lat="49.48994" lon="0.1166">
        <ele>5.1</ele>
      </trkpt>
      <trkpt lat="49.489759" lon="0.11659">
        <ele>5.7</ele>
      </trkpt>
      <trkpt lat="49.48965" lon="0.11657">
        <ele>6.0</ele>
      </trkpt>
      <trkpt lat="49.48954" lon="0.11654">
        <ele>6.4</ele>
      </trkpt>
      <trkpt lat="49.48954" lon="0.11654">
        <ele>6.4</ele>
      </trkpt>
      <trkpt lat="49.48934" lon="0.11637">
        <ele>6.7</ele>
      </trkpt>
      <trkpt lat="49.48903" lon="0.11605">
        <ele>6.1</ele>
      </trkpt>
      <trkpt lat="49.48849" lon="0.11546">
        <ele>5.5</ele>
      </trkpt>
      <trkpt lat="49.4884" lon="0.11537">
        <ele>5.7</ele>
      </trkpt>
      <trkpt lat="49.488169" lon="0.11516">
        <ele>6.7</ele>
      </trkpt>
      <trkpt lat="49.48785" lon="0.11494">
        <ele>7.6</ele>
      </trkpt>
      <trkpt lat="49.48752" lon="0.11474">
        <ele>8.0</ele>
      </trkpt>
      <trkpt lat="49.48742" lon="0.11468">
        <ele>7.7</ele>
      </trkpt>
      <trkpt lat="49.4874" lon="0.11468">
        <ele>7.6</ele>
      </trkpt>
      <trkpt lat="49.487319" lon="0.11456">
        <ele>7.2</ele>
      </trkpt>
      <trkpt lat="49.48724" lon="0.11444">
        <ele>6.7</ele>
      </trkpt>
      <trkpt lat="49.48724" lon="0.11444">
        <ele>6.7</ele>
      </trkpt>
      <trkpt lat="49.48724" lon="0.11442">
        <ele>6.7</ele>
      </trkpt>
      <trkpt lat="49.48724" lon="0.11441">
        <ele>6.7</ele>
      </trkpt>
      <trkpt lat="49.48725" lon="0.11439">
        <ele>6.7</ele>
      </trkpt>
      <trkpt lat="49.48725" lon="0.11437">
        <ele>6.7</ele>
      </trkpt>
      <trkpt lat="49.48725" lon="0.11436">
        <ele>6.7</ele>
      </trkpt>
      <trkpt lat="49.48725" lon="0.11434">
        <ele>6.7</ele>
      </trkpt>
      <trkpt lat="49.48725" lon="0.11432">
        <ele>6.7</ele>
      </trkpt>
      <trkpt lat="49.48724" lon="0.11431">
        <ele>6.6</ele>
      </trkpt>
      <trkpt lat="49.48724" lon="0.11429">
        <ele>6.6</ele>
      </trkpt>
      <trkpt lat="49.48724" lon="0.11427">
        <ele>6.6</ele>
      </trkpt>
      <trkpt lat="49.487229" lon="0.11425">
        <ele>6.5</ele>
      </trkpt>
      <trkpt lat="49.487229" lon="0.11424">
        <ele>6.5</ele>
      </trkpt>
      <trkpt lat="49.48722" lon="0.11422">
        <ele>6.4</ele>
      </trkpt>
      <trkpt lat="49.48721" lon="0.11421">
        <ele>6.3</ele>
      </trkpt>
      <trkpt lat="49.48721" lon="0.11419">
        <ele>6.3</ele>
      </trkpt>
      <trkpt lat="49.4872" lon="0.11418">
        <ele>6.2</ele>
      </trkpt>
      <trkpt lat="49.48719" lon="0.11417">
        <ele>6.1</ele>
      </trkpt>
      <trkpt lat="49.48718" lon="0.11415">
        <ele>6.1</ele>
      </trkpt>
      <trkpt lat="49.48717" lon="0.11414">
        <ele>6.0</ele>
      </trkpt>
      <trkpt lat="49.48716" lon="0.11413">
        <ele>5.9</ele>
      </trkpt>
      <trkpt lat="49.48715" lon="0.11413">
        <ele>5.9</ele>
      </trkpt>
      <trkpt lat="49.487139" lon="0.11412">
        <ele>5.8</ele>
      </trkpt>
      <trkpt lat="49.48713" lon="0.11412">
        <ele>5.7</ele>
      </trkpt>
      <trkpt lat="49.48712" lon="0.11412">
        <ele>5.7</ele>
      </trkpt>
      <trkpt lat="49.48711" lon="0.11411">
        <ele>5.6</ele>
      </trkpt>
      <trkpt lat="49.4871" lon="0.11411">
        <ele>5.6</ele>
      </trkpt>
      <trkpt lat="49.48709" lon="0.11411">
        <ele>5.5</ele>
      </trkpt>
      <trkpt lat="49.48708" lon="0.11412">
        <ele>5.5</ele>
      </trkpt>
      <trkpt lat="49.48677" lon="0.11304">
        <ele>3.5</ele>
      </trkpt>
      <trkpt lat="49.48671" lon="0.11291">
        <ele>3.2</ele>
      </trkpt>
      <trkpt lat="49.48669" lon="0.1128">
        <ele>3.1</ele>
      </trkpt>
      <trkpt lat="49.48664" lon="0.11255">
        <ele>2.9</ele>
      </trkpt>
      <trkpt lat="49.48659" lon="0.11229">
        <ele>2.8</ele>
      </trkpt>
      <trkpt lat="49.48656" lon="0.11208">
        <ele>2.7</ele>
      </trkpt>
      <trkpt lat="49.48653" lon="0.11193">
        <ele>2.7</ele>
      </trkpt>
      <trkpt lat="49.48653" lon="0.11193">
        <ele>2.7</ele>
      </trkpt>
      <trkpt lat="49.48653" lon="0.1118">
        <ele>2.8</ele>
      </trkpt>
      <trkpt lat="49.48653" lon="0.11174">
        <ele>2.8</ele>
      </trkpt>
      <trkpt lat="49.48653" lon="0.11169">
        <ele>2.8</ele>
      </trkpt>
      <trkpt lat="49.48654" lon="0.11162">
        <ele>3.0</ele>
      </trkpt>
      <trkpt lat="49.48655" lon="0.11154">
        <ele>3.1</ele>
      </trkpt>
      <trkpt lat="49.48655" lon="0.11147">
        <ele>3.3</ele>
      </trkpt>
      <trkpt lat="49.48655" lon="0.11142">
        <ele>3.4</ele>
      </trkpt>
      <trkpt lat="49.48654" lon="0.11137">
        <ele>3.5</ele>
      </trkpt>
      <trkpt lat="49.48653" lon="0.11127">
        <ele>3.7</ele>
      </trkpt>
      <trkpt lat="49.48648" lon="0.11107">
        <ele>4.0</ele>
      </trkpt>
      <trkpt lat="49.48635" lon="0.11063">
        <ele>4.6</ele>
      </trkpt>
      <trkpt lat="49.48631" lon="0.11049">
        <ele>4.7</ele>
      </trkpt>
      <trkpt lat="49.48627" lon="0.11038">
        <ele>4.9</ele>
      </trkpt>
      <trkpt lat="49.48626" lon="0.11036">
        <ele>4.9</ele>
      </trkpt>
      <trkpt lat="49.48621" lon="0.11028">
        <ele>4.9</ele>
      </trkpt>
      <trkpt lat="49.48617" lon="0.11017">
        <ele>5.1</ele>
      </trkpt>
      <trkpt lat="49.485729" lon="0.10886">
        <ele>8.3</ele>
      </trkpt>
      <trkpt lat="49.485439" lon="0.10796">
        <ele>6.6</ele>
      </trkpt>
      <trkpt lat="49.48528" lon="0.10745">
        <ele>5.8</ele>
      </trkpt>
      <trkpt lat="49.48528" lon="0.10745">
        <ele>5.8</ele>
      </trkpt>
      <trkpt lat="49.4852" lon="0.10722">
        <ele>6.0</ele>
      </trkpt>
      <trkpt lat="49.48515" lon="0.10705">
        <ele>6.2</ele>
      </trkpt>
      <trkpt lat="49.48498" lon="0.10651">
        <ele>7.3</ele>
      </trkpt>
      <trkpt lat="49.48496" lon="0.10642">
        <ele>7.5</ele>
      </trkpt>
      <trkpt lat="49.48491" lon="0.10628">
        <ele>7.6</ele>
      </trkpt>
      <trkpt lat="49.48492" lon="0.1062">
        <ele>7.8</ele>
      </trkpt>
      <trkpt lat="49.48491" lon="0.10618">
        <ele>7.8</ele>
      </trkpt>
      <trkpt lat="49.48491" lon="0.10616">
        <ele>7.8</ele>
      </trkpt>
      <trkpt lat="49.48489" lon="0.10607">
        <ele>7.9</ele>
      </trkpt>
      <trkpt lat="49.484879" lon="0.10601">
        <ele>7.9</ele>
      </trkpt>
      <trkpt lat="49.484879" lon="0.10595">
        <ele>8.1</ele>
      </trkpt>
      <trkpt lat="49.484879" lon="0.1059">
        <ele>8.2</ele>
      </trkpt>
      <trkpt lat="49.484879" lon="0.10584">
        <ele>8.3</ele>
      </trkpt>
      <trkpt lat="49.48489" lon="0.10579">
        <ele>8.2</ele>
      </trkpt>
      <trkpt lat="49.48491" lon="0.10573">
        <ele>8.2</ele>
      </trkpt>
      <trkpt lat="49.48493" lon="0.1057">
        <ele>8.3</ele>
      </trkpt>
      <trkpt lat="49.48493" lon="0.1057">
        <ele>8.3</ele>
      </trkpt>
      <trkpt lat="49.48495" lon="0.10565">
        <ele>8.3</ele>
      </trkpt>
      <trkpt lat="49.48498" lon="0.1056">
        <ele>8.3</ele>
      </trkpt>
      <trkpt lat="49.48507" lon="0.10551">
        <ele>8.2</ele>
      </trkpt>
      <trkpt lat="49.48508" lon="0.10549">
        <ele>8.2</ele>
      </trkpt>
      <trkpt lat="49.48515" lon="0.10543">
        <ele>8.0</ele>
      </trkpt>
      <trkpt lat="49.48562" lon="0.105">
        <ele>7.7</ele>
      </trkpt>
      <trkpt lat="49.48581" lon="0.10483">
        <ele>8.0</ele>
      </trkpt>
      <trkpt lat="49.486199" lon="0.10446">
        <ele>8.9</ele>
      </trkpt>
      <trkpt lat="49.486199" lon="0.10446">
        <ele>8.9</ele>
      </trkpt>
      <trkpt lat="49.48624" lon="0.10457">
        <ele>9.0</ele>
      </trkpt>
      <trkpt lat="49.48626" lon="0.10465">
        <ele>9.0</ele>
      </trkpt>
      <trkpt lat="49.48628" lon="0.104719">
        <ele>9.1</ele>
      </trkpt>
      <trkpt lat="49.486289" lon="0.10476">
        <ele>9.1</ele>
      </trkpt>
      <trkpt lat="49.4863" lon="0.1048">
        <ele>9.1</ele>
      </trkpt>
      <trkpt lat="49.4863" lon="0.10487">
        <ele>9.1</ele>
      </trkpt>
      <trkpt lat="49.4863" lon="0.10494">
        <ele>9.1</ele>
      </trkpt>
      <trkpt lat="49.4863" lon="0.1051">
        <ele>9.2</ele>
      </trkpt>
      <trkpt lat="49.48628" lon="0.10578">
        <ele>9.6</ele>
      </trkpt>
      <trkpt lat="49.48628" lon="0.10578">
        <ele>9.6</ele>
      </trkpt>
      <trkpt lat="49.48627" lon="0.106">
        <ele>9.7</ele>
      </trkpt>
      <trkpt lat="49.48626" lon="0.10664">
        <ele>10.0</ele>
      </trkpt>
      <trkpt lat="49.48624" lon="0.10731">
        <ele>9.6</ele>
      </trkpt>
      <trkpt lat="49.48624" lon="0.10731">
        <ele>9.6</ele>
      </trkpt>
      <trkpt lat="49.48602" lon="0.10729">
        <ele>9.3</ele>
      </trkpt>
      <trkpt lat="49.48563" lon="0.10726">
        <ele>8.0</ele>
      </trkpt>
      <trkpt lat="49.4855" lon="0.10721">
        <ele>7.4</ele>
      </trkpt>
      <trkpt lat="49.48542" lon="0.10719">
        <ele>7.1</ele>
      </trkpt>
      <trkpt lat="49.48537" lon="0.10719">
        <ele>6.8</ele>
      </trkpt>
      <trkpt lat="49.48531" lon="0.10719">
        <ele>6.6</ele>
      </trkpt>
      <trkpt lat="49.48528" lon="0.10719">
        <ele>6.4</ele>
      </trkpt>
      <trkpt lat="49.48524" lon="0.1072">
        <ele>6.2</ele>
      </trkpt>
      <trkpt lat="49.4852" lon="0.10722">
        <ele>6.0</ele>
      </trkpt>
      <trkpt lat="49.4852" lon="0.10722">
        <ele>6.0</ele>
      </trkpt>
      <trkpt lat="49.48528" lon="0.10745">
        <ele>5.8</ele>
      </trkpt>
      <trkpt lat="49.485439" lon="0.10796">
        <ele>6.6</ele>
      </trkpt>
      <trkpt lat="49.485729" lon="0.10886">
        <ele>8.3</ele>
      </trkpt>
      <trkpt lat="49.48617" lon="0.11017">
        <ele>5.1</ele>
      </trkpt>
      <trkpt lat="49.48621" lon="0.11028">
        <ele>4.9</ele>
      </trkpt>
      <trkpt lat="49.48621" lon="0.1104">
        <ele>4.7</ele>
      </trkpt>
      <trkpt lat="49.48634" lon="0.11093">
        <ele>4.0</ele>
      </trkpt>
      <trkpt lat="49.48637" lon="0.11106">
        <ele>3.8</ele>
      </trkpt>
      <trkpt lat="49.48644" lon="0.11136">
        <ele>3.4</ele>
      </trkpt>
      <trkpt lat="49.48646" lon="0.11156">
        <ele>3.0</ele>
      </trkpt>
      <trkpt lat="49.48648" lon="0.11169">
        <ele>2.8</ele>
      </trkpt>
      <trkpt lat="49.48649" lon="0.11179">
        <ele>2.7</ele>
      </trkpt>
      <trkpt lat="49.48651" lon="0.11188">
        <ele>2.7</ele>
      </trkpt>
      <trkpt lat="49.48653" lon="0.11193">
        <ele>2.7</ele>
      </trkpt>
      <trkpt lat="49.48653" lon="0.11193">
        <ele>2.7</ele>
      </trkpt>
      <trkpt lat="49.48656" lon="0.11208">
        <ele>2.7</ele>
      </trkpt>
      <trkpt lat="49.48659" lon="0.11229">
        <ele>2.8</ele>
      </trkpt>
      <trkpt lat="49.48664" lon="0.11255">
        <ele>2.9</ele>
      </trkpt>
      <trkpt lat="49.48669" lon="0.1128">
        <ele>3.1</ele>
      </trkpt>
      <trkpt lat="49.48671" lon="0.11291">
        <ele>3.2</ele>
      </trkpt>
      <trkpt lat="49.48672" lon="0.11305">
        <ele>3.2</ele>
      </trkpt>
      <trkpt lat="49.48673" lon="0.11307">
        <ele>3.3</ele>
      </trkpt>
      <trkpt lat="49.48674" lon="0.11311">
        <ele>3.3</ele>
      </trkpt>
      <trkpt lat="49.486759" lon="0.1132">
        <ele>3.4</ele>
      </trkpt>
      <trkpt lat="49.48686" lon="0.11355">
        <ele>4.0</ele>
      </trkpt>
      <trkpt lat="49.48694" lon="0.11383">
        <ele>4.5</ele>
      </trkpt>
      <trkpt lat="49.48697" lon="0.11393">
        <ele>4.7</ele>
      </trkpt>
      <trkpt lat="49.48698" lon="0.114">
        <ele>4.8</ele>
      </trkpt>
      <trkpt lat="49.48698" lon="0.11407">
        <ele>4.8</ele>
      </trkpt>
      <trkpt lat="49.48698" lon="0.11413">
        <ele>4.9</ele>
      </trkpt>
      <trkpt lat="49.48697" lon="0.11418">
        <ele>4.9</ele>
      </trkpt>
      <trkpt lat="49.48697" lon="0.11418">
        <ele>4.9</ele>
      </trkpt>
      <trkpt lat="49.48696" lon="0.1142">
        <ele>4.8</ele>
      </trkpt>
      <trkpt lat="49.48695" lon="0.11421">
        <ele>4.8</ele>
      </trkpt>
      <trkpt lat="49.48694" lon="0.11422">
        <ele>4.8</ele>
      </trkpt>
      <trkpt lat="49.48694" lon="0.11424">
        <ele>4.8</ele>
      </trkpt>
      <trkpt lat="49.48693" lon="0.11426">
        <ele>4.8</ele>
      </trkpt>
      <trkpt lat="49.48693" lon="0.11427">
        <ele>4.8</ele>
      </trkpt>
      <trkpt lat="49.48692" lon="0.11429">
        <ele>4.8</ele>
      </trkpt>
      <trkpt lat="49.48692" lon="0.11431">
        <ele>4.9</ele>
      </trkpt>
      <trkpt lat="49.48692" lon="0.11433">
        <ele>4.9</ele>
      </trkpt>
      <trkpt lat="49.48692" lon="0.11434">
        <ele>5.0</ele>
      </trkpt>
      <trkpt lat="49.48691" lon="0.11436">
        <ele>5.0</ele>
      </trkpt>
      <trkpt lat="49.48692" lon="0.11438">
        <ele>5.1</ele>
      </trkpt>
      <trkpt lat="49.48692" lon="0.1144">
        <ele>5.1</ele>
      </trkpt>
      <trkpt lat="49.48692" lon="0.11442">
        <ele>5.2</ele>
      </trkpt>
      <trkpt lat="49.48687" lon="0.11452">
        <ele>5.2</ele>
      </trkpt>
      <trkpt lat="49.486849" lon="0.11457">
        <ele>5.2</ele>
      </trkpt>
      <trkpt lat="49.48683" lon="0.11461">
        <ele>5.3</ele>
      </trkpt>
      <trkpt lat="49.4868" lon="0.11465">
        <ele>5.3</ele>
      </trkpt>
      <trkpt lat="49.48677" lon="0.1147">
        <ele>5.3</ele>
      </trkpt>
      <trkpt lat="49.48674" lon="0.11474">
        <ele>5.3</ele>
      </trkpt>
      <trkpt lat="49.4867" lon="0.11477">
        <ele>5.3</ele>
      </trkpt>
      <trkpt lat="49.48666" lon="0.1148">
        <ele>5.3</ele>
      </trkpt>
      <trkpt lat="49.48666" lon="0.11481">
        <ele>5.3</ele>
      </trkpt>
      <trkpt lat="49.486579" lon="0.11485">
        <ele>5.4</ele>
      </trkpt>
      <trkpt lat="49.48651" lon="0.1149">
        <ele>5.5</ele>
      </trkpt>
      <trkpt lat="49.48624" lon="0.11504">
        <ele>5.6</ele>
      </trkpt>
      <trkpt lat="49.48598" lon="0.11519">
        <ele>5.3</ele>
      </trkpt>
      <trkpt lat="49.48583" lon="0.11528">
        <ele>5.0</ele>
      </trkpt>
      <trkpt lat="49.48569" lon="0.11536">
        <ele>4.6</ele>
      </trkpt>
      <trkpt lat="49.48555" lon="0.11544">
        <ele>4.3</ele>
      </trkpt>
      <trkpt lat="49.4855" lon="0.11548">
        <ele>4.3</ele>
      </trkpt>
      <trkpt lat="49.48543" lon="0.11553">
        <ele>4.2</ele>
      </trkpt>
      <trkpt lat="49.48533" lon="0.11562">
        <ele>4.1</ele>
      </trkpt>
      <trkpt lat="49.4852" lon="0.11577">
        <ele>4.1</ele>
      </trkpt>
      <trkpt lat="49.48502" lon="0.116">
        <ele>4.4</ele>
      </trkpt>
      <trkpt lat="49.48492" lon="0.11613">
        <ele>4.7</ele>
      </trkpt>
      <trkpt lat="49.48489" lon="0.11617">
        <ele>4.7</ele>
      </trkpt>
      <trkpt lat="49.48483" lon="0.11622">
        <ele>4.8</ele>
      </trkpt>
      <trkpt lat="49.484789" lon="0.11626">
        <ele>4.9</ele>
      </trkpt>
      <trkpt lat="49.48472" lon="0.11631">
        <ele>5.0</ele>
      </trkpt>
      <trkpt lat="49.48467" lon="0.11634">
        <ele>5.1</ele>
      </trkpt>
      <trkpt lat="49.48461" lon="0.11638">
        <ele>5.2</ele>
      </trkpt>
      <trkpt lat="49.48448" lon="0.11644">
        <ele>5.3</ele>
      </trkpt>
      <trkpt lat="49.48436" lon="0.11649">
        <ele>5.4</ele>
      </trkpt>
      <trkpt lat="49.484319" lon="0.11651">
        <ele>5.5</ele>
      </trkpt>
      <trkpt lat="49.48425" lon="0.11653">
        <ele>5.5</ele>
      </trkpt>
      <trkpt lat="49.4842" lon="0.11654">
        <ele>5.6</ele>
      </trkpt>
      <trkpt lat="49.48413" lon="0.11655">
        <ele>5.4</ele>
      </trkpt>
      <trkpt lat="49.48406" lon="0.11655">
        <ele>5.1</ele>
      </trkpt>
      <trkpt lat="49.48401" lon="0.11655">
        <ele>4.9</ele>
      </trkpt>
      <trkpt lat="49.48388" lon="0.11654">
        <ele>4.3</ele>
      </trkpt>
      <trkpt lat="49.48379" lon="0.11653">
        <ele>3.9</ele>
      </trkpt>
      <trkpt lat="49.48362" lon="0.1165">
        <ele>3.2</ele>
      </trkpt>
      <trkpt lat="49.48356" lon="0.1165">
        <ele>2.9</ele>
      </trkpt>
      <trkpt lat="49.48333" lon="0.11647">
        <ele>2.0</ele>
      </trkpt>
      <trkpt lat="49.48328" lon="0.11647">
        <ele>1.9</ele>
      </trkpt>
      <trkpt lat="49.48316" lon="0.11647">
        <ele>1.8</ele>
      </trkpt>
      <trkpt lat="49.48281" lon="0.11647">
        <ele>1.4</ele>
      </trkpt>
      <trkpt lat="49.48258" lon="0.11647">
        <ele>1.1</ele>
      </trkpt>
      <trkpt lat="49.48242" lon="0.11647">
        <ele>1.3</ele>
      </trkpt>
      <trkpt lat="49.482349" lon="0.11647">
        <ele>1.5</ele>
      </trkpt>
      <trkpt lat="49.48225" lon="0.11645">
        <ele>1.8</ele>
      </trkpt>
      <trkpt lat="49.48204" lon="0.11644">
        <ele>2.5</ele>
      </trkpt>
      <trkpt lat="49.4819" lon="0.11642">
        <ele>2.9</ele>
      </trkpt>
      <trkpt lat="49.48172" lon="0.11639">
        <ele>3.5</ele>
      </trkpt>
      <trkpt lat="49.48158" lon="0.11636">
        <ele>3.8</ele>
      </trkpt>
      <trkpt lat="49.48156" lon="0.11636">
        <ele>3.8</ele>
      </trkpt>
      <trkpt lat="49.48119" lon="0.11628">
        <ele>4.4</ele>
      </trkpt>
      <trkpt lat="49.48111" lon="0.11627">
        <ele>4.5</ele>
      </trkpt>
      <trkpt lat="49.481029" lon="0.11626">
        <ele>4.6</ele>
      </trkpt>
      <trkpt lat="49.48097" lon="0.11626">
        <ele>4.8</ele>
      </trkpt>
      <trkpt lat="49.480939" lon="0.11626">
        <ele>4.8</ele>
      </trkpt>
      <trkpt lat="49.48087" lon="0.11626">
        <ele>4.9</ele>
      </trkpt>
      <trkpt lat="49.48084" lon="0.11626">
        <ele>5.0</ele>
      </trkpt>
      <trkpt lat="49.48079" lon="0.11628">
        <ele>5.1</ele>
      </trkpt>
      <trkpt lat="49.48074" lon="0.11629">
        <ele>5.2</ele>
      </trkpt>
      <trkpt lat="49.4807" lon="0.11631">
        <ele>5.3</ele>
      </trkpt>
      <trkpt lat="49.48064" lon="0.11634">
        <ele>5.4</ele>
      </trkpt>
      <trkpt lat="49.48057" lon="0.11638">
        <ele>5.5</ele>
      </trkpt>
      <trkpt lat="49.4805" lon="0.11643">
        <ele>5.7</ele>
      </trkpt>
      <trkpt lat="49.48045" lon="0.11648">
        <ele>5.8</ele>
      </trkpt>
      <trkpt lat="49.480379" lon="0.11653">
        <ele>6.0</ele>
      </trkpt>
      <trkpt lat="49.48034" lon="0.11658">
        <ele>6.1</ele>
      </trkpt>
      <trkpt lat="49.480289" lon="0.11664">
        <ele>6.3</ele>
      </trkpt>
      <trkpt lat="49.48024" lon="0.11672">
        <ele>6.8</ele>
      </trkpt>
      <trkpt lat="49.48019" lon="0.11679">
        <ele>7.4</ele>
      </trkpt>
      <trkpt lat="49.48015" lon="0.11688">
        <ele>8.2</ele>
      </trkpt>
      <trkpt lat="49.48011" lon="0.11695">
        <ele>8.8</ele>
      </trkpt>
      <trkpt lat="49.48008" lon="0.11704">
        <ele>9.7</ele>
      </trkpt>
      <trkpt lat="49.48005" lon="0.11714">
        <ele>10.7</ele>
      </trkpt>
      <trkpt lat="49.48001" lon="0.11724">
        <ele>11.7</ele>
      </trkpt>
      <trkpt lat="49.47999" lon="0.11735">
        <ele>12.7</ele>
      </trkpt>
      <trkpt lat="49.47997" lon="0.11741">
        <ele>13.2</ele>
      </trkpt>
      <trkpt lat="49.47996" lon="0.11746">
        <ele>13.6</ele>
      </trkpt>
      <trkpt lat="49.47994" lon="0.11762">
        <ele>14.7</ele>
      </trkpt>
      <trkpt lat="49.479909" lon="0.11779">
        <ele>15.6</ele>
      </trkpt>
      <trkpt lat="49.47988" lon="0.11804">
        <ele>17.0</ele>
      </trkpt>
      <trkpt lat="49.47985" lon="0.11829">
        <ele>18.3</ele>
      </trkpt>
      <trkpt lat="49.47976" lon="0.11909">
        <ele>16.5</ele>
      </trkpt>
      <trkpt lat="49.47952" lon="0.12106">
        <ele>10.6</ele>
      </trkpt>
      <trkpt lat="49.47949" lon="0.12125">
        <ele>9.9</ele>
      </trkpt>
      <trkpt lat="49.47947" lon="0.1214">
        <ele>9.3</ele>
      </trkpt>
      <trkpt lat="49.47945" lon="0.12151">
        <ele>8.9</ele>
      </trkpt>
      <trkpt lat="49.47945" lon="0.12159">
        <ele>8.6</ele>
      </trkpt>
      <trkpt lat="49.47942" lon="0.12189">
        <ele>7.5</ele>
      </trkpt>
      <trkpt lat="49.4794" lon="0.12203">
        <ele>6.9</ele>
      </trkpt>
      <trkpt lat="49.47923" lon="0.12342">
        <ele>2.6</ele>
      </trkpt>
      <trkpt lat="49.4792" lon="0.1236">
        <ele>2.8</ele>
      </trkpt>
      <trkpt lat="49.4789" lon="0.12597">
        <ele>4.8</ele>
      </trkpt>
      <trkpt lat="49.47887" lon="0.12626">
        <ele>4.3</ele>
      </trkpt>
      <trkpt lat="49.47885" lon="0.126429">
        <ele>4.1</ele>
      </trkpt>
      <trkpt lat="49.47875" lon="0.12725">
        <ele>4.7</ele>
      </trkpt>
      <trkpt lat="49.47872" lon="0.12748">
        <ele>5.1</ele>
      </trkpt>
      <trkpt lat="49.47863" lon="0.12831">
        <ele>5.6</ele>
      </trkpt>
      <trkpt lat="49.47847" lon="0.12949">
        <ele>2.0</ele>
      </trkpt>
      <trkpt lat="49.4783" lon="0.130819">
        <ele>0.2</ele>
      </trkpt>
      <trkpt lat="49.47826" lon="0.13122">
        <ele>1.4</ele>
      </trkpt>
      <trkpt lat="49.47809" lon="0.132619">
        <ele>4.8</ele>
      </trkpt>
      <trkpt lat="49.47804" lon="0.13302">
        <ele>3.3</ele>
      </trkpt>
      <trkpt lat="49.47783" lon="0.13458">
        <ele>2.0</ele>
      </trkpt>
      <trkpt lat="49.47776" lon="0.13519">
        <ele>3.5</ele>
      </trkpt>
      <trkpt lat="49.47762" lon="0.136309">
        <ele>6.9</ele>
      </trkpt>
      <trkpt lat="49.47758" lon="0.1366">
        <ele>8.0</ele>
      </trkpt>
      <trkpt lat="49.477559" lon="0.13678">
        <ele>8.2</ele>
      </trkpt>
      <trkpt lat="49.47746" lon="0.13765">
        <ele>6.5</ele>
      </trkpt>
      <trkpt lat="49.47743" lon="0.13788">
        <ele>5.7</ele>
      </trkpt>
      <trkpt lat="49.4773" lon="0.13891">
        <ele>3.9</ele>
      </trkpt>
      <trkpt lat="49.47729" lon="0.13904">
        <ele>3.8</ele>
      </trkpt>
      <trkpt lat="49.47719" lon="0.13983">
        <ele>4.4</ele>
      </trkpt>
      <trkpt lat="49.47711" lon="0.14021">
        <ele>4.1</ele>
      </trkpt>
      <trkpt lat="49.47703" lon="0.14051">
        <ele>3.6</ele>
      </trkpt>
      <trkpt lat="49.47696" lon="0.14077">
        <ele>3.1</ele>
      </trkpt>
      <trkpt lat="49.47688" lon="0.1414">
        <ele>2.3</ele>
      </trkpt>
      <trkpt lat="49.47688" lon="0.1414">
        <ele>2.3</ele>
      </trkpt>
      <trkpt lat="49.47687" lon="0.14154">
        <ele>2.2</ele>
      </trkpt>
      <trkpt lat="49.47688" lon="0.14168">
        <ele>2.1</ele>
      </trkpt>
      <trkpt lat="49.47688" lon="0.141749">
        <ele>2.3</ele>
      </trkpt>
      <trkpt lat="49.4769" lon="0.141999">
        <ele>3.3</ele>
      </trkpt>
      <trkpt lat="49.47694" lon="0.14224">
        <ele>4.3</ele>
      </trkpt>
      <trkpt lat="49.47697" lon="0.14237">
        <ele>4.8</ele>
      </trkpt>
      <trkpt lat="49.47702" lon="0.14257">
        <ele>5.5</ele>
      </trkpt>
      <trkpt lat="49.47725" lon="0.14337">
        <ele>5.2</ele>
      </trkpt>
      <trkpt lat="49.47741" lon="0.14394">
        <ele>4.2</ele>
      </trkpt>
      <trkpt lat="49.47742" lon="0.14398">
        <ele>4.2</ele>
      </trkpt>
      <trkpt lat="49.47744" lon="0.14405">
        <ele>4.1</ele>
      </trkpt>
      <trkpt lat="49.47755" lon="0.14439">
        <ele>5.3</ele>
      </trkpt>
      <trkpt lat="49.47761" lon="0.144579">
        <ele>6.1</ele>
      </trkpt>
      <trkpt lat="49.47781" lon="0.14511">
        <ele>6.3</ele>
      </trkpt>
      <trkpt lat="49.47787" lon="0.14528">
        <ele>5.7</ele>
      </trkpt>
      <trkpt lat="49.47787" lon="0.14528">
        <ele>5.7</ele>
      </trkpt>
      <trkpt lat="49.47787" lon="0.14535">
        <ele>5.6</ele>
      </trkpt>
      <trkpt lat="49.478" lon="0.14629">
        <ele>5.7</ele>
      </trkpt>
      <trkpt lat="49.478029" lon="0.14641">
        <ele>5.8</ele>
      </trkpt>
      <trkpt lat="49.47809" lon="0.14691">
        <ele>5.2</ele>
      </trkpt>
      <trkpt lat="49.47809" lon="0.14691">
        <ele>5.2</ele>
      </trkpt>
      <trkpt lat="49.47804" lon="0.14692">
        <ele>5.4</ele>
      </trkpt>
      <trkpt lat="49.47745" lon="0.14708">
        <ele>6.9</ele>
      </trkpt>
      <trkpt lat="49.47743" lon="0.14709">
        <ele>6.8</ele>
      </trkpt>
      <trkpt lat="49.47727" lon="0.14717">
        <ele>6.1</ele>
      </trkpt>
      <trkpt lat="49.47687" lon="0.14737">
        <ele>4.6</ele>
      </trkpt>
      <trkpt lat="49.47687" lon="0.14737">
        <ele>4.6</ele>
      </trkpt>
      <trkpt lat="49.47678" lon="0.14727">
        <ele>4.8</ele>
      </trkpt>
      <trkpt lat="49.47645" lon="0.14697">
        <ele>6.5</ele>
      </trkpt>
      <trkpt lat="49.47624" lon="0.14681">
        <ele>7.9</ele>
      </trkpt>
      <trkpt lat="49.47624" lon="0.14681">
        <ele>7.9</ele>
      </trkpt>
      <trkpt lat="49.47623" lon="0.14651">
        <ele>7.8</ele>
      </trkpt>
      <trkpt lat="49.47624" lon="0.14626">
        <ele>7.3</ele>
      </trkpt>
      <trkpt lat="49.4763" lon="0.14605">
        <ele>6.8</ele>
      </trkpt>
      <trkpt lat="49.47642" lon="0.14571">
        <ele>6.1</ele>
      </trkpt>
      <trkpt lat="49.47661" lon="0.14527">
        <ele>4.8</ele>
      </trkpt>
      <trkpt lat="49.4768" lon="0.14474">
        <ele>4.8</ele>
      </trkpt>
      <trkpt lat="49.47701" lon="0.14429">
        <ele>4.8</ele>
      </trkpt>
      <trkpt lat="49.47708" lon="0.14421">
        <ele>4.6</ele>
      </trkpt>
      <trkpt lat="49.47708" lon="0.14421">
        <ele>4.6</ele>
      </trkpt>
      <trkpt lat="49.47688" lon="0.14363">
        <ele>6.2</ele>
      </trkpt>
      <trkpt lat="49.47674" lon="0.14325">
        <ele>7.4</ele>
      </trkpt>
    </trkseg>
  </trk>
</gpx>
